TBADatenID,EQUI,LGNR,DATUM,AP,MASTERDAT,FA,MATNR,PERS,STK_GES,STK_NIO,STK_IO,MD1_DREH,MD2_DREH,MD3_DREH,MD4_DREH,PD1_DREH,PD2_DREH,PD3_DREH,PD4_DREH,WUCHTVERS_ANZ,DAUER_PRO_ATL,STATUS,DOK,MD1_ANLIEF_MG,MD1_ANLIEF_G,MD1_AUSLIEF_MG,MD1_AUSLIEF_G,MD2_ANLIEF_MG,MD2_ANLIEF_G,MD2_AUSLIEF_MG,MD2_AUSLIEF_G,MD3_ANLIEF_MG,MD3_ANLIEF_G,MD3_AUSLIEF_MG,MD3_AUSLIEF_G,MD4_ANLIEF_MG,MD4_ANLIEF_G,MD4_AUSLIEF_MG,MD4_AUSLIEF_G,EB1_ANLIEF_MG,EB1_ANLIEF_G,EB1_AUSLIEF_MG,EB1_AUSLIEF_G,EB2_ANLIEF_MG,EB2_ANLIEF_G,EB2_AUSLIEF_MG,EB2_AUSLIEF_G,PD1_ANLIEF_1_MV,PD1_ANLIEF_1_G,PD1_AUSLIEF_1_MV,PD1_AUSLIEF_1_G,PD2_ANLIEF_1_MV,PD2_ANLIEF_1_G,PD2_AUSLIEF_1_MV,PD2_AUSLIEF_1_G,PD3_ANLIEF_1_MV,PD3_ANLIEF_1_G,PD3_AUSLIEF_1_MV,PD3_AUSLIEF_1_G,PD4_ANLIEF_1_MV,PD4_ANLIEF_1_G,PD4_AUSLIEF_1_MV,PD4_AUSLIEF_1_G,ARBEITSGANG,KALI_LADER,OEL_DURCHFLUSS,OEL_DRUCK,OEL_TEMPERATUR,PF_SET,PF_TORQUE,PF_ANGLE,SPANN_DRUCK,Gesamtdurchlaufzeit,System,DateTime_S5,Operator_ID_S5,Operator_name_S5,Program_ID_S5,Recipe_Name_S5,Core_part_x,Recipe_No_S5,Mode_Operation_S5,Station_ID_S5,CycleTime_S5,Shift_No_S5,Unique_ID_S5,Result_Overall_S5,Defect_Code_S5,Order_No_S5,Order_Qty_S5,Serial_CA,Val_Pressure_Bhsg,Val_Pressure_CS,Val_Pressure_TS,Val_Filltime,Val_Testtime,Val_flow_System,Val_flow_CS,Val_flow_TS,Min_Pressure_Bhsg,Max_Pressure_Bhsg,Min_Pressure_CS,Max_Pressure_CS,Min_Pressure_TS,Max_Pressure_TS,Min_flow_System,Max_flow_System,Min_flow_CS,Max_flow_CS,Min_flow_TS,Max_flow_TS,Auto_ID_x,DateTime_S3,Operator_ID_S3,Operator_name_S3,Program_ID_S3,Recipe_Name_S3,Core serial,Recipe_No_S3,Core_part_y,Mode_Operation_S3,Station_ID_S3,CycleTime_S3,Shift_No_S3,Unique_ID_S3,Result_Overall_S3,Defect_Code_S3,Order_No_S3,Order_Qty_S3,Serial_CW,Serial_Backplate_S3,Serial_Bhsg_S3,Pres_Oildeflector_Oring,Res_CWProfileCheck,Pres_Backplate,Pres_ShaftNut,Auto_ID_y,DateTime_S1,Operator_ID_S1,Operator_name_S1,Program_ID_S1,Recipe_Name_S1,Core Serial,Recipe_No_S1,Mode_Operation_S1,Station_ID_S1,CycleTime_S1,Shift_No_S1,Unique_ID_S1,Result_Overall_S1,Defect_Code_S1,Order_No_S1,Order_Qty_S1,Serial_TW,Pres_PR_Top,Pres_PR_Bottom,Min_LVDT_Width_PR1,Val_LVDT_Width_PR1,Max_LVDT_Width_PR1,Min_LVDT_Width_PR2,Val_LVDT_Width_PR2,Max_LVDT_Width_PR2,Res_TWProfileCheck,Serial_HSCupspring,Serial_Bhsg_S1,Pres_Mandrel,Pres_Cupspring,Pick_Val_Distance_Servo1,Pick_Val_Distance_Servo2,Place_Val_Distance_Servo1,Place_Val_Distance_Servo2,Min_Val_Load_BHsg_W1,Max_Val_Load_BHsg_W1,Min_Val_Distance_BHsg_W1,Max_Val_Distance_BHsg_W1,Min_Val_Load_BHsg_W2,Max_Val_Load_BHsg_W2,Min_Val_Distance_BHsg_W2,Max_Val_Distance_BHsg_W2,Min_Val_Load_BHsg_W3,Max_Val_Load_BHsg_W3,Min_Val_Distance_BHsg_W3,Max_Val_Distance_BHsg_W3,Min_Val_Load_BHsg_W4,Max_Val_Load_BHsg_W4,Min_Val_Distance_BHsg_W4,Max_Val_Distance_BHsg_W4,Serial_Pallet_S1,Auto_ID,DateTime_S2,Operator_ID_S2,Operator_name_S2,Program_ID_S2,Recipe_Name_S2,Core_Part,Recipe_No_S2,Mode_Operation_S2,Station_ID_S2,CycleTime_S2,Shift_No_S2,Unique_ID_S2,Result_Overall_S2,Defect_Code_S2,Order_No_S2,Order_Qty_S2,Serial_Bhsg_S2,Res_ThrustRing_Assy,Pres_ThrustRing,Pres_ThrustPlate,Res_Mandrel_Removal,Res_ThrustPlate_Assy,Auto_ID_2,DateTime_S4,Operator_ID_S4,Operator_name_S4,Program_ID_S4,Recipe_Name_S4,Core_part,Recipe_No_S4,Mode_Operation_S4,Station_ID_S4,CycleTime_S4,Shift_No_S4,Unique_ID_S4,Result_Overall_S4,Defect_Code_S4,Order_No_S4,Order_Qty_S4,Serial_Backplate_S4,Serial_Bhsg_S4,Val_PowerFactor,Val_Temp_CWHeat,Val_CWHeat_Cycletime,CW_Pick_Val_Distance_Servo1,CW_Pick_Val_Distance_Servo2,CW_Place_HIM_Val_Distance_Servo1,CW_Place_HIM_Val_Distance_Servo2,CW_Place_TW_Val_Distance_Servo1,CW_Place_TW_Val_Distance_Servo2,Pick_SN_Val_Distance_Servo1,Place_SN_Val_Distance_Servo1,Min_Val_Load_CW_W1,Max_Val_Load_CW_W1,Min_Val_Distance_CW_W1,Max_Val_Distance_CW_W1,Min_Val_Load_CW_W2,Max_Val_Load_CW_W2,Min_Val_Distance_CW_W2,Max_Val_Distance_CW_W2,Min_Val_Load_CW_W3,Max_Val_Load_CW_W3,Min_Val_Distance_CW_W3,Max_Val_Distance_CW_W3,Min_Val_Load_CW_W4,Max_Val_Load_CW_W4,Min_Val_Distance_CW_W4,Max_Val_Distance_CW_W4,Min_Val_Distance_Servo_S4,Max_Val_Distance_Servo_S4,Min_Val_PreTrq_Shaftnut,Val_PreTrq_Shaftnut,Max_Val_PreTrq_Shaftnut,Val_PreTrqAng_Shaftnut,Torque_Retry_Count,Auto_ID_3
5013808,1,0020007910431251065004261172841B,2026-06-03 09:52:36,304212, , ,104319220140,0,0,0,0,57000,110000,0,0,120000,0,0,0,1,0:29,1002,555,"34,13     ",312,"34,13     ",312,"40,46     ",270,"40,46     ",270,0         ,0,0         ,0,0,0,0,0,"38,14     ",186,"38,14     ",186,"11,87     ",281,"11,87     ",281,"3,64      ",300,"3,64      ",300,0,0,0,0,0,0,0,0,0,0,0,0,UCX31_x0001_|_x0007_:, ,"1,56      ","4,92      ","44,76     ",14,"4,24      ",94,"64,97     ",2:27      ,3,2026-06-03 19:18:17,11014086.0,BABU        ,1,104339022020,104319220140,,AUTOMODE_TS1,BV141E,45,1,,OK,,0,0,0020007910431251065004261172841B,1.17535,1.17282,1.17459,5,5,3.625,4.105,6.855,1,1.2,1.2,1.2,1,1.2,0.5,12,0.5,12,0.5,12,283453,2026-06-03 19:15:37,11014086,BABU        ,13616,104339022020,104319220140,140HPW501   ,,AUTOMODE,BV141C,19,1,296235,OK,,0,0,9003102010431351065904261500146B,0020007910431251065004261172841B,00200045104311520066-7261482324A,OK,OK,OK,OK,284609,2026-06-03 19:13:56,11014086.0,BABU        ,13616,104339022020,104319220140,140HPW501   ,AUTOMODE,BV141A,22,1,296235,OK,CA1,0,0,300050104312999991395364110336,OK,OK,0.39,0.417,0.5,0.39,0.431,0.5,OK,,00200045104311520066-7261482324A,OK,OK,202.9,145.2,52.6,146.3,-0.0408363,1.34766,52.9348,53.1412,0.0816765,1.51101,55.6025,56.0127,56.2401,1.36146,57.6586,0.245029,0,0,0,0,05ACA005,285131,2026-06-03 19:14:40,11014086.0,BABU        ,13616.0,104339022020,104319220140,140HPW501   ,AUTOMODE,BV141B,30,1.0,296235.0,OK,,,,00200045104311520066-7261482324A,OK,OK,,OK,OK,285287,2026-06-03 19:17:05,11014086.0,BABU        ,13616,104339022020,104319220140,,AUTOMODE,BV141D,31,1,296235,OK,CA13,,,0020007910431251065004261172841B,,0,145.3,3.7,-113.55,50.1,134,19.6,-223.2,59.6,-216.052,-106.71,0.135255,0.870206,45.0,40.0,5.0,21.6372,51.9334,51.9788,0,0,0,0,0,0,0,0,0,0,0,1.61,0,20.0,0,353216
5005290,1,0020007910431251065004261172845B,2026-05-31 10:40:54,304212, , ,104319220151,0,0,0,0,57000,110000,0,0,120000,0,0,0,1,0:41,1002,555,"58,54     ",197,"58,54     ",197,"20,8      ",195,"20,8      ",195,0         ,0,0         ,0,0,0,0,0,"6,29      ",95,"6,29      ",95,"20,6      ",80,"20,6      ",80,"5,49      ",237,"5,49      ",237,0,0,0,0,0,0,0,0,0,0,0,0,UCX31_x0001_|_x0007_:, ,"1,51      ","4,9       ","46,15     ",14,"4,82      ",94,"64,81     ",2:28      ,3,2026-06-09 21:07:24,11014086.0,BABU        ,1,104339022020,104319220140,,AUTOMODE_TS1,BV141E2,34,2,,OK,,0,0,0020007910431251065004261172845B,1.16528,1.14629,1.15157,5,5,3.76287,7.01198,4.77246,1,1.2,1.2,1.2,1,1.2,0.5,12,0.5,12,0.5,12,290429,2026-06-09 21:05:12,11014981,MAREESWARAN ,13616,104339022020,104319220140,140HPW501   ,,AUTOMODE,BV141C,25,2,302477,OK,,0,0,9003102010431351065904261568278B,0020007910431251065004261172845B,00200045104311520066-7261530190C,OK,OK,OK,OK,291635,2026-06-09 21:03:50,11014981.0,MAREESWARAN ,13616,104339022020,104319220140,140HPW501   ,AUTOMODE,BV141A,23,2,302477,OK,CA1,0,0,300050104312999991395364110336,OK,OK,0.39,0.437,0.5,0.39,0.432,0.5,OK,,00200045104311520066-7261530190C,OK,OK,202.9,145.2,52.6,146.3,0.0,1.59269,52.0354,53.4724,0.122517,1.91939,55.6304,56.0406,57.6865,2.40945,57.5846,0.28587,0,0,0,0,05ACA003,292187,2026-06-09 21:04:32,11014981.0,MAREESWARAN ,13616.0,104339022020,104319220140,140HPW501   ,AUTOMODE,BV141B,28,2.0,302477.0,OK,,,,00200045104311520066-7261530190C,OK,OK,,OK,OK,292324,2026-06-09 21:06:22,11014981.0,MAREESWARAN ,13616,104339022020,104319220140,,AUTOMODE,BV141D,32,2,302477,OK,CA13,,,0020007910431251065004261172845B,,0,145.0,4.3,-113.55,50.1,134,19.6,-223.35,59.6,-223.35,-113.71,0.0622261,0.544759,45.0,40.0,5.0,20.5365,52.349,52.4136,0,0,0,0,0,0,0,0,0,0,0,1.7,0,20.0,0,361345
5006119,1,0020007910431251065004261391155B,2026-05-31 21:47:28,304212, , ,104319220151,0,0,0,0,57000,110000,0,0,120000,0,0,0,1,0:41,1002,555,"82,31     ",299,"82,31     ",299,"38,38     ",270,"38,38     ",270,0         ,0,0         ,0,0,0,0,0,"28,1      ",157,"28,1      ",157,"29,91     ",205,"29,91     ",205,"4,75      ",71,"4,75      ",71,0,0,0,0,0,0,0,0,0,0,0,0,UCX31_x0001_|_x0007_:, ,"1,45      ","4,96      ","44,96     ",14,"4,61      ",94,"64,67     ",0:28      ,3,2026-06-01 18:54:41,11014981.0,MAREESWARAN ,1,104339022019,104319220139,,AUTOMODE_TS1,BV141E,38,1,,OK,,0,0,0020007910431251065004261391155B,1.17598,1.1737,1.1732,2,2,5.1275,4.495,6.105,1,1.2,1.2,1.2,1,1.2,0.5,12,0.5,12,0.5,12,280942,2026-06-01 18:52:51,11014981,MAREESWARAN ,13616,104339022019,104319220139,140HPW501   ,,AUTOMODE,BV141C,30,1,293620,OK,,0,0,6000102010431351066005261194097B,0020007910431251065004261391155B,00200045104311520066-7261502484C,OK,OK,OK,OK,282054,2026-06-01 18:51:23,11014981.0,MAREESWARAN ,13616,104339022019,104319220139,140HPW501   ,AUTOMODE,BV141A,29,1,293620,OK,CA1,0,0,300050104312999991395364110336,OK,OK,0.39,0.396,0.5,0.39,0.405,0.5,OK,,00200045104311520066-7261502484C,OK,OK,202.9,145.2,52.6,146.3,0.0,2.40945,52.0637,52.6777,0.0,2.61364,54.6166,55.2281,57.7836,10.5362,56.9632,0.0408401,0,0,0,0,05ACA006,282564,2026-06-01 18:52:03,11014981.0,MAREESWARAN ,13616.0,104339022019,104319220139,140HPW501   ,AUTOMODE,BV141B,30,1.0,293620.0,OK,,,,00200045104311520066-7261502484C,OK,OK,,OK,OK,282724,2026-06-01 18:53:35,11014981.0,MAREESWARAN ,13616,104339022019,104319220139,,AUTOMODE,BV141D,31,1,293620,OK,CA14,,,0020007910431251065004261391155B,,0,145.1,3.8,-113.55,49.8,134,19.6,-222.95,59.6,-216.052,-106.71,0.0301552,0.220447,44.8132,40.0,5.0,17.5811,51.7993,51.8437,0,0,0,0,0,0,0,0,0,0,0,1.7,0,20.0,0,350268
5007708,1,0020007910431251065004261401818A,2026-06-01 15:07:21,304212, , ,104319220139,0,0,0,0,57000,110000,50000,0,120000,0,0,0,3,2:19,1002,555,"17,17     ",99,"11,66     ",88,"20,04     ",115,"6,88      ",88,"16,72     ",76,"12,2      ",73,0,0,0,0,"27,09     ",121,"7,45      ",82,"6,53      ",324,"2,09      ",82,"2,56      ",10,"4,3       ",313,0,0,0,0,0,0,0,0,0,0,0,0,UCX31_x0001_|_x0007_:, ,"1,63      ","4,91      ","46,12     ",14,"4,66      ",94,"64,88     ",14:34     ,3,2026-06-02 06:03:12,11014981.0,MAREESWARAN ,1,104339022020,104319220140,,AUTOMODE_TS1,BV141E2,38,2,,OK,,0,0,0020007910431251065004261401818A,1.16013,1.14642,1.15572,5,5,3.1988,7.45749,3.99521,1,1.2,1.2,1.2,1,1.2,0.5,12,0.5,12,0.5,12,281511,2026-06-02 06:00:18,11014981,MAREESWARAN ,13616,104339022020,104319220140,140HPW501   ,,AUTOMODE,BV141C,22,2,294207,OK,,0,0,9003102010431351065904261435772B,0020007910431251065004261401818A,00200045104311520066-7261492066B,OK,OK,OK,OK,282625,2026-06-02 05:58:02,11014981.0,MAREESWARAN ,13616,104339022020,104319220140,140HPW501   ,AUTOMODE,BV141A,34,2,294207,OK,CA1,0,0,300050104312999991395364110336,OK,OK,0.39,0.457,0.5,0.39,0.442,0.5,OK,,00200045104311520066-7261492066B,OK,OK,202.9,145.2,52.6,146.3,0.0,1.38849,52.0538,53.1749,0.122513,2.12358,55.3406,56.0591,56.2401,1.76596,57.7942,0.245029,0,0,0,0,05ACA007,283140,2026-06-02 05:58:48,11014981.0,MAREESWARAN ,13616.0,104339022020,104319220140,140HPW501   ,AUTOMODE,BV141B,30,2.0,294207.0,OK,,,,00200045104311520066-7261492066B,OK,OK,,OK,OK,283295,2026-06-02 06:02:06,11014981.0,MAREESWARAN ,13616,104339022020,104319220140,,AUTOMODE,BV141D,36,2,294207,OK,CA14,,,0020007910431251065004261401818A,,0,145.0,7.5,-113.55,50.1,134,19.6,-223.15,59.6,-216.052,-106.71,0.219268,0.874531,45.0,40.3368,5.0,22.4891,52.2298,52.2959,0,0,0,0,0,0,0,0,0,0,0,1.96,0,20.0,0,350851
5008072,1,0020007910431251065004261401828A,2026-06-01 17:36:06,304212, , ,104319220139,0,0,0,0,57000,110000,50000,0,120000,0,0,0,4,3:14,1002,555,"9,92      ",310,"15,79     ",119,"3,44      ",317,"7,31      ",100,"9,92      ",300,"17,5      ",105,0,0,0,0,"1,27      ",255,"5,52      ",23,"2,69      ",184,"2,61      ",1,"3,47      ",0,"2,47      ",59,0,0,0,0,0,0,0,0,0,0,0,0,UCX31_x0001_|_x0007_:, ,"1,59      ","4,91      ","45,92     ",14,"4,18      ",94,"64,88     ",4:55      ,3,2026-06-02 06:00:50,11014981.0,MAREESWARAN ,1,104339022020,104319220140,,AUTOMODE_TS1,BV141E,44,2,,OK,,0,0,0020007910431251065004261401828A,1.1756,1.17484,1.17332,5,5,4.91,5.5425,6.545,1,1.2,1.2,1.2,1,1.2,0.5,12,0.5,12,0.5,12,281508,2026-06-02 05:57:52,11014981,MAREESWARAN ,13616,104339022020,104319220140,140HPW501   ,,AUTOMODE,BV141C,21,2,294204,OK,,0,0,9003102010431351065904261435995B,0020007910431251065004261401828A,00200045104311520066-7261482680B,OK,OK,OK,OK,282622,2026-06-02 05:55:34,11014981.0,MAREESWARAN ,13616,104339022020,104319220140,140HPW501   ,AUTOMODE,BV141A,22,2,294204,OK,CA1,0,0,300050104312999991395364110336,OK,OK,0.39,0.441,0.5,0.39,0.462,0.5,OK,,00200045104311520066-7261482680B,OK,OK,202.9,145.2,52.6,146.3,0.0,1.55185,52.1173,52.9377,0.122513,1.67436,55.4117,55.8219,57.7787,8.78019,57.3685,0.326706,0,0,0,0,05ACA006,283137,2026-06-02 05:56:32,11014981.0,MAREESWARAN ,13616.0,104339022020,104319220140,140HPW501   ,AUTOMODE,BV141B,30,2.0,294204.0,OK,,,,00200045104311520066-7261482680B,OK,OK,,OK,OK,283292,2026-06-02 05:59:40,11014981.0,MAREESWARAN ,13616,104339022020,104319220140,,AUTOMODE,BV141D,36,2,294204,OK,CA14,,,0020007910431251065004261401828A,,0,145.1,7.3,-113.55,50.1,134,19.6,-223.15,59.6,-216.052,-106.71,0.16671,0.56543,45.0,40.876,5.0,23.047,51.7534,51.8082,0,0,0,0,0,0,0,0,0,0,0,1.7,0,20.0,0,350848
5039723,1,0020007910431251065004261401950A,2026-06-11 00:51:27,306217, , ,104319220140,0,0,0,0,57000,110000,0,0,120000,0,0,0,2,1:37,1002,555,"39,49     ",83,"11,69     ",60,"34,66     ",26,"4,5       ",355,0         ,0,0         ,0,0,0,0,0,"28,68     ",115,"2,37      ",92,"16,32     ",235,"4,71      ",172,"2,52      ",21,"1,07      ",97,0,0,0,0,0,0,0,0,0,0,0,0,UCX31_x0001_|_x0007_:, ,"1,28      ","4,97      ","44,87     ",14,"4,74      ",93,"64,88     ",2:56      ,3,2026-06-09 22:20:54,11014086.0,BABU        ,1,104339022020,104319220140,,AUTOMODE_TS1,BV141E2,34,2,,OK,,0,0,0020007910431251065004261401950A,1.15031,1.16013,1.14616,5,5,3.08623,6.27305,3.8982,1,1.2,1.2,1.2,1,1.2,0.5,12,0.5,12,0.5,12,290520,2026-06-09 22:18:18,11014981,MAREESWARAN ,13616,104339022020,104319220140,140HPW501   ,,AUTOMODE,BV141C,19,2,302569,OK,,0,0,9003102010431351065904261533335B,0020007910431251065004261401950A,00200045104311520066-7261522488B,OK,OK,OK,OK,291727,2026-06-09 22:17:06,11014981.0,MAREESWARAN ,13616,104339022020,104319220140,140HPW501   ,AUTOMODE,BV141A,22,2,302569,OK,CA1,0,0,300050104312999991395364110336,OK,OK,0.39,0.413,0.5,0.39,0.436,0.5,OK,,00200045104311520066-7261522488B,OK,OK,202.9,145.2,52.6,146.3,-0.0408401,1.38849,52.3539,53.2737,0.0816765,1.83771,55.549,55.7553,57.707,3.51207,57.5032,0.285866,0,0,0,0,05ACA001,292279,2026-06-09 22:17:44,11014981.0,MAREESWARAN ,13616.0,104339022020,104319220140,140HPW501   ,AUTOMODE,BV141B,29,2.0,302569.0,OK,,,,00200045104311520066-7261522488B,OK,OK,,OK,OK,292416,2026-06-09 22:19:52,11014981.0,MAREESWARAN ,13616,104339022020,104319220140,,AUTOMODE,BV141D,32,2,302569,OK,CA13,,,0020007910431251065004261401950A,,0,145.6,4.2,-113.55,50.1,134,19.6,-223.35,59.6,-223.35,-113.71,1.12795,2.50767,45.0,40.0,5.0,20.6948,51.8923,52.1036,0,0,0,0,0,0,0,0,0,0,0,1.72,0,20.0,0,361450
5006122,1,0020007910431251065004261402306B,2026-05-31 21:51:05,304212, , ,104319220151,0,0,0,0,57000,110000,0,0,120000,0,0,0,1,0:35,1002,555,"60,22     ",75,"60,22     ",75,"40,64     ",53,"40,64     ",53,0         ,0,0         ,0,0,0,0,0,"29,94     ",324,"29,94     ",324,"13,32     ",346,"13,32     ",346,"1,97      ",309,"1,97      ",309,0,0,0,0,0,0,0,0,0,0,0,0,UCX31_x0001_|_x0007_:, ,"1,46      ","4,95      ","46,26     ",14,"4,75      ",94,"64,99     ",0:28      ,3,2026-06-01 18:55:51,11014981.0,MAREESWARAN ,1,104339022019,104319220139,,AUTOMODE_TS1,BV141E,39,1,,OK,,0,0,0020007910431251065004261402306B,1.17484,1.17522,1.17408,2,2,5.185,4.8325,6.57,1,1.2,1.2,1.2,1,1.2,0.5,12,0.5,12,0.5,12,280943,2026-06-01 18:53:59,11014981,MAREESWARAN ,13616,104339022019,104319220139,140HPW501   ,,AUTOMODE,BV141C,26,1,293621,OK,,0,0,6000102010431351066005261194031B,0020007910431251065004261402306B,00200045104311520066-7261502510C,OK,OK,OK,OK,282055,2026-06-01 18:52:35,11014981.0,MAREESWARAN ,13616,104339022019,104319220139,140HPW501   ,AUTOMODE,BV141A,36,1,293621,OK,CA1,0,0,300050104312999991395364110336,OK,OK,0.39,0.403,0.5,0.39,0.397,0.5,OK,,00200045104311520066-7261502510C,OK,OK,202.9,145.2,52.6,146.3,0.0,3.06285,52.1143,53.0341,0.0,3.30788,55.2788,55.6864,57.6254,2.5728,57.2152,0.122517,0,0,0,0,05ACA003,282565,2026-06-01 18:53:19,11014981.0,MAREESWARAN ,13616.0,104339022019,104319220139,140HPW501   ,AUTOMODE,BV141B,30,1.0,293621.0,OK,,,,00200045104311520066-7261502510C,OK,OK,,OK,OK,282725,2026-06-01 18:54:45,11014981.0,MAREESWARAN ,13616,104339022019,104319220139,,AUTOMODE,BV141D,31,1,293621,OK,CA14,,,0020007910431251065004261402306B,,0,145.7,3.9,-113.55,49.8,134,19.6,-222.95,59.6,-216.052,-106.71,0.783984,2.05882,45.0,40.0,5.0,20.5365,52.2569,52.2963,0,0,0,0,0,0,0,0,0,0,0,1.75,0,20.0,0,350269
5006131,1,0020007910431251065004261402371B,2026-05-31 22:02:15,304212, , ,104319220151,0,0,0,0,57000,110000,0,0,120000,0,0,0,1,0:41,1002,555,"47,74     ",220,"47,74     ",220,"41,76     ",182,"41,76     ",182,0         ,0,0         ,0,0,0,0,0,"35,27     ",95,"35,27     ",95,"12,48     ",155,"12,48     ",155,"3,31      ",165,"3,31      ",165,0,0,0,0,0,0,0,0,0,0,0,0,UCX31_x0001_|_x0007_:, ,"1,5       ","4,92      ","45,92     ",14,"4,53      ",94,"64,88     ",6:26      ,3,2026-06-01 18:59:17,11014981.0,MAREESWARAN ,1,104339022019,104319220139,,AUTOMODE_TS1,BV141E2,32,1,,OK,,0,0,0020007910431251065004261402371B,1.14943,1.16138,1.15107,2,2,3.55569,7.75689,5.01078,1,1.2,1.2,1.2,1,1.2,0.5,12,0.5,12,0.5,12,280946,2026-06-01 18:57:31,11014981,MAREESWARAN ,13616,104339022019,104319220139,140HPW501   ,,AUTOMODE,BV141C,25,1,293624,OK,,0,0,6000102010431351066005261194087B,0020007910431251065004261402371B,00200045104311520066-7261482589B,OK,OK,OK,OK,282058,2026-06-01 18:56:11,11014981.0,MAREESWARAN ,13616,104339022019,104319220139,140HPW501   ,AUTOMODE,BV141A,22,1,293624,OK,CA1,0,0,300050104312999991395364110336,OK,OK,0.39,0.416,0.5,0.39,0.407,0.5,OK,,00200045104311520066-7261482589B,OK,OK,202.9,145.2,52.6,146.3,0.0,0.939274,52.074,53.1976,0.0408363,2.0419,54.8308,55.748,57.687,3.71627,57.3787,0.0816765,0,0,0,0,05ACA004,282568,2026-06-01 18:56:51,11014981.0,MAREESWARAN ,13616.0,104339022019,104319220139,140HPW501   ,AUTOMODE,BV141B,30,1.0,293624.0,OK,,,,00200045104311520066-7261482589B,OK,OK,,OK,OK,282728,2026-06-01 18:58:19,11014981.0,MAREESWARAN ,13616,104339022019,104319220139,,AUTOMODE,BV141D,31,1,293624,OK,CA14,,,0020007910431251065004261402371B,,0,145.4,3.8,-113.55,49.8,134,19.6,-222.95,59.6,-216.052,-106.71,0.454193,1.08563,45.0,40.0429,5.0,23.2731,52.3279,52.4519,0,0,0,0,0,0,0,0,0,0,0,1.71,0,20.0,0,350272
5074790,1,0020007910431251065004261402800B,2026-06-21 10:26:03,306217, , ,104319220140,0,0,0,0,57000,110000,0,0,120000,0,0,0,1,0:42,1002,555,"51,04     ",356,"51,04     ",356,"32,82     ",337,"32,82     ",337,0         ,0,0         ,0,0,0,0,0,"25,8      ",69,"25,8      ",69,"13,47     ",109,"13,47     ",109,"4,05      ",117,"4,05      ",117,0,0,0,0,0,0,0,0,0,0,0,0,UCX31_x0001_|_x0007_:, ,"1,26      ","4,95      ","44,87     ",14,"3,9       ",93,"64,45     ",2:40      ,3,2026-06-21 08:49:53,11014981.0,MAREESWARAN ,1,104339022020,104319220140,,AUTOMODE_TS1,BV141E,40,1,,OK,,0,0,0020007910431251065004261402800B,1.17636,1.17118,1.17472,5,5,4.545,5.18,6.005,1,1.2,1.2,1.2,1,1.2,0.5,12,0.5,12,0.5,12,303082,2026-06-21 08:47:59,11014981,MAREESWARAN ,13616,104339022020,104319220140,140HPW501   ,,AUTOMODE,BV141C,68,1,314634,OK,,0,0,9003102010431351065904261677029A,0020007910431251065004261402800B,00200045104311520066-7261460335B,OK,OK,OK,OK,304380,2026-06-21 08:45:35,11014981.0,MAREESWARAN ,13616,104339022020,104319220140,140HPW501   ,AUTOMODE,BV141A,26,1,314634,OK,CA1,0,0,300050104312999991395364110336,OK,OK,0.39,0.439,0.5,0.39,0.442,0.5,OK,,00200045104311520066-7261460335B,OK,OK,202.9,145.2,52.6,146.3,-0.0408363,1.51101,52.2878,53.2127,0.0816765,1.91939,55.4777,55.8879,57.6332,2.0419,57.5313,0.285866,0,0,0,0,05ACA005,305040,2026-06-21 08:46:19,11014981.0,MAREESWARAN ,13616.0,104339022020,104319220140,140HPW501   ,AUTOMODE,BV141B,29,1.0,314634.0,OK,,,,00200045104311520066-7261460335B,OK,OK,,OK,OK,305137,2026-06-21 08:48:47,11014981.0,MAREESWARAN ,13616,104339022020,104319220140,,AUTOMODE,BV141D,34,1,314634,OK,CA13,,,0020007910431251065004261402800B,,0,145.9,5.6,-113.55,50.1,134,19.6,-223.35,59.6,-223.35,-113.71,0.434809,1.05547,45.0,41.0716,5.0,25.1579,51.8762,52.38,0,0,0,0,0,0,0,0,0,0,0,1.7,0,20.0,0,379270
5069144,1,0020007910431251065004261402861C,2026-06-19 20:11:25,304212, , ,104319220151,0,0,0,0,57000,110000,0,0,120000,0,0,0,1,0:42,1002,555,"31,69     ",171,"31,69     ",171,"8,03      ",76,"8,03      ",76,0         ,0,0         ,0,0,0,0,0,"12,96     ",110,"12,96     ",110,"10,56     ",248,"10,56     ",248,"3,6       ",262,"3,6       ",262,0,0,0,0,0,0,0,0,0,0,0,0,UCX31_x0001_|_x0007_:, ,"1,44      ","4,91      ","44,82     ",14,"4,93      ",94,"64,74     ",3:48      ,3,2026-06-20 09:14:17,11014981.0,MAREESWARAN ,1,104339022021,104319220151,,AUTOMODE_TS1,BV141E,44,1,,OK,,0,0,0020007910431251065004261402861C,1.17547,1.17459,1.17598,5,5,4.81,5.6325,6.4625,1,1.2,1.2,1.2,1,1.2,0.5,12,0.5,12,0.5,12,301947,2026-06-20 09:11:29,11014981,MAREESWARAN ,13616,104339022021,104319220151,160HP Z101  ,,AUTOMODE,BV141C,19,1,313474,OK,,0,0,9003102010431351065904261665932B,0020007910431251065004261402861C,00200045104311520066-7261672818C,OK,OK,OK,OK,303232,2026-06-20 09:09:39,11014981.0,MAREESWARAN ,13616,104339022021,104319220151,160HP Z101  ,AUTOMODE,BV141A,22,1,313474,OK,CA1,0,0,1020104313020080004674879488,OK,OK,0.39,0.424,0.5,0.39,0.418,0.5,OK,,00200045104311520066-7261672818C,OK,OK,202.9,145.2,52.6,146.3,-0.0408363,0.612572,52.0662,52.8892,0.0408401,1.67436,55.0523,55.5645,57.6155,7.43253,57.2053,0.285866,0,0,0,0,05ACA006,303887,2026-06-20 09:10:19,11014981.0,MAREESWARAN ,13616.0,104339022021,104319220151,160HP Z101  ,AUTOMODE,BV141B,28,1.0,313474.0,OK,,,,00200045104311520066-7261672818C,OK,OK,,OK,OK,303987,2026-06-20 09:13:07,11014981.0,MAREESWARAN ,13616,104339022021,104319220151,,AUTOMODE,BV141D,33,1,313474,OK,CA13,,,0020007910431251065004261402861C,,0,145.7,3.6,-113.55,50.1,134,19.6,-223.2,59.6,-223.2,-113.71,0.382602,1.11578,45.0,40.3272,5.0,25.5952,52.0123,52.1211,0,0,0,0,0,0,0,0,0,0,0,3.41,0,20.0,0,378011
5014568,1,0020007910431251065004261402979C,2026-06-03 15:23:02,306217, , ,104319220140,0,0,0,0,57000,110000,0,0,120000,0,0,0,2,1:31,1002,555,"32,63     ",165,"11,09     ",76,"36,25     ",156,"2,76      ",125,0         ,0,0         ,0,0,0,0,0,"33,47     ",249,"2,72      ",229,"3,39      ",88,"5,03      ",154,"3,71      ",315,"5,05      ",312,0,0,0,0,0,0,0,0,0,0,0,0,UCX31_x0001_|_x0007_:, ,"1,37      ","4,91      ","45,31     ",14,"4,39      ",93,"64,81     ",0:57      ,3,2026-06-04 08:40:57,11014981.0,MAREESWARAN ,1,104339022020,104319220140,,AUTOMODE_TS1,BV141E,45,1,,OK,,0,0,0020007910431251065004261402979C,1.17674,1.17674,1.17914,5,5,5.4425,6.13,7.7875,1,1.2,1.2,1.2,1,1.2,0.5,12,0.5,12,0.5,12,284091,2026-06-04 08:38:13,11014981,MAREESWARAN ,13616,104339022020,104319220140,140HPW501   ,,AUTOMODE,BV141C,20,1,296879,OK,,0,0,9003102010431351065904261509542B,0020007910431251065004261402979C,00200045104311520066-7261480711B,OK,OK,OK,OK,285245,2026-06-04 08:36:01,11014981.0,MAREESWARAN ,13616,104339022020,104319220140,140HPW501   ,AUTOMODE,BV141A,23,1,296879,OK,CA1,0,0,300050104312999991395364110336,OK,OK,0.39,0.426,0.5,0.39,0.414,0.5,OK,,00200045104311520066-7261480711B,OK,OK,202.9,145.2,52.6,146.3,-0.0408401,1.51101,52.0637,52.9885,0.0408363,1.59268,55.4549,55.7632,57.7097,2.81783,57.5059,0.163349,0,0,0,0,05ACA003,285769,2026-06-04 08:36:43,11014981.0,MAREESWARAN ,13616.0,104339022020,104319220140,140HPW501   ,AUTOMODE,BV141B,30,1.0,296879.0,OK,,,,00200045104311520066-7261480711B,OK,OK,,OK,OK,285924,2026-06-04 08:39:19,11014981.0,MAREESWARAN ,13616,104339022020,104319220140,,AUTOMODE,BV141D,36,1,296879,OK,CA13,,,0020007910431251065004261402979C,,0,145.8,7.4,-113.55,50.1,134,19.6,-223.2,59.6,-216.052,-106.71,0.192432,1.11023,45.0,40.0,5.0,22.6474,51.873,51.9227,0,0,0,0,0,0,0,0,0,0,0,1.62,0,20.0,0,353901
5014587,1,0020007910431251065004261403018C,2026-06-03 15:30:00,306217, , ,104319220140,0,0,0,0,57000,110000,0,0,120000,0,0,0,5,4:08,1002,555,"56,37     ",317,"12,27     ",259,"47,36     ",285,"1,91      ",199,0         ,0,0         ,0,0,0,0,0,"38,56     ",17,"0,39      ",354,"15,08     ",104,"5,72      ",352,"2,22      ",285,"2,15      ",12,0,0,0,0,0,0,0,0,0,0,0,0,UCX31_x0001_|_x0007_:, ,"1,44      ","4,93      ","45,16     ",14,"3,45      ",93,"65,1      ",0:57      ,3,2026-06-04 08:42:11,11014981.0,MAREESWARAN ,1,104339022020,104319220140,,AUTOMODE_TS1,BV141E,45,1,,OK,,0,0,0020007910431251065004261403018C,1.1756,1.17535,1.17484,5,5,4.2625,4.64,7.185,1,1.2,1.2,1.2,1,1.2,0.5,12,0.5,12,0.5,12,284093,2026-06-04 08:39:43,11014981,MAREESWARAN ,13616,104339022020,104319220140,140HPW501   ,,AUTOMODE,BV141C,18,1,296881,OK,,0,0,9003102010431351065904261509533B,0020007910431251065004261403018C,00200045104311520066-7261480114C,OK,OK,OK,OK,285247,2026-06-04 08:37:27,11014981.0,MAREESWARAN ,13616,104339022020,104319220140,140HPW501   ,AUTOMODE,BV141A,22,1,296881,OK,CA1,0,0,300050104312999991395364110336,OK,OK,0.39,0.417,0.5,0.39,0.414,0.5,OK,,00200045104311520066-7261480114C,OK,OK,202.9,145.2,52.6,146.3,-0.0408363,3.14453,52.1908,53.215,0.285866,3.83878,55.3731,55.9896,56.2401,3.22141,57.526,0.735085,0,0,0,0,05ACA007,285771,2026-06-04 08:38:25,11014981.0,MAREESWARAN ,13616.0,104339022020,104319220140,140HPW501   ,AUTOMODE,BV141B,30,1.0,296881.0,OK,,,,00200045104311520066-7261480114C,OK,OK,,OK,OK,285926,2026-06-04 08:40:55,11014981.0,MAREESWARAN ,13616,104339022020,104319220140,,AUTOMODE,BV141D,36,1,296881,OK,CA13,,,0020007910431251065004261403018C,,0,145.1,7.0,-113.55,50.1,134,19.6,-223.2,59.6,-216.052,-106.71,0.174275,0.595589,45.0,40.1596,5.0,24.8714,51.9052,52.078,0,0,0,0,0,0,0,0,0,0,0,1.6,0,20.0,0,353903
5011706,1,0020007910431251065004261403144C,2026-06-02 18:18:39,304212, , ,104319220140,0,0,0,0,57000,110000,0,0,120000,0,0,0,1,0:28,1002,555,"41,24     ",153,"41,24     ",153,"20,77     ",148,"20,77     ",148,0         ,0,0         ,0,0,0,0,0,"17,2      ",64,"17,2      ",64,"6,42      ",31,"6,42      ",31,"4,35      ",355,"4,35      ",355,0,0,0,0,0,0,0,0,0,0,0,0,UCX31_x0001_|_x0007_:, ,"1,43      ","5,01      ","45,71     ",14,"4,23      ",94,"64,88     ",2:34      ,3,2026-06-03 14:30:14,11014086.0,BABU        ,1,104339022020,104319220140,,AUTOMODE_TS1,BV141E2,38,1,,OK,,0,0,0020007910431251065004261403144C,1.14931,1.16164,1.1444,5,5,2.47186,7.6503,4.6479,1,1.2,1.2,1.2,1,1.2,0.5,12,0.5,12,0.5,12,283185,2026-06-03 14:28:18,11014086,BABU        ,13616,104339022020,104319220140,140HPW501   ,,AUTOMODE,BV141C,21,1,295960,OK,,0,0,9003102010431351065904261500072B,0020007910431251065004261403144C,00200045104311520066-7261502341A,OK,OK,OK,OK,284336,2026-06-03 14:23:28,10001376.0,DEEPAN.M    ,13616,104339022020,104319220140,140HPW501   ,AUTOMODE,BV141A,21,1,295960,OK,CA1,0,0,300050104312999991395364110336,OK,OK,0.39,0.473,0.5,0.39,0.473,0.5,OK,,00200045104311520066-7261502341A,OK,OK,202.9,145.2,52.6,146.3,0.0,1.79688,52.0664,52.9887,0.163353,2.0419,55.1544,55.5646,57.5163,6.24822,57.3124,0.326706,0,0,0,0,05ACA002,284858,2026-06-03 14:25:52,10001376.0,DEEPAN.M    ,13616.0,104339022020,104319220140,140HPW501   ,AUTOMODE,BV141B,30,1.0,295960.0,OK,,,,00200045104311520066-7261502341A,OK,OK,,OK,OK,285014,2026-06-03 14:29:06,11014086.0,BABU        ,13616,104339022020,104319220140,,AUTOMODE,BV141D,31,1,295960,OK,CA13,,,0020007910431251065004261403144C,,0,145.3,3.9,-113.55,50.1,134,19.6,-223.1,59.6,-216.052,-106.71,0.584004,1.55788,45.0,40.0,5.0,25.4972,51.5671,51.651,0,0,0,0,0,0,0,0,0,0,0,1.75,0,20.0,0,352864
5010086,1,0020007910431251065004261410064A,2026-06-02 08:38:16,304212, , ,104319220139,0,0,0,0,57000,110000,50000,0,120000,0,0,0,4,3:16,1002,555,"27,98     ",206,"10,99     ",296,"20,29     ",297,"3,5       ",317,"35,24     ",192,"11,42     ",280,0,0,0,0,"21,82     ",236,"0,85      ",235,"16,22     ",48,"3,05      ",171,"3,69      ",288,"5,49      ",324,0,0,0,0,0,0,0,0,0,0,0,0,UCX31_x0001_|_x0007_:, ,"1,59      ","4,93      ","44,96     ",14,"4,37      ",94,"64,96     ",2:38      ,3,2026-06-01 14:11:31,11014981.0,MAREESWARAN ,1,104339022019,104319220139,,AUTOMODE_TS1,BV141E,39,1,,OK,,0,0,0020007910431251065004261410064A,1.17712,1.17282,1.17332,2,2,6.8025,6.795,7.45,1,1.2,1.2,1.2,1,1.2,0.5,12,0.5,12,0.5,12,280709,2026-06-01 14:09:19,11014981,MAREESWARAN ,13616,104339022019,104319220139,140HPW501   ,,AUTOMODE,BV141C,25,1,293377,OK,,0,0,6000102010431351066005261194263B,0020007910431251065004261410064A,00200045104311520066-7261482620B,OK,OK,OK,OK,281820,2026-06-01 14:07:29,11014981.0,MAREESWARAN ,13616,104339022019,104319220139,140HPW501   ,AUTOMODE,BV141A,31,1,293377,OK,CA1,0,0,300050104312999991395364110336,OK,OK,0.39,0.454,0.5,0.39,0.464,0.5,OK,,00200045104311520066-7261482620B,OK,OK,202.9,145.2,52.6,146.3,-0.0408363,1.02095,52.1144,53.2431,0.0,2.32777,55.0852,55.7986,56.2401,1.16243,57.3299,0.0816765,0,0,0,0,05ACA004,282326,2026-06-01 14:08:11,11014981.0,MAREESWARAN ,13616.0,104339022019,104319220139,140HPW501   ,AUTOMODE,BV141B,30,1.0,293377.0,OK,,,,00200045104311520066-7261482620B,OK,OK,,OK,OK,282489,2026-06-01 14:10:23,11014981.0,MAREESWARAN ,13616,104339022019,104319220139,,AUTOMODE,BV141D,31,1,293377,OK,CA13,,,0020007910431251065004261410064A,,0,145.4,3.8,-113.55,49.8,134,19.6,-222.95,59.6,-216.052,-106.71,0.423165,1.49736,45.0,40.0,5.0,24.2155,52.2916,52.4337,0,0,0,0,0,0,0,0,0,0,0,1.72,0,20.0,0,350027
5007789,1,0020007910431251065004261410111B,2026-06-01 15:40:56,304212, , ,104319220139,0,0,0,0,57000,110000,50000,0,120000,0,0,0,2,1:24,1002,555,"74,32     ",138,"19,18     ",114,"57,55     ",134,"6,56      ",137,"79,87     ",144,"21,06     ",107,0,0,0,0,"41,71     ",50,"3,92      ",66,"11,24     ",41,"4,88      ",342,"2,85      ",359,"2,63      ",49,0,0,0,0,0,0,0,0,0,0,0,0,UCX31_x0001_|_x0007_:, ,"1,58      ","4,9       ","46,06     ",14,"4,38      ",93,"64,88     ",14:34     ,3,2026-06-01 14:30:21,11014981.0,MAREESWARAN ,1,104339022019,104319220139,,AUTOMODE_TS1,BV141E2,32,1,,OK,,0,0,0020007910431251065004261410111B,1.15459,1.1527,1.14667,2,2,2.75449,5.61916,3.44192,1,1.2,1.2,1.2,1,1.2,0.5,12,0.5,12,0.5,12,280736,2026-06-01 14:27:59,11014981,MAREESWARAN ,13616,104339022019,104319220139,140HPW501   ,,AUTOMODE,BV141C,22,1,293404,OK,,0,0,6000102010431351066005261193969B,0020007910431251065004261410111B,00200045104311520066-7261500024C,OK,OK,OK,OK,281847,2026-06-01 14:26:21,11014981.0,MAREESWARAN ,13616,104339022019,104319220139,140HPW501   ,AUTOMODE,BV141A,23,1,293404,OK,CA1,0,0,300050104312999991395364110336,OK,OK,0.39,0.454,0.5,0.39,0.461,0.5,OK,,00200045104311520066-7261500024C,OK,OK,202.9,145.2,52.6,146.3,0.0,2.61364,52.0789,53.2,0.0408363,2.28693,55.5491,56.0612,56.2401,1.89679,57.4906,0.122513,0,0,0,0,05ACA010,282353,2026-06-01 14:26:59,11014981.0,MAREESWARAN ,13616.0,104339022019,104319220139,140HPW501   ,AUTOMODE,BV141B,30,1.0,293404.0,OK,,,,00200045104311520066-7261500024C,OK,OK,,OK,OK,282516,2026-06-01 14:29:19,11014981.0,MAREESWARAN ,13616,104339022019,104319220139,,AUTOMODE,BV141D,31,1,293404,OK,CA13,,,0020007910431251065004261410111B,,0,145.5,3.9,-113.55,49.8,134,19.6,-222.95,59.6,-216.052,-106.71,0.550276,1.71547,45.0,40.0,5.0,22.5268,52.2903,52.4488,0,0,0,0,0,0,0,0,0,0,0,1.69,0,20.0,0,350054
5032694,1,0020007910431251065004261410214B,2026-06-09 06:28:52,306217, , ,104319220139,0,0,0,0,57000,110000,0,0,120000,0,0,0,3,2:35,1002,555,"40,23     ",107,"7,99      ",62,"33,98     ",62,"2,88      ",53,0         ,0,0         ,0,0,0,0,0,"27,27     ",150,"2,22      ",169,"14,43     ",258,"2,75      ",141,"5,7       ",345,"4,8       ",302,0,0,0,0,0,0,0,0,0,0,0,0,UCX31_x0001_|_x0007_:, ,"1,35      ","4,92      ","45,13     ",14,"4,21      ",93,"65,08     ",8:46      ,3,2026-06-01 18:08:37,11014981.0,MAREESWARAN ,1,104339022019,104319220139,,AUTOMODE_TS1,BV141E,39,1,,OK,,0,0,0020007910431251065004261410214B,1.17737,1.17206,1.17206,2,2,5.355,5.955,5.7025,1,1.2,1.2,1.2,1,1.2,0.5,12,0.5,12,0.5,12,280915,2026-06-01 18:06:45,11014981,MAREESWARAN ,13616,104339022019,104319220139,140HPW501   ,,AUTOMODE,BV141C,19,1,293593,OK,,0,0,6000102010431351066005261194002B,0020007910431251065004261410214B,00200045104311520066-7261472368B,OK,OK,OK,OK,282027,2026-06-01 18:05:27,11014981.0,MAREESWARAN ,13616,104339022019,104319220139,140HPW501   ,AUTOMODE,BV141A,24,1,293593,OK,CA1,0,0,300050104312999991395364110336,OK,OK,0.39,0.418,0.5,0.39,0.411,0.5,OK,,00200045104311520066-7261472368B,OK,OK,202.9,145.2,52.6,146.3,0.0,0.939278,52.0861,53.0034,0.0,1.79688,54.8429,55.6582,57.7016,3.51208,57.294,0.0408401,0,0,0,0,05ACA001,282537,2026-06-01 18:06:11,11014981.0,MAREESWARAN ,13616.0,104339022019,104319220139,140HPW501   ,AUTOMODE,BV141B,31,1.0,293593.0,OK,,,,00200045104311520066-7261472368B,OK,OK,,OK,OK,282697,2026-06-01 18:07:31,11014981.0,MAREESWARAN ,13616,104339022019,104319220139,,AUTOMODE,BV141D,31,1,293593,OK,CA14,,,0020007910431251065004261410214B,,0,145.4,3.7,-113.55,49.8,134,19.6,-222.95,59.6,-216.052,-106.71,0.478177,1.19872,45.0,40.0143,5.0,25.9797,52.1108,52.1971,0,0,0,0,0,0,0,0,0,0,0,1.68,0,20.0,0,350241
5007390,1,0020007910431251065004261413527A,2026-06-01 12:49:04,304212, , ,104319220151,0,0,0,0,57000,110000,0,0,120000,0,0,0,1,0:42,1002,555,"18,54     ",50,"18,54     ",50,"18,45     ",199,"18,45     ",199,0         ,0,0         ,0,0,0,0,0,"22,16     ",132,"22,16     ",132,"16,32     ",277,"16,32     ",277,"4,25      ",107,"4,25      ",107,0,0,0,0,0,0,0,0,0,0,0,0,UCX31_x0001_|_x0007_:, ,"1,54      ","4,95      ","46,03     ",14,"4,48      ",94,"64,87     ",4:07      ,3,2026-06-01 19:17:27,11014981.0,MAREESWARAN ,1,104339022019,104319220139,,AUTOMODE_TS1,BV141E,39,1,,OK,,0,0,0020007910431251065004261413527A,1.18091,1.17611,1.17269,2,2,4.1775,4.255,6.98,1,1.2,1.2,1.2,1,1.2,0.5,12,0.5,12,0.5,12,280968,2026-06-01 19:15:39,11014981,MAREESWARAN ,13616,104339022019,104319220139,140HPW501   ,,AUTOMODE,BV141C,24,1,293647,OK,,0,0,6000102010431351066005261194110B,0020007910431251065004261413527A,00200045104311520066-7261500129A,OK,OK,OK,OK,282080,2026-06-01 19:14:07,11014981.0,MAREESWARAN ,13616,104339022019,104319220139,140HPW501   ,AUTOMODE,BV141A,22,1,293647,OK,CA1,0,0,300050104312999991395364110336,OK,OK,0.39,0.442,0.5,0.39,0.396,0.5,OK,,00200045104311520066-7261500129A,OK,OK,202.9,145.2,52.6,146.3,-0.0408363,2.45029,52.706,53.529,0.0,2.98118,55.4679,56.1813,56.2401,2.6513,57.7151,0.0408401,0,0,0,0,05ACA005,282591,2026-06-01 19:14:51,11014981.0,MAREESWARAN ,13616.0,104339022019,104319220139,140HPW501   ,AUTOMODE,BV141B,32,1.0,293647.0,OK,,,,00200045104311520066-7261500129A,OK,OK,,OK,OK,282750,2026-06-01 19:16:21,11014981.0,MAREESWARAN ,13616,104339022019,104319220139,,AUTOMODE,BV141D,31,1,293647,OK,CA14,,,0020007910431251065004261413527A,,0,146.2,4.0,-113.55,49.8,134,19.6,-222.95,59.6,-216.052,-106.71,0.715632,1.43996,45.0,40.1616,5.0,22.9867,52.2814,52.3647,0,0,0,0,0,0,0,0,0,0,0,1.61,0,20.0,0,350294
5009523,1,0020007910431251065004261413581A,2026-06-02 03:22:29,304212, , ,104319220139,0,0,0,0,57000,110000,50000,0,120000,0,0,0,1,0:34,1002,555,"35,03     ",172,"35,03     ",172,"44,31     ",202,"44,31     ",202,"38,78     ",160,"38,78     ",160,0,0,0,0,40        ,132,40        ,132,"12,07     ",318,"12,07     ",318,"2,87      ",148,"2,87      ",148,0,0,0,0,0,0,0,0,0,0,0,0,UCX31_x0001_|_x0007_:, ,"1,49      ","4,95      ","44,96     ",14,"4,41      ",94,"64,76     ",3:28      ,3,2026-06-01 12:43:26,11014981.0,MAREESWARAN ,1,104339022019,104319220139,,AUTOMODE_TS1,BV141E,39,1,,OK,,0,0,0020007910431251065004261413581A,1.17813,1.1732,1.17712,2,2,5.8775,6.0025,6.7675,1,1.2,1.2,1.2,1,1.2,0.5,12,0.5,12,0.5,12,280612,2026-06-01 12:38:46,11014981,MAREESWARAN ,13616,104339022019,104319220139,140HPW501   ,,AUTOMODE,BV141C,21,1,293278,OK,,0,0,6000102010431351066005261193828B,0020007910431251065004261413581A,00200045104311520066-7261480137C,OK,OK,OK,OK,281722,2026-06-01 12:36:18,11014981.0,MAREESWARAN ,13616,104339022019,104319220139,140HPW501   ,AUTOMODE,BV141A,24,1,293278,OK,CA1,0,0,300050104312999991395364110336,OK,OK,0.39,0.449,0.5,0.39,0.452,0.5,OK,,00200045104311520066-7261480137C,OK,OK,202.9,145.2,52.6,146.3,0.0,2.20526,52.0938,53.1155,0.0408401,2.28693,55.0519,55.7653,57.7067,1.7152,57.401,0.0816765,0,0,0,0,05ACA005,282228,2026-06-01 12:36:58,11014981.0,MAREESWARAN ,13616.0,104339022019,104319220139,140HPW501   ,AUTOMODE,BV141B,32,1.0,293278.0,OK,,,,00200045104311520066-7261480137C,OK,OK,,OK,OK,282391,2026-06-01 12:39:36,11014981.0,MAREESWARAN ,13616,104339022019,104319220139,,AUTOMODE,BV141D,31,1,293278,OK,CA13,,,0020007910431251065004261413581A,,0,145.1,4.0,-113.55,49.8,134,19.6,-222.95,59.6,-216.052,-106.71,0.0301552,0.219946,44.9302,40.0,5.0,16.9855,52.3725,52.3548,0,0,0,0,0,0,0,0,0,0,0,1.66,0,20.0,0,349898
5007357,1,0020007910431251065004261413591A,2026-06-01 12:34:04,304212, , ,104319220151,0,0,0,0,57000,110000,0,0,120000,0,0,0,1,0:34,1002,555,"8,44      ",176,"8,44      ",176,"19,82     ",28,"19,82     ",28,0         ,0,0         ,0,0,0,0,0,"22,19     ",311,"22,19     ",311,"12,71     ",80,"12,71     ",80,"2,49      ",108,"2,49      ",108,0,0,0,0,0,0,0,0,0,0,0,0,UCX31_x0001_|_x0007_:, ,"1,49      ","4,94      ","45,31     ",14,"4,63      ",93,"64,74     ",2:32      ,3,2026-06-01 19:06:35,11014981.0,MAREESWARAN ,1,104339022019,104319220139,,AUTOMODE_TS1,BV141E,38,1,,OK,,0,0,0020007910431251065004261413591A,1.17459,1.17345,1.17408,2,2,4.9725,4.8925,7.355,1,1.2,1.2,1.2,1,1.2,0.5,12,0.5,12,0.5,12,280955,2026-06-01 19:04:15,11014981,MAREESWARAN ,13616,104339022019,104319220139,140HPW501   ,,AUTOMODE,BV141C,24,1,293633,OK,,0,0,6000102010431351066005261194101B,0020007910431251065004261413591A,00200045104311520066-7261482613B,OK,OK,OK,OK,282067,2026-06-01 19:02:57,11014981.0,MAREESWARAN ,13616,104339022019,104319220139,140HPW501   ,AUTOMODE,BV141A,24,1,293633,OK,CA1,0,0,300050104312999991395364110336,OK,OK,0.39,0.433,0.5,0.39,0.441,0.5,OK,,00200045104311520066-7261482613B,OK,OK,202.9,145.2,52.6,146.3,0.0,1.02095,52.1121,53.0293,0.0,1.91939,54.6625,55.8855,57.5288,3.26705,57.2231,0.0816765,0,0,0,0,05ACA001,282577,2026-06-01 19:03:39,11014981.0,MAREESWARAN ,13616.0,104339022019,104319220139,140HPW501   ,AUTOMODE,BV141B,30,1.0,293633.0,OK,,,,00200045104311520066-7261482613B,OK,OK,,OK,OK,282737,2026-06-01 19:05:29,11014981.0,MAREESWARAN ,13616,104339022019,104319220139,,AUTOMODE,BV141D,31,1,293633,OK,CA14,,,0020007910431251065004261413591A,,0,146.6,4.0,-113.55,49.8,134,19.6,-222.95,59.6,-216.052,-106.71,1.01724,2.36409,45.0,40.0,5.0,25.5726,52.0794,52.2303,0,0,0,0,0,0,0,0,0,0,0,1.7,0,20.0,0,350281
5007481,1,0020007910431251065004261413640A,2026-06-01 13:24:29,304212, , ,104319220151,0,0,0,0,57000,110000,0,0,120000,0,0,0,1,0:41,1002,555,"39,31     ",49,"39,31     ",49,"28,49     ",12,"28,49     ",12,0         ,0,0         ,0,0,0,0,0,"24,99     ",281,"24,99     ",281,"10,29     ",336,"10,29     ",336,"6,75      ",124,"6,75      ",124,0,0,0,0,0,0,0,0,0,0,0,0,UCX31_x0001_|_x0007_:, ,"1,51      ","4,91      ","45,1      ",14,"4,58      ",93,"64,81     ",3:34      ,3,2026-06-01 19:05:49,11014981.0,MAREESWARAN ,1,104339022019,104319220139,,AUTOMODE_TS1,BV141E2,32,1,,OK,,0,0,0020007910431251065004261413640A,1.14981,1.16969,1.15698,2,2,2.53892,7.51497,4.77485,1,1.2,1.2,1.2,1,1.2,0.5,12,0.5,12,0.5,12,280954,2026-06-01 19:03:35,11014981,MAREESWARAN ,13616,104339022019,104319220139,140HPW501   ,,AUTOMODE,BV141C,20,1,293632,OK,,0,0,6000102010431351066005261194100B,0020007910431251065004261413640A,00200045104311520066-7261482204A,OK,OK,OK,OK,282066,2026-06-01 19:02:17,11014981.0,MAREESWARAN ,13616,104339022019,104319220139,140HPW501   ,AUTOMODE,BV141A,23,1,293632,OK,CA1,0,0,300050104312999991395364110336,OK,OK,0.39,0.443,0.5,0.39,0.423,0.5,OK,,00200045104311520066-7261482204A,OK,OK,202.9,145.2,52.6,146.3,-0.0408363,2.36861,52.7113,53.2234,0.0,2.89951,55.2668,55.7764,56.2401,1.50278,57.2057,0.122517,0,0,0,0,05ACA004,282576,2026-06-01 19:02:59,11014981.0,MAREESWARAN ,13616.0,104339022019,104319220139,140HPW501   ,AUTOMODE,BV141B,31,1.0,293632.0,OK,,,,00200045104311520066-7261482204A,OK,OK,,OK,OK,282736,2026-06-01 19:04:47,11014981.0,MAREESWARAN ,13616,104339022019,104319220139,,AUTOMODE,BV141D,31,1,293632,OK,CA14,,,0020007910431251065004261413640A,,0,146.7,3.8,-113.55,49.8,134,19.6,-222.95,59.6,-216.052,-106.71,0.150784,0.68595,44.9659,40.0,5.0,24.8111,52.3046,52.4134,0,0,0,0,0,0,0,0,0,0,0,1.55,0,20.0,0,350280
5007520,1,0020007910431251065004261413649A,2026-06-01 13:42:19,304212, , ,104319220151,0,0,0,0,57000,110000,0,0,120000,0,0,0,1,0:35,1002,555,"88,34     ",3,"88,34     ",3,"74,35     ",355,"74,35     ",355,0         ,0,0         ,0,0,0,0,0,"57,22     ",272,"57,22     ",272,"12,11     ",283,"12,11     ",283,"3,7       ",158,"3,7       ",158,0,0,0,0,0,0,0,0,0,0,0,0,UCX31_x0001_|_x0007_:, ,"1,55      ","4,97      ","46,49     ",14,"4,31      ",94,"64,74     ",1:44      ,3,2026-06-01 19:15:11,11014981.0,MAREESWARAN ,1,104339022019,104319220139,,AUTOMODE_TS1,BV141E2,32,1,,OK,,0,0,0020007910431251065004261413649A,1.14956,1.15535,1.16478,2,2,2.52575,7.5988,6.02036,1,1.2,1.2,1.2,1,1.2,0.5,12,0.5,12,0.5,12,280965,2026-06-01 19:13:17,11014981,MAREESWARAN ,13616,104339022019,104319220139,140HPW501   ,,AUTOMODE,BV141C,20,1,293644,OK,,0,0,6000102010431351066005261194106B,0020007910431251065004261413649A,00200045104311520066-7261500135A,OK,OK,OK,OK,282077,2026-06-01 19:12:05,11014981.0,MAREESWARAN ,13616,104339022019,104319220139,140HPW501   ,AUTOMODE,BV141A,25,1,293644,OK,CA1,0,0,300050104312999991395364110336,OK,OK,0.39,0.417,0.5,0.39,0.407,0.5,OK,,00200045104311520066-7261500135A,OK,OK,202.9,145.2,52.6,146.3,0.0,4.69638,52.0766,53.1977,0.0,5.18643,55.4525,55.7583,56.2401,2.81228,57.3915,0.163353,0,0,0,0,05ACA010,282588,2026-06-01 19:12:47,11014981.0,MAREESWARAN ,13616.0,104339022019,104319220139,140HPW501   ,AUTOMODE,BV141B,30,1.0,293644.0,OK,,,,00200045104311520066-7261500135A,OK,OK,,OK,OK,282747,2026-06-01 19:14:11,11014981.0,MAREESWARAN ,13616,104339022019,104319220139,,AUTOMODE,BV141D,31,1,293644,OK,CA14,,,0020007910431251065004261413649A,,0,145.1,3.9,-113.55,49.8,134,19.6,-222.95,59.6,-216.052,-106.71,0.572479,1.47209,45.0,40.0,5.0,22.4288,52.3196,52.3905,0,0,0,0,0,0,0,0,0,0,0,2.04,0,20.0,0,350291
5006268,1,0020007910431251065004261413848A,2026-06-01 00:48:31,304212, , ,104319220151,0,0,0,0,57000,110000,0,0,120000,0,0,0,1,0:41,1002,555,"60,68     ",302,"60,68     ",302,"18,72     ",252,"18,72     ",252,0         ,0,0         ,0,0,0,0,0,"15,53     ",130,"15,53     ",130,"24,92     ",196,"24,92     ",196,"3,31      ",184,"3,31      ",184,0,0,0,0,0,0,0,0,0,0,0,0,UCX31_x0001_|_x0007_:, ,"1,5       ","4,93      ","44,7      ",14,"4,66      ",93,"64,74     ",1:41      ,3,2026-06-01 19:02:53,11014981.0,MAREESWARAN ,1,104339022019,104319220139,,AUTOMODE_TS1,BV141E2,32,1,,OK,,0,0,0020007910431251065004261413848A,1.14918,1.14994,1.15761,2,2,3.97485,8.27665,6.32575,1,1.2,1.2,1.2,1,1.2,0.5,12,0.5,12,0.5,12,280950,2026-06-01 19:00:57,11014981,MAREESWARAN ,13616,104339022019,104319220139,140HPW501   ,,AUTOMODE,BV141C,22,1,293628,OK,,0,0,6000102010431351066005261194104B,0020007910431251065004261413848A,00200045104311520066-7261480734B,OK,OK,OK,OK,282062,2026-06-01 18:59:41,11014981.0,MAREESWARAN ,13616,104339022019,104319220139,140HPW501   ,AUTOMODE,BV141A,24,1,293628,OK,CA1,0,0,300050104312999991395364110336,OK,OK,0.39,0.403,0.5,0.39,0.419,0.5,OK,,00200045104311520066-7261480734B,OK,OK,202.9,145.2,52.6,146.3,-0.0408363,2.73615,52.2165,52.7261,0.0,6.69744,54.665,55.3835,57.8294,14.7017,57.0141,0.245029,0,0,0,0,05ACA006,282572,2026-06-01 19:00:19,11014981.0,MAREESWARAN ,13616.0,104339022019,104319220139,140HPW501   ,AUTOMODE,BV141B,31,1.0,293628.0,OK,,,,00200045104311520066-7261480734B,OK,OK,,OK,OK,282732,2026-06-01 19:01:51,11014981.0,MAREESWARAN ,13616,104339022019,104319220139,,AUTOMODE,BV141D,31,1,293628,OK,CA14,,,0020007910431251065004261413848A,,0,145.1,4.0,-113.55,49.8,134,19.6,-222.95,59.6,-216.052,-106.71,-0.00753784,0.00754166,43.9873,40.05,5.0,19.9484,51.8506,51.9253,0,0,0,0,0,0,0,0,0,0,0,1.64,0,20.0,0,350276
5006111,1,0020007910431251065004261413913A,2026-05-31 21:36:52,304212, , ,104319220151,0,0,0,0,57000,110000,0,0,120000,0,0,0,1,0:42,1002,555,"33,81     ",25,"33,81     ",25,"10,37     ",59,"10,37     ",59,0         ,0,0         ,0,0,0,0,0,"5,88      ",13,"5,88      ",13,"12,17     ",250,"12,17     ",250,"1,52      ",249,"1,52      ",249,0,0,0,0,0,0,0,0,0,0,0,0,UCX31_x0001_|_x0007_:, ,"1,56      ","4,93      ","46,32     ",14,"4,59      ",94,"64,8      ",3:17      ,3,2026-06-09 21:09:36,11014086.0,BABU        ,1,104339022020,104319220140,,AUTOMODE_TS1,BV141E,40,2,,OK,,0,0,0020007910431251065004261413913A,1.17535,1.17598,1.1732,5,5,4.83,5.2775,6.3925,1,1.2,1.2,1.2,1,1.2,0.5,12,0.5,12,0.5,12,290432,2026-06-09 21:07:12,11014981,MAREESWARAN ,13616,104339022020,104319220140,140HPW501   ,,AUTOMODE,BV141C,23,2,302480,OK,,0,0,9003102010431351065904261568279B,0020007910431251065004261413913A,00200045104311520066-7261532158A,OK,OK,OK,OK,291638,2026-06-09 21:05:52,11014981.0,MAREESWARAN ,13616,104339022020,104319220140,140HPW501   ,AUTOMODE,BV141A,22,2,302480,OK,CA1,0,0,300050104312999991395364110336,OK,OK,0.39,0.446,0.5,0.39,0.452,0.5,OK,,00200045104311520066-7261532158A,OK,OK,202.9,145.2,52.6,146.3,0.0,2.00107,52.6755,53.394,0.163353,2.08274,55.7559,56.0616,56.2401,1.7303,57.6031,0.326706,0,0,0,0,05ACA007,292190,2026-06-09 21:06:36,11014981.0,MAREESWARAN ,13616.0,104339022020,104319220140,140HPW501   ,AUTOMODE,BV141B,28,2.0,302480.0,OK,,,,00200045104311520066-7261532158A,OK,OK,,OK,OK,292327,2026-06-09 21:08:30,11014981.0,MAREESWARAN ,13616,104339022020,104319220140,,AUTOMODE,BV141D,31,2,302480,OK,CA13,,,0020007910431251065004261413913A,,0,145.4,4.0,-113.55,50.1,134,19.6,-223.35,59.6,-223.35,-113.71,0.163718,1.19776,45.0,40.0,5.0,22.3081,51.9874,52.0348,0,0,0,0,0,0,0,0,0,0,0,1.76,0,20.0,0,361348
5006274,1,0020007910431251065004261426446C,2026-06-01 00:55:31,304212, , ,104319220151,0,0,0,0,57000,110000,0,0,120000,0,0,0,1,0:34,1002,555,"73,55     ",235,"73,55     ",235,"79,64     ",225,"79,64     ",225,0         ,0,0         ,0,0,0,0,0,"63,2      ",143,"63,2      ",143,"7,82      ",196,"7,82      ",196,"3,28      ",169,"3,28      ",169,0,0,0,0,0,0,0,0,0,0,0,0,UCX31_x0001_|_x0007_:, ,"1,5       ","4,9       ","45,02     ",14,"4,63      ",94,"64,97     ",1:41      ,3,2026-06-01 19:13:09,11014981.0,MAREESWARAN ,1,104339022019,104319220139,,AUTOMODE_TS1,BV141E,38,1,,OK,,0,0,0020007910431251065004261426446C,1.17863,1.17522,1.17446,2,2,5.1625,4.58,6.5625,1,1.2,1.2,1.2,1,1.2,0.5,12,0.5,12,0.5,12,280962,2026-06-01 19:11:21,11014981,MAREESWARAN ,13616,104339022019,104319220139,140HPW501   ,,AUTOMODE,BV141C,20,1,293641,OK,,0,0,6000102010431351066005261194118B,0020007910431251065004261426446C,00200045104311520066-7261500157A,OK,OK,OK,OK,282074,2026-06-01 19:10:09,11014981.0,MAREESWARAN ,13616,104339022019,104319220139,140HPW501   ,AUTOMODE,BV141A,23,1,293641,OK,CA1,0,0,300050104312999991395364110336,OK,OK,0.39,0.413,0.5,0.39,0.404,0.5,OK,,00200045104311520066-7261500157A,OK,OK,202.9,145.2,52.6,146.3,0.0,2.32777,52.056,53.2789,0.0408401,3.26705,55.014,55.8319,56.2401,1.7543,57.3657,0.122517,0,0,0,0,05ACA004,282585,2026-06-01 19:10:47,11014981.0,MAREESWARAN ,13616.0,104339022019,104319220139,140HPW501   ,AUTOMODE,BV141B,31,1.0,293641.0,OK,,,,00200045104311520066-7261500157A,OK,OK,,OK,OK,282744,2026-06-01 19:12:03,11014981.0,MAREESWARAN ,13616,104339022019,104319220139,,AUTOMODE,BV141D,31,1,293641,OK,CA14,,,0020007910431251065004261426446C,,0,146.2,3.9,-113.55,49.8,134,19.6,-222.95,59.6,-216.052,-106.71,0.767741,1.38719,45.0,41.3668,5.0,21.4261,52.3169,52.3804,0,0,0,0,0,0,0,0,0,0,0,1.94,0,20.0,0,350288
5014385,1,0020007910431251065004261432207C,2026-06-03 14:00:38,306217, , ,104319220140,0,0,0,0,57000,110000,0,0,120000,0,0,0,1,0:31,1002,555,"45,48     ",35,"45,48     ",35,"42,02     ",355,"42,02     ",355,0         ,0,0         ,0,0,0,0,0,"34,85     ",86,"34,85     ",86,"12,64     ",188,"12,64     ",188,"6,13      ",100,"6,13      ",100,0,0,0,0,0,0,0,0,0,0,0,0,UCX31_x0001_|_x0007_:, ,"1,34      ","4,94      ","45,19     ",14,"4,04      ",93,"64,52     ",0:56      ,3,2026-06-03 13:07:04,11014981.0,MAREESWARAN ,1,104339022020,104319220140,,AUTOMODE_TS1,BV141E2,38,1,,OK,,0,0,0020007910431251065004261432207C,1.16101,1.15547,1.15333,5,5,2.86587,7.09341,4.69701,1,1.2,1.2,1.2,1,1.2,0.5,12,0.5,12,0.5,12,283091,2026-06-03 13:04:40,11014086,BABU        ,13616,104339022020,104319220140,140HPW501   ,,AUTOMODE,BV141C,19,1,295859,OK,,0,0,9003102010431351065904261509901B,0020007910431251065004261432207C,00200045104311520066-7261502277A,OK,OK,OK,OK,284238,2026-06-03 13:03:02,11014086.0,BABU        ,13616,104339022020,104319220140,140HPW501   ,AUTOMODE,BV141A,23,1,295859,OK,CA1,0,0,300050104312999991395364110336,OK,OK,0.39,0.466,0.5,0.39,0.445,0.5,OK,,00200045104311520066-7261502277A,OK,OK,202.9,145.2,52.6,146.3,-0.0408401,0.735085,52.1834,53.0012,0.0408363,1.47017,54.9504,55.5644,57.8218,9.92365,57.2078,0.204189,0,0,0,0,05ACA006,284760,2026-06-03 13:03:44,11014086.0,BABU        ,13616.0,104339022020,104319220140,140HPW501   ,AUTOMODE,BV141B,30,1.0,295859.0,OK,,,,00200045104311520066-7261502277A,OK,OK,,OK,OK,284916,2026-06-03 13:05:58,11014086.0,BABU        ,13616,104339022020,104319220140,,AUTOMODE,BV141D,32,1,295859,OK,CA13,,,0020007910431251065004261432207C,,0,145.6,3.9,-113.55,50.1,134,19.6,-223.15,59.6,-216.052,-106.71,0.259269,1.01074,45.0,40.0,5.0,25.1278,51.6497,51.7652,0,0,0,0,0,0,0,0,0,0,0,1.59,0,20.0,0,352713
5026535,1,0020007910431251065004261432280C,2026-06-07 01:18:15,306217, , ,104319220140,0,0,0,0,57000,110000,0,0,120000,0,0,0,2,1:38,1002,555,"54,63     ",7,"26,91     ",335,"46,09     ",0,"10,85     ",353,0         ,0,0         ,0,0,0,0,0,"39,28     ",94,"9,35      ",97,"6,04      ",105,"9,54      ",51,"4,91      ",8,"3,86      ",30,0,0,0,0,0,0,0,0,0,0,0,0,UCX31_x0001_|_x0007_:, ,"1,27      ","4,95      ","45,1      ",14,"4,13      ",93,"64,81     ",2:49      ,3,2026-06-19 16:34:29,11014981.0,MAREESWARAN ,1,104339022020,104319220140,,AUTOMODE_TS,BV141E,47,1,,OK,,0,0,0020007910431251065004261432280C,1.1842,1.17977,1.1823,5,5,5.4375,5.5925,8.155,1,1.2,1.2,1.2,1,1.2,0.5,12,0.5,12,0.5,12,301268,2026-06-07 00:28:15,11014086,BABU        ,13616,104339022020,104319220140,140HPW501   ,,AUTOMODE,BV141C,21,2,300255,OK,,0,0,9003102010431351065904261556102B,0020007910431251065004261432280C,00200045104311520066-7261502456C,OK,OK,OK,OK,288482,2026-06-07 00:26:59,11014086.0,BABU        ,13616,104339022020,104319220140,140HPW501   ,AUTOMODE,BV141A,37,2,300255,OK,CA1,0,0,300050104312999991395364110336,OK,OK,0.39,0.43,0.5,0.39,0.42,0.5,OK,,00200045104311520066-7261502456C,OK,OK,202.9,145.2,52.6,146.3,0.0,2.24609,52.4488,53.473,0.163353,2.28693,55.7381,56.1534,56.2401,2.04362,57.5954,0.408379,0,0,0,0,05ACA010,289019,2026-06-07 00:27:43,11014086.0,BABU        ,13616.0,104339022020,104319220140,140HPW501   ,AUTOMODE,BV141B,30,2.0,300255.0,OK,,,,00200045104311520066-7261502456C,OK,OK,,OK,OK,289161,2026-06-07 00:29:05,11014086.0,BABU        ,13616,104339022020,104319220140,,AUTOMODE,BV141D,36,2,300255,OK,CA13,,,0020007910431251065004261432280C,,0,145.6,6.7,-113.55,50.1,134,19.6,-223.2,59.6,-216.052,-106.71,0.0829277,0.49004,44.9124,40.0373,5.0,19.0588,52.3152,52.3243,0,0,0,0,0,0,0,0,0,0,0,1.72,0,20.0,0,357445
5024732,1,0020007910431251065004261432306C,2026-06-06 15:01:42,306217, , ,104319220140,0,0,0,0,57000,110000,0,0,120000,0,0,0,1,0:30,1002,555,"36,74     ",112,"36,74     ",112,"37,3      ",114,"37,3      ",114,0         ,0,0         ,0,0,0,0,0,"33,26     ",208,"33,26     ",208,"4,05      ",112,"4,05      ",112,"7,61      ",197,"7,61      ",197,0,0,0,0,0,0,0,0,0,0,0,0,UCX31_x0001_|_x0007_:, ,"1,25      ","4,93      ","45,48     ",14,"4,3       ",93,"64,52     ",0:56      ,3,2026-06-06 14:51:17,11014086.0,BABU        ,1,104339022020,104319220140,,AUTOMODE_TS1,BV141E2,38,1,,OK,,0,0,0020007910431251065004261432306C,1.14642,1.15333,1.14805,5,5,2.61557,6.36407,3.66946,1,1.2,1.2,1.2,1,1.2,0.5,12,0.5,12,0.5,12,286849,2026-06-06 14:48:41,11014086,BABU        ,13616,104339022020,104319220140,140HPW501   ,,AUTOMODE,BV141C,25,1,299778,OK,,0,0,9003102010431351065904261567275A,0020007910431251065004261432306C,00200045104311520066-7261552115A,OK,OK,OK,OK,288030,2026-06-06 14:46:59,11014086.0,BABU        ,13616,104339022020,104319220140,140HPW501   ,AUTOMODE,BV141A,21,1,299778,OK,CA1,0,0,300050104312999991395364110336,OK,OK,0.39,0.422,0.5,0.39,0.418,0.5,OK,,00200045104311520066-7261552115A,OK,OK,202.9,145.2,52.6,146.3,0.0,1.91939,52.6673,53.075,0.163353,1.83771,55.3477,55.7579,56.2401,1.14366,57.5184,0.285866,0,0,0,0,05ACA002,288562,2026-06-06 14:47:39,11014086.0,BABU        ,13616.0,104339022020,104319220140,140HPW501   ,AUTOMODE,BV141B,30,1.0,299778.0,OK,,,,00200045104311520066-7261552115A,OK,OK,,OK,OK,288709,2026-06-06 14:50:11,11014086.0,BABU        ,13616,104339022020,104319220140,,AUTOMODE,BV141D,32,1,299778,OK,CA14,,,0020007910431251065004261432306C,,0,145.2,4.4,-113.55,50.1,134,19.6,-223.2,59.6,-216.052,-106.71,0.592829,1.83472,45.0,40.0,5.0,24.208,51.8358,51.9891,0,0,0,0,0,0,0,0,0,0,0,1.79,0,20.0,0,356961
5014413,1,0020007910431251065004261432345C,2026-06-03 14:11:47,306217, , ,104319220140,0,0,0,0,57000,110000,0,0,120000,0,0,0,1,0:31,1002,555,"48,28     ",232,"48,28     ",232,"45,56     ",203,"45,56     ",203,0         ,0,0         ,0,0,0,0,0,38        ,294,38        ,294,"10,41     ",30,"10,41     ",30,"4,48      ",310,"4,48      ",310,0,0,0,0,0,0,0,0,0,0,0,0,UCX31_x0001_|_x0007_:, ,"1,33      ","4,91      ",45        ,14,"4,51      ",93,"64,52     ",2:50      ,3,2026-06-03 18:54:10,11014086.0,BABU        ,1,104339022020,104319220140,,AUTOMODE_TS1,BV141E,45,1,,OK,,0,0,0020007910431251065004261432345C,1.17661,1.17699,1.17661,5,5,5.1275,5.2825,7.76,1,1.2,1.2,1.2,1,1.2,0.5,12,0.5,12,0.5,12,283423,2026-06-03 18:23:58,11014086,BABU        ,13616,104339022020,104319220140,140HPW501   ,,AUTOMODE,BV141C,39,1,296200,OK,,0,0,9003102010431351065904261498993A,0020007910431251065004261432345C,00200045104311520066-7261480456A,OK,OK,OK,OK,284574,2026-06-03 18:22:24,11014086.0,BABU        ,13616,104339022020,104319220140,140HPW501   ,AUTOMODE,BV141A,23,1,296200,OK,CA1,0,0,300050104312999991395364110336,OK,OK,0.39,0.432,0.5,0.39,0.454,0.5,OK,,00200045104311520066-7261480456A,OK,OK,202.9,145.2,52.6,146.3,0.0,1.22514,52.0711,53.1973,0.0816765,1.55185,55.5642,55.87,57.7172,1.51101,57.4089,0.285866,0,0,0,0,05ACA007,285096,2026-06-03 18:23:06,11014086.0,BABU        ,13616.0,104339022020,104319220140,140HPW501   ,AUTOMODE,BV141B,30,1.0,296200.0,OK,,,,00200045104311520066-7261480456A,OK,OK,,OK,OK,285252,2026-06-03 18:24:52,11014086.0,BABU        ,13616,104339022020,104319220140,,AUTOMODE,BV141D,31,1,296200,OK,CA13,,,0020007910431251065004261432345C,,0,145.3,3.6,-113.55,50.1,134,19.6,-223.2,59.6,-216.052,-106.71,0.572777,1.74947,45.0,40.0,5.0,24.3211,51.9389,52.0068,0,0,0,0,0,0,0,0,0,0,0,1.63,0,20.0,0,353160
5014192,1,0020007910431251065004261432365C,2026-06-03 12:52:10,304212, , ,104319220140,0,0,0,0,57000,110000,0,0,120000,0,0,0,1,0:28,1002,555,"29,49     ",80,"29,49     ",80,"14,42     ",109,"14,42     ",109,0         ,0,0         ,0,0,0,0,0,"10,43     ",23,"10,43     ",23,"4,27      ",316,"4,27      ",316,"4,45      ",22,"4,45      ",22,0,0,0,0,0,0,0,0,0,0,0,0,UCX31_x0001_|_x0007_:, ,"1,4       ","4,95      ","45,05     ",14,"4,18      ",94,"64,92     ",2:13      ,3,2026-06-03 19:17:33,11014086.0,BABU        ,1,104339022020,104319220140,,AUTOMODE_TS1,BV141E2,38,1,,OK,,0,0,0020007910431251065004261432365C,1.15447,1.15912,1.14805,5,5,2.72814,7.19281,3.95329,1,1.2,1.2,1.2,1,1.2,0.5,12,0.5,12,0.5,12,283452,2026-06-03 19:14:58,11014086,BABU        ,13616,104339022020,104319220140,140HPW501   ,,AUTOMODE,BV141C,19,1,296234,OK,,0,0,9003102010431351065904261510224C,0020007910431251065004261432365C,00200045104311520066-7261482100A,OK,OK,OK,OK,284608,2026-06-03 19:13:14,11014086.0,BABU        ,13616,104339022020,104319220140,140HPW501   ,AUTOMODE,BV141A,25,1,296234,OK,CA1,0,0,300050104312999991395364110336,OK,OK,0.39,0.413,0.5,0.39,0.444,0.5,OK,,00200045104311520066-7261482100A,OK,OK,202.9,145.2,52.6,146.3,0.0,1.22514,52.0661,52.9859,0.0816765,1.55185,55.2484,55.6586,56.2401,0.889786,57.516,0.163353,0,0,0,0,05ACA003,285130,2026-06-03 19:13:56,11014086.0,BABU        ,13616.0,104339022020,104319220140,140HPW501   ,AUTOMODE,BV141B,30,1.0,296234.0,OK,,,,00200045104311520066-7261482100A,OK,OK,,OK,OK,285286,2026-06-03 19:16:23,11014086.0,BABU        ,13616,104339022020,104319220140,,AUTOMODE,BV141D,31,1,296234,OK,CA13,,,0020007910431251065004261432365C,,0,146.0,3.7,-113.55,50.1,134,19.6,-223.2,59.6,-216.052,-106.71,0.593471,1.85109,45.0,40.0,5.0,25.9269,51.8746,51.9966,0,0,0,0,0,0,0,0,0,0,0,1.72,0,20.0,0,353215
5014829,1,0020007910431251065004261432452C,2026-06-03 17:00:14,304212, , ,104319220140,0,0,0,0,57000,110000,0,0,120000,0,0,0,1,0:40,1002,555,"55,48     ",256,"55,48     ",256,"36,03     ",283,"36,03     ",283,0         ,0,0         ,0,0,0,0,0,"25,75     ",287,"25,75     ",287,"19,3      ",178,"19,3      ",178,"5,43      ",332,"5,43      ",332,0,0,0,0,0,0,0,0,0,0,0,0,UCX31_x0001_|_x0007_:, ,"1,41      ","4,98      ","45,86     ",14,"4,45      ",94,"64,97     ",0:08      ,3,2026-06-03 13:45:26,11014086.0,BABU        ,1,104339022020,104319220140,,AUTOMODE_TS1,BV141E,45,1,,OK,,0,0,0020007910431251065004261432452C,1.17674,1.17484,1.17143,5,5,4.31,4.6325,5.5975,1,1.2,1.2,1.2,1,1.2,0.5,12,0.5,12,0.5,12,283137,2026-06-03 13:43:16,11014086,BABU        ,13616,104339022020,104319220140,140HPW501   ,,AUTOMODE,BV141C,37,1,295909,OK,,0,0,9003102010431351065904261509993B,0020007910431251065004261432452C,00200045104311520066-7261500699B,OK,OK,OK,OK,284285,2026-06-03 13:41:28,11014086.0,BABU        ,13616,104339022020,104319220140,140HPW501   ,AUTOMODE,BV141A,22,1,295909,OK,CA1,0,0,300050104312999991395364110336,OK,OK,0.39,0.466,0.5,0.39,0.449,0.5,OK,,00200045104311520066-7261500699B,OK,OK,202.9,145.2,52.6,146.3,0.0,2.20526,52.0689,53.6155,0.204189,2.65448,55.6665,56.1786,56.2401,2.63045,57.7124,0.490059,0,0,0,0,05ACA005,284807,2026-06-03 13:42:06,11014086.0,BABU        ,13616.0,104339022020,104319220140,140HPW501   ,AUTOMODE,BV141B,31,1.0,295909.0,OK,,,,00200045104311520066-7261500699B,OK,OK,,OK,OK,284963,2026-06-03 13:44:14,11014086.0,BABU        ,13616,104339022020,104319220140,,AUTOMODE,BV141D,31,1,295909,OK,CA14,,,0020007910431251065004261432452C,,0,145.2,3.9,-113.55,50.1,134,19.6,-223.15,59.6,-216.052,-106.71,0.391571,1.47495,45.0,40.0,5.0,24.894,51.8056,51.8925,0,0,0,0,0,0,0,0,0,0,0,1.75,0,20.0,0,352794
5014270,1,0020007910431251065004261437280B,2026-06-03 13:19:11,304212, , ,104319220140,0,0,0,0,57000,110000,0,0,120000,0,0,0,1,0:29,1002,555,"44,88     ",1,"44,88     ",1,"22,06     ",26,"22,06     ",26,0         ,0,0         ,0,0,0,0,0,"8,68      ",340,"8,68      ",340,"14,2      ",230,"14,2      ",230,"6,19      ",353,"6,19      ",353,0,0,0,0,0,0,0,0,0,0,0,0,UCX31_x0001_|_x0007_:, ,"1,48      ","4,97      ","44,53     ",14,"3,91      ",93,"64,81     ",7:16      ,3,2026-06-03 19:15:29,11014086.0,BABU        ,1,104339022020,104319220140,,AUTOMODE_TS1,BV141E,45,1,,OK,,0,0,0020007910431251065004261437280B,1.17396,1.17383,1.17472,5,5,4.39,4.625,6.37,1,1.2,1.2,1.2,1,1.2,0.5,12,0.5,12,0.5,12,283449,2026-06-03 19:13:00,11014086,BABU        ,13616,104339022020,104319220140,140HPW501   ,,AUTOMODE,BV141C,34,1,296231,OK,,0,0,9003102010431351065904261500134B,0020007910431251065004261437280B,00200045104311520066-7261482327A,OK,OK,OK,OK,284605,2026-06-03 19:11:04,11014086.0,BABU        ,13616,104339022020,104319220140,140HPW501   ,AUTOMODE,BV141A,23,1,296231,OK,CA1,0,0,300050104312999991395364110336,OK,OK,0.39,0.423,0.5,0.39,0.416,0.5,OK,,00200045104311520066-7261482327A,OK,OK,202.9,145.2,52.6,146.3,-0.0408363,0.571732,52.9781,53.2864,0.0408401,1.96023,55.2381,55.8572,56.2401,1.33963,57.7069,0.204189,0,0,0,0,05ACA010,285127,2026-06-03 19:11:46,11014086.0,BABU        ,13616.0,104339022020,104319220140,140HPW501   ,AUTOMODE,BV141B,30,1.0,296231.0,OK,,,,00200045104311520066-7261482327A,OK,OK,,OK,OK,285283,2026-06-03 19:14:18,11014086.0,BABU        ,13616,104339022020,104319220140,,AUTOMODE,BV141D,32,1,296231,OK,CA13,,,0020007910431251065004261437280B,,0,145.2,4.0,-113.55,50.1,134,19.6,-223.2,59.6,-216.052,-106.71,1.49386,2.95168,45.0,40.0,5.0,25.942,51.9293,52.0448,0,0,0,0,0,0,0,0,0,0,0,1.7,0,20.0,0,353212
5019593,1,0020007910431251065004261437736C,2026-06-05 05:28:54,306217, , ,104319220151,0,0,0,0,57000,110000,0,0,120000,0,0,0,2,1:35,1002,555,"22,85     ",322,"14,31     ",358,"8,28      ",1,"10,49     ",9,0         ,0,0         ,0,0,0,0,0,"7,96      ",101,"8,48      ",103,"8,62      ",32,"2,37      ",47,"4,7       ",34,"4,66      ",23,0,0,0,0,0,0,0,0,0,0,0,0,UCX31_x0001_|_x0007_:, ,"1,34      ","4,93      ","44,97     ",14,"4,84      ",93,"65,05     ",5:56      ,3,2026-06-05 15:57:41,11014086.0,BABU        ,1,104339022021,104319220151,,AUTOMODE_TS1,BV141E,45,1,,OK,,0,0,0020007910431251065004261437736C,1.17472,1.17042,1.17181,5,5,3.55,4.2975,6.4075,1,1.2,1.2,1.2,1,1.2,0.5,12,0.5,12,0.5,12,285658,2026-06-05 15:55:43,11014086,BABU        ,13616,104339022021,104319220151,160HP Z101  ,,AUTOMODE,BV141C,20,1,298513,OK,,0,0,9003102010431351065904261544057A,0020007910431251065004261437736C,00200045104311520066-7261522324A,OK,OK,OK,OK,286846,2026-06-05 15:54:19,11014086.0,BABU        ,13616,104339022021,104319220151,160HP Z101  ,AUTOMODE,BV141A,32,1,298513,OK,CA1,0,0,1020104313020080004674879488,OK,OK,0.39,0.436,0.5,0.39,0.436,0.5,OK,,00200045104311520066-7261522324A,OK,OK,202.9,145.2,52.6,146.3,0.0,1.34766,52.031,53.1622,0.0816765,1.47017,55.6235,56.0311,57.6669,1.79688,57.5649,0.245026,0,0,0,0,05ACA007,287368,2026-06-05 15:55:03,11014086.0,BABU        ,13616.0,104339022021,104319220151,160HP Z101  ,AUTOMODE,BV141B,30,1.0,298513.0,OK,,,,00200045104311520066-7261522324A,OK,OK,,OK,OK,287519,2026-06-05 15:56:29,11014086.0,BABU        ,13616,104339022021,104319220151,,AUTOMODE,BV141D,34,1,298513,OK,CA13,,,0020007910431251065004261437736C,,0,145.8,4.0,-113.55,50.1,134,19.6,-223.2,59.6,-216.052,-106.71,-0.00754166,0.0,40.3274,40.0046,5.0,15.1536,52.3882,52.378,0,0,0,0,0,0,0,0,0,0,0,3.44,0,20.0,0,355741
5015134,1,0020007910431251065004261437835C,2026-06-03 19:10:09,306217, , ,104319220140,0,0,0,0,57000,110000,0,0,120000,0,0,0,1,0:44,1002,555,"30,4      ",219,"30,4      ",219,"30,99     ",225,"30,99     ",225,0         ,0,0         ,0,0,0,0,0,"28,54     ",317,"28,54     ",317,"3,75      ",215,"3,75      ",215,"3,26      ",233,"3,26      ",233,0,0,0,0,0,0,0,0,0,0,0,0,UCX31_x0001_|_x0007_:, ,"1,31      ","4,92      ","45,34     ",14,"4,33      ",93,"64,45     ",2:18      ,3,2026-06-03 19:04:40,11014086.0,BABU        ,1,104339022020,104319220140,,AUTOMODE_TS1,BV141E,45,1,,OK,,0,0,0020007910431251065004261437835C,1.17396,1.17231,1.17674,5,5,4.6475,5.4025,5.0625,1,1.2,1.2,1.2,1,1.2,0.5,12,0.5,12,0.5,12,283436,2026-06-03 19:02:10,11014086,BABU        ,13616,104339022020,104319220140,140HPW501   ,,AUTOMODE,BV141C,18,1,296218,OK,,0,0,9003102010431351065904261500158B,0020007910431251065004261437835C,00200045104311520066-7261482200A,OK,OK,OK,OK,284592,2026-06-03 19:00:42,11014086.0,BABU        ,13616,104339022020,104319220140,140HPW501   ,AUTOMODE,BV141A,37,1,296218,OK,CA1,0,0,300050104312999991395364110336,OK,OK,0.39,0.432,0.5,0.39,0.434,0.5,OK,,00200045104311520066-7261482200A,OK,OK,202.9,145.2,52.6,146.3,-0.0408363,1.51101,52.3162,53.236,0.0816765,1.51101,55.7074,55.9138,56.2401,1.20099,57.7559,0.163353,0,0,0,0,05ACA007,285114,2026-06-03 19:01:26,11014086.0,BABU        ,13616.0,104339022020,104319220140,140HPW501   ,AUTOMODE,BV141B,30,1.0,296218.0,OK,,,,00200045104311520066-7261482200A,OK,OK,,OK,OK,285270,2026-06-03 19:03:28,11014086.0,BABU        ,13616,104339022020,104319220140,,AUTOMODE,BV141D,31,1,296218,OK,CA13,,,0020007910431251065004261437835C,,0,145.9,3.8,-113.55,50.1,134,19.6,-223.2,59.6,-216.052,-106.71,0.687252,2.31293,45.0,40.0,5.0,25.9646,51.9581,52.1164,0,0,0,0,0,0,0,0,0,0,0,1.63,0,20.0,0,353185
5024459,1,0020007910431251065004261442566A,2026-06-06 13:27:22,306217, , ,104319220140,0,0,0,0,57000,110000,0,0,120000,0,0,0,2,1:31,1002,555,"21,08     ",120,"9,33      ",107,"3,72      ",223,"1,48      ",175,0         ,0,0         ,0,0,0,0,0,"5,95      ",314,"2,14      ",279,"11,79     ",203,"4,29      ",189,"4,03      ",7,"4,23      ",18,0,0,0,0,0,0,0,0,0,0,0,0,UCX31_x0001_|_x0007_:, ,"1,34      ","4,93      ","45,25     ",14,"3,78      ",93,"65,1      ",1:59      ,3,2026-06-06 12:58:02,11014086.0,BABU        ,1,104339022020,104319220140,,AUTOMODE_TS1,BV141E,45,1,,OK,,0,0,0020007910431251065004261442566A,1.17408,1.17168,1.17459,5,5,5.22,5.6725,6.765,1,1.2,1.2,1.2,1,1.2,0.5,12,0.5,12,0.5,12,286705,2026-06-06 12:56:00,11014086,BABU        ,13616,104339022020,104319220140,140HPW501   ,,AUTOMODE,BV141C,19,1,299625,OK,,0,0,9003102010431351065904261555074A,0020007910431251065004261442566A,00200045104311520066-7261552187B,OK,OK,OK,OK,287886,2026-06-06 12:54:50,11014086.0,BABU        ,13616,104339022020,104319220140,140HPW501   ,AUTOMODE,BV141A,22,1,299625,OK,CA1,0,0,300050104312999991395364110336,OK,OK,0.39,0.434,0.5,0.39,0.437,0.5,OK,,00200045104311520066-7261552187B,OK,OK,202.9,145.2,52.6,146.3,-0.0408401,1.63352,52.1021,53.0219,0.122513,2.12358,55.1774,55.692,57.8475,12.7823,57.4399,0.245026,0,0,0,0,05ACA002,288418,2026-06-06 12:55:30,11014086.0,BABU        ,13616.0,104339022020,104319220140,140HPW501   ,AUTOMODE,BV141B,32,1.0,299625.0,OK,,,,00200045104311520066-7261552187B,OK,OK,,OK,OK,288565,2026-06-06 12:56:52,11014086.0,BABU        ,13616,104339022020,104319220140,,AUTOMODE,BV141D,32,1,299625,OK,CA14,,,0020007910431251065004261442566A,,0,145.4,4.2,-113.55,50.1,134,19.6,-223.2,59.6,-216.052,-106.71,0.445023,1.77584,45.0,40.0,5.0,25.942,51.5271,51.7373,0,0,0,0,0,0,0,0,0,0,0,1.84,0,20.0,0,356817
5024841,1,0020007910431251065004261442664A,2026-06-06 15:40:04,314116, , ,104319220140,0,0,0,0,57000,110000,0,0,120000,0,0,0,1,0:43,1002,555,"43,95     ",229,"43,95     ",229,"12,96     ",234,"12,96     ",234,0         ,0,0         ,0,0,0,0,0,"17,06     ",220,"17,06     ",220,"17,32     ",177,"17,32     ",177,"2,29      ",324,"2,29      ",324,0,0,0,0,0,0,0,0,0,0,0,0,UCX31_x0001_|_x0007_:, ,"1,32      ","4,9       ","45,25     ",3,"4,37      ",93,"65,5      ",5:57      ,3,2026-06-06 13:56:16,11014086.0,BABU        ,1,104339022020,104319220140,,AUTOMODE_TS1,BV141E2,38,1,,OK,,0,0,0020007910431251065004261442664A,1.14428,1.15547,1.16478,5,5,3.1976,7.1988,4.77365,1,1.2,1.2,1.2,1,1.2,0.5,12,0.5,12,0.5,12,286778,2026-06-06 13:53:52,11014086,BABU        ,13616,104339022020,104319220140,140HPW501   ,,AUTOMODE,BV141C,18,1,299702,OK,,0,0,9003102010431351065904261556401B,0020007910431251065004261442664A,00200045104311520066-7261552113A,OK,OK,OK,OK,287959,2026-06-06 13:52:44,11014086.0,BABU        ,13616,104339022020,104319220140,140HPW501   ,AUTOMODE,BV141A,22,1,299702,OK,CA1,0,0,300050104312999991395364110336,OK,OK,0.39,0.452,0.5,0.39,0.458,0.5,OK,,00200045104311520066-7261552113A,OK,OK,202.9,145.2,52.6,146.3,0.0408363,1.7152,52.1987,53.2255,0.122513,1.75603,55.804,56.1148,56.2401,1.67772,57.6512,0.326702,0,0,0,0,05ACA007,288491,2026-06-06 13:53:22,11014086.0,BABU        ,13616.0,104339022020,104319220140,140HPW501   ,AUTOMODE,BV141B,30,1.0,299702.0,OK,,,,00200045104311520066-7261552113A,OK,OK,,OK,OK,288638,2026-06-06 13:55:10,11014086.0,BABU        ,13616,104339022020,104319220140,,AUTOMODE,BV141D,32,1,299702,OK,CA14,,,0020007910431251065004261442664A,,0,145.5,4.2,-113.55,50.1,134,19.6,-223.2,59.6,-216.052,-106.71,0.382866,1.2003,45.0,40.0,5.0,24.7056,52.3544,52.4975,0,0,0,0,0,0,0,0,0,0,0,1.6,0,20.0,0,356890
5025288,1,0020007910431251065004261442683A,2026-06-06 17:54:24,314116, , ,104319220140,0,0,0,0,57000,110000,0,0,120000,0,0,0,3,2:34,1002,555,"17,26     ",29,"7,5       ",131,"8,09      ",283,"0,73      ",66,0         ,0,0         ,0,0,0,0,0,"13,63     ",244,"0,86      ",12,"10,67     ",15,"3,44      ",90,"3,73      ",209,"3,89      ",250,0,0,0,0,0,0,0,0,0,0,0,0,UCX31_x0001_|_x0007_:, ,"1,35      ","4,97      ","45,05     ",3,"4,14      ",94,"64,85     ",1:45      ,3,2026-06-06 17:49:12,11014086.0,BABU        ,1,104339022020,104319220140,,AUTOMODE_TS1,BV141E2,38,1,,OK,,0,0,0020007910431251065004261442683A,1.15119,1.16176,1.1473,5,5,2.86108,6.78084,4.14132,1,1.2,1.2,1.2,1,1.2,0.5,12,0.5,12,0.5,12,287015,2026-06-06 17:46:44,11014086,BABU        ,13616,104339022020,104319220140,140HPW501   ,,AUTOMODE,BV141C,20,1,299955,OK,,0,0,9003102010431351065904261555401A,0020007910431251065004261442683A,00200045104311520066-7261502088A,OK,OK,OK,OK,288197,2026-06-06 17:45:18,11014086.0,BABU        ,13616,104339022020,104319220140,140HPW501   ,AUTOMODE,BV141A,22,1,299955,OK,CA1,0,0,300050104312999991395364110336,OK,OK,0.39,0.446,0.5,0.39,0.42,0.5,OK,,00200045104311520066-7261502088A,OK,OK,202.9,145.2,52.6,146.3,0.0,1.63352,52.0301,53.3677,0.0816765,1.96023,55.6404,55.9513,56.2401,1.62386,57.6965,0.285866,0,0,0,0,05ACA005,288730,2026-06-06 17:45:58,11014086.0,BABU        ,13616.0,104339022020,104319220140,140HPW501   ,AUTOMODE,BV141B,30,1.0,299955.0,OK,,,,00200045104311520066-7261502088A,OK,OK,,OK,OK,288876,2026-06-06 17:48:04,11014086.0,BABU        ,13616,104339022020,104319220140,,AUTOMODE,BV141D,31,1,299955,OK,CA13,,,0020007910431251065004261442683A,,0,145.4,3.8,-113.55,50.1,134,19.6,-223.2,59.6,-216.052,-106.71,0.722281,1.35703,45.0,40.6096,5.0,25.8515,52.2728,53.4482,0,0,0,0,0,0,0,0,0,0,0,1.57,0,20.0,0,357134
5024641,1,0020007910431251065004261442913B,2026-06-06 14:30:47,306217, , ,104319220140,0,0,0,0,57000,110000,0,0,120000,0,0,0,2,1:24,1002,555,"24,23     ",44,"7,65      ",46,"11,34     ",321,"1,71      ",59,0         ,0,0         ,0,0,0,0,0,"7,83      ",39,"1,61      ",180,13        ,163,"2,73      ",129,"3,94      ",280,"3,2       ",284,0,0,0,0,0,0,0,0,0,0,0,0,UCX31_x0001_|_x0007_:, ,"1,35      ","4,93      ","45,31     ",14,"4,59      ",93,"64,88     ",4:07      ,3,2026-06-06 11:46:21,11014086.0,BABU        ,1,104339022020,104319220140,,AUTOMODE_TS1,BV141E,45,1,,OK,,0,0,0020007910431251065004261442913B,1.17105,1.17092,1.17067,5,5,5.06,5.29,6.635,1,1.2,1.2,1.2,1,1.2,0.5,12,0.5,12,0.5,12,286671,2026-06-06 11:44:27,11014086,BABU        ,13616,104339022020,104319220140,140HPW501   ,,AUTOMODE,BV141C,23,1,299586,OK,,0,0,9003102010431351065904261567195A,0020007910431251065004261442913B,00200045104311520066-7261552194B,OK,OK,OK,OK,287852,2026-06-06 11:43:07,11014086.0,BABU        ,13616,104339022020,104319220140,140HPW501   ,AUTOMODE,BV141A,22,1,299586,OK,CA1,0,0,300050104312999991395364110336,OK,OK,0.39,0.426,0.5,0.39,0.428,0.5,OK,,00200045104311520066-7261552194B,OK,OK,202.9,145.2,52.6,146.3,-0.0408401,1.55185,52.2294,53.2536,0.0816765,1.79688,55.6104,56.1251,57.6767,3.4304,57.4729,0.326702,0,0,0,0,05ACA003,288383,2026-06-06 11:43:53,11014086.0,BABU        ,13616.0,104339022020,104319220140,140HPW501   ,AUTOMODE,BV141B,30,1.0,299586.0,OK,,,,00200045104311520066-7261552194B,OK,OK,,OK,OK,288531,2026-06-06 11:45:13,11014086.0,BABU        ,13616,104339022020,104319220140,,AUTOMODE,BV141D,32,1,299586,OK,CA14,,,0020007910431251065004261442913B,,0,145.4,4.2,-113.55,50.1,134,19.6,-223.2,59.6,-216.052,-106.71,0.205078,1.29375,45.0,40.0,5.0,20.6269,52.248,52.2884,0,0,0,0,0,0,0,0,0,0,0,2.02,0,20.0,0,356783
5088768,1,0020007910431251065004261442983B,2026-06-26 00:37:46,314116, , ,104319220140,0,0,0,0,57000,110000,0,0,120000,0,0,0,1,0:44,1002,555,"41,84     ",110,"41,84     ",110,"23,18     ",85,"23,18     ",85,0         ,0,0         ,0,0,0,0,0,"36,08     ",61,"36,08     ",61,"7,49      ",79,"7,49      ",79,"3,64      ",129,"3,64      ",129,0,0,0,0,0,0,0,0,0,0,0,0,UCX31_x0001_|_x0007_:, ,"1,32      ","4,98      ","47,07     ",3,"4,49      ",93,"65,53     ",3:18      ,3,2026-06-24 17:56:33,11014981.0,MAREESWARAN ,1,104339022020,104319220140,,AUTOMODE_TS1,BV141E2,34,1,,OK,,0,0,0020007910431251065004261442983B,1.16579,1.15987,1.14818,5,5,3.28982,4.82994,3.01796,1,1.2,1.2,1.2,1,1.2,0.5,12,0.5,12,0.5,12,306306,2026-06-24 17:54:05,11014981,MAREESWARAN ,13616,104339022020,104319220140,140HPW501   ,,AUTOMODE,BV141C,20,1,317994,OK,,0,0,9003102010431351065904261724353A,0020007910431251065004261442983B,00200045104311520066-7261702211A,OK,OK,OK,OK,307663,2026-06-24 17:52:43,11014981.0,MAREESWARAN ,13616,104339022020,104319220140,140HPW501   ,AUTOMODE,BV141A,24,1,317994,OK,CA1,0,0,300050104312999991395364110336,OK,OK,0.39,0.407,0.5,0.39,0.404,0.5,OK,,00200045104311520066-7261702211A,OK,OK,202.9,145.2,52.6,146.3,-0.0408363,1.34766,52.6264,53.5487,0.0816765,1.75604,55.8112,56.224,56.2401,1.72379,57.5591,0.367542,0,0,0,0,05ACA003,308363,2026-06-24 17:53:29,11014981.0,MAREESWARAN ,13616.0,104339022020,104319220140,140HPW501   ,AUTOMODE,BV141B,32,1.0,317994.0,OK,,,,00200045104311520066-7261702211A,OK,OK,,OK,OK,308435,2026-06-24 17:55:29,11014981.0,MAREESWARAN ,13616,104339022020,104319220140,,AUTOMODE,BV141D,39,1,317994,OK,CA13,,,0020007910431251065004261442983B,,0,145.6,9.6,-113.55,50.1,134,19.6,-223.35,59.6,-223.35,-113.71,0.254861,1.1007,45.0,40.0828,5.0,25.4972,51.8228,51.9173,0,0,0,0,0,0,0,0,0,0,0,1.71,0,20.0,0,383099
5093258,1,0020007910431251065004261443047B,2026-06-27 07:33:48,304212, , ,104319220140,0,0,0,0,57000,110000,0,0,120000,0,0,0,3,2:27,1002,555,"26,91     ",176,"13,91     ",230,"21,67     ",220,"8,08      ",250,0         ,0,0         ,0,0,0,0,0,"31,56     ",231,"8,52      ",228,"11,42     ",72,"2,57      ",167,"4,78      ",181,"3,47      ",178,0,0,0,0,0,0,0,0,0,0,0,0,UCX31_x0001_|_x0007_:, ,"1,45      ","4,97      ","46,26     ",14,"4,61      ",94,"64,88     ",2:38      ,3,2026-06-24 17:51:33,11014981.0,MAREESWARAN ,1,104339022020,104319220140,,AUTOMODE_TS1,BV141E2,34,1,,OK,,0,0,0020007910431251065004261443047B,1.15283,1.16126,1.1473,5,5,2.9006,7.03114,3.9521,1,1.2,1.2,1.2,1,1.2,0.5,12,0.5,12,0.5,12,306300,2026-06-24 17:48:53,11014981,MAREESWARAN ,13616,104339022020,104319220140,140HPW501   ,,AUTOMODE,BV141C,19,1,317988,OK,,0,0,9003102010431351065904261724282A,0020007910431251065004261443047B,00200045104311520066-7261702010A,OK,OK,OK,OK,307657,2026-06-24 17:47:29,11014981.0,MAREESWARAN ,13616,104339022020,104319220140,140HPW501   ,AUTOMODE,BV141A,22,1,317988,OK,CA1,0,0,300050104312999991395364110336,OK,OK,0.39,0.391,0.5,0.39,0.404,0.5,OK,,00200045104311520066-7261702010A,OK,OK,202.9,145.2,52.6,146.3,0.0,1.75604,52.4996,53.1111,0.163353,2.12358,55.4729,55.9876,57.6335,1.87855,57.5316,0.367542,0,0,0,0,05ACA010,308357,2026-06-24 17:48:15,11014981.0,MAREESWARAN ,13616.0,104339022020,104319220140,140HPW501   ,AUTOMODE,BV141B,32,1.0,317988.0,OK,,,,00200045104311520066-7261702010A,OK,OK,,OK,OK,308429,2026-06-24 17:50:29,11014981.0,MAREESWARAN ,13616,104339022020,104319220140,,AUTOMODE,BV141D,39,1,317988,OK,CA13,,,0020007910431251065004261443047B,,0,145.2,9.5,-113.55,50.1,134,19.6,-223.35,59.6,-223.35,-113.71,0.649391,0.912228,40.0,41.6007,5.0,25.3162,51.9382,52.4135,0,0,0,0,0,0,0,0,0,0,0,1.73,0,20.0,0,383093
5098240,1,0020007910431251065004261443266C,2026-06-29 01:09:42,318215, , ,104319220140,0,0,0,0,57000,110000,0,0,120000,0,0,0,1,0:43,1002,555,"64,4      ",33,"64,4      ",33,"38,2      ",5,"38,2      ",5,0         ,0,0         ,0,0,0,0,0,"32,98     ",52,"32,98     ",52,"10,09     ",132,"10,09     ",132,"1,49      ",175,"1,49      ",175,0,0,0,0,0,0,0,0,0,0,0,0,UCX31_x0001_|_x0007_:, ,"1,12      ","4,75      ","46,45     ",13,"4,14      ",94,"64,94     ",0:44      ,3,2026-06-24 21:49:53,11014981.0,MAREESWARAN ,1,104339022020,104319220140,,AUTOMODE_TS1,BV141E,41,2,,OK,,0,0,0020007910431251065004261443266C,1.17509,1.17295,1.17358,5,5,5.2125,6.4725,6.8425,1,1.2,1.2,1.2,1,1.2,0.5,12,0.5,12,0.5,12,306471,2026-06-24 21:47:07,11014981,MAREESWARAN ,13616,104339022020,104319220140,140HPW501   ,,AUTOMODE,BV141C,30,2,318166,OK,,0,0,9003102010431351065904261713835B,0020007910431251065004261443266C,00200045104311520066-7261692025A,OK,OK,OK,OK,307831,2026-06-24 21:45:29,11014981.0,MAREESWARAN ,13616,104339022020,104319220140,140HPW501   ,AUTOMODE,BV141A,23,2,318166,OK,CA1,0,0,300050104312999991395364110336,OK,OK,0.39,0.416,0.5,0.39,0.414,0.5,OK,,00200045104311520066-7261692025A,OK,OK,202.9,145.2,52.6,146.3,-0.0408401,2.24609,52.6167,53.4371,0.163353,1.75603,55.7047,56.0105,57.7481,4.04297,57.4424,0.326702,0,0,0,0,05ACA010,308535,2026-06-24 21:46:09,11014981.0,MAREESWARAN ,13616.0,104339022020,104319220140,140HPW501   ,AUTOMODE,BV141B,28,2.0,318166.0,OK,,,,00200045104311520066-7261692025A,OK,OK,,OK,OK,308604,2026-06-24 21:48:43,11014981.0,MAREESWARAN ,13616,104339022020,104319220140,,AUTOMODE,BV141D,39,2,318166,OK,CA13,,,0020007910431251065004261443266C,,0,145.0,9.7,-113.55,50.1,134,19.6,-223.35,59.6,-223.35,-113.71,0.340499,1.37965,45.0,40.162,5.0,24.2532,52.3214,52.3778,0,0,0,0,0,0,0,0,0,0,0,1.74,0,20.0,0,383368
5033596,1,0020007910431251065004261443312C,2026-06-09 12:08:51,306217, , ,104319220140,0,0,0,0,57000,110000,0,0,120000,0,0,0,2,1:37,1002,555,"37,63     ",176,"19,51     ",152,"17,37     ",167,"7,24      ",172,0         ,0,0         ,0,0,0,0,0,"14,41     ",260,"6,43      ",267,"10,49     ",276,"5,9       ",229,"6,12      ",204,"6,61      ",216,0,0,0,0,0,0,0,0,0,0,0,0,UCX31_x0001_|_x0007_:, ,"1,28      ","4,94      ","45,05     ",14,"5,05      ",93,"65,02     ",3:06      ,3,2026-06-08 21:04:31,11014981.0,MAREESWARAN ,1,104339022020,104319220140,,AUTOMODE_TS1,BV141E,45,2,,OK,,0,0,0020007910431251065004261443312C,1.17901,1.17547,1.17674,5,5,5.21,5.33,7.8,1,1.2,1.2,1.2,1,1.2,0.5,12,0.5,12,0.5,12,289312,2026-06-08 21:01:51,11014981,MAREESWARAN ,13616,104339022020,104319220140,140HPW501   ,,AUTOMODE,BV141C,16,2,301331,OK,,0,0,9003102010431351065904261568040A,0020007910431251065004261443312C,00200045104311520066-7261562542B,OK,OK,OK,OK,290504,2026-06-08 21:00:19,11014981.0,MAREESWARAN ,13616,104339022020,104319220140,140HPW501   ,AUTOMODE,BV141A,21,2,301331,OK,CA1,0,0,300050104312999991395364110336,OK,OK,0.39,0.439,0.5,0.39,0.441,0.5,OK,,00200045104311520066-7261562542B,OK,OK,202.9,145.2,52.6,146.3,-0.0408401,2.08274,52.2547,53.5974,0.122513,2.74233,55.8625,56.2401,56.2778,2.81783,57.7199,0.490055,0,0,0,0,05ACA010,291046,2026-06-08 21:00:59,11014981.0,MAREESWARAN ,13616.0,104339022020,104319220140,140HPW501   ,AUTOMODE,BV141B,30,2.0,301331.0,OK,,,,00200045104311520066-7261562542B,OK,OK,,OK,OK,291186,2026-06-08 21:03:23,11014981.0,MAREESWARAN ,13616,104339022020,104319220140,,AUTOMODE,BV141D,31,2,301331,OK,CA13,,,0020007910431251065004261443312C,,0,145.3,3.4,-113.55,50.1,134,19.6,-223.2,59.6,-223.2,-113.71,2.07325,2.9017,43.8377,40.0,5.0,21.4035,49.815,52.3629,0,0,0,0,0,0,0,0,0,0,0,1.83,0,20.0,0,359657
5048780,1,0020007910431251065004261443348C,2026-06-13 12:43:36,304212, , ,104319220151,0,0,0,0,57000,110000,0,0,120000,0,0,0,1,0:45,1002,555,"72,51     ",150,"72,51     ",150,"48,62     ",143,"48,62     ",143,0         ,0,0         ,0,0,0,0,0,"35,18     ",254,"35,18     ",254,"5,18      ",235,"5,18      ",235,"2,37      ",341,"2,37      ",341,0,0,0,0,0,0,0,0,0,0,0,0,UCX31_x0001_|_x0007_:, ,"1,42      ","4,95      ","45,34     ",14,"4,58      ",94,"64,87     ",2:05      ,3,2026-06-12 17:49:37,11014981.0,MAREESWARAN ,1,104339022021,104319220151,,AUTOMODE_TS1,BV141E2,38,1,,OK,,0,0,0020007910431251065004261443348C,1.16491,1.15107,1.15094,5,5,3.10539,6.25509,4.19281,1,1.2,1.2,1.2,1,1.2,0.5,12,0.5,12,0.5,12,293553,2026-06-12 17:47:17,11014981,MAREESWARAN ,13616,104339022021,104319220151,160HP Z101  ,,AUTOMODE,BV141C,21,1,305772,OK,,0,0,9003102010431351065904261604440A,0020007910431251065004261443348C,00200045104311520066-7261612993C,OK,OK,OK,OK,294850,2026-06-12 17:46:03,11014981.0,MAREESWARAN ,13616,104339022021,104319220151,160HP Z101  ,AUTOMODE,BV141A,21,1,305772,OK,CA1,0,0,1020104313020080004674879488,OK,OK,0.39,0.428,0.5,0.39,0.427,0.5,OK,,00200045104311520066-7261612993C,OK,OK,202.9,145.2,52.6,146.3,-0.0408401,1.51101,52.4742,53.2895,0.0816765,1.67436,55.6488,56.1661,56.2401,1.61502,57.598,0.326702,0,0,0,0,05ACA003,295444,2026-06-12 17:46:45,11014981.0,MAREESWARAN ,13616.0,104339022021,104319220151,160HP Z101  ,AUTOMODE,BV141B,29,1.0,305772.0,OK,,,,00200045104311520066-7261612993C,OK,OK,,OK,OK,295559,2026-06-12 17:48:27,11014981.0,MAREESWARAN ,13616,104339022021,104319220151,,AUTOMODE,BV141D,32,1,305772,OK,CA13,,,0020007910431251065004261443348C,,0,145.4,4.3,-113.55,50.1,134,19.6,-223.2,59.6,-223.2,-113.71,0.559514,1.77915,45.0,40.0,5.0,25.9043,51.8876,52.0299,0,0,0,0,0,0,0,0,0,0,0,3.39,0,20.0,0,366229
5024073,1,0020007910431251065004261448317A,2026-06-06 11:13:45,306217, , ,104319220140,0,0,0,0,57000,110000,0,0,120000,0,0,0,2,1:27,1002,555,"30,12     ",126,"13,37     ",72,"28,54     ",136,"3,06      ",101,0         ,0,0         ,0,0,0,0,0,"25,55     ",229,"3,18      ",206,"4,52      ",134,"5,08      ",150,"3,38      ",149,"3,12      ",161,0,0,0,0,0,0,0,0,0,0,0,0,UCX31_x0001_|_x0007_:, ,"1,33      ","4,93      ","45,34     ",14,"3,47      ",93,"65,09     ",3:02      ,3,2026-06-06 10:42:31,11014086.0,BABU        ,1,104339022020,104319220140,,AUTOMODE_TS1,BV141E,45,1,,OK,,0,0,0020007910431251065004261448317A,1.17408,1.17282,1.17408,5,5,3.6975,4.07,6.7125,1,1.2,1.2,1.2,1,1.2,0.5,12,0.5,12,0.5,12,286595,2026-06-06 10:40:23,11014086,BABU        ,13616,104339022020,104319220140,140HPW501   ,,AUTOMODE,BV141C,20,1,299507,OK,,0,0,9003102010431351065904261556418B,0020007910431251065004261448317A,00200045104311520066-7261502257A,OK,OK,OK,OK,287776,2026-06-06 10:39:09,11014086.0,BABU        ,13616,104339022020,104319220140,140HPW501   ,AUTOMODE,BV141A,24,1,299507,OK,CA1,0,0,300050104312999991395364110336,OK,OK,0.39,0.429,0.5,0.39,0.452,0.5,OK,,00200045104311520066-7261502257A,OK,OK,202.9,145.2,52.6,146.3,-0.0701466,1.91939,52.0212,53.3224,0.122517,1.87855,55.4881,55.8958,57.743,3.7571,57.4372,0.326706,0,0,0,0,05ACA001,288307,2026-06-06 10:39:47,11014086.0,BABU        ,13616.0,104339022020,104319220140,140HPW501   ,AUTOMODE,BV141B,31,1.0,299507.0,OK,,,,00200045104311520066-7261502257A,OK,OK,,OK,OK,288455,2026-06-06 10:41:17,11014086.0,BABU        ,13616,104339022020,104319220140,,AUTOMODE,BV141D,32,1,299507,OK,CA14,,,0020007910431251065004261448317A,,0,145.0,4.2,-113.55,50.1,134,19.6,-223.2,59.6,-216.052,-106.71,0.248791,1.24158,44.9913,40.0,5.0,21.9463,52.0464,52.0956,0,0,0,0,0,0,0,0,0,0,0,1.76,0,20.0,0,356707
5089365,1,0020007910431251065004261448508B,2026-06-26 04:42:41,306217, , ,104319220140,0,0,0,0,57000,110000,0,0,120000,0,0,0,1,0:40,1002,555,"75,11     ",25,"75,11     ",25,"30,58     ",336,"30,58     ",336,0         ,0,0         ,0,0,0,0,0,"12,97     ",95,"12,97     ",95,"10,99     ",268,"10,99     ",268,"1,22      ",279,"1,22      ",279,0,0,0,0,0,0,0,0,0,0,0,0,UCX31_x0001_à_x0007_N, ,"1,19      ","4,94      ","44,99     ",14,"4,41      ",93,"64,46     ",7:27      ,3,2026-06-24 15:42:04,11014981.0,MAREESWARAN ,1,104339022020,104319220140,,AUTOMODE_TS1,BV141E2,34,1,,OK,,0,0,0020007910431251065004261448508B,1.15195,1.15119,1.14767,5,5,2.46587,5.97964,3.1497,1,1.2,1.2,1.2,1,1.2,0.5,12,0.5,12,0.5,12,306175,2026-06-24 15:40:10,11014981,MAREESWARAN ,13616,104339022020,104319220140,140HPW501   ,,AUTOMODE,BV141C,25,1,317858,OK,,0,0,9003102010431351065904261713753B,0020007910431251065004261448508B,00200045104311520066-7261702142A,OK,OK,OK,OK,307527,2026-06-24 15:38:28,11014981.0,MAREESWARAN ,13616,104339022020,104319220140,140HPW501   ,AUTOMODE,BV141A,25,1,317858,OK,CA1,0,0,300050104312999991395364110336,OK,OK,0.39,0.412,0.5,0.39,0.404,0.5,OK,,00200045104311520066-7261702142A,OK,OK,202.9,145.2,52.6,146.3,0.0,2.61364,52.0253,53.763,0.245026,1.97892,56.0127,54.0897,56.423,2.20525,57.7529,0.408379,0,0,0,0,05ACA003,308227,2026-06-24 15:39:14,11014981.0,MAREESWARAN ,13616.0,104339022020,104319220140,140HPW501   ,AUTOMODE,BV141B,32,1.0,317858.0,OK,,,,00200045104311520066-7261702142A,OK,OK,,OK,OK,308299,2026-06-24 15:41:02,11014981.0,MAREESWARAN ,13616,104339022020,104319220140,,AUTOMODE,BV141D,39,1,317858,OK,CA13,,,0020007910431251065004261448508B,,0,145.2,9.5,-113.55,50.1,134,19.6,-223.35,59.6,-223.35,-113.71,0.306562,1.10071,45.0,40.0552,5.0,25.4293,51.8898,51.966,0,0,0,0,0,0,0,0,0,0,0,1.79,0,20.0,0,382897
5085222,1,0020007910431251065004261448513B,2026-06-25 00:04:43,304212, , ,104319220151,0,0,0,0,57000,110000,0,0,120000,0,0,0,2,1:32,1002,555,"44,72     ",11,"12,05     ",349,"30,71     ",353,"4,95      ",23,0         ,0,0         ,0,0,0,0,0,"20,43     ",96,"3,25      ",132,"5,09      ",140,"3,95      ",44,"7,09      ",108,"7,89      ",115,0,0,0,0,0,0,0,0,0,0,0,0,UCX31_x0001_|_x0007_:, ,"1,47      ",5         ,"44,87     ",14,"4,28      ",94,"64,94     ",3:46      ,3,2026-06-24 01:08:28,11014981.0,MAREESWARAN ,1,104339022021,104319220151,,AUTOMODE_TS1,BV141E2,38,2,,OK,,0,0,0020007910431251065004261448513B,1.14075,1.14642,1.16503,5,5,1.97006,5.51856,2.62036,1,1.2,1.2,1.2,1,1.2,0.5,12,0.5,12,0.5,12,305489,2026-06-24 01:06:18,11014981,MAREESWARAN ,13616,104339022021,104319220151,160HP Z101  ,,AUTOMODE,BV141C,18,2,317156,OK,,0,0,9003102010431351065904261677554B,0020007910431251065004261448513B,00200045104311520066-7261692125A,OK,OK,OK,OK,306832,2026-06-24 01:04:20,11014981.0,MAREESWARAN ,13616,104339022021,104319220151,160HP Z101  ,AUTOMODE,BV141A,22,2,317156,OK,CA1,0,0,1020104313020080004674879488,OK,OK,0.39,0.407,0.5,0.39,0.409,0.5,OK,,00200045104311520066-7261692125A,OK,OK,202.9,145.2,52.6,146.3,0.0,2.28693,52.0971,53.4271,0.204189,2.12358,55.5851,56.0998,56.2401,1.88837,57.7457,0.245026,0,0,0,0,05ACA005,307528,2026-06-24 01:05:02,11014981.0,MAREESWARAN ,13616.0,104339022021,104319220151,160HP Z101  ,AUTOMODE,BV141B,29,2.0,317156.0,OK,,,,00200045104311520066-7261692125A,OK,OK,,OK,OK,307603,2026-06-24 01:07:22,11014981.0,MAREESWARAN ,13616,104339022021,104319220151,,AUTOMODE,BV141D,32,2,317156,OK,CA13,,,0020007910431251065004261448513B,,0,146.7,2.4,-113.55,50.1,134,19.6,-223.2,59.6,-223.2,-113.71,0.758869,1.53848,45.0,40.0,5.0,26.1531,51.9738,52.1059,0,0,0,0,0,0,0,0,0,0,0,3.49,0,20.0,0,382132
5085450,1,0020007910431251065004261448556B,2026-06-25 01:52:50,304212, , ,104319220151,0,0,0,0,57000,110000,0,0,120000,0,0,0,1,0:42,1002,555,"29,21     ",15,"29,21     ",15,"23,34     ",337,"23,34     ",337,0         ,0,0         ,0,0,0,0,0,"20,68     ",76,"20,68     ",76,"6,62      ",136,"6,62      ",136,"1,64      ",241,"1,64      ",241,0,0,0,0,0,0,0,0,0,0,0,0,UCX31_x0001_|_x0007_:, ,"1,36      ","4,97      ","44,96     ",14,"4,28      ",94,"64,67     ",23:34     ,3,2026-06-24 00:55:52,11014981.0,MAREESWARAN ,1,104339022021,104319220151,,AUTOMODE_TS1,BV141E2,38,2,,OK,,0,0,0020007910431251065004261448556B,1.15459,1.16553,1.16792,5,5,2.1006,5.62515,2.62275,1,1.2,1.2,1.2,1,1.2,0.5,12,0.5,12,0.5,12,305476,2026-06-24 00:53:46,11014981,MAREESWARAN ,13616,104339022021,104319220151,160HP Z101  ,,AUTOMODE,BV141C,48,2,317140,OK,,0,0,9003102010431351065904261734511A,0020007910431251065004261448556B,00200045104311520066-7261692118A,OK,OK,OK,OK,306818,2026-06-24 00:50:48,11014981.0,MAREESWARAN ,13616,104339022021,104319220151,160HP Z101  ,AUTOMODE,BV141A,21,2,317140,OK,CA1,0,0,1020104313020080004674879488,OK,OK,0.39,0.412,0.5,0.39,0.416,0.5,OK,,00200045104311520066-7261692118A,OK,OK,202.9,145.2,52.6,146.3,-0.0408401,2.5728,52.5958,53.4213,0.204189,2.73615,55.5793,55.9921,56.2401,2.34402,57.7399,0.326702,0,0,0,0,05ACA005,307514,2026-06-24 00:52:00,11014981.0,MAREESWARAN ,13616.0,104339022021,104319220151,160HP Z101  ,AUTOMODE,BV141B,29,2.0,317140.0,OK,,,,00200045104311520066-7261692118A,OK,OK,,OK,OK,307589,2026-06-24 00:54:48,11014981.0,MAREESWARAN ,13616,104339022021,104319220151,,AUTOMODE,BV141D,32,2,317140,OK,CA13,,,0020007910431251065004261448556B,,0,145.7,2.5,-113.55,50.1,134,19.6,-223.2,59.6,-223.2,-113.71,1.832,2.72327,44.9631,40.0,5.0,26.2888,51.8761,52.1259,0,0,0,0,0,0,0,0,0,0,0,3.43,0,20.0,0,382093
5089421,1,0020007910431251065004261448645B,2026-06-26 05:03:47,314116, , ,104319220140,0,0,0,0,57000,110000,0,0,120000,0,0,0,1,0:48,1002,555,"54,78     ",341,"54,78     ",341,"41,14     ",346,"41,14     ",346,0         ,0,0         ,0,0,0,0,0,"63,71     ",326,"63,71     ",326,"10,95     ",264,"10,95     ",264,"1,61      ",333,"1,61      ",333,0,0,0,0,0,0,0,0,0,0,0,0,UCX31_x0001_|_x0007_:, ,"1,2       ","4,97      ","46,87     ",3,"4,56      ",93,"65,46     ",1:41      ,3,2026-06-24 19:07:08,11014981.0,MAREESWARAN ,1,104339022020,104319220140,,AUTOMODE_TS1,BV141E2,34,1,,OK,,0,0,0020007910431251065004261448645B,1.15447,1.15849,1.15761,5,5,2.42754,7.95449,4.65629,1,1.2,1.2,1.2,1,1.2,0.5,12,0.5,12,0.5,12,306345,2026-06-24 19:04:16,11014981,MAREESWARAN ,13616,104339022020,104319220140,140HPW501   ,,AUTOMODE,BV141C,22,1,318034,OK,,0,0,9003102010431351065904261714024B,0020007910431251065004261448645B,00200045104311520066-7261650471A,OK,OK,OK,OK,307702,2026-06-24 19:02:14,11014981.0,MAREESWARAN ,13616,104339022020,104319220140,140HPW501   ,AUTOMODE,BV141A,23,1,318034,OK,CA1,0,0,300050104312999991395364110336,OK,OK,0.39,0.41,0.5,0.39,0.415,0.5,OK,,00200045104311520066-7261650471A,OK,OK,202.9,145.2,52.6,146.3,-0.0408401,1.02095,52.112,53.0394,0.0408363,1.87855,55.2051,55.7172,57.7733,5.39063,57.3631,0.285866,0,0,0,0,05ACA001,308403,2026-06-24 19:02:56,11014981.0,MAREESWARAN ,13616.0,104339022020,104319220140,140HPW501   ,AUTOMODE,BV141B,32,1.0,318034.0,OK,,,,00200045104311520066-7261650471A,OK,OK,,OK,OK,308474,2026-06-24 19:06:06,11014981.0,MAREESWARAN ,13616,104339022020,104319220140,,AUTOMODE,BV141D,39,1,318034,OK,CA13,,,0020007910431251065004261448645B,,0,145.8,9.2,-113.55,50.1,134,19.6,-223.35,59.6,-223.35,-113.71,-0.037693,0.557892,40.0602,42.5868,5.0,25.8214,51.5456,51.6178,0,0,0,0,0,0,0,0,0,0,0,1.67,0,20.0,0,383138
5089356,1,0020007910431251065004261448651B,2026-06-26 04:38:21,306217, , ,104319220140,0,0,0,0,57000,110000,0,0,120000,0,0,0,1,0:30,1002,555,"35,5      ",73,"35,5      ",73,"18,93     ",32,"18,93     ",32,0         ,0,0         ,0,0,0,0,0,"8,6       ",163,"8,6       ",163,"5,05      ",333,"5,05      ",333,"3,16      ",102,"3,16      ",102,0,0,0,0,0,0,0,0,0,0,0,0,UCX31_x0001_à_x0007_N, ,"1,23      ","4,94      ","45,05     ",14,"5,02      ",93,"65,03     ",7:27      ,3,2026-06-24 15:43:46,11014981.0,MAREESWARAN ,1,104339022020,104319220140,,AUTOMODE_TS1,BV141E2,34,1,,OK,,0,0,0020007910431251065004261448651B,1.15182,1.15031,1.15711,5,5,2.81437,7.02395,3.2491,1,1.2,1.2,1.2,1,1.2,0.5,12,0.5,12,0.5,12,306177,2026-06-24 15:41:14,11014981,MAREESWARAN ,13616,104339022020,104319220140,140HPW501   ,,AUTOMODE,BV141C,19,1,317860,OK,,0,0,9003102010431351065904261713742B,0020007910431251065004261448651B,00200045104311520066-7261702011A,OK,OK,OK,OK,307529,2026-06-24 15:39:58,11014981.0,MAREESWARAN ,13616,104339022020,104319220140,140HPW501   ,AUTOMODE,BV141A,22,1,317860,OK,CA1,0,0,300050104312999991395364110336,OK,OK,0.39,0.403,0.5,0.39,0.41,0.5,OK,,00200045104311520066-7261702011A,OK,OK,202.9,145.2,52.6,146.3,-0.0408401,2.0419,52.0758,53.6122,0.163353,2.16442,55.7804,56.1906,56.2401,2.02559,57.8289,0.285866,0,0,0,0,05ACA010,308229,2026-06-24 15:40:44,11014981.0,MAREESWARAN ,13616.0,104339022020,104319220140,140HPW501   ,AUTOMODE,BV141B,33,1.0,317860.0,OK,,,,00200045104311520066-7261702011A,OK,OK,,OK,OK,308301,2026-06-24 15:42:42,11014981.0,MAREESWARAN ,13616,104339022020,104319220140,,AUTOMODE,BV141D,39,1,317860,OK,CA13,,,0020007910431251065004261448651B,,0,145.6,9.6,-113.55,50.1,134,19.6,-223.35,59.6,-223.35,-113.71,0.191397,1.07451,45.0,40.0,5.0,25.4444,51.8798,51.9763,0,0,0,0,0,0,0,0,0,0,0,1.68,0,20.0,0,382899
5098435,1,0020007910431251065004261448677B,2026-06-29 05:35:11,304212, , ,104319220140,0,0,0,0,57000,110000,0,0,120000,0,0,0,1,0:41,1002,555,"42,9      ",257,"42,9      ",257,"38,01     ",275,"38,01     ",275,0         ,0,0         ,0,0,0,0,0,"33,9      ",273,"33,9      ",273,"13,12     ",153,"13,12     ",153,"7,21      ",121,"7,21      ",121,0,0,0,0,0,0,0,0,0,0,0,0,UCX31_x0001_|_x0007_:, ,"1,5       ","4,93      ","45,34     ",14,"4,72      ",94,"64,83     ",4:28      ,3,2026-06-29 18:14:46,11014086.0,BABU        ,1,104339022021,104319220151,,AUTOMODE_TS1,BV141E2,38,1,,OK,,0,0,0020007910431251065004261448677B,1.14742,1.16679,1.14679,5,5,2.01078,6.47904,3.77964,1,1.2,1.2,1.2,1,1.2,0.5,12,0.5,12,0.5,12,313940,2026-06-29 18:11:34,11014086,BABU        ,13616,104339022021,104319220151,160HP Z101  ,,AUTOMODE,BV141C,24,1,323300,OK,,0,0,9003102010431351065904261769638A,0020007910431251065004261448677B,00200045104311520066-7261752434C,OK,OK,OK,OK,315367,2026-06-29 18:10:10,11014086.0,BABU        ,13616,104339022021,104319220151,160HP Z101  ,AUTOMODE,BV141A,24,1,323300,OK,CA1,0,0,1020104313020080004674879488,OK,OK,0.39,0.431,0.5,0.39,0.438,0.5,OK,,00200045104311520066-7261752434C,OK,OK,202.9,145.2,52.6,146.3,-0.0408401,2.00106,52.293,53.4268,0.163353,2.0419,55.4753,55.9849,57.6283,2.81783,57.5264,0.326702,0,0,0,0,05ACA010,315148,2026-06-29 18:10:48,11014086.0,BABU        ,13616.0,104339022021,104319220151,160HP Z101  ,AUTOMODE,BV141B,26,1.0,323300.0,OK,,,,00200045104311520066-7261752434C,OK,OK,,OK,OK,316185,2026-06-29 18:13:40,11014086.0,BABU        ,13616,104339022021,104319220151,,AUTOMODE,BV141D,43,1,323300,OK,CA13,,,0020007910431251065004261448677B,,0,147.6,11.3,-113.55,50.1,134,19.6,-223.2,59.6,-223.2,-113.71,0.15078,0.595585,44.9994,40.1294,5.0,23.5295,52.1662,52.424,0,0,0,0,0,0,0,0,0,0,0,3.42,0,20.0,0,392055
5089465,1,0020007910431251065004261448686B,2026-06-26 05:19:10,314116, , ,104319220140,0,0,0,0,57000,110000,0,0,120000,0,0,0,1,0:44,1002,555,"42,75     ",334,"42,75     ",334,"21,07     ",319,"21,07     ",319,0         ,0,0         ,0,0,0,0,0,"32,57     ",296,"32,57     ",296,"9,49      ",294,"9,49      ",294,"2,67      ",8,"2,67      ",8,0,0,0,0,0,0,0,0,0,0,0,0,UCX31_x0001_|_x0007_:, ,"1,29      ","4,96      ","46,7      ",3,"4,92      ",93,"65,53     ",3:13      ,3,2026-06-24 15:45:26,11014981.0,MAREESWARAN ,1,104339022020,104319220140,,AUTOMODE_TS1,BV141E2,34,1,,OK,,0,0,0020007910431251065004261448686B,1.15975,1.15799,1.14956,5,5,2.34012,6.01437,2.86347,1,1.2,1.2,1.2,1,1.2,0.5,12,0.5,12,0.5,12,306179,2026-06-24 15:43:06,11014981,MAREESWARAN ,13616,104339022020,104319220140,140HPW501   ,,AUTOMODE,BV141C,18,1,317862,OK,,0,0,9003102010431351065904261713744B,0020007910431251065004261448686B,00200045104311520066-7261682792C,OK,OK,OK,OK,307531,2026-06-24 15:41:48,11014981.0,MAREESWARAN ,13616,104339022020,104319220140,140HPW501   ,AUTOMODE,BV141A,22,1,317862,OK,CA1,0,0,300050104312999991395364110336,OK,OK,0.39,0.411,0.5,0.39,0.421,0.5,OK,,00200045104311520066-7261682792C,OK,OK,202.9,145.2,52.6,146.3,0.0,1.83772,52.6415,53.0492,0.163353,2.32777,55.2098,55.62,57.6634,7.22834,57.1538,0.449219,0,0,0,0,05ACA006,308231,2026-06-24 15:42:32,11014981.0,MAREESWARAN ,13616.0,104339022020,104319220140,140HPW501   ,AUTOMODE,BV141B,32,1.0,317862.0,OK,,,,00200045104311520066-7261682792C,OK,OK,,OK,OK,308303,2026-06-24 15:44:24,11014981.0,MAREESWARAN ,13616,104339022020,104319220140,,AUTOMODE,BV141D,39,1,317862,OK,CA13,,,0020007910431251065004261448686B,,0,145.0,9.9,-113.55,50.1,134,19.6,-223.35,59.6,-223.35,-113.71,0.23768,1.12316,45.0,40.0,5.0,25.6178,51.4525,51.5745,0,0,0,0,0,0,0,0,0,0,0,1.7,0,20.0,0,382901
5085962,1,0020007910431251065004261448692B,2026-06-25 06:14:34,304212, , ,104319220151,0,0,0,0,57000,110000,0,0,120000,0,0,0,1,0:28,1002,555,"15,33     ",242,"15,33     ",242,"26,05     ",224,"26,05     ",224,0         ,0,0         ,0,0,0,0,0,"36,79     ",356,"36,79     ",356,"7,71      ",127,"7,71      ",127,"2,8       ",12,"2,8       ",12,0,0,0,0,0,0,0,0,0,0,0,0,UCX31_x0001_|_x0007_:, ,"1,4       ","4,91      ","45,68     ",14,"4,47      ",94,"64,75     ",1:48      ,3,2026-06-26 03:50:45,11014981.0,MAREESWARAN ,1,104339022020,104319220140,,AUTOMODE_TS1,BV141E,41,2,,OK,,0,0,0020007910431251065004261448692B,1.17737,1.17459,1.17408,5,5,4.44,5.035,7.155,1,1.2,1.2,1.2,1,1.2,0.5,12,0.5,12,0.5,12,307993,2026-06-26 03:48:11,11014981,MAREESWARAN ,13616,104339022020,104319220140,140HPW501   ,,AUTOMODE,BV141C,19,2,319747,OK,,0,0,9003102010431351065904261735077B,0020007910431251065004261448692B,00200045104311520066-7261692013A,OK,OK,OK,OK,309372,2026-06-26 03:46:21,11014981.0,MAREESWARAN ,13616,104339022020,104319220140,140HPW501   ,AUTOMODE,BV141A,22,2,319747,OK,CA1,0,0,300050104312999991395364110336,OK,OK,0.39,0.417,0.5,0.39,0.413,0.5,OK,,00200045104311520066-7261692013A,OK,OK,202.9,145.2,52.6,146.3,0.0,1.7152,52.0502,53.077,0.122513,2.16442,55.2427,55.6554,57.6096,8.00426,57.1994,0.367542,0,0,0,0,05ACA006,310100,2026-06-26 03:47:03,11014981.0,MAREESWARAN ,13616.0,104339022020,104319220140,140HPW501   ,AUTOMODE,BV141B,28,2.0,319747.0,OK,,,,00200045104311520066-7261692013A,OK,OK,,OK,OK,310152,2026-06-26 03:49:39,11014981.0,MAREESWARAN ,13616,104339022020,104319220140,,AUTOMODE,BV141D,31,2,319747,OK,CA13,,,0020007910431251065004261448692B,,0,147.1,4.4,-113.55,50.1,134,19.6,-223.35,59.6,-223.35,-113.71,0.60113,2.22174,45.0,40.0,5.0,21.4487,52.0093,52.0699,0,0,0,0,0,0,0,0,0,0,0,1.6,0,20.0,0,385049
5085931,1,0020007910431251065004261448698B,2026-06-25 05:54:58,306217, , ,104319220151,0,0,0,0,57000,110000,0,0,120000,0,0,0,6,6:21,1002,555,"24,49     ",35,"10,05     ",157,"56,61     ",55,"5,94      ",150,0         ,0,0         ,0,0,0,0,0,"53,16     ",32,"3,4       ",172,"21,31     ",241,"1,29      ",162,"1,01      ",25,"1,34      ",121,0,0,0,0,0,0,0,0,0,0,0,0,UCX31_x0001_|_x0007_:, ,"1,35      ","4,94      ","45,34     ",14,"4,69      ",93,"65,03     ",7:13      ,3,2026-06-26 03:52:51,11014981.0,MAREESWARAN ,1,104339022020,104319220140,,AUTOMODE_TS1,BV141E2,34,2,,OK,,0,0,0020007910431251065004261448698B,1.15333,1.15321,1.1678,5,5,1.83234,5.46347,3.12096,1,1.2,1.2,1.2,1,1.2,0.5,12,0.5,12,0.5,12,307996,2026-06-26 03:50:17,11014981,MAREESWARAN ,13616,104339022020,104319220140,140HPW501   ,,AUTOMODE,BV141C,23,2,319750,OK,,0,0,9003102010431351065904261734975B,0020007910431251065004261448698B,00200045104311520066-7261692050A,OK,OK,OK,OK,309375,2026-06-26 03:48:47,11014981.0,MAREESWARAN ,13616,104339022020,104319220140,140HPW501   ,AUTOMODE,BV141A,22,2,319750,OK,CA1,0,0,300050104312999991395364110336,OK,OK,0.39,0.407,0.5,0.39,0.421,0.5,OK,,00200045104311520066-7261692050A,OK,OK,202.9,145.2,52.6,146.3,0.0,2.69531,52.0477,53.3828,0.245029,2.85867,55.6478,56.058,56.2401,2.36048,57.5001,0.571732,0,0,0,0,05ACA003,310103,2026-06-26 03:49:29,11014981.0,MAREESWARAN ,13616.0,104339022020,104319220140,140HPW501   ,AUTOMODE,BV141B,28,2.0,319750.0,OK,,,,00200045104311520066-7261692050A,OK,OK,,OK,OK,310155,2026-06-26 03:51:49,11014981.0,MAREESWARAN ,13616,104339022020,104319220140,,AUTOMODE,BV141D,32,2,319750,OK,CA13,,,0020007910431251065004261448698B,,0,147.4,4.6,-113.55,50.1,134,19.6,-223.35,59.6,-223.35,-113.71,0.590761,1.73278,45.0,40.0,5.0,23.0319,52.3508,52.4766,0,0,0,0,0,0,0,0,0,0,0,1.69,0,20.0,0,385052
5085982,1,0020007910431251065004261448729B,2026-06-25 06:34:06,306217, , ,104319220151,0,0,0,0,57000,110000,0,0,120000,0,0,0,2,1:43,1002,555,"51,1      ",278,"38,76     ",320,"45,77     ",249,"22,99     ",323,0         ,0,0         ,0,0,0,0,0,"34,28     ",214,"15,1      ",298,"16,79     ",5,"5,97      ",10,"2,66      ",255,"3,37      ",287,0,0,0,0,0,0,0,0,0,0,0,0,UCX31_x0001_|_x0007_:, ,"1,28      ","4,94      ","45,19     ",14,"3,87      ",93,"65,1      ",14:09     ,3,2026-06-30 21:44:47,10001376.0,DEEPAN.M    ,1,104339022020,104319220140,,AUTOMODE_TS1,BV141E2,34,2,,OK,,0,0,0020007910431251065004261448729B,1.16692,1.1561,1.14755,5,5,2.26347,6.49102,3.58204,1,1.2,1.2,1.2,1,1.2,0.5,12,0.5,12,0.5,12,314936,2026-06-30 21:42:01,11014981,MAREESWARAN ,13616,104339022020,104319220140,140HPW501   ,,AUTOMODE,BV141C,21,2,324377,OK,,0,0,9003102010431351065904261771694B,0020007910431251065004261448729B,00200045104311520066-7261752471C,OK,OK,OK,OK,316420,2026-06-30 21:40:03,11014981.0,MAREESWARAN ,13616,104339022020,104319220140,140HPW501   ,AUTOMODE,BV141A,27,2,324377,OK,CA1,0,0,300050104312999991395364110336,OK,OK,0.39,0.425,0.5,0.39,0.422,0.5,OK,,00200045104311520066-7261752471C,OK,OK,202.9,145.2,52.6,146.3,-0.0816765,1.75603,52.2925,53.518,0.0816727,2.49112,55.7755,56.1908,56.2401,2.35609,57.7297,0.326702,0,0,0,0,05ACA010,316211,2026-06-30 21:40:41,11014981.0,MAREESWARAN ,13616.0,104339022020,104319220140,140HPW501   ,AUTOMODE,BV141B,26,2.0,324377.0,OK,,,,00200045104311520066-7261752471C,OK,OK,,OK,OK,317244,2026-06-30 21:43:47,11014981.0,MAREESWARAN ,13616,104339022020,104319220140,,AUTOMODE,BV141D,35,2,324377,OK,CA13,,,0020007910431251065004261448729B,,0,147.2,7.9,-113.55,50.1,134,19.6,-223.35,59.6,-223.35,-113.71,0.194982,1.3013,45.0,40.0,5.0,20.2198,52.3635,52.4386,0,0,0,0,0,0,0,0,0,0,0,1.66,0,20.0,0,394064
5098283,1,0020007910431251065004261448826B,2026-06-29 02:13:48,314116, , ,104319220140,0,0,0,0,57000,110000,0,0,120000,0,0,0,1,0:39,1002,555,"34,17     ",213,"34,17     ",213,"11,4      ",225,"11,4      ",225,0         ,0,0         ,0,0,0,0,0,"15,49     ",212,"15,49     ",212,"14,2      ",158,"14,2      ",158,"2,46      ",234,"2,46      ",234,0,0,0,0,0,0,0,0,0,0,0,0,UCX31_x0001_|_x0007_:, ,"1,37      ","4,96      ","45,54     ",3,"4,96      ",93,"65,53     ",3:28      ,3,2026-06-25 11:12:15,11014981.0,MAREESWARAN ,1,104339022020,104319220140,,AUTOMODE_TS1,BV141E,41,1,,OK,,0,0,0020007910431251065004261448826B,1.17927,1.17459,1.17408,5,5,5.0175,4.9625,7.3875,1,1.2,1.2,1.2,1,1.2,0.5,12,0.5,12,0.5,12,307109,2026-06-25 11:09:17,11014981,MAREESWARAN ,13616,104339022020,104319220140,140HPW501   ,,AUTOMODE,BV141C,20,1,318828,OK,,0,0,9003102010431351065904261690143A,0020007910431251065004261448826B,00200045104311520066-7261752440C,OK,OK,OK,OK,308480,2026-06-25 11:07:19,11014981.0,MAREESWARAN ,13616,104339022020,104319220140,140HPW501   ,AUTOMODE,BV141A,22,1,318828,OK,CA1,0,0,300050104312999991395364110336,OK,OK,0.39,0.429,0.5,0.39,0.435,0.5,OK,,00200045104311520066-7261752440C,OK,OK,202.9,145.2,52.6,146.3,-0.0408401,1.38849,52.1041,53.2354,0.122513,2.12358,55.2915,55.903,56.2401,1.61153,57.6457,0.285866,0,0,0,0,05ACA004,309193,2026-06-25 11:07:57,11014981.0,MAREESWARAN ,13616.0,104339022020,104319220140,140HPW501   ,AUTOMODE,BV141B,28,1.0,318828.0,OK,,,,00200045104311520066-7261752440C,OK,OK,,OK,OK,309256,2026-06-25 11:11:11,11014981.0,MAREESWARAN ,13616,104339022020,104319220140,,AUTOMODE,BV141D,38,1,318828,OK,CA13,,,0020007910431251065004261448826B,,0,145.1,9.6,-113.55,50.1,134,19.6,-223.35,59.6,-223.35,-113.71,0.229309,0.761448,45.0,40.1998,5.0,23.9894,51.9555,52.3292,0,0,0,0,0,0,0,0,0,0,0,1.63,0,20.0,0,384097
5090414,1,0020007910431251065004261448934B,2026-06-26 11:00:49,306217, , ,104319220140,0,0,0,0,57000,110000,0,0,120000,0,0,0,1,0:32,1002,555,"38,75     ",206,"38,75     ",206,"30,69     ",222,"30,69     ",222,0         ,0,0         ,0,0,0,0,0,"40,48     ",269,"40,48     ",269,"10,66     ",246,"10,66     ",246,"3,41      ",197,"3,41      ",197,0,0,0,0,0,0,0,0,0,0,0,0,UCX31_x0001_|_x0007_:, ,"1,31      ","4,93      ","45,77     ",14,"3,57      ",93,"64,69     ",5:58      ,3,2026-06-26 10:39:30,11014981.0,MAREESWARAN ,1,104339022020,104319220140,,AUTOMODE_TS1,BV141E,40,1,,OK,,0,0,0020007910431251065004261448934B,1.17611,1.17332,1.17383,5,5,5.545,5.415,8.0225,1,1.2,1.2,1.2,1,1.2,0.5,12,0.5,12,0.5,12,308265,2026-06-26 10:36:34,11014981,MAREESWARAN ,13616,104339022020,104319220140,140HPW501   ,,AUTOMODE,BV141C,21,1,320036,OK,,0,0,9003102010431351065904261676209C,0020007910431251065004261448934B,00200045104311520066-7261682402B,OK,OK,OK,OK,309654,2026-06-26 10:35:24,11014981.0,MAREESWARAN ,13616,104339022020,104319220140,140HPW501   ,AUTOMODE,BV141A,23,1,320036,OK,CA1,0,0,300050104312999991395364110336,OK,OK,0.39,0.465,0.5,0.39,0.457,0.5,OK,,00200045104311520066-7261682402B,OK,OK,202.9,145.2,52.6,146.3,-0.0408363,1.34766,52.1041,53.4391,0.0816765,1.83772,55.6889,55.9997,57.7476,3.67543,57.4418,0.367542,0,0,0,0,05ACA001,310385,2026-06-26 10:36:00,11014981.0,MAREESWARAN ,13616.0,104339022020,104319220140,140HPW501   ,AUTOMODE,BV141B,30,1.0,320036.0,OK,,,,00200045104311520066-7261682402B,OK,OK,,OK,OK,310435,2026-06-26 10:38:20,11014981.0,MAREESWARAN ,13616,104339022020,104319220140,,AUTOMODE,BV141D,35,1,320036,OK,CA14,,,0020007910431251065004261448934B,,0,147.6,6.6,-113.55,50.1,134,19.6,-223.35,59.6,-223.35,-113.71,0.515926,1.59213,45.0,40.0,5.0,25.9571,51.5033,52.2226,0,0,0,0,0,0,0,0,0,0,0,1.86,0,20.0,0,385370
5090024,1,0020007910431251065004261448986B,2026-06-26 08:36:40,306217, , ,104319220140,0,0,0,0,57000,110000,0,0,120000,0,0,0,1,0:38,1002,555,"36,63     ",226,"36,63     ",226,"28,75     ",197,"28,75     ",197,0         ,0,0         ,0,0,0,0,0,"29,09     ",230,"29,09     ",230,"5,3       ",314,"5,3       ",314,"0,73      ",230,"0,73      ",230,0,0,0,0,0,0,0,0,0,0,0,0,UCX31_x0001_|_x0007_:, ,"1,38      ","4,92      ","45,28     ",14,"4,37      ",93,"64,67     ",6:18      ,3,2026-06-27 07:43:55,11014981.0,MAREESWARAN ,1,104339022021,104319220151,,AUTOMODE_TS1,BV141E,44,2,,OK,,0,0,0020007910431251065004261448986B,1.17699,1.17472,1.17775,5,5,5.4675,5.2175,6.995,1,1.2,1.2,1.2,1,1.2,0.5,12,0.5,12,0.5,12,309286,2026-06-27 07:40:37,11014981,MAREESWARAN ,13616,104339022021,104319220151,160HP Z101  ,,AUTOMODE,BV141C,19,2,321087,OK,,0,0,9003102010431351065904261745631A,0020007910431251065004261448986B,00200045104311520066-7261750468A,OK,OK,OK,OK,310671,2026-06-27 07:38:15,11014981.0,MAREESWARAN ,13616,104339022021,104319220151,160HP Z101  ,AUTOMODE,BV141A,22,2,321087,OK,CA1,0,0,1020104313020080004674879488,OK,OK,0.39,0.468,0.5,0.39,0.47,0.5,OK,,00200045104311520066-7261750468A,OK,OK,202.9,145.2,52.6,146.3,0.0,2.08274,52.0865,53.1082,0.163349,2.53196,55.2637,55.7834,57.5389,2.61364,57.437,0.408379,0,0,0,0,05ACA006,311422,2026-06-27 07:38:59,11014981.0,MAREESWARAN ,13616.0,104339022021,104319220151,160HP Z101  ,AUTOMODE,BV141B,29,2.0,321087.0,OK,,,,00200045104311520066-7261750468A,OK,OK,,OK,OK,311466,2026-06-27 07:42:47,11014981.0,MAREESWARAN ,13616,104339022021,104319220151,,AUTOMODE,BV141D,40,2,321087,OK,CA13,,,0020007910431251065004261448986B,,0,148.8,9.6,-113.55,50.1,134,19.6,-223.2,59.6,-223.2,-113.71,0.203556,0.896678,44.9584,40.0,5.0,26.1682,51.4698,51.5797,0,0,0,0,0,0,0,0,0,0,0,3.48,0,20.0,0,386693
5089889,1,0020007910431251065004261448993B,2026-06-26 07:48:36,306217, , ,104319220140,0,0,0,0,57000,110000,0,0,120000,0,0,0,1,0:38,1002,555,"37,3      ",63,"37,3      ",63,"20,8      ",101,"20,8      ",101,0         ,0,0         ,0,0,0,0,0,"35,07     ",165,"35,07     ",165,"16,79     ",123,"16,79     ",123,"2,29      ",349,"2,29      ",349,0,0,0,0,0,0,0,0,0,0,0,0,UCX31_x0001_|_x0007_:, ,"1,34      ","4,93      ","45,31     ",14,"4,45      ",93,"64,72     ",5:13      ,3,2026-06-26 21:23:19,11014981.0,MAREESWARAN ,1,104339022021,104319220151,,AUTOMODE_TS1,BV141E2,38,2,,OK,,0,0,0020007910431251065004261448993B,1.16591,1.16956,1.1566,5,5,2.16168,6.81198,3.85389,1,1.2,1.2,1.2,1,1.2,0.5,12,0.5,12,0.5,12,308820,2026-06-26 21:19:57,11014981,MAREESWARAN ,13616,104339022021,104319220151,160HP Z101  ,,AUTOMODE,BV141C,23,2,320584,OK,,0,0,9003102010431351065904261689022A,0020007910431251065004261448993B,00200045104311520066-7261692501C,OK,OK,OK,OK,310190,2026-06-26 21:18:27,11014981.0,MAREESWARAN ,13616,104339022021,104319220151,160HP Z101  ,AUTOMODE,BV141A,22,2,320584,OK,CA1,0,0,1020104313020080004674879488,OK,OK,0.39,0.447,0.5,0.39,0.459,0.5,OK,,00200045104311520066-7261692501C,OK,OK,202.9,145.2,52.6,146.3,0.0,2.61364,52.1142,53.146,0.204189,2.36861,55.2939,55.8111,57.6609,3.18537,57.3551,0.367542,0,0,0,0,05ACA004,310929,2026-06-26 21:19:07,11014981.0,MAREESWARAN ,13616.0,104339022021,104319220151,160HP Z101  ,AUTOMODE,BV141B,28,2.0,320584.0,OK,,,,00200045104311520066-7261692501C,OK,OK,,OK,OK,310977,2026-06-26 21:21:53,11014981.0,MAREESWARAN ,13616,104339022021,104319220151,,AUTOMODE,BV141D,37,2,320584,OK,CA13,,,0020007910431251065004261448993B,,0,147.0,6.2,-113.55,50.1,134,19.6,-223.2,59.6,-223.2,-113.71,0.504915,1.56375,45.0,40.0,5.0,22.0744,52.3253,52.4007,0,0,0,0,0,0,0,0,0,0,0,3.47,0,20.0,0,386103
5088139,1,0020007910431251065004261449118B,2026-06-25 20:52:04,306217, , ,104319220140,0,0,0,0,57000,110000,0,0,120000,0,0,0,3,2:35,1002,555,"26,12     ",334,"20,77     ",340,"12,16     ",270,"9,84      ",329,0         ,0,0         ,0,0,0,0,0,"8,1       ",238,"8,86      ",40,"10,59     ",75,"6,54      ",54,"2,08      ",133,"2,88      ",62,0,0,0,0,0,0,0,0,0,0,0,0,UCX31_x0001_|_x0007_:, ,"1,45      ","4,92      ","45,63     ",14,"4,01      ",93,"64,88     ",5:10      ,3,2026-06-25 09:38:53,11014981.0,MAREESWARAN ,1,104339022020,104319220140,,AUTOMODE_TS1,BV141E2,34,1,,OK,,0,0,0020007910431251065004261449118B,1.14704,1.14553,1.16881,5,5,2.07066,7.80479,5.18922,1,1.2,1.2,1.2,1,1.2,0.5,12,0.5,12,0.5,12,307028,2026-06-25 09:35:53,11014981,MAREESWARAN ,13616,104339022020,104319220140,140HPW501   ,,AUTOMODE,BV141C,21,1,318743,OK,,0,0,9003102010431351065904261690699B,0020007910431251065004261449118B,00200045104311520066-7261722538C,OK,OK,OK,OK,308398,2026-06-25 09:34:26,11014981.0,MAREESWARAN ,13616,104339022020,104319220140,140HPW501   ,AUTOMODE,BV141A,22,1,318743,OK,CA1,0,0,300050104312999991395364110336,OK,OK,0.39,0.441,0.5,0.39,0.442,0.5,OK,,00200045104311520066-7261722538C,OK,OK,202.9,145.2,52.6,146.3,0.0,1.14347,52.028,52.9529,0.0816765,1.75603,55.4345,55.7428,57.6868,8.49432,57.3811,0.285866,0,0,0,0,05ACA006,309109,2026-06-25 09:35:04,11014981.0,MAREESWARAN ,13616.0,104339022020,104319220140,140HPW501   ,AUTOMODE,BV141B,28,1.0,318743.0,OK,,,,00200045104311520066-7261722538C,OK,OK,,OK,OK,309173,2026-06-25 09:37:51,11014981.0,MAREESWARAN ,13616,104339022020,104319220140,,AUTOMODE,BV141D,39,1,318743,OK,CA13,,,0020007910431251065004261449118B,,0,145.5,10.1,-113.55,50.1,134,19.6,-223.35,59.6,-223.35,-113.71,0.123869,0.659831,45.0,40.0,5.0,23.2581,51.8808,51.9937,0,0,0,0,0,0,0,0,0,0,0,1.64,0,20.0,0,384011
5090148,1,0020007910431251065004261449143B,2026-06-26 09:29:39,306217, , ,104319220140,0,0,0,0,57000,110000,0,0,120000,0,0,0,2,1:56,1002,555,"23,13     ",87,"30,95     ",221,"30,7      ",100,"12,91     ",226,0         ,0,0         ,0,0,0,0,0,"42,87     ",131,"15,67     ",298,"6,35      ",74,"10,33     ",288,"4,1       ",113,"3,66      ",138,0,0,0,0,0,0,0,0,0,0,0,0,UCX31_x0001_|_x0007_:, ,"1,55      ","4,91      ","45,43     ",14,"3,99      ",93,"64,99     ",6:22      ,3,2026-06-26 09:05:43,11014981.0,MAREESWARAN ,1,104339022020,104319220140,,AUTOMODE_TS1,BV141E,41,1,,OK,,0,0,0020007910431251065004261449143B,1.17535,1.17497,1.17573,5,5,4.0975,4.94,7.67,1,1.2,1.2,1.2,1,1.2,0.5,12,0.5,12,0.5,12,308183,2026-06-26 09:02:23,11014981,MAREESWARAN ,13616,104339022020,104319220140,140HPW501   ,,AUTOMODE,BV141C,23,1,319951,OK,,0,0,9003102010431351065904261702870B,0020007910431251065004261449143B,00200045104311520066-7261712064A,OK,OK,OK,OK,309569,2026-06-26 09:00:43,11014981.0,MAREESWARAN ,13616,104339022020,104319220140,140HPW501   ,AUTOMODE,BV141A,22,1,319951,OK,CA1,0,0,300050104312999991395364110336,OK,OK,0.39,0.455,0.5,0.39,0.458,0.5,OK,,00200045104311520066-7261712064A,OK,OK,202.9,145.2,52.6,146.3,0.0,2.20525,52.1831,53.4239,0.163353,2.40945,55.6762,56.0889,56.2401,2.06576,57.6304,0.367542,0,0,0,0,05ACA001,310300,2026-06-26 09:01:19,11014981.0,MAREESWARAN ,13616.0,104339022020,104319220140,140HPW501   ,AUTOMODE,BV141B,28,1.0,319951.0,OK,,,,00200045104311520066-7261712064A,OK,OK,,OK,OK,310350,2026-06-26 09:04:23,11014981.0,MAREESWARAN ,13616,104339022020,104319220140,,AUTOMODE,BV141D,39,1,319951,OK,CA13,,,0020007910431251065004261449143B,,0,147.6,10.1,-113.55,50.1,134,19.6,-223.35,59.6,-223.35,-113.71,0.769969,2.48493,45.0,40.0,5.0,25.4896,51.6867,51.7679,0,0,0,0,0,0,0,0,0,0,0,1.59,0,20.0,0,385282
5089639,1,0020007910431251065004261449147B,2026-06-26 06:22:16,306217, , ,104319220140,0,0,0,0,57000,110000,0,0,120000,0,0,0,1,0:31,1002,555,"14,42     ",347,"14,42     ",347,"12,09     ",275,"12,09     ",275,0         ,0,0         ,0,0,0,0,0,"9,55      ",4,"9,55      ",4,"6,85      ",128,"6,85      ",128,"2,95      ",143,"2,95      ",143,0,0,0,0,0,0,0,0,0,0,0,0,UCX31_x0001_|_x0007_:, ,"1,28      ","4,92      ","45,1      ",14,"4,92      ",93,"64,67     ",6:12      ,3,2026-06-24 19:38:20,11014981.0,MAREESWARAN ,1,104339022020,104319220140,,AUTOMODE_TS1,BV141E,40,1,,OK,,0,0,0020007910431251065004261449147B,1.17598,1.17383,1.1756,5,5,4.6525,5.49,8.2625,1,1.2,1.2,1.2,1,1.2,0.5,12,0.5,12,0.5,12,306376,2026-06-24 19:35:12,11014981,MAREESWARAN ,13616,104339022020,104319220140,140HPW501   ,,AUTOMODE,BV141C,21,1,318067,OK,,0,0,9003102010431351065904261713488A,0020007910431251065004261449147B,00200045104311520066-7261702120A,OK,OK,OK,OK,307733,2026-06-24 19:32:50,11014981.0,MAREESWARAN ,13616,104339022020,104319220140,140HPW501   ,AUTOMODE,BV141A,28,1,318067,OK,CA1,0,0,300050104312999991395364110336,OK,OK,0.39,0.428,0.5,0.39,0.424,0.5,OK,,00200045104311520066-7261702120A,OK,OK,202.9,145.2,52.6,146.3,-0.0408401,2.32777,52.1708,53.4039,0.204189,3.38956,55.4677,56.0843,57.8245,3.34872,57.4143,0.816761,0,0,0,0,05ACA001,308436,2026-06-24 19:33:42,11014981.0,MAREESWARAN ,13616.0,104339022020,104319220140,140HPW501   ,AUTOMODE,BV141B,32,1.0,318067.0,OK,,,,00200045104311520066-7261702120A,OK,OK,,OK,OK,308506,2026-06-24 19:37:10,11014981.0,MAREESWARAN ,13616,104339022020,104319220140,,AUTOMODE,BV141D,38,1,318067,OK,CA13,,,0020007910431251065004261449147B,,0,145.7,8.7,-113.55,50.1,134,19.6,-223.35,59.6,-223.35,-113.71,0.298038,0.799145,45.0,40.8738,5.0,25.7535,51.62,52.0907,0,0,0,0,0,0,0,0,0,0,0,1.92,0,20.0,0,383169
5089519,1,0020007910431251065004261449194C,2026-06-26 05:41:37,306217, , ,104319220140,0,0,0,0,57000,110000,0,0,120000,0,0,0,1,0:35,1002,555,"41,42     ",152,"41,42     ",152,"25,66     ",156,"25,66     ",156,0         ,0,0         ,0,0,0,0,0,"17,84     ",236,"17,84     ",236,"5,27      ",239,"5,27      ",239,"2,91      ",261,"2,91      ",261,0,0,0,0,0,0,0,0,0,0,0,0,UCX31_x0001_à_x0007_N, ,"1,37      ","4,92      ","45,31     ",14,"4,46      ",93,"64,65     ",2:51      ,3,2026-06-26 21:34:19,11014981.0,MAREESWARAN ,1,104339022021,104319220151,,AUTOMODE_TS1,BV141E2,38,2,,OK,,0,0,0020007910431251065004261449194C,1.16013,1.15912,1.14994,5,5,1.72216,6.04551,2.8515,1,1.2,1.2,1.2,1,1.2,0.5,12,0.5,12,0.5,12,308834,2026-06-26 21:31:33,11014981,MAREESWARAN ,13616,104339022021,104319220151,160HP Z101  ,,AUTOMODE,BV141C,18,2,320599,OK,,0,0,9003102010431351065904261689006A,0020007910431251065004261449194C,00200045104311520066-7261682198B,OK,OK,OK,OK,310204,2026-06-26 21:30:21,11014981.0,MAREESWARAN ,13616,104339022021,104319220151,160HP Z101  ,AUTOMODE,BV141A,24,2,320599,OK,CA1,0,0,1020104313020080004674879488,OK,OK,0.39,0.468,0.5,0.39,0.458,0.5,OK,,00200045104311520066-7261682198B,OK,OK,202.9,145.2,52.6,146.3,-0.0408401,1.83771,52.0554,53.3853,0.163349,2.08274,55.5459,56.058,57.704,2.53196,57.6021,0.326702,0,0,0,0,05ACA003,310943,2026-06-26 21:31:03,11014981.0,MAREESWARAN ,13616.0,104339022021,104319220151,160HP Z101  ,AUTOMODE,BV141B,28,2.0,320599.0,OK,,,,00200045104311520066-7261682198B,OK,OK,,OK,OK,310991,2026-06-26 21:33:13,11014981.0,MAREESWARAN ,13616,104339022021,104319220151,,AUTOMODE,BV141D,37,2,320599,OK,CA13,,,0020007910431251065004261449194C,,0,147.2,6.2,-113.55,50.1,134,19.6,-223.2,59.6,-223.2,-113.71,0.518199,1.65829,45.0,40.0,5.0,25.6027,51.913,52.0167,0,0,0,0,0,0,0,0,0,0,0,3.46,0,20.0,0,386117
5086482,1,0020007910431251065004261449210C,2026-06-25 10:05:01,304212, , ,104319220140,0,0,0,0,57000,110000,0,0,120000,0,0,0,1,0:36,1002,555,"60,94     ",256,"60,94     ",256,"27,75     ",236,"27,75     ",236,0         ,0,0         ,0,0,0,0,0,"36,92     ",318,"36,92     ",318,"15,72     ",344,"15,72     ",344,"3,53      ",291,"3,53      ",291,0,0,0,0,0,0,0,0,0,0,0,0,UCX31_x0001_|_x0007_:, ,"1,52      ","4,91      ","45,31     ",14,"3,93      ",94,"64,74     ",2:39      ,3,2026-06-25 09:45:13,11014981.0,MAREESWARAN ,1,104339022020,104319220140,,AUTOMODE_TS1,BV141E,41,1,,OK,,0,0,0020007910431251065004261449210C,1.17547,1.17408,1.17573,5,5,4.575,4.8825,6.9275,1,1.2,1.2,1.2,1,1.2,0.5,12,0.5,12,0.5,12,307035,2026-06-25 09:42:13,11014981,MAREESWARAN ,13616,104339022020,104319220140,140HPW501   ,,AUTOMODE,BV141C,21,1,318750,OK,,0,0,9003102010431351065904261690692B,0020007910431251065004261449210C,00200045104311520066-7261742277B,OK,OK,OK,OK,308405,2026-06-25 09:40:01,11014981.0,MAREESWARAN ,13616,104339022020,104319220140,140HPW501   ,AUTOMODE,BV141A,21,1,318750,OK,CA1,0,0,300050104312999991395364110336,OK,OK,0.39,0.436,0.5,0.39,0.45,0.5,OK,,00200045104311520066-7261742277B,OK,OK,202.9,145.2,52.6,146.3,-0.0408363,1.30682,52.0256,52.9504,0.0816765,1.87855,55.1085,55.6231,57.5723,6.81995,57.3684,0.245029,0,0,0,0,05ACA002,309116,2026-06-25 09:40:41,11014981.0,MAREESWARAN ,13616.0,104339022020,104319220140,140HPW501   ,AUTOMODE,BV141B,28,1.0,318750.0,OK,,,,00200045104311520066-7261742277B,OK,OK,,OK,OK,309180,2026-06-25 09:44:07,11014981.0,MAREESWARAN ,13616,104339022020,104319220140,,AUTOMODE,BV141D,39,1,318750,OK,CA13,,,0020007910431251065004261449210C,,0,145.4,10.3,-113.55,50.1,134,19.6,-223.35,59.6,-223.35,-113.71,0.188074,0.633862,45.0,40.0,5.0,23.7933,51.9655,52.0602,0,0,0,0,0,0,0,0,0,0,0,2.33,0,20.0,0,384018
5098282,1,0020007910431251065004261449410C,2026-06-29 02:17:36,304212, , ,104319220140,0,0,0,0,57000,110000,0,0,120000,0,0,0,1,0:40,1002,555,"77,43     ",196,"77,43     ",196,"76,84     ",207,"76,84     ",207,0         ,0,0         ,0,0,0,0,0,"65,81     ",195,"65,81     ",195,"12,72     ",105,"12,72     ",105,"2,44      ",166,"2,44      ",166,0,0,0,0,0,0,0,0,0,0,0,0,UCX31_x0001_|_x0007_:, ,"1,45      ","4,93      ","44,9      ",14,"4,29      ",93,"64,81     ",2:48      ,3,2026-06-25 01:05:23,11014981.0,MAREESWARAN ,1,104339022020,104319220140,,AUTOMODE_TS1,BV141E,41,2,,OK,,0,0,0020007910431251065004261449410C,1.17838,1.17421,1.17547,5,5,3.9225,4.175,5.8775,1,1.2,1.2,1.2,1,1.2,0.5,12,0.5,12,0.5,12,306647,2026-06-25 01:03:21,11014981,MAREESWARAN ,13616,104339022020,104319220140,140HPW501   ,,AUTOMODE,BV141C,19,2,318350,OK,,0,0,9003102010431351065904261702024A,0020007910431251065004261449410C,00200045104311520066-7261722673C,OK,OK,OK,OK,308011,2026-06-25 01:01:59,11014981.0,MAREESWARAN ,13616,104339022020,104319220140,140HPW501   ,AUTOMODE,BV141A,22,2,318350,OK,CA1,0,0,300050104312999991395364110336,OK,OK,0.39,0.398,0.5,0.39,0.401,0.5,OK,,00200045104311520066-7261722673C,OK,OK,202.9,145.2,52.6,146.3,-0.0408401,1.7152,52.0433,53.2739,0.0816765,1.7152,55.8473,56.1556,56.2401,1.64744,57.5875,0.326702,0,0,0,0,05ACA003,308718,2026-06-25 01:02:39,11014981.0,MAREESWARAN ,13616.0,104339022020,104319220140,140HPW501   ,AUTOMODE,BV141B,28,2.0,318350.0,OK,,,,00200045104311520066-7261722673C,OK,OK,,OK,OK,308785,2026-06-25 01:04:17,11014981.0,MAREESWARAN ,13616,104339022020,104319220140,,AUTOMODE,BV141D,30,2,318350,OK,CA13,,,0020007910431251065004261449410C,,0,145.1,2.5,-113.55,50.1,134,19.6,-223.35,59.6,-223.35,-113.71,0.971572,3.07234,45.0,40.0,5.0,26.0023,51.9114,52.0247,0,0,0,0,0,0,0,0,0,0,0,1.64,0,20.0,0,383597
5093584,1,0020007910431251065004261449575C,2026-06-27 10:19:06,314116, , ,104319220140,0,0,0,0,57000,110000,0,0,120000,0,0,0,3,2:20,1002,555,"31,58     ",64,"6,73      ",222,"15,75     ",54,"1,67      ",277,0         ,0,0         ,0,0,0,0,0,"24,9      ",32,"2,7       ",278,"5,91      ",12,"3,56      ",165,"2,59      ",105,"2,62      ",94,0,0,0,0,0,0,0,0,0,0,0,0,UCX31_x0001_|_x0007_:, ,"1,38      ","4,98      ","45,05     ",3,"4,31      ",93,"65,03     ",7:31      ,3,2026-06-28 11:35:14,11014981.0,MAREESWARAN ,1,104339022020,104319220140,,AUTOMODE_TS1,BV141E,40,1,,OK,,0,0,0020007910431251065004261449575C,1.17598,1.17573,1.17623,5,5,4.6775,5.02,7.215,1,1.2,1.2,1.2,1,1.2,0.5,12,0.5,12,0.5,12,313092,2026-06-28 11:32:26,11014086,BABU        ,13616,104339022020,104319220140,140HPW501   ,,AUTOMODE,BV141C,18,1,322405,OK,,0,0,9003102010431351065904261758344B,0020007910431251065004261449575C,00200045104311520066-7261682888C,OK,OK,OK,OK,314496,2026-06-28 11:30:40,11014086.0,BABU        ,13616,104339022020,104319220140,140HPW501   ,AUTOMODE,BV141A,24,1,322405,OK,CA1,0,0,300050104312999991395364110336,OK,OK,0.39,0.466,0.5,0.39,0.427,0.5,OK,,00200045104311520066-7261682888C,OK,OK,202.9,145.2,52.6,146.3,-0.0408363,1.96023,52.3157,53.4444,0.163353,2.24609,55.5107,56.0254,57.6637,3.06285,57.5618,0.367542,0,0,0,0,05ACA010,314263,2026-06-28 11:31:14,11014086.0,BABU        ,13616.0,104339022020,104319220140,140HPW501   ,AUTOMODE,BV141B,26,1.0,322405.0,OK,,,,00200045104311520066-7261682888C,OK,OK,,OK,OK,315304,2026-06-28 11:34:08,11014086.0,BABU        ,13616,104339022020,104319220140,,AUTOMODE,BV141D,38,1,322405,OK,CA13,,,0020007910431251065004261449575C,,0,147.3,8.5,-113.55,50.1,134,19.6,-223.35,59.6,-223.35,-113.71,0.341621,0.942387,45.0,40.2247,5.0,23.1902,52.3427,52.4659,0,0,0,0,0,0,0,0,0,0,0,1.68,0,20.0,0,390984
5093549,1,0020007910431251065004261449694C,2026-06-27 09:54:48,314116, , ,104319220140,0,0,0,0,57000,110000,0,0,120000,0,0,0,1,0:43,1002,555,"40,48     ",308,"40,48     ",308,"17,24     ",288,"17,24     ",288,0         ,0,0         ,0,0,0,0,0,"23,62     ",266,"23,62     ",266,"11,92     ",269,"11,92     ",269,"3,62      ",93,"3,62      ",93,0,0,0,0,0,0,0,0,0,0,0,0,UCX31_x0001_|_x0007_:, ,"1,21      ","4,95      ","46,2      ",3,"4,35      ",93,"65,27     ",2:40      ,3,2026-06-25 02:00:51,11014981.0,MAREESWARAN ,1,104339022020,104319220140,,AUTOMODE_TS1,BV141E,41,2,,OK,,0,0,0020007910431251065004261449694C,1.17611,1.17143,1.17421,5,5,3.6625,4.3625,6.7775,1,1.2,1.2,1.2,1,1.2,0.5,12,0.5,12,0.5,12,306679,2026-06-25 01:58:47,11014981,MAREESWARAN ,13616,104339022020,104319220140,140HPW501   ,,AUTOMODE,BV141C,20,2,318382,OK,,0,0,9003102010431351065904261702198A,0020007910431251065004261449694C,00200045104311520066-7261722522C,OK,OK,OK,OK,308043,2026-06-25 01:57:13,11014981.0,MAREESWARAN ,13616,104339022020,104319220140,140HPW501   ,AUTOMODE,BV141A,22,2,318382,OK,CA1,0,0,300050104312999991395364110336,OK,OK,0.39,0.409,0.5,0.39,0.406,0.5,OK,,00200045104311520066-7261722522C,OK,OK,202.9,145.2,52.6,146.3,0.0,2.24609,52.0377,53.4798,0.245029,2.81783,55.5334,56.1474,56.2401,2.66926,57.3857,0.735085,0,0,0,0,05ACA003,308750,2026-06-25 01:57:49,11014981.0,MAREESWARAN ,13616.0,104339022020,104319220140,140HPW501   ,AUTOMODE,BV141B,28,2.0,318382.0,OK,,,,00200045104311520066-7261722522C,OK,OK,,OK,OK,308817,2026-06-25 01:59:43,11014981.0,MAREESWARAN ,13616,104339022020,104319220140,,AUTOMODE,BV141D,30,2,318382,OK,CA13,,,0020007910431251065004261449694C,,0,145.0,2.6,-113.55,50.1,134,19.6,-223.35,59.6,-223.35,-113.71,1.27619,2.13067,45.0,40.0,5.0,25.663,52.1492,52.4613,0,0,0,0,0,0,0,0,0,0,0,1.66,0,20.0,0,383629
5070993,1,0020007910431251065004261449848A,2026-06-20 09:26:54,304212, , ,104319220151,0,0,0,0,57000,110000,0,0,120000,0,0,0,2,1:28,1002,555,"49,24     ",69,"10,44     ",27,"49,63     ",69,"6,08      ",93,0         ,0,0         ,0,0,0,0,0,"35,23     ",121,"3,8       ",172,"1,77      ",66,"3,14      ",52,"3,66      ",196,"4,67      ",203,0,0,0,0,0,0,0,0,0,0,0,0,UCX31_x0001_|_x0007_:, ,"1,44      ","4,98      ","44,82     ",14,"4,33      ",94,"65,09     ",2:40      ,3,2026-06-21 05:53:32,11014981.0,MAREESWARAN ,1,104339022020,104319220140,,AUTOMODE_TS1,BV141E,40,2,,OK,,0,0,0020007910431251065004261449848A,1.17307,1.17358,1.1732,5,5,3.495,4.0925,4.1075,1,1.2,1.2,1.2,1,1.2,0.5,12,0.5,12,0.5,12,302978,2026-06-21 05:50:44,11014981,MAREESWARAN ,13616,104339022020,104319220140,140HPW501   ,,AUTOMODE,BV141C,24,2,314529,OK,,0,0,9003102010431351065904261688728A,0020007910431251065004261449848A,00200045104311520066-7261632246B,OK,OK,OK,OK,304275,2026-06-21 05:48:57,11014981.0,MAREESWARAN ,13616,104339022020,104319220140,140HPW501   ,AUTOMODE,BV141A,21,2,314529,OK,CA1,0,0,300050104312999991395364110336,OK,OK,0.39,0.425,0.5,0.39,0.424,0.5,OK,,00200045104311520066-7261632246B,OK,OK,202.9,145.2,52.6,146.3,-0.0816765,2.94034,52.8201,53.7526,0.245029,2.36861,55.6966,56.2164,56.2401,2.32113,57.7579,0.326706,0,0,0,0,05ACA005,304935,2026-06-21 05:49:41,11014981.0,MAREESWARAN ,13616.0,104339022020,104319220140,140HPW501   ,AUTOMODE,BV141B,29,2.0,314529.0,OK,,,,00200045104311520066-7261632246B,OK,OK,,OK,OK,305032,2026-06-21 05:52:26,11014981.0,MAREESWARAN ,13616,104339022020,104319220140,,AUTOMODE,BV141D,35,2,314529,OK,CA13,,,0020007910431251065004261449848A,,0,145.6,6.0,-113.55,50.1,134,19.6,-223.35,59.6,-223.35,-113.71,-0.00753784,0.467422,40.0117,40.7615,5.0,23.1601,52.009,52.4487,0,0,0,0,0,0,0,0,0,0,0,1.85,0,20.0,0,379166
5035561,1,0020007910431251065004261450422B,2026-06-09 23:36:52,304212, , ,104319220140,0,0,0,0,57000,110000,0,0,120000,0,0,0,1,0:45,1002,555,"23,55     ",87,"23,55     ",87,"10,81     ",122,"10,81     ",122,0         ,0,0         ,0,0,0,0,0,"6,04      ",231,"6,04      ",231,"8,14      ",146,"8,14      ",146,"1,36      ",109,"1,36      ",109,0,0,0,0,0,0,0,0,0,0,0,0,UCX31_x0001_|_x0007_:, ,"1,49      ","4,91      ","44,76     ",14,"4,53      ",93,"64,85     ",10:10     ,3,2026-06-09 21:19:24,11014086.0,BABU        ,1,104339022020,104319220140,,AUTOMODE_TS1,BV141E2,34,2,,OK,,0,0,0020007910431251065004261450422B,1.1605,1.14767,1.15057,5,5,2.93892,7.0,4.58802,1,1.2,1.2,1.2,1,1.2,0.5,12,0.5,12,0.5,12,290438,2026-06-09 21:14:58,11014981,MAREESWARAN ,13616,104339022020,104319220140,140HPW501   ,,AUTOMODE,BV141C,19,2,302487,OK,,0,0,9003102010431351065904261567825A,0020007910431251065004261450422B,00200045104311520066-7261532010A,OK,OK,OK,OK,291645,2026-06-09 21:10:56,11014981.0,MAREESWARAN ,13616,104339022020,104319220140,140HPW501   ,AUTOMODE,BV141A,22,2,302487,OK,CA1,0,0,300050104312999991395364110336,OK,OK,0.39,0.414,0.5,0.39,0.422,0.5,OK,,00200045104311520066-7261532010A,OK,OK,202.9,145.2,52.6,146.3,0.0,1.55185,52.1069,53.1387,0.122517,2.24609,55.386,55.7962,57.6485,3.79794,57.5465,0.326706,0,0,0,0,05ACA002,292197,2026-06-09 21:11:36,11014981.0,MAREESWARAN ,13616.0,104339022020,104319220140,140HPW501   ,AUTOMODE,BV141B,28,2.0,302487.0,OK,,,,00200045104311520066-7261532010A,OK,OK,,OK,OK,292334,2026-06-09 21:15:52,11014981.0,MAREESWARAN ,13616,104339022020,104319220140,,AUTOMODE,BV141D,31,2,302487,OK,CA13,,,0020007910431251065004261450422B,,0,145.4,4.1,-113.55,50.1,134,19.6,-223.35,59.6,-223.35,-113.71,0.252073,1.36045,45.0,40.0,5.0,23.6049,51.4245,51.5038,0,0,0,0,0,0,0,0,0,0,0,1.74,0,20.0,0,361355
5071241,1,0020007910431251065004261451277C,2026-06-20 10:32:06,304212, , ,104319220151,0,0,0,0,57000,110000,0,0,120000,0,0,0,1,0:34,1002,555,"25,55     ",52,"25,55     ",52,"16,14     ",140,"16,14     ",140,0         ,0,0         ,0,0,0,0,0,"13,67     ",220,"13,67     ",220,"9,74      ",82,"9,74      ",82,"4,84      ",253,"4,84      ",253,0,0,0,0,0,0,0,0,0,0,0,0,UCX31_x0001_|_x0007_:, ,"1,37      ","5,01      ","45,83     ",14,"4,24      ",94,"64,74     ",3:27      ,3,2026-06-21 05:48:49,11014981.0,MAREESWARAN ,1,104339022020,104319220140,,AUTOMODE_TS1,BV141E2,34,2,,OK,,0,0,0020007910431251065004261451277C,1.14893,1.14642,1.16176,5,5,2.90898,6.61557,4.55689,1,1.2,1.2,1.2,1,1.2,0.5,12,0.5,12,0.5,12,302973,2026-06-21 05:46:51,11014981,MAREESWARAN ,13616,104339022020,104319220140,140HPW501   ,,AUTOMODE,BV141C,21,2,314524,OK,,0,0,9003102010431351065904261689899B,0020007910431251065004261451277C,00200045104311520066-7261632243B,OK,OK,OK,OK,304270,2026-06-21 05:45:39,11014981.0,MAREESWARAN ,13616,104339022020,104319220140,140HPW501   ,AUTOMODE,BV141A,22,2,314524,OK,CA1,0,0,300050104312999991395364110336,OK,OK,0.39,0.446,0.5,0.39,0.433,0.5,OK,,00200045104311520066-7261632243B,OK,OK,202.9,145.2,52.6,146.3,0.0,1.55185,52.0966,53.2228,0.122513,2.53196,55.3935,56.0101,57.7503,4.32883,57.5465,0.449219,0,0,0,0,05ACA003,304930,2026-06-21 05:46:15,11014981.0,MAREESWARAN ,13616.0,104339022020,104319220140,140HPW501   ,AUTOMODE,BV141B,29,2.0,314524.0,OK,,,,00200045104311520066-7261632243B,OK,OK,,OK,OK,305027,2026-06-21 05:47:47,11014981.0,MAREESWARAN ,13616,104339022020,104319220140,,AUTOMODE,BV141D,35,2,314524,OK,CA13,,,0020007910431251065004261451277C,,0,145.9,6.1,-113.55,50.1,134,19.6,-223.35,59.6,-223.35,-113.71,0.0,0.542812,40.0829,40.8302,5.0,25.5198,51.8941,51.9937,0,0,0,0,0,0,0,0,0,0,0,1.87,0,20.0,0,379161
5038066,1,0020007910431251065004261451339C,2026-06-10 16:00:20,306217, , ,104319220140,0,0,0,0,57000,110000,0,0,120000,0,0,0,1,0:35,1002,555,"43,33     ",66,"43,33     ",66,"30,58     ",49,"30,58     ",49,0         ,0,0         ,0,0,0,0,0,"25,27     ",138,"25,27     ",138,"9,66      ",195,"9,66      ",195,"6,33      ",96,"6,33      ",96,0,0,0,0,0,0,0,0,0,0,0,0,UCX31_x0001_|_x0007_:, ,"1,22      ","4,93      ","45,02     ",14,"3,88      ",93,"64,46     ",1:51      ,3,2026-06-10 05:18:49,11014086.0,BABU        ,1,104339022020,104319220140,,AUTOMODE_TS1,BV141E,41,2,,OK,,0,0,0020007910431251065004261451339C,1.17699,1.17193,1.17421,5,5,6.1675,6.47,7.025,1,1.2,1.2,1.2,1,1.2,0.5,12,0.5,12,0.5,12,290829,2026-06-10 05:17:01,11014981,MAREESWARAN ,13616,104339022020,104319220140,140HPW501   ,,AUTOMODE,BV141C,19,2,302898,OK,,0,0,9003102010431351065904261555920B,0020007910431251065004261451339C,00200045104311520066-7261502609B,OK,OK,OK,OK,292043,2026-06-10 05:14:31,11014981.0,MAREESWARAN ,13616,104339022020,104319220140,140HPW501   ,AUTOMODE,BV141A,21,2,302898,OK,CA1,0,0,300050104312999991395364110336,OK,OK,0.39,0.423,0.5,0.39,0.403,0.5,OK,,00200045104311520066-7261502609B,OK,OK,202.9,145.2,52.6,146.3,0.0,2.49112,52.0743,53.0043,0.163353,2.45028,55.3713,55.6796,57.7331,12.3331,57.4223,0.326702,0,0,0,0,05ACA002,292600,2026-06-10 05:15:13,11014981.0,MAREESWARAN ,13616.0,104339022020,104319220140,140HPW501   ,AUTOMODE,BV141B,28,2.0,302898.0,OK,,,,00200045104311520066-7261502609B,OK,OK,,OK,OK,292733,2026-06-10 05:17:45,11014981.0,MAREESWARAN ,13616,104339022020,104319220140,,AUTOMODE,BV141D,32,2,302898,OK,CA13,,,0020007910431251065004261451339C,,0,145.1,4.2,-113.55,50.1,134,19.6,-223.35,59.6,-223.35,-113.71,0.105545,0.688708,44.849,40.0,5.0,18.614,51.9273,51.9355,0,0,0,0,0,0,0,0,0,0,0,1.72,0,20.0,0,361855
5048939,1,0020007910431251065004261453809B,2026-06-13 13:39:44,304212, , ,104319220151,0,0,0,0,57000,110000,0,0,120000,0,0,0,2,1:19,1002,555,"44,41     ",326,13        ,87,"35,55     ",309,"1,66      ",101,0         ,0,0         ,0,0,0,0,0,"28,05     ",61,"0,75      ",54,"1,58      ",221,"4,95      ",179,"3,23      ",91,"3,19      ",98,0,0,0,0,0,0,0,0,0,0,0,0,UCX31_x0001_|_x0007_:, ,"1,44      ","4,97      ","44,9      ",14,"4,19      ",94,"65,17     ",4:25      ,3,2026-06-14 10:37:49,11014981.0,MAREESWARAN ,1,104339022020,104319220140,,AUTOMODE_TS1,BV141E2,34,1,,OK,,0,0,0020007910431251065004261453809B,1.15962,1.14591,1.14667,5,5,2.06467,4.58084,3.37006,1,1.2,1.2,1.2,1,1.2,0.5,12,0.5,12,0.5,12,295488,2026-06-14 10:35:07,11014981,MAREESWARAN ,13616,104339022020,104319220140,140HPW501   ,,AUTOMODE,BV141C,18,1,307779,OK,,0,0,9003102010431351065904261605234B,0020007910431251065004261453809B,00200045104311520066-7261622498B,OK,OK,OK,OK,296803,2026-06-14 10:33:13,11014981.0,MAREESWARAN ,13616,104339022020,104319220140,140HPW501   ,AUTOMODE,BV141A,21,1,307779,OK,CA1,0,0,300050104312999991395364110336,OK,OK,0.39,0.412,0.5,0.39,0.427,0.5,OK,,00200045104311520066-7261622498B,OK,OK,202.9,145.2,52.6,146.3,-0.0408363,1.59269,53.0294,53.2332,0.0816765,1.83771,55.5874,55.9976,56.2401,1.50847,57.641,0.245029,0,0,0,0,05ACA003,297420,2026-06-14 10:33:51,11014981.0,MAREESWARAN ,13616.0,104339022020,104319220140,140HPW501   ,AUTOMODE,BV141B,28,1.0,307779.0,OK,,,,00200045104311520066-7261622498B,OK,OK,,OK,OK,297527,2026-06-14 10:36:43,11014981.0,MAREESWARAN ,13616,104339022020,104319220140,,AUTOMODE,BV141D,34,1,307779,OK,CA14,,,0020007910431251065004261453809B,,0,145.3,4.4,-113.55,50.1,134,19.6,-223.35,59.6,-223.35,-113.71,0.0904694,0.463426,44.9529,40.0,5.0,23.6803,51.7936,51.8691,0,0,0,0,0,0,0,0,0,0,0,1.65,0,20.0,0,369891
5033295,1,0020007910431251065004261453878B,2026-06-09 10:29:57,304212, , ,104319220140,0,0,0,0,57000,110000,0,0,120000,0,0,0,2,1:21,1002,555,"58,8      ",104,"10,82     ",77,"43,14     ",81,"5,38      ",74,0         ,0,0         ,0,0,0,0,0,"29,92     ",185,"3,49      ",190,"5,62      ",256,"2,24      ",129,"0,52      ",358,"0,92      ",272,0,0,0,0,0,0,0,0,0,0,0,0,UCX31_x0001_|_x0007_:, ,"1,54      ","4,95      ","45,97     ",14,"3,96      ",93,"64,98     ",8:08      ,3,2026-06-09 05:24:58,11014981.0,MAREESWARAN ,1,104339022020,104319220140,,AUTOMODE_TS1,BV141E,41,2,,OK,,0,0,0020007910431251065004261453878B,1.17838,1.17649,1.17649,5,5,4.4525,4.4175,7.6,1,1.2,1.2,1.2,1,1.2,0.5,12,0.5,12,0.5,12,289686,2026-06-09 05:22:44,11014981,MAREESWARAN ,13616,104339022020,104319220140,140HPW501   ,,AUTOMODE,BV141C,21,2,301713,OK,,0,0,9003102010431351065904261543985A,0020007910431251065004261453878B,00200045104311520066-7261562246A,OK,OK,OK,OK,290882,2026-06-09 05:20:30,11014981.0,MAREESWARAN ,13616,104339022020,104319220140,140HPW501   ,AUTOMODE,BV141A,22,2,301713,OK,CA1,0,0,300050104312999991395364110336,OK,OK,0.39,0.454,0.5,0.39,0.451,0.5,OK,,00200045104311520066-7261562246A,OK,OK,202.9,145.2,52.6,146.3,-0.0408401,2.61364,52.5093,53.3348,0.204189,3.02201,55.4954,55.9056,57.6509,3.71626,57.4471,0.530895,0,0,0,0,05ACA003,291425,2026-06-09 05:21:08,11014981.0,MAREESWARAN ,13616.0,104339022020,104319220140,140HPW501   ,AUTOMODE,BV141B,29,2.0,301713.0,OK,,,,00200045104311520066-7261562246A,OK,OK,,OK,OK,291564,2026-06-09 05:23:54,11014981.0,MAREESWARAN ,13616,104339022020,104319220140,,AUTOMODE,BV141D,31,2,301713,OK,CA13,,,0020007910431251065004261453878B,,0,145.1,3.5,-113.55,50.1,134,19.6,-223.2,59.6,-223.2,-113.71,0.716316,1.22887,45.0,40.6626,5.0,25.2408,52.2797,52.4183,0,0,0,0,0,0,0,0,0,0,0,1.62,0,20.0,0,360297
5035566,1,0020007910431251065004261453881B,2026-06-09 23:39:48,304212, , ,104319220140,0,0,0,0,57000,110000,0,0,120000,0,0,0,1,0:44,1002,555,"26,15     ",359,"26,15     ",359,"24,74     ",40,"24,74     ",40,0         ,0,0         ,0,0,0,0,0,"15,39     ",151,"15,39     ",151,"12,62     ",25,"12,62     ",25,"1,61      ",337,"1,61      ",337,0,0,0,0,0,0,0,0,0,0,0,0,UCX31_x0001_|_x0007_:, ,"1,45      ","4,93      ","45,34     ",14,"3,99      ",94,"65,1      ",10:10     ,3,2026-06-09 21:12:30,11014086.0,BABU        ,1,104339022020,104319220140,,AUTOMODE_TS1,BV141E,41,2,,OK,,0,0,0020007910431251065004261453881B,1.17699,1.17446,1.17067,5,5,3.6875,4.685,7.0325,1,1.2,1.2,1.2,1,1.2,0.5,12,0.5,12,0.5,12,290436,2026-06-09 21:10:10,11014981,MAREESWARAN ,13616,104339022020,104319220140,140HPW501   ,,AUTOMODE,BV141C,19,2,302484,OK,,0,0,9003102010431351065904261568357B,0020007910431251065004261453881B,00200045104311520066-7261532146A,OK,OK,OK,OK,291642,2026-06-09 21:08:46,11014981.0,MAREESWARAN ,13616,104339022020,104319220140,140HPW501   ,AUTOMODE,BV141A,23,2,302484,OK,CA1,0,0,300050104312999991395364110336,OK,OK,0.39,0.413,0.5,0.39,0.433,0.5,OK,,00200045104311520066-7261532146A,OK,OK,202.9,145.2,52.6,146.3,0.0,1.55185,52.0814,52.9069,0.122517,1.7152,55.1668,55.6789,57.8293,10.8221,57.2102,0.28587,0,0,0,0,05ACA006,292194,2026-06-09 21:09:30,11014981.0,MAREESWARAN ,13616.0,104339022020,104319220140,140HPW501   ,AUTOMODE,BV141B,30,2.0,302484.0,OK,,,,00200045104311520066-7261532146A,OK,OK,,OK,OK,292331,2026-06-09 21:11:24,11014981.0,MAREESWARAN ,13616,104339022020,104319220140,,AUTOMODE,BV141D,32,2,302484,OK,CA13,,,0020007910431251065004261453881B,,0,145.4,4.3,-113.55,50.1,134,19.6,-223.35,59.6,-223.35,-113.71,0.0452347,0.318095,44.9129,40.0,5.0,15.3873,51.9079,51.9003,0,0,0,0,0,0,0,0,0,0,0,1.75,0,20.0,0,361352
5072092,1,0020007910431251065004261454054C,2026-06-20 15:51:25,306217, , ,104319220151,0,0,0,0,57000,110000,0,0,120000,0,0,0,3,2:49,1002,555,"62,54     ",193,"11,76     ",121,"50,34     ",195,"1,22      ",140,0         ,0,0         ,0,0,0,0,0,"44,05     ",290,"1,4       ",256,"11,15     ",271,"5,54      ",210,"2,49      ",306,"2,47      ",309,0,0,0,0,0,0,0,0,0,0,0,0,UCX31_x0001_|_x0007_:, ,"1,27      ","4,89      ","45,02     ",14,"3,84      ",93,"64,88     ",2:51      ,3,2026-06-20 07:12:18,11014981.0,MAREESWARAN ,1,104339022021,104319220151,,AUTOMODE_TS1,BV141E,44,2,,OK,,0,0,0020007910431251065004261454054C,1.17269,1.17206,1.17269,5,5,4.9125,5.735,7.6025,1,1.2,1.2,1.2,1,1.2,0.5,12,0.5,12,0.5,12,301873,2026-06-20 07:09:40,11014981,MAREESWARAN ,13616,104339022021,104319220151,160HP Z101  ,,AUTOMODE,BV141C,18,2,313399,OK,,0,0,9003102010431351065904261666124B,0020007910431251065004261454054C,00200045104311520066-7261662049A,OK,OK,OK,OK,303158,2026-06-20 07:08:28,11014981.0,MAREESWARAN ,13616,104339022021,104319220151,160HP Z101  ,AUTOMODE,BV141A,22,2,313399,OK,CA1,0,0,1020104313020080004674879488,OK,OK,0.39,0.432,0.5,0.39,0.437,0.5,OK,,00200045104311520066-7261662049A,OK,OK,202.9,145.2,52.6,146.3,-0.0408401,1.30682,52.5526,53.1692,0.0816765,1.63352,55.2202,55.6304,57.6891,2.40944,57.3834,0.245026,0,0,0,0,05ACA001,303813,2026-06-20 07:09:06,11014981.0,MAREESWARAN ,13616.0,104339022021,104319220151,160HP Z101  ,AUTOMODE,BV141B,30,2.0,313399.0,OK,,,,00200045104311520066-7261662049A,OK,OK,,OK,OK,303913,2026-06-20 07:11:08,11014981.0,MAREESWARAN ,13616,104339022021,104319220151,,AUTOMODE,BV141D,30,2,313399,OK,CA13,,,0020007910431251065004261454054C,,0,145.0,4.5,-113.55,50.1,134,19.6,-223.2,59.6,-223.2,-113.71,0.196018,0.949924,44.9303,40.0831,5.0,25.8666,51.6864,51.7753,0,0,0,0,0,0,0,0,0,0,0,3.35,0,20.0,0,377937
5072901,1,0020007910431251065004261454188C,2026-06-20 20:53:02,306217, , ,104319220140,0,0,0,0,57000,110000,0,0,120000,0,0,0,3,2:46,1002,555,"42,65     ",246,"13,74     ",216,"51,4      ",231,"11,64     ",218,0         ,0,0         ,0,0,0,0,0,"45,55     ",324,"10,5      ",314,"5,63      ",123,"1,84      ",236,"2,69      ",297,"2,2       ",320,0,0,0,0,0,0,0,0,0,0,0,0,UCX31_x0001_|_x0007_:, ,"1,31      ","4,93      ","45,13     ",14,"4,39      ",93,"64,81     ",2:52      ,3,2026-06-20 14:15:13,11014981.0,MAREESWARAN ,1,104339022020,104319220140,,AUTOMODE_TS1,BV141E,41,1,,OK,,0,0,0020007910431251065004261454188C,1.17573,1.17497,1.17712,5,5,4.815,4.9225,5.5725,1,1.2,1.2,1.2,1,1.2,0.5,12,0.5,12,0.5,12,302198,2026-06-20 14:12:55,11014981,MAREESWARAN ,13616,104339022020,104319220140,140HPW501   ,,AUTOMODE,BV141C,17,1,313733,OK,,0,0,9003102010431351065904261688714A,0020007910431251065004261454188C,00200045104311520066-7261642743C,OK,OK,OK,OK,303488,2026-06-20 14:10:47,11014981.0,MAREESWARAN ,13616,104339022020,104319220140,140HPW501   ,AUTOMODE,BV141A,26,1,313733,OK,CA1,0,0,300050104312999991395364110336,OK,OK,0.39,0.431,0.5,0.39,0.411,0.5,OK,,00200045104311520066-7261642743C,OK,OK,202.9,145.2,52.6,146.3,-0.0408363,1.1843,52.1096,52.8281,0.0408401,1.42933,55.0855,55.3938,57.4473,4.24716,57.1416,0.163353,0,0,0,0,05ACA006,304144,2026-06-20 14:11:59,11014981.0,MAREESWARAN ,13616.0,104339022020,104319220140,140HPW501   ,AUTOMODE,BV141B,28,1.0,313733.0,OK,,,,00200045104311520066-7261642743C,OK,OK,,OK,OK,304243,2026-06-20 14:14:05,11014981.0,MAREESWARAN ,13616,104339022020,104319220140,,AUTOMODE,BV141D,31,1,313733,OK,CA14,,,0020007910431251065004261454188C,,0,145.4,3.2,-113.55,50.1,134,19.6,-223.35,59.6,-223.35,-113.71,0.771067,2.14561,45.0,40.0,5.0,25.9646,51.928,52.0599,0,0,0,0,0,0,0,0,0,0,0,1.66,0,20.0,0,378313
5043056,1,0020007910431251065004261461398A,2026-06-12 00:24:58,304212, , ,104319220151,0,0,0,0,57000,110000,0,0,120000,0,0,0,2,1:27,1002,555,"53,33     ",183,"20,47     ",215,"27,68     ",140,"4,07      ",198,0         ,0,0         ,0,0,0,0,0,"17,71     ",239,"2,78      ",285,"11,98     ",310,"5,17      ",313,"6,05      ",20,"6,31      ",16,0,0,0,0,0,0,0,0,0,0,0,0,UCX31_x0001_|_x0007_:, ,"1,48      ","4,95      ","46,18     ",14,"4,45      ",94,"64,81     ",1:49      ,3,2026-06-11 10:32:51,11014086.0,BABU        ,1,104339022021,104319220151,,AUTOMODE_TS1,BV141E,45,1,,OK,,0,0,0020007910431251065004261461398A,1.17649,1.17295,1.17547,5,5,3.415,3.615,3.94,1,1.2,1.2,1.2,1,1.2,0.5,12,0.5,12,0.5,12,292100,2026-06-11 10:29:47,11014981,MAREESWARAN ,13616,104339022021,104319220151,160HP Z101  ,,AUTOMODE,BV141C,29,1,304240,OK,,0,0,9003102010431351065904261568629B,0020007910431251065004261461398A,00200045104311520066-7261602365A,OK,OK,OK,OK,293349,2026-06-11 10:27:05,11014981.0,MAREESWARAN ,13616,104339022021,104319220151,160HP Z101  ,AUTOMODE,BV141A,22,1,304240,OK,CA1,0,0,1020104313020080004674879488,OK,OK,0.39,0.431,0.5,0.39,0.457,0.5,OK,,00200045104311520066-7261602365A,OK,OK,202.9,145.2,52.6,146.3,0.0,1.96023,52.1049,53.4348,0.163353,2.08274,55.6922,56.1025,56.2401,1.85289,57.7458,0.326706,0,0,0,0,05ACA004,293921,2026-06-11 10:27:45,11014981.0,MAREESWARAN ,13616.0,104339022021,104319220151,160HP Z101  ,AUTOMODE,BV141B,30,1.0,304240.0,OK,,,,00200045104311520066-7261602365A,OK,OK,,OK,OK,294048,2026-06-11 10:31:39,11014981.0,MAREESWARAN ,13616,104339022021,104319220151,,AUTOMODE,BV141D,33,1,304240,OK,CA13,,,0020007910431251065004261461398A,,0,145.3,4.4,-113.55,50.1,134,19.6,-223.2,59.6,-223.2,-113.71,0.570684,1.69583,45.0,40.0,5.0,23.4164,51.842,51.9026,0,0,0,0,0,0,0,0,0,0,0,3.41,0,20.0,0,363881
5037946,1,0020007910431251065004261461491A,2026-06-10 15:31:16,304212, , ,104319220151,0,0,0,0,57000,110000,0,0,120000,0,0,0,1,0:37,1002,555,"19,49     ",343,"19,49     ",343,"24,57     ",344,"24,57     ",344,0         ,0,0         ,0,0,0,0,0,"15,93     ",88,"15,93     ",88,"6,09      ",286,"6,09      ",286,"1,16      ",49,"1,16      ",49,0,0,0,0,0,0,0,0,0,0,0,0,UCX31_x0001_|_x0007_:, ,"1,49      ","4,92      ","45,74     ",14,"4,08      ",94,"64,92     ",3:18      ,3,2026-06-11 09:15:25,11014086.0,BABU        ,1,104339022021,104319220151,,AUTOMODE_TS1,BV141E,45,1,,OK,,0,0,0020007910431251065004261461491A,1.17674,1.17396,1.1775,5,5,4.1,4.185,5.09,1,1.2,1.2,1.2,1,1.2,0.5,12,0.5,12,0.5,12,292039,2026-06-11 09:13:29,11014981,MAREESWARAN ,13616,104339022021,104319220151,160HP Z101  ,,AUTOMODE,BV141C,28,1,304176,OK,,0,0,9003102010431351065904261570386B,0020007910431251065004261461491A,00200045104311520066-7261602355C,OK,OK,OK,OK,293286,2026-06-11 09:11:55,11014981.0,MAREESWARAN ,13616,104339022021,104319220151,160HP Z101  ,AUTOMODE,BV141A,24,1,304176,OK,CA1,0,0,1020104313020080004674879488,OK,OK,0.39,0.415,0.5,0.39,0.478,0.5,OK,,00200045104311520066-7261602355C,OK,OK,202.9,145.2,52.6,146.3,0.0,1.02095,52.2395,53.0574,0.0816765,1.63352,55.2103,55.725,57.4805,5.02308,57.2741,0.285866,0,0,0,0,05ACA006,293857,2026-06-11 09:12:37,11014981.0,MAREESWARAN ,13616.0,104339022021,104319220151,160HP Z101  ,AUTOMODE,BV141B,29,1.0,304176.0,OK,,,,00200045104311520066-7261602355C,OK,OK,,OK,OK,293985,2026-06-11 09:14:13,11014981.0,MAREESWARAN ,13616,104339022021,104319220151,,AUTOMODE,BV141D,33,1,304176,OK,CA13,,,0020007910431251065004261461491A,,0,145.8,4.3,-113.55,50.1,134,19.6,-223.2,59.6,-223.2,-113.71,0.105549,0.625744,44.915,40.05,5.0,15.3873,51.953,51.9354,0,0,0,0,0,0,0,0,0,0,0,3.37,0,20.0,0,363800
5039139,1,0020007910431251065004261462039B,2026-06-10 21:20:37,314116, , ,104319220151,0,0,0,0,57000,110000,0,0,120000,0,0,0,1,0:52,1002,555,"68,71     ",164,"68,71     ",164,"21,89     ",136,"21,89     ",136,0         ,0,0         ,0,0,0,0,0,"19,36     ",127,"19,36     ",127,"17,09     ",138,"17,09     ",138,"4,34      ",241,"4,34      ",241,0,0,0,0,0,0,0,0,0,0,0,0,UCX31_x0001_|_x0007_:, ,"1,26      ",5         ,"45,83     ",3,"3,94      ",93,"65,46     ",1:58      ,3,2026-06-11 09:24:41,11014086.0,BABU        ,1,104339022021,104319220151,,AUTOMODE_TS1,BV141E2,38,1,,OK,,0,0,0020007910431251065004261462039B,1.1561,1.14792,1.16289,5,5,1.88383,5.57964,2.83593,1,1.2,1.2,1.2,1,1.2,0.5,12,0.5,12,0.5,12,292050,2026-06-11 09:22:47,11014981,MAREESWARAN ,13616,104339022021,104319220151,160HP Z101  ,,AUTOMODE,BV141C,29,1,304187,OK,,0,0,9003102010431351065904261570305B,0020007910431251065004261462039B,00200045104311520066-7261602298A,OK,OK,OK,OK,293297,2026-06-11 09:20:27,11014981.0,MAREESWARAN ,13616,104339022021,104319220151,160HP Z101  ,AUTOMODE,BV141A,22,1,304187,OK,CA1,0,0,1020104313020080004674879488,OK,OK,0.39,0.425,0.5,0.39,0.448,0.5,OK,,00200045104311520066-7261602298A,OK,OK,202.9,145.2,52.6,146.3,0.0,1.87855,52.4131,53.5367,0.163353,1.63352,55.6998,56.2119,56.2401,1.58834,57.6566,0.285866,0,0,0,0,05ACA007,293868,2026-06-11 09:21:07,11014981.0,MAREESWARAN ,13616.0,104339022021,104319220151,160HP Z101  ,AUTOMODE,BV141B,28,1.0,304187.0,OK,,,,00200045104311520066-7261602298A,OK,OK,,OK,OK,293996,2026-06-11 09:23:35,11014981.0,MAREESWARAN ,13616,104339022021,104319220151,,AUTOMODE,BV141D,33,1,304187,OK,CA13,,,0020007910431251065004261462039B,,0,145.7,4.4,-113.55,50.1,134,19.6,-223.2,59.6,-223.2,-113.71,0.149644,0.716213,45.0,40.2936,5.0,16.4201,52.0247,52.1154,0,0,0,0,0,0,0,0,0,0,0,3.43,0,20.0,0,363811
5048062,1,0020007910431251065004261462095B,2026-06-13 07:49:15,304212, , ,104319220151,0,0,0,0,57000,110000,0,0,120000,0,0,0,1,0:29,1002,555,"62,61     ",255,"62,61     ",255,"53,91     ",257,"53,91     ",257,0         ,0,0         ,0,0,0,0,0,"36,17     ",5,"36,17     ",5,"7,81      ",253,"7,81      ",253,"2,75      ",1,"2,75      ",1,0,0,0,0,0,0,0,0,0,0,0,0,UCX31_x0001_|_x0007_:, ,"1,32      ",5         ,"44,84     ",14,"4,27      ",94,"64,81     ",8:44      ,3,2026-06-14 10:30:33,11014981.0,MAREESWARAN ,1,104339022020,104319220140,,AUTOMODE_TS1,BV141E2,34,1,,OK,,0,0,0020007910431251065004261462095B,1.15849,1.15283,1.14692,5,5,1.85629,5.26467,3.25988,1,1.2,1.2,1.2,1,1.2,0.5,12,0.5,12,0.5,12,295478,2026-06-14 10:28:03,11014981,MAREESWARAN ,13616,104339022020,104319220140,140HPW501   ,,AUTOMODE,BV141C,19,1,307769,OK,,0,0,9003102010431351065904261605321B,0020007910431251065004261462095B,00200045104311520066-7261622278A,OK,OK,OK,OK,296793,2026-06-14 10:26:51,11014981.0,MAREESWARAN ,13616,104339022020,104319220140,140HPW501   ,AUTOMODE,BV141A,22,1,307769,OK,CA1,0,0,300050104312999991395364110336,OK,OK,0.39,0.414,0.5,0.39,0.4,0.5,OK,,00200045104311520066-7261622278A,OK,OK,202.9,145.2,52.6,146.3,-0.0408363,1.67436,52.2451,53.3687,0.122513,2.28693,55.5166,56.0262,57.6695,1.87855,57.4657,0.408382,0,0,0,0,05ACA010,297410,2026-06-14 10:27:29,11014981.0,MAREESWARAN ,13616.0,104339022020,104319220140,140HPW501   ,AUTOMODE,BV141B,29,1.0,307769.0,OK,,,,00200045104311520066-7261622278A,OK,OK,,OK,OK,297517,2026-06-14 10:29:29,11014981.0,MAREESWARAN ,13616,104339022020,104319220140,,AUTOMODE,BV141D,34,1,307769,OK,CA14,,,0020007910431251065004261462095B,,0,145.5,4.6,-113.55,50.1,134,19.6,-223.35,59.6,-223.35,-113.71,0.390773,0.972542,45.0,41.6287,5.0,20.9963,52.2774,52.2737,0,0,0,0,0,0,0,0,0,0,0,1.63,0,20.0,0,369881
5043080,1,0020007910431251065004261462247B,2026-06-12 00:32:14,304212, , ,104319220151,0,0,0,0,57000,110000,0,0,120000,0,0,0,2,1:31,1002,555,"59,2      ",119,"46,03     ",113,"17,62     ",119,"6,23      ",127,0         ,0,0         ,0,0,0,0,0,"5,62      ",215,"1,26      ",62,"18,35     ",210,"17,11     ",209,"1,62      ",298,"2,06      ",302,0,0,0,0,0,0,0,0,0,0,0,0,UCX31_x0001_|_x0007_:, ,"1,34      ","4,91      ","45,31     ",14,"4,05      ",94,"64,88     ",5:43      ,3,2026-06-12 14:45:14,11014981.0,MAREESWARAN ,1,104339022021,104319220151,,AUTOMODE_TS1,BV141E,45,1,,OK,,0,0,0020007910431251065004261462247B,1.17358,1.17522,1.17408,5,5,5.5875,6.3325,6.5775,1,1.2,1.2,1.2,1,1.2,0.5,12,0.5,12,0.5,12,293394,2026-06-12 14:42:34,11014981,MAREESWARAN ,13616,104339022021,104319220151,160HP Z101  ,,AUTOMODE,BV141C,18,1,305609,OK,,0,0,9003102010431351065904261567512A,0020007910431251065004261462247B,00200045104311520066-7261602149A,OK,OK,OK,OK,294688,2026-06-12 14:41:00,11014981.0,MAREESWARAN ,13616,104339022021,104319220151,160HP Z101  ,AUTOMODE,BV141A,21,1,305609,OK,CA1,0,0,1020104313020080004674879488,OK,OK,0.39,0.425,0.5,0.39,0.417,0.5,OK,,00200045104311520066-7261602149A,OK,OK,202.9,145.2,52.6,146.3,0.0,2.28693,52.0532,53.3934,0.163349,2.24609,55.6584,56.0687,57.605,2.49112,57.5031,0.408379,0,0,0,0,05ACA010,295281,2026-06-12 14:41:42,11014981.0,MAREESWARAN ,13616.0,104339022021,104319220151,160HP Z101  ,AUTOMODE,BV141B,28,1.0,305609.0,OK,,,,00200045104311520066-7261602149A,OK,OK,,OK,OK,295397,2026-06-12 14:44:02,11014981.0,MAREESWARAN ,13616,104339022021,104319220151,,AUTOMODE,BV141D,34,1,305609,OK,CA13,,,0020007910431251065004261462247B,,0,145.0,4.7,-113.55,50.1,134,19.6,-223.2,59.6,-223.2,-113.71,0.309586,0.761448,45.0,40.0399,5.0,24.781,52.2823,52.4184,0,0,0,0,0,0,0,0,0,0,0,3.37,0,20.0,0,365986
5045324,1,0020007910431251065004261462401C,2026-06-12 15:48:47,304212, , ,104319220151,0,0,0,0,57000,110000,0,0,120000,0,0,0,2,1:29,1002,555,"71,35     ",325,"25,05     ",1,"59,37     ",331,"16,59     ",358,0         ,0,0         ,0,0,0,0,0,"39,08     ",77,"10,6      ",102,"9,94      ",342,"2,62      ",60,"1,26      ",68,"0,62      ",66,0,0,0,0,0,0,0,0,0,0,0,0,UCX31_x0001_|_x0007_:, ,"1,38      ","4,92      ","46,26     ",14,"4,3       ",94,"65,17     ",2:47      ,3,2026-06-13 20:51:51,11014981.0,MAREESWARAN ,1,104339022021,104319220151,,AUTOMODE_TS1,BV141E2,38,2,,OK,,0,0,0020007910431251065004261462401C,1.16642,1.14868,1.16591,5,5,2.91856,6.60359,5.5497,1,1.2,1.2,1.2,1,1.2,0.5,12,0.5,12,0.5,12,294867,2026-06-13 20:47:39,11014981,MAREESWARAN ,13616,104339022021,104319220151,160HP Z101  ,,AUTOMODE,BV141C,21,2,307133,OK,,0,0,9003102010431351065904261592500B,0020007910431251065004261462401C,00200045104311520066-7261572250A,OK,OK,OK,OK,296176,2026-06-13 20:45:53,11014981.0,MAREESWARAN ,13616,104339022021,104319220151,160HP Z101  ,AUTOMODE,BV141A,22,2,307133,OK,CA1,0,0,1020104313020080004674879488,OK,OK,0.39,0.415,0.5,0.39,0.416,0.5,OK,,00200045104311520066-7261572250A,OK,OK,202.9,145.2,52.6,146.3,0.0,1.59268,52.1226,53.2539,0.122513,1.75603,55.6259,56.0336,57.677,1.96022,57.5751,0.326702,0,0,0,0,05ACA010,296786,2026-06-13 20:46:35,11014981.0,MAREESWARAN ,13616.0,104339022021,104319220151,160HP Z101  ,AUTOMODE,BV141B,28,2.0,307133.0,OK,,,,00200045104311520066-7261572250A,OK,OK,,OK,OK,296896,2026-06-13 20:50:17,11014981.0,MAREESWARAN ,13616,104339022021,104319220151,,AUTOMODE,BV141D,36,2,307133,OK,CA13,,,0020007910431251065004261462401C,,0,145.9,4.5,-113.55,50.1,134,19.6,-223.2,59.6,-223.2,-113.71,0.115917,0.557892,45.0,40.0601,5.0,22.6549,52.3522,52.4132,0,0,0,0,0,0,0,0,0,0,0,3.72,0,20.0,0,368219
5046083,1,0020007910431251065004261462544C,2026-06-12 19:19:28,306217, , ,104319220151,0,0,0,0,57000,110000,0,0,120000,0,0,0,1,0:30,1002,555,"14,3      ",54,"14,3      ",54,"23,54     ",340,"23,54     ",340,0         ,0,0         ,0,0,0,0,0,"20,59     ",67,"20,59     ",67,"10,99     ",226,"10,99     ",226,"3,93      ",190,"3,93      ",190,0,0,0,0,0,0,0,0,0,0,0,0,UCX31_x0001_|_x0007_:, ,"1,38      ","4,93      ","45,19     ",14,"3,41      ",93,"64,48     ",2:44      ,3,2026-06-12 19:00:15,11014981.0,MAREESWARAN ,1,104339022021,104319220151,,AUTOMODE_TS1,BV141E2,38,1,,OK,,0,0,0020007910431251065004261462544C,1.16126,1.15208,1.15472,5,5,2.67425,6.98683,4.46707,1,1.2,1.2,1.2,1,1.2,0.5,12,0.5,12,0.5,12,293603,2026-06-12 18:57:31,11014981,MAREESWARAN ,13616,104339022021,104319220151,160HP Z101  ,,AUTOMODE,BV141C,20,1,305822,OK,,0,0,9003102010431351065904261590839A,0020007910431251065004261462544C,00200045104311520066-7261613042C,OK,OK,OK,OK,294900,2026-06-12 18:56:03,11014981.0,MAREESWARAN ,13616,104339022021,104319220151,160HP Z101  ,AUTOMODE,BV141A,21,1,305822,OK,CA1,0,0,1020104313020080004674879488,OK,OK,0.39,0.4,0.5,0.39,0.42,0.5,OK,,00200045104311520066-7261613042C,OK,OK,202.9,145.2,52.6,146.3,0.0408401,1.3885,52.1193,53.0365,0.0816765,1.42933,55.6201,55.8264,57.7807,4.20632,57.4724,0.285866,0,0,0,0,05ACA001,295494,2026-06-12 18:56:39,11014981.0,MAREESWARAN ,13616.0,104339022021,104319220151,160HP Z101  ,AUTOMODE,BV141B,28,1.0,305822.0,OK,,,,00200045104311520066-7261613042C,OK,OK,,OK,OK,295609,2026-06-12 18:59:07,11014981.0,MAREESWARAN ,13616,104339022021,104319220151,,AUTOMODE,BV141D,32,1,305822,OK,CA13,,,0020007910431251065004261462544C,,0,145.5,4.5,-113.55,50.1,134,19.6,-223.2,59.6,-223.2,-113.71,0.235181,0.938382,45.0,40.0,5.0,26.6883,51.7067,52.2837,0,0,0,0,0,0,0,0,0,0,0,3.3,0,20.0,0,366279
5080012,1,0020007910431251065004261462687C,2026-06-23 13:20:29,306217, , ,104319220140,0,0,0,0,57000,110000,0,0,120000,0,0,0,1,0:36,1002,555,"47,16     ",175,"47,16     ",175,"24,2      ",126,"24,2      ",126,0         ,0,0         ,0,0,0,0,0,"21,64     ",202,"21,64     ",202,"27,97     ",267,"27,97     ",267,"5,17      ",199,"5,17      ",199,0,0,0,0,0,0,0,0,0,0,0,0,UCX31_x0001_|_x0007_:, ,"1,29      ","4,95      ","45,13     ",14,"3,67      ",93,"64,43     ",2:51      ,3,2026-06-23 12:55:08,11014981.0,MAREESWARAN ,1,104339022020,104319220140,,AUTOMODE_TS1,BV141E,41,1,,OK,,0,0,0020007910431251065004261462687C,1.17788,1.17446,1.17472,5,5,4.465,4.9075,6.37,1,1.2,1.2,1.2,1,1.2,0.5,12,0.5,12,0.5,12,304842,2026-06-23 12:52:14,11014981,MAREESWARAN ,13616,104339022020,104319220140,140HPW501   ,,AUTOMODE,BV141C,20,1,316470,OK,,0,0,9003102010431351065904261688522A,0020007910431251065004261462687C,00200045104311520066-7261672263A,OK,OK,OK,OK,306175,2026-06-23 12:50:48,11014981.0,MAREESWARAN ,13616,104339022020,104319220140,140HPW501   ,AUTOMODE,BV141A,22,1,316470,OK,CA1,0,0,300050104312999991395364110336,OK,OK,0.39,0.409,0.5,0.39,0.434,0.5,OK,,00200045104311520066-7261672263A,OK,OK,202.9,145.2,52.6,146.3,-0.0408401,1.7152,52.1044,53.2255,0.163349,2.32777,55.2867,55.7988,57.6435,3.47123,57.4396,0.326702,0,0,0,0,05ACA004,306856,2026-06-23 12:51:26,11014981.0,MAREESWARAN ,13616.0,104339022020,104319220140,140HPW501   ,AUTOMODE,BV141B,28,1.0,316470.0,OK,,,,00200045104311520066-7261672263A,OK,OK,,OK,OK,306938,2026-06-23 12:54:00,11014981.0,MAREESWARAN ,13616,104339022020,104319220140,,AUTOMODE,BV141D,35,1,316470,OK,CA14,,,0020007910431251065004261462687C,,0,145.0,6.8,-113.55,50.1,134,19.6,-223.35,59.6,-223.35,-113.71,0.702717,1.4475,45.0,40.6527,5.0,22.7077,52.3364,52.3627,0,0,0,0,0,0,0,0,0,0,0,2.13,0,20.0,0,381362
5048598,1,0020007910431251065004261462757C,2026-06-13 11:29:56,304212, , ,104319220151,0,0,0,0,57000,110000,0,0,120000,0,0,0,1,0:29,1002,555,"60,95     ",182,"60,95     ",182,"34,58     ",191,"34,58     ",191,0         ,0,0         ,0,0,0,0,0,"22,58     ",308,"22,58     ",308,"10,31     ",244,"10,31     ",244,"1,4       ",215,"1,4       ",215,0,0,0,0,0,0,0,0,0,0,0,0,UCX31_x0001_|_x0007_:, ,"1,32      ","4,98      ","44,73     ",14,"4,64      ",94,"64,81     ",4:21      ,3,2026-06-14 10:25:35,11014981.0,MAREESWARAN ,1,104339022020,104319220140,,AUTOMODE_TS1,BV141E2,34,1,,OK,,0,0,0020007910431251065004261462757C,1.14981,1.14541,1.14818,5,5,1.98683,7.13772,4.17365,1,1.2,1.2,1.2,1,1.2,0.5,12,0.5,12,0.5,12,295472,2026-06-14 10:23:37,11014981,MAREESWARAN ,13616,104339022020,104319220140,140HPW501   ,,AUTOMODE,BV141C,29,1,307762,OK,,0,0,9003102010431351065904261605305B,0020007910431251065004261462757C,00200045104311520066-7261622573B,OK,OK,OK,OK,296787,2026-06-14 10:21:55,11014981.0,MAREESWARAN ,13616,104339022020,104319220140,140HPW501   ,AUTOMODE,BV141A,22,1,307762,OK,CA1,0,0,300050104312999991395364110336,OK,OK,0.39,0.418,0.5,0.39,0.437,0.5,OK,,00200045104311520066-7261622573B,OK,OK,202.9,145.2,52.6,146.3,-0.0408401,1.38849,52.087,53.0068,0.0816765,1.51101,55.0655,55.4782,57.5318,7.47336,57.221,0.204189,0,0,0,0,05ACA006,297403,2026-06-14 10:22:35,11014981.0,MAREESWARAN ,13616.0,104339022020,104319220140,140HPW501   ,AUTOMODE,BV141B,28,1.0,307762.0,OK,,,,00200045104311520066-7261622573B,OK,OK,,OK,OK,297511,2026-06-14 10:24:31,11014981.0,MAREESWARAN ,13616,104339022020,104319220140,,AUTOMODE,BV141D,34,1,307762,OK,CA14,,,0020007910431251065004261462757C,,0,145.6,4.6,-113.55,50.1,134,19.6,-223.35,59.6,-223.35,-113.71,0.854286,2.03025,45.0,40.0,5.0,23.816,51.9227,52.0268,0,0,0,0,0,0,0,0,0,0,0,1.66,0,20.0,0,369875
5048845,1,0020007910431251065004261464571A,2026-06-13 13:03:31,304212, , ,104319220151,0,0,0,0,57000,110000,0,0,120000,0,0,0,1,0:34,1002,555,"20,89     ",215,"20,89     ",215,"31,48     ",142,"31,48     ",142,0         ,0,0         ,0,0,0,0,0,"27,18     ",254,"27,18     ",254,"13,01     ",46,"13,01     ",46,"3,64      ",202,"3,64      ",202,0,0,0,0,0,0,0,0,0,0,0,0,UCX31_x0001_|_x0007_:, ,"1,44      ","4,98      ","46,46     ",14,"4,52      ",94,"64,67     ",1:51      ,3,2026-06-12 19:44:20,11014981.0,MAREESWARAN ,1,104339022021,104319220151,,AUTOMODE_TS1,BV141E,45,1,,OK,,0,0,0020007910431251065004261464571A,1.17788,1.17598,1.17307,5,5,4.78,4.9225,5.5575,1,1.2,1.2,1.2,1,1.2,0.5,12,0.5,12,0.5,12,293656,2026-06-12 19:42:10,11014981,MAREESWARAN ,13616,104339022021,104319220151,160HP Z101  ,,AUTOMODE,BV141C,19,1,305876,OK,,0,0,9003102010431351065904261590788A,0020007910431251065004261464571A,00200045104311520066-7261570071B,OK,OK,OK,OK,294953,2026-06-12 19:40:58,11014981.0,MAREESWARAN ,13616,104339022021,104319220151,160HP Z101  ,AUTOMODE,BV141A,21,1,305876,OK,CA1,0,0,1020104313020080004674879488,OK,OK,0.39,0.41,0.5,0.39,0.414,0.5,OK,,00200045104311520066-7261570071B,OK,OK,202.9,145.2,52.6,146.3,-0.0408401,1.30682,52.0232,52.9506,0.0408363,1.38849,55.3023,55.6106,57.7763,12.7823,57.1648,0.204189,0,0,0,0,05ACA006,295547,2026-06-12 19:41:36,11014981.0,MAREESWARAN ,13616.0,104339022021,104319220151,160HP Z101  ,AUTOMODE,BV141B,30,1.0,305876.0,OK,,,,00200045104311520066-7261570071B,OK,OK,,OK,OK,295662,2026-06-12 19:43:08,11014981.0,MAREESWARAN ,13616,104339022021,104319220151,,AUTOMODE,BV141D,32,1,305876,OK,CA13,,,0020007910431251065004261464571A,,0,145.4,4.6,-113.55,50.1,134,19.6,-223.2,59.6,-223.2,-113.71,0.371972,1.28043,45.0,40.0,5.0,24.1552,51.4709,51.5463,0,0,0,0,0,0,0,0,0,0,0,3.34,0,20.0,0,366332
5044477,1,0020007910431251065004261464611A,2026-06-12 10:33:57,306217, , ,104319220151,0,0,0,0,57000,110000,0,0,120000,0,0,0,3,2:37,1002,555,"45,51     ",40,"11,92     ",342,"26,72     ",15,"3,32      ",314,0         ,0,0         ,0,0,0,0,0,"22,39     ",111,2         ,95,"11,61     ",156,"4,59      ",75,"2,73      ",145,"3,88      ",147,0,0,0,0,0,0,0,0,0,0,0,0,UCX31_x0001_|_x0007_:, ,"1,27      ","4,93      ","45,19     ",14,"5,18      ",93,"65,03     ",2:53      ,3,2026-06-12 10:26:08,11014981.0,MAREESWARAN ,1,104339022021,104319220151,,AUTOMODE_TS1,BV141E,44,1,,OK,,0,0,0020007910431251065004261464611A,1.17573,1.17522,1.17522,5,5,4.1075,4.9875,4.98,1,1.2,1.2,1.2,1,1.2,0.5,12,0.5,12,0.5,12,293206,2026-06-12 10:23:18,11014981,MAREESWARAN ,13616,104339022021,104319220151,160HP Z101  ,,AUTOMODE,BV141C,19,1,305408,OK,,0,0,9003102010431351065904261603192A,0020007910431251065004261464611A,00200045104311520066-7261592040B,OK,OK,OK,OK,294493,2026-06-12 10:18:32,11014981.0,MAREESWARAN ,13616,104339022021,104319220151,160HP Z101  ,AUTOMODE,BV141A,22,1,305408,OK,CA1,0,0,1020104313020080004674879488,OK,OK,0.39,0.413,0.5,0.39,0.426,0.5,OK,,00200045104311520066-7261592040B,OK,OK,202.9,145.2,52.6,146.3,-0.0408363,2.49112,52.0975,53.3281,0.163353,2.32777,55.4938,55.802,57.6518,3.96129,57.5499,0.285866,0,0,0,0,05ACA002,295082,2026-06-12 10:19:10,11014981.0,MAREESWARAN ,13616.0,104339022021,104319220151,160HP Z101  ,AUTOMODE,BV141B,28,1.0,305408.0,OK,,,,00200045104311520066-7261592040B,OK,OK,,OK,OK,295200,2026-06-12 10:24:58,11014981.0,MAREESWARAN ,13616,104339022021,104319220151,,AUTOMODE,BV141D,34,1,305408,OK,CA13,,,0020007910431251065004261464611A,,0,145.9,4.6,-113.55,50.1,134,19.6,-223.2,59.6,-223.2,-113.71,0.0753937,0.399574,44.8615,40.2685,5.0,26.1154,51.4346,51.5743,0,0,0,0,0,0,0,0,0,0,0,3.5,0,20.0,0,365744
5048768,1,0020007910431251065004261464694B,2026-06-13 12:39:51,304212, , ,104319220151,0,0,0,0,57000,110000,0,0,120000,0,0,0,1,0:29,1002,555,17        ,185,17        ,185,"11,91     ",192,"11,91     ",192,0         ,0,0         ,0,0,0,0,0,"7,98      ",313,"7,98      ",313,"2,88      ",215,"2,88      ",215,"0,53      ",128,"0,53      ",128,0,0,0,0,0,0,0,0,0,0,0,0,UCX31_x0001_|_x0007_:, ,"1,36      ","4,99      ","45,39     ",14,"4,44      ",94,"64,93     ",2:05      ,3,2026-06-15 08:38:53,11014981.0,MAREESWARAN ,1,104339022020,104319220140,,AUTOMODE_TS1,BV141E,41,1,,OK,,0,0,0020007910431251065004261464694B,1.18129,1.18066,1.17939,5,5,5.29,6.4325,6.02,1,1.2,1.2,1.2,1,1.2,0.5,12,0.5,12,0.5,12,296617,2026-06-15 08:35:59,11014981,MAREESWARAN ,13616,104339022020,104319220140,140HPW501   ,,AUTOMODE,BV141C,19,1,308103,OK,,0,0,9003102010431351065904261603261A,0020007910431251065004261464694B,00200045104311520066-7261572122A,OK,OK,OK,OK,297932,2026-06-15 08:34:15,11014981.0,MAREESWARAN ,13616,104339022020,104319220140,140HPW501   ,AUTOMODE,BV141A,99,1,308103,OK,CA1,0,0,300050104312999991395364110336,OK,OK,0.39,0.421,0.5,0.39,0.422,0.5,OK,,00200045104311520066-7261572122A,OK,OK,202.9,145.2,52.6,146.3,0.0,1.02095,52.4181,53.0347,0.0816727,1.67436,55.3915,55.5979,57.7533,12.7823,57.2361,0.285866,0,0,0,0,05ACA006,298550,2026-06-15 08:34:57,11014981.0,MAREESWARAN ,13616.0,104339022020,104319220140,140HPW501   ,AUTOMODE,BV141B,29,1.0,308103.0,OK,,,,00200045104311520066-7261572122A,OK,OK,,OK,OK,298657,2026-06-15 08:37:45,11014981.0,MAREESWARAN ,13616,104339022020,104319220140,,AUTOMODE,BV141D,32,1,308103,OK,CA14,,,0020007910431251065004261464694B,,0,145.1,3.9,-113.55,50.1,134,19.6,-223.35,59.6,-223.35,-113.71,0.131808,0.900832,45.0,40.0,5.0,17.4304,51.9064,51.9157,0,0,0,0,0,0,0,0,0,0,0,1.83,0,20.0,0,371023
5057669,1,0020007910431251065004261464822B,2026-06-16 18:08:36,304212, , ,104319220140,0,0,0,0,57000,110000,0,0,120000,0,0,0,1,0:43,1002,555,"65,49     ",116,"65,49     ",116,"37,38     ",107,"37,38     ",107,0         ,0,0         ,0,0,0,0,0,"25,13     ",211,"25,13     ",211,"10,51     ",212,"10,51     ",212,"5,21      ",137,"5,21      ",137,0,0,0,0,0,0,0,0,0,0,0,0,UCX31_x0001_|_x0007_:, ,"1,37      ","5,02      ","45,16     ",14,"4,25      ",94,"64,67     ",2:01      ,3,2026-06-16 17:45:21,11014086.0,BABU        ,1,104339022020,104319220140,,AUTOMODE_TS1,BV141E,40,1,,OK,,0,0,0020007910431251065004261464822B,1.17585,1.17459,1.17472,5,5,4.5425,5.16,5.72,1,1.2,1.2,1.2,1,1.2,0.5,12,0.5,12,0.5,12,298211,2026-06-16 17:43:33,11014086,BABU        ,13616,104339022020,104319220140,140HPW501   ,,AUTOMODE,BV141C,22,1,309742,OK,,0,0,9003102010431351065904261592780B,0020007910431251065004261464822B,00200045104311520066-7261622803C,OK,OK,OK,OK,299552,2026-06-16 17:42:17,11014086.0,BABU        ,13616,104339022020,104319220140,140HPW501   ,AUTOMODE,BV141A,31,1,309742,OK,CA1,0,0,300050104312999991395364110336,OK,OK,0.39,0.41,0.5,0.39,0.427,0.5,OK,,00200045104311520066-7261622803C,OK,OK,202.9,145.2,52.6,146.3,0.0,0.898438,52.2372,53.1621,0.0408363,1.51101,55.5392,55.7431,57.6846,1.67436,57.5826,0.163353,0,0,0,0,05ACA003,300179,2026-06-16 17:42:59,11014086.0,BABU        ,13616.0,104339022020,104319220140,140HPW501   ,AUTOMODE,BV141B,29,1.0,309742.0,OK,,,,00200045104311520066-7261622803C,OK,OK,,OK,OK,300281,2026-06-16 17:44:13,11014086.0,BABU        ,13616,104339022020,104319220140,,AUTOMODE,BV141D,28,1,309742,OK,CA14,,,0020007910431251065004261464822B,,0,145.4,4.7,-113.55,50.1,134,19.6,-223.35,59.6,-223.35,-113.71,0.598136,1.47012,45.0,40.9268,5.0,21.4411,52.251,52.2683,0,0,0,0,0,0,0,0,0,0,0,1.73,0,20.0,0,373319
5059218,1,0020007910431251065004261464924C,2026-06-17 03:34:00,304212, , ,104319220140,0,0,0,0,57000,110000,0,0,120000,0,0,0,1,0:48,1002,555,"55,04     ",359,"55,04     ",359,"26,16     ",350,"26,16     ",350,0         ,0,0         ,0,0,0,0,0,"16,83     ",89,"16,83     ",89,"13,01     ",100,"13,01     ",100,"3,12      ",105,"3,12      ",105,0,0,0,0,0,0,0,0,0,0,0,0,UCX31_x0001_|_x0007_:, ,"1,39      ","5,01      ","45,25     ",14,"4,77      ",94,"64,8      ",2:39      ,3,2026-06-16 13:02:13,11014981.0,MAREESWARAN ,1,104339022020,104319220140,,AUTOMODE_TS1,BV141E,41,1,,OK,,0,0,0020007910431251065004261464924C,1.17813,1.17459,1.1737,5,5,4.6525,4.885,7.7775,1,1.2,1.2,1.2,1,1.2,0.5,12,0.5,12,0.5,12,297994,2026-06-16 13:00:25,11014086,BABU        ,13616,104339022020,104319220140,140HPW501   ,,AUTOMODE,BV141C,40,1,309519,OK,,0,0,9003102010431351065904261630442A,0020007910431251065004261464924C,00200045104311520066-7261612211A,OK,OK,OK,OK,299333,2026-06-16 12:58:25,11014086.0,BABU        ,13616,104339022020,104319220140,140HPW501   ,AUTOMODE,BV141A,29,1,309519,OK,CA1,0,0,300050104312999991395364110336,OK,OK,0.39,0.438,0.5,0.39,0.437,0.5,OK,,00200045104311520066-7261612211A,OK,OK,202.9,145.2,52.6,146.3,0.0,2.36861,52.0229,53.2536,0.204193,1.87855,55.4193,55.8295,57.6741,2.08274,57.5722,0.245029,0,0,0,0,05ACA004,299958,2026-06-16 12:59:03,11014086.0,BABU        ,13616.0,104339022020,104319220140,140HPW501   ,AUTOMODE,BV141B,29,1.0,309519.0,OK,,,,00200045104311520066-7261612211A,OK,OK,,OK,OK,300061,2026-06-16 13:01:03,11014086.0,BABU        ,13616,104339022020,104319220140,,AUTOMODE,BV141D,27,1,309519,OK,CA13,,,0020007910431251065004261464924C,,0,145.6,3.4,-113.55,50.1,134,19.6,-223.35,59.6,-223.35,-113.71,0.030159,0.203861,44.971,40.0,5.0,23.6803,51.8239,52.1922,0,0,0,0,0,0,0,0,0,0,0,1.75,0,20.0,0,373041
5057041,1,0020007910431251065004261464942C,2026-06-16 13:41:06,306217, , ,104319220140,0,0,0,0,57000,110000,0,0,120000,0,0,0,1,0:35,1002,555,"53,52     ",333,"53,52     ",333,"44,31     ",334,"44,31     ",334,0         ,0,0         ,0,0,0,0,0,"38,25     ",70,"38,25     ",70,"7,85      ",48,"7,85      ",48,"5,54      ",260,"5,54      ",260,0,0,0,0,0,0,0,0,0,0,0,0,UCX31_x0001_|_x0007_:, ,"1,3       ","4,92      ","45,18     ",14,"4,12      ",93,"64,52     ",1:51      ,3,2026-06-16 12:42:01,11014981.0,MAREESWARAN ,1,104339022020,104319220140,,AUTOMODE_TS1,BV141E2,34,1,,OK,,0,0,0020007910431251065004261464942C,1.16403,1.14918,1.15925,5,5,2.83114,5.95808,3.48503,1,1.2,1.2,1.2,1,1.2,0.5,12,0.5,12,0.5,12,297982,2026-06-16 11:52:51,11014086,BABU        ,13616,104339022020,104319220140,140HPW501   ,,AUTOMODE,BV141C,20,1,309506,OK,,0,0,9003102010431351065904261592724B,0020007910431251065004261464942C,00200045104311520066-7261622042A,OK,OK,OK,OK,299321,2026-06-16 11:51:41,11014086.0,BABU        ,13616,104339022020,104319220140,140HPW501   ,AUTOMODE,BV141A,22,1,309506,OK,CA1,0,0,300050104312999991395364110336,OK,OK,0.39,0.447,0.5,0.39,0.443,0.5,OK,,00200045104311520066-7261622042A,OK,OK,202.9,145.2,52.6,146.3,0.0,1.83772,52.0989,53.327,0.122517,1.96023,55.6965,56.0048,56.2401,1.59566,57.7501,0.245029,0,0,0,0,05ACA005,299945,2026-06-16 11:52:19,11014086.0,BABU        ,13616.0,104339022020,104319220140,140HPW501   ,AUTOMODE,BV141B,28,1.0,309506.0,OK,,,,00200045104311520066-7261622042A,OK,OK,,OK,OK,300048,2026-06-16 11:53:31,11014086.0,BABU        ,13616,104339022020,104319220140,,AUTOMODE,BV141D,27,1,309506,OK,CA13,,,0020007910431251065004261464942C,,0,145.7,3.5,-113.55,50.1,134,19.6,-223.35,59.6,-223.35,-113.71,0.385005,1.57899,45.0,40.0,5.0,19.6921,52.2688,52.253,0,0,0,0,0,0,0,0,0,0,0,1.62,0,20.0,0,372583
5060424,1,0020007910431251065004261464971C,2026-06-17 10:28:34,304212, , ,104319220140,0,0,0,0,57000,110000,0,0,120000,0,0,0,2,1:38,1002,555,"33,9      ",325,"12,3      ",119,"12,84     ",328,"10,04     ",95,0         ,0,0         ,0,0,0,0,0,"9,56      ",56,"5,83      ",201,"7,52      ",56,"0,87      ",266,"2,78      ",244,"2,38      ",244,0,0,0,0,0,0,0,0,0,0,0,0,UCX31_x0001_|_x0007_:, ,"1,5       ","4,96      ","45,92     ",14,"4,6       ",94,"65,03     ",2:33      ,3,2026-06-16 08:55:51,11014981.0,MAREESWARAN ,1,104339022020,104319220140,,AUTOMODE_TS1,BV141E,41,1,,OK,,0,0,0020007910431251065004261464971C,1.17598,1.17623,1.17168,5,5,4.0925,4.52,4.385,1,1.2,1.2,1.2,1,1.2,0.5,12,0.5,12,0.5,12,297793,2026-06-16 08:53:41,11014981,MAREESWARAN ,13616,104339022020,104319220140,140HPW501   ,,AUTOMODE,BV141C,20,1,309314,OK,,0,0,9003102010431351065904261628156A,0020007910431251065004261464971C,00200045104311520066-7261612106A,OK,OK,OK,OK,299129,2026-06-16 08:51:59,11014981.0,MAREESWARAN ,13616,104339022020,104319220140,140HPW501   ,AUTOMODE,BV141A,22,1,309314,OK,CA1,0,0,300050104312999991395364110336,OK,OK,0.39,0.409,0.5,0.39,0.409,0.5,OK,,00200045104311520066-7261612106A,OK,OK,202.9,145.2,52.6,146.3,-0.0408363,2.20526,52.0277,53.4647,0.122517,2.12358,55.7195,56.1323,56.2401,1.90757,57.768,0.245029,0,0,0,0,05ACA005,299753,2026-06-16 08:52:39,11014981.0,MAREESWARAN ,13616.0,104339022020,104319220140,140HPW501   ,AUTOMODE,BV141B,28,1.0,309314.0,OK,,,,00200045104311520066-7261612106A,OK,OK,,OK,OK,299856,2026-06-16 08:54:43,11014981.0,MAREESWARAN ,13616,104339022020,104319220140,,AUTOMODE,BV141D,31,1,309314,OK,CA13,,,0020007910431251065004261464971C,,0,146.0,3.3,-113.55,50.1,134,19.6,-223.35,59.6,-223.35,-113.71,1.15606,3.12277,45.0,40.0,5.0,21.5618,52.362,52.5201,0,0,0,0,0,0,0,0,0,0,0,1.67,0,20.0,0,372355
5059216,1,0020007910431251065004261465002C,2026-06-17 03:31:48,306217, , ,104319220140,0,0,0,0,57000,110000,0,0,120000,0,0,0,1,0:31,1002,555,"55,49     ",152,"55,49     ",152,"38,92     ",121,"38,92     ",121,0         ,0,0         ,0,0,0,0,0,"31,64     ",212,"31,64     ",212,"15,29     ",282,"15,29     ",282,"4,17      ",135,"4,17      ",135,0,0,0,0,0,0,0,0,0,0,0,0,UCX31_x0001_|_x0007_:, ,"1,27      ","4,94      ","45,05     ",14,"5,1       ",93,"64,45     ",4:03      ,3,2026-06-17 20:48:24,11014981.0,MAREESWARAN ,1,104339022020,104319220140,,AUTOMODE_TS1,BV141E,40,2,,OK,,0,0,0020007910431251065004261465002C,1.18066,1.17497,1.17623,5,5,4.11,4.75,4.98,1,1.2,1.2,1.2,1,1.2,0.5,12,0.5,12,0.5,12,299547,2026-06-17 20:46:14,11014981,MAREESWARAN ,13616,104339022020,104319220140,140HPW501   ,,AUTOMODE,BV141C,18,2,311113,OK,,0,0,9003102010431351065904261654385A,0020007910431251065004261465002C,00200045104311520066-7261660275A,OK,OK,OK,OK,300905,2026-06-17 20:45:04,11014981.0,MAREESWARAN ,13616,104339022020,104319220140,140HPW501   ,AUTOMODE,BV141A,22,2,311113,OK,CA1,0,0,300050104312999991395364110336,OK,OK,0.39,0.419,0.5,0.39,0.433,0.5,OK,,00200045104311520066-7261660275A,OK,OK,202.9,145.2,52.6,146.3,-0.0408401,2.00106,52.0455,53.3755,0.122513,1.91939,55.6355,56.145,56.2401,1.72891,57.5897,0.326706,0,0,0,0,05ACA010,301543,2026-06-17 20:45:42,11014981.0,MAREESWARAN ,13616.0,104339022020,104319220140,140HPW501   ,AUTOMODE,BV141B,28,2.0,311113.0,OK,,,,00200045104311520066-7261660275A,OK,OK,,OK,OK,301640,2026-06-17 20:47:20,11014981.0,MAREESWARAN ,13616,104339022020,104319220140,,AUTOMODE,BV141D,34,2,311113,OK,CA13,,,0020007910431251065004261465002C,,0,145.7,4.7,-113.55,50.1,134,19.6,-223.35,59.6,-223.35,-113.71,0.682305,1.13086,45.0,41.0942,5.0,24.5246,52.3321,52.4763,0,0,0,0,0,0,0,0,0,0,0,1.62,0,20.0,0,375068
5043214,1,0020007910431251065004261465040C,2026-06-12 01:18:56,304212, , ,104319220151,0,0,0,0,57000,110000,0,0,120000,0,0,0,1,0:43,1002,555,60        ,337,60        ,337,"40,52     ",341,"40,52     ",341,0         ,0,0         ,0,0,0,0,0,"23,18     ",86,"23,18     ",86,"9,26      ",41,"9,26      ",41,"3,15      ",30,"3,15      ",30,0,0,0,0,0,0,0,0,0,0,0,0,UCX31_x0001_|_x0007_:, ,"1,41      ","4,99      ","45,54     ",14,"4,33      ",94,"64,69     ",1:51      ,3,2026-06-12 14:42:54,11014981.0,MAREESWARAN ,1,104339022021,104319220151,,AUTOMODE_TS1,BV141E2,38,1,,OK,,0,0,0020007910431251065004261465040C,1.15962,1.15962,1.14528,5,5,2.6503,6.22275,3.23713,1,1.2,1.2,1.2,1,1.2,0.5,12,0.5,12,0.5,12,293391,2026-06-12 14:40:44,11014981,MAREESWARAN ,13616,104339022021,104319220151,160HP Z101  ,,AUTOMODE,BV141C,40,1,305606,OK,,0,0,9003102010431351065904261568651B,0020007910431251065004261465040C,00200045104311520066-7261570079B,OK,OK,OK,OK,294685,2026-06-12 14:38:43,11014981.0,MAREESWARAN ,13616,104339022021,104319220151,160HP Z101  ,AUTOMODE,BV141A,26,1,305606,OK,CA1,0,0,1020104313020080004674879488,OK,OK,0.39,0.407,0.5,0.39,0.441,0.5,OK,,00200045104311520066-7261570079B,OK,OK,202.9,145.2,52.6,146.3,-0.0408401,1.02095,52.2347,53.0628,0.0408363,1.22514,55.4247,55.6285,57.8808,13.9666,57.3712,0.163349,0,0,0,0,05ACA002,295278,2026-06-12 14:39:28,11014981.0,MAREESWARAN ,13616.0,104339022021,104319220151,160HP Z101  ,AUTOMODE,BV141B,28,1.0,305606.0,OK,,,,00200045104311520066-7261570079B,OK,OK,,OK,OK,295394,2026-06-12 14:41:48,11014981.0,MAREESWARAN ,13616,104339022021,104319220151,,AUTOMODE,BV141D,33,1,305606,OK,CA13,,,0020007910431251065004261465040C,,0,145.6,4.4,-113.55,50.1,134,19.6,-223.2,59.6,-223.2,-113.71,0.260984,1.31636,45.0,40.0,5.0,26.1003,51.4924,51.6762,0,0,0,0,0,0,0,0,0,0,0,3.4,0,21.0,0,365983
5100691,1,0020007910431251065004261465093C,2026-06-29 22:35:35,304212, , ,104319220151,0,0,0,0,57000,110000,0,0,120000,0,0,0,1,0:29,1002,555,"64,95     ",328,"64,95     ",328,"47,41     ",334,"47,41     ",334,0         ,0,0         ,0,0,0,0,0,"37,21     ",308,"37,21     ",308,"11,9      ",284,"11,9      ",284,"0,83      ",205,"0,83      ",205,0,0,0,0,0,0,0,0,0,0,0,0,UCX31_x0001_|_x0007_:, ,"1,47      ","4,91      ","44,76     ",14,"3,82      ",94,"64,95     ",1:47      ,3,2026-06-30 19:06:28,10001376.0,DEEPAN.M    ,1,104339022020,104319220140,,AUTOMODE_TS1,BV141E,40,1,,OK,,0,0,0020007910431251065004261465093C,1.17598,1.17585,1.17636,5,5,5.985,6.2325,8.025,1,1.2,1.2,1.2,1,1.2,0.5,12,0.5,12,0.5,12,314826,2026-06-30 19:04:04,11014981,MAREESWARAN ,13616,104339022020,104319220140,140HPW501   ,,AUTOMODE,BV141C,30,1,324261,OK,,0,0,9003102010431351065904261771940B,0020007910431251065004261465093C,00200045104311520066-7261762165B,OK,OK,OK,OK,316308,2026-06-30 19:02:34,11014981.0,MAREESWARAN ,13616,104339022020,104319220140,140HPW501   ,AUTOMODE,BV141A,23,1,324261,OK,CA1,0,0,300050104312999991395364110336,OK,OK,0.39,0.432,0.5,0.39,0.426,0.5,OK,,00200045104311520066-7261762165B,OK,OK,202.9,145.2,52.6,146.3,0.0,1.79688,52.0938,53.3219,0.163349,2.36861,55.3678,55.8825,57.6227,2.85866,57.4189,0.367542,0,0,0,0,05ACA004,316097,2026-06-30 19:03:08,11014981.0,MAREESWARAN ,13616.0,104339022020,104319220140,140HPW501   ,AUTOMODE,BV141B,26,1.0,324261.0,OK,,,,00200045104311520066-7261762165B,OK,OK,,OK,OK,317130,2026-06-30 19:05:24,11014981.0,MAREESWARAN ,13616,104339022020,104319220140,,AUTOMODE,BV141D,39,1,324261,OK,CA14,,,0020007910431251065004261465093C,,0,147.1,10.1,-113.55,50.1,134,19.6,-223.35,59.6,-223.35,-113.71,0.448423,2.14562,45.0,40.0,5.0,22.9263,52.2455,52.3447,0,0,0,0,0,0,0,0,0,0,0,1.62,0,20.0,0,393941
5059251,1,0020007910431251065004261465098C,2026-06-17 03:47:14,304212, , ,104319220140,0,0,0,0,57000,110000,0,0,120000,0,0,0,1,0:29,1002,555,"24,66     ",90,"24,66     ",90,"3,15      ",80,"3,15      ",80,0         ,0,0         ,0,0,0,0,0,"2,17      ",152,"2,17      ",152,"9,49      ",185,"9,49      ",185,"4,38      ",237,"4,38      ",237,0,0,0,0,0,0,0,0,0,0,0,0,UCX31_x0001_|_x0007_:, ,"1,42      ","4,95      ","45,89     ",14,"4,65      ",93,"64,74     ",2:03      ,3,2026-06-16 13:34:38,11014981.0,MAREESWARAN ,1,104339022020,104319220140,,AUTOMODE_TS1,BV141E,40,1,,OK,,0,0,0020007910431251065004261465098C,1.17484,1.17611,1.17522,5,5,5.2675,5.32,6.915,1,1.2,1.2,1.2,1,1.2,0.5,12,0.5,12,0.5,12,298033,2026-06-16 13:32:44,11014086,BABU        ,13616,104339022020,104319220140,140HPW501   ,,AUTOMODE,BV141C,20,1,309559,OK,,0,0,9003102010431351065904261603203A,0020007910431251065004261465098C,00200045104311520066-7261622944C,OK,OK,OK,OK,299372,2026-06-16 13:31:34,11014086.0,BABU        ,13616,104339022020,104319220140,140HPW501   ,AUTOMODE,BV141A,21,1,309559,OK,CA1,0,0,300050104312999991395364110336,OK,OK,0.39,0.439,0.5,0.39,0.434,0.5,OK,,00200045104311520066-7261622944C,OK,OK,202.9,145.2,52.6,146.3,-0.0408363,1.83772,52.7542,53.0625,0.122517,1.67436,55.3301,55.5339,57.6894,7.43253,57.4855,0.204193,0,0,0,0,05ACA002,299997,2026-06-16 13:32:12,11014086.0,BABU        ,13616.0,104339022020,104319220140,140HPW501   ,AUTOMODE,BV141B,28,1.0,309559.0,OK,,,,00200045104311520066-7261622944C,OK,OK,,OK,OK,300100,2026-06-16 13:33:22,11014086.0,BABU        ,13616,104339022020,104319220140,,AUTOMODE,BV141D,27,1,309559,OK,CA13,,,0020007910431251065004261465098C,,0,145.3,3.5,-113.55,50.1,134,19.6,-223.35,59.6,-223.35,-113.71,0.582775,2.63638,45.0,40.0,5.0,24.796,51.5235,51.8978,0,0,0,0,0,0,0,0,0,0,0,1.65,0,20.0,0,373080
5049159,1,0020007910431251065004261472960A,2026-06-13 14:51:39,304212, , ,104319220151,0,0,0,0,57000,110000,0,0,120000,0,0,0,1,0:41,1002,555,"39,3      ",336,"39,3      ",336,"17,47     ",347,"17,47     ",347,0         ,0,0         ,0,0,0,0,0,"10,62     ",111,"10,62     ",111,"8,95      ",43,"8,95      ",43,"4,31      ",173,"4,31      ",173,0,0,0,0,0,0,0,0,0,0,0,0,UCX31_x0001_|_x0007_:, ,"1,4       ","4,99      ","45,89     ",14,"4,3       ",94,"64,72     ",1:51      ,3,2026-06-14 10:34:57,11014981.0,MAREESWARAN ,1,104339022020,104319220140,,AUTOMODE_TS1,BV141E2,34,1,,OK,,0,0,0020007910431251065004261472960A,1.15522,1.15421,1.1473,5,5,2.39641,7.14132,3.81198,1,1.2,1.2,1.2,1,1.2,0.5,12,0.5,12,0.5,12,295484,2026-06-14 10:32:21,11014981,MAREESWARAN ,13616,104339022020,104319220140,140HPW501   ,,AUTOMODE,BV141C,23,1,307775,OK,,0,0,9003102010431351065904261605239B,0020007910431251065004261472960A,00200045104311520066-7261622561B,OK,OK,OK,OK,296799,2026-06-14 10:30:39,11014981.0,MAREESWARAN ,13616,104339022020,104319220140,140HPW501   ,AUTOMODE,BV141A,22,1,307775,OK,CA1,0,0,300050104312999991395364110336,OK,OK,0.39,0.419,0.5,0.39,0.419,0.5,OK,,00200045104311520066-7261622561B,OK,OK,202.9,145.2,52.6,146.3,0.0,1.26598,52.0865,53.0139,0.0816765,1.75603,55.2662,55.6738,57.5134,1.42933,57.4115,0.245026,0,0,0,0,05ACA004,297416,2026-06-14 10:31:17,11014981.0,MAREESWARAN ,13616.0,104339022020,104319220140,140HPW501   ,AUTOMODE,BV141B,28,1.0,307775.0,OK,,,,00200045104311520066-7261622561B,OK,OK,,OK,OK,297523,2026-06-14 10:33:53,11014981.0,MAREESWARAN ,13616,104339022020,104319220140,,AUTOMODE,BV141D,34,1,307775,OK,CA14,,,0020007910431251065004261472960A,,0,145.3,4.4,-113.55,50.1,134,19.6,-223.35,59.6,-223.35,-113.71,0.00753784,0.179959,44.6456,40.0,5.0,25.5726,51.7739,52.3472,0,0,0,0,0,0,0,0,0,0,0,1.64,0,20.0,0,369887
5079972,1,0020007910431251065004261473392A,2026-06-23 13:04:11,304212, , ,104319220140,0,0,0,0,57000,110000,0,0,120000,0,0,0,3,2:34,1002,555,"67,59     ",292,"10,99     ",5,"47,48     ",288,"4,63      ",25,0         ,0,0         ,0,0,0,0,0,"31,06     ",32,"2,95      ",123,"8,44      ",17,"2,45      ",73,"3,86      ",44,"5,21      ",23,0,0,0,0,0,0,0,0,0,0,0,0,UCX31_x0001_|_x0007_:, ,"1,49      ","4,96      ","46,58     ",14,"3,75      ",94,"65,03     ",2:56      ,3,2026-06-23 09:43:25,11014981.0,MAREESWARAN ,1,104339022020,104319220140,,AUTOMODE_TS1,BV141E2,34,1,,OK,,0,0,0020007910431251065004261473392A,1.15333,1.16403,1.14553,5,5,1.81677,6.4024,3.33174,1,1.2,1.2,1.2,1,1.2,0.5,12,0.5,12,0.5,12,304691,2026-06-23 09:41:29,11014981,MAREESWARAN ,13616,104339022020,104319220140,140HPW501   ,,AUTOMODE,BV141C,20,1,316314,OK,,0,0,9003102010431351065904261688911A,0020007910431251065004261473392A,00200045104311520066-7261672181A,OK,OK,OK,OK,306020,2026-06-23 09:40:13,11014981.0,MAREESWARAN ,13616,104339022020,104319220140,140HPW501   ,AUTOMODE,BV141A,23,1,316314,OK,CA1,0,0,300050104312999991395364110336,OK,OK,0.39,0.426,0.5,0.39,0.431,0.5,OK,,00200045104311520066-7261672181A,OK,OK,202.9,145.2,52.6,146.3,-0.0408401,1.83771,52.0817,53.5162,0.122513,1.63352,55.7812,56.0921,56.2401,1.50537,57.7431,0.204189,0,0,0,0,05ACA005,306701,2026-06-23 09:40:55,11014981.0,MAREESWARAN ,13616.0,104339022020,104319220140,140HPW501   ,AUTOMODE,BV141B,28,1.0,316314.0,OK,,,,00200045104311520066-7261672181A,OK,OK,,OK,OK,306783,2026-06-23 09:42:23,11014981.0,MAREESWARAN ,13616,104339022020,104319220140,,AUTOMODE,BV141D,35,1,316314,OK,CA13,,,0020007910431251065004261473392A,,0,145.2,6.7,-113.55,50.1,134,19.6,-223.35,59.6,-223.35,-113.71,0.498242,0.882072,45.0,40.6601,5.0,24.0572,52.3508,52.4108,0,0,0,0,0,0,0,0,0,0,0,2.01,0,20.0,0,381188
5078796,1,0020007910431251065004261473442B,2026-06-23 05:08:43,314116, , ,104319220140,0,0,0,0,57000,110000,0,0,120000,0,0,0,2,1:27,1002,555,"28,55     ",349,"11,45     ",79,"12,7      ",341,"1,1       ",22,0         ,0,0         ,0,0,0,0,0,"19,24     ",319,"1,35      ",355,"5,58      ",290,"4,44      ",42,3         ,98,"3,15      ",87,0,0,0,0,0,0,0,0,0,0,0,0,UCX31_x0001_|_x0007_:, ,"1,17      ","4,95      ","45,54     ",3,"4,3       ",93,"65,03     ",2:33      ,3,2026-06-23 02:08:39,11014981.0,MAREESWARAN ,1,104339022020,104319220140,,AUTOMODE_TS1,BV141E2,34,2,,OK,,0,0,0020007910431251065004261473442B,1.16931,1.16969,1.15031,5,5,2.46826,5.02395,2.82515,1,1.2,1.2,1.2,1,1.2,0.5,12,0.5,12,0.5,12,304311,2026-06-23 02:06:43,11014981,MAREESWARAN ,13616,104339022020,104319220140,140HPW501   ,,AUTOMODE,BV141C,20,2,315922,OK,,0,0,9003102010431351065904261329560B,0020007910431251065004261473442B,00200045104311520066-7261672012A,OK,OK,OK,OK,305633,2026-06-23 02:05:23,11014981.0,MAREESWARAN ,13616,104339022020,104319220140,140HPW501   ,AUTOMODE,BV141A,21,2,315922,OK,CA1,0,0,300050104312999991395364110336,OK,OK,0.39,0.43,0.5,0.39,0.417,0.5,OK,,00200045104311520066-7261672012A,OK,OK,202.9,145.2,52.6,146.3,0.0,2.0419,52.3287,53.1465,0.163349,2.36861,55.4116,55.725,57.6741,3.26704,57.5722,0.326702,0,0,0,0,05ACA010,306311,2026-06-23 02:06:01,11014981.0,MAREESWARAN ,13616.0,104339022020,104319220140,140HPW501   ,AUTOMODE,BV141B,28,2.0,315922.0,OK,,,,00200045104311520066-7261672012A,OK,OK,,OK,OK,306395,2026-06-23 02:07:35,11014981.0,MAREESWARAN ,13616,104339022020,104319220140,,AUTOMODE,BV141D,31,2,315922,OK,CA13,,,0020007910431251065004261473442B,,0,146.3,3.8,-113.55,50.1,134,19.6,-223.35,59.6,-223.35,-113.71,0.234954,1.24913,45.0,40.0,5.0,25.4444,51.9892,52.0778,0,0,0,0,0,0,0,0,0,0,0,1.77,0,20.0,0,380751
5078019,1,0020007910431251065004261473494B,2026-06-22 23:04:33,306217, , ,104319220140,0,0,0,0,57000,110000,0,0,120000,0,0,0,1,0:42,1002,555,"12,53     ",308,"12,53     ",308,"16,24     ",251,"16,24     ",251,0         ,0,0         ,0,0,0,0,0,"13,68     ",338,"13,68     ",338,"6,34      ",128,"6,34      ",128,"2,71      ",115,"2,71      ",115,0,0,0,0,0,0,0,0,0,0,0,0,UCX31_x0001_|_x0007_:, ,"1,2       ","4,95      ","45,13     ",14,"4,41      ",93,"64,52     ",2:50      ,3,2026-06-22 21:55:33,11014981.0,MAREESWARAN ,1,104339022020,104319220140,,AUTOMODE_TS1,BV141E,41,2,,OK,,0,0,0020007910431251065004261473494B,1.17863,1.17459,1.17826,5,5,5.445,6.6575,7.0425,1,1.2,1.2,1.2,1,1.2,0.5,12,0.5,12,0.5,12,304065,2026-06-22 21:52:39,11014981,MAREESWARAN ,13616,104339022020,104319220140,140HPW501   ,,AUTOMODE,BV141C,23,2,315661,OK,,0,0,9003102010431351065904261677002A,0020007910431251065004261473494B,00200045104311520066-7261712007A,OK,OK,OK,OK,305380,2026-06-22 21:50:15,11014981.0,MAREESWARAN ,13616,104339022020,104319220140,140HPW501   ,AUTOMODE,BV141A,22,2,315661,OK,CA1,0,0,300050104312999991395364110336,OK,OK,0.39,0.435,0.5,0.39,0.426,0.5,OK,,00200045104311520066-7261712007A,OK,OK,202.9,145.2,52.6,146.3,-0.0408363,2.53196,52.351,53.5893,0.163353,1.89957,55.8442,56.2401,56.2569,1.96023,57.7984,0.285866,0,0,0,0,05ACA005,306053,2026-06-22 21:51:19,11014981.0,MAREESWARAN ,13616.0,104339022020,104319220140,140HPW501   ,AUTOMODE,BV141B,28,2.0,315661.0,OK,,,,00200045104311520066-7261712007A,OK,OK,,OK,OK,306140,2026-06-22 21:54:21,11014981.0,MAREESWARAN ,13616,104339022020,104319220140,,AUTOMODE,BV141D,34,2,315661,OK,CA14,,,0020007910431251065004261473494B,,0,145.6,5.1,-113.55,50.1,134,19.6,-223.35,59.6,-223.35,-113.71,-0.00754166,0.482498,40.0657,40.4876,5.0,21.5241,52.4651,52.4493,0,0,0,0,0,0,0,0,0,0,0,1.88,0,20.0,0,380441
5086655,1,0020007910431251065004261473661B,2026-06-25 11:19:52,306217, , ,104319220140,0,0,0,0,57000,110000,0,0,120000,0,0,0,1,0:30,1002,555,"40,49     ",18,"40,49     ",18,"31,69     ",4,"31,69     ",4,0         ,0,0         ,0,0,0,0,0,"26,87     ",353,"26,87     ",353,"7,77      ",69,"7,77      ",69,"2,73      ",335,"2,73      ",335,0,0,0,0,0,0,0,0,0,0,0,0,UCX31_x0001_|_x0007_:, ,"1,31      ","4,91      ","45,42     ",14,"4,45      ",93,"64,67     ",3:48      ,3,2026-06-25 09:27:20,11014981.0,MAREESWARAN ,1,104339022020,104319220140,,AUTOMODE_TS1,BV141E2,34,1,,OK,,0,0,0020007910431251065004261473661B,1.14289,1.14302,1.15635,5,5,2.10419,6.4994,3.41437,1,1.2,1.2,1.2,1,1.2,0.5,12,0.5,12,0.5,12,307017,2026-06-25 09:24:12,11014981,MAREESWARAN ,13616,104339022020,104319220140,140HPW501   ,,AUTOMODE,BV141C,23,1,318730,OK,,0,0,9003102010431351065904261691087B,0020007910431251065004261473661B,00200045104311520066-7261722598C,OK,OK,OK,OK,308385,2026-06-25 09:21:44,11014981.0,MAREESWARAN ,13616,104339022020,104319220140,140HPW501   ,AUTOMODE,BV141A,22,1,318730,OK,CA1,0,0,300050104312999991395364110336,OK,OK,0.39,0.448,0.5,0.39,0.432,0.5,OK,,00200045104311520066-7261722598C,OK,OK,202.9,145.2,52.6,146.3,0.0,1.79688,52.051,53.2842,0.163353,2.0419,55.5365,55.9442,57.6869,4.16548,57.3786,0.408379,0,0,0,0,05ACA001,309096,2026-06-25 09:22:38,11014981.0,MAREESWARAN ,13616.0,104339022020,104319220140,140HPW501   ,AUTOMODE,BV141B,28,1.0,318730.0,OK,,,,00200045104311520066-7261722598C,OK,OK,,OK,OK,309160,2026-06-25 09:26:18,11014981.0,MAREESWARAN ,13616,104339022020,104319220140,,AUTOMODE,BV141D,37,1,318730,OK,CA13,,,0020007910431251065004261473661B,,0,145.6,7.9,-113.55,50.1,134,19.6,-223.35,59.6,-223.35,-113.71,0.394891,1.56274,45.0,40.0,5.0,25.8289,51.7093,51.8008,0,0,0,0,0,0,0,0,0,0,0,1.76,0,20.0,0,383990
5084452,1,0020007910431251065004261473669B,2026-06-24 18:57:31,304212, , ,104319220151,0,0,0,0,57000,110000,0,0,120000,0,0,0,4,3:06,1002,555,"77,86     ",356,"28,67     ",27,"53,06     ",357,"6,81      ",51,0         ,0,0         ,0,0,0,0,0,"34,91     ",99,"3,9       ",134,"9,59      ",81,"9,78      ",117,"1,93      ",82,"1,85      ",53,0,0,0,0,0,0,0,0,0,0,0,0,UCX31_x0001_|_x0007_:, ,"1,44      ","4,99      ","45,6      ",14,"4,64      ",94,"65,03     ",10:24     ,3,2026-06-29 21:23:13,11014086.0,BABU        ,1,104339022021,104319220151,,AUTOMODE_TS1,BV141E,45,2,,OK,,0,0,0020007910431251065004261473669B,1.17535,1.17383,1.17383,5,5,5.245,5.705,8.3475,1,1.2,1.2,1.2,1,1.2,0.5,12,0.5,12,0.5,12,314044,2026-06-29 21:20:25,11014086,BABU        ,13616,104339022021,104319220151,160HP Z101  ,,AUTOMODE,BV141C,25,2,323414,OK,,0,0,9003102010431351065904261760281B,0020007910431251065004261473669B,00200045104311520066-7261770013C,OK,OK,OK,OK,315477,2026-06-29 21:18:35,11014086.0,BABU        ,13616,104339022021,104319220151,160HP Z101  ,AUTOMODE,BV141A,23,2,323414,OK,CA1,0,0,1020104313020080004674879488,OK,OK,0.39,0.431,0.5,0.39,0.431,0.5,OK,,00200045104311520066-7261770013C,OK,OK,202.9,145.2,52.6,146.3,0.0,1.55185,52.0629,52.9853,0.122513,1.91939,55.2427,55.658,57.7141,7.14666,57.3064,0.285866,0,0,0,0,05ACA006,315260,2026-06-29 21:19:13,11014086.0,BABU        ,13616.0,104339022021,104319220151,160HP Z101  ,AUTOMODE,BV141B,26,2.0,323414.0,OK,,,,00200045104311520066-7261770013C,OK,OK,,OK,OK,316296,2026-06-29 21:22:01,11014086.0,BABU        ,13616,104339022021,104319220151,,AUTOMODE,BV141D,37,2,323414,OK,CA13,,,0020007910431251065004261473669B,,0,147.1,6.8,-113.55,50.1,134,19.6,-223.2,59.6,-223.2,-113.71,0.778442,1.68639,45.0,40.0,5.0,26.2435,51.5721,51.6839,0,0,0,0,0,0,0,0,0,0,0,3.45,0,20.0,0,392190
5085884,1,0020007910431251065004261473764B,2026-06-25 05:32:58,306217, , ,104319220151,0,0,0,0,57000,110000,0,0,120000,0,0,0,1,0:32,1002,555,"20,16     ",303,"20,16     ",303,"46,31     ",347,"46,31     ",347,0         ,0,0         ,0,0,0,0,0,"41,39     ",319,"41,39     ",319,"15,47     ",173,"15,47     ",173,"2,94      ",19,"2,94      ",19,0,0,0,0,0,0,0,0,0,0,0,0,UCX31_x0001_|_x0007_:, ,"1,33      ","4,95      ","45,31     ",14,"4,21      ",93,"64,3      ",7:38      ,3,2026-06-26 08:39:11,11014981.0,MAREESWARAN ,1,104339022020,104319220140,,AUTOMODE_TS1,BV141E,40,1,,OK,,0,0,0020007910431251065004261473764B,1.17509,1.17434,1.17396,5,5,4.1825,4.925,7.7975,1,1.2,1.2,1.2,1,1.2,0.5,12,0.5,12,0.5,12,308160,2026-06-26 08:36:43,11014981,MAREESWARAN ,13616,104339022020,104319220140,140HPW501   ,,AUTOMODE,BV141C,19,1,319924,OK,,0,0,9003102010431351065904261702882B,0020007910431251065004261473764B,00200045104311520066-7261722026A,OK,OK,OK,OK,309543,2026-06-26 08:35:35,11014981.0,MAREESWARAN ,13616,104339022020,104319220140,140HPW501   ,AUTOMODE,BV141A,22,1,319924,OK,CA1,0,0,300050104312999991395364110336,OK,OK,0.39,0.457,0.5,0.39,0.452,0.5,OK,,00200045104311520066-7261722026A,OK,OK,202.9,145.2,52.6,146.3,-0.0408363,2.16442,52.7383,53.4593,0.245029,2.89951,55.3142,56.0378,56.2401,2.54147,57.4748,0.939278,0,0,0,0,05ACA004,310273,2026-06-26 08:36:11,11014981.0,MAREESWARAN ,13616.0,104339022020,104319220140,140HPW501   ,AUTOMODE,BV141B,28,1.0,319924.0,OK,,,,00200045104311520066-7261722026A,OK,OK,,OK,OK,310324,2026-06-26 08:37:53,11014981.0,MAREESWARAN ,13616,104339022020,104319220140,,AUTOMODE,BV141D,42,1,319924,OK,CA13,,,0020007910431251065004261473764B,,0,147.0,13.9,-113.55,50.1,134,19.6,-223.35,59.6,-223.35,-113.71,0.25873,0.942387,45.0,40.1647,5.0,25.8364,51.857,51.9459,0,0,0,0,0,0,0,0,0,0,0,1.63,0,20.0,0,385248
5084666,1,0020007910431251065004261473780B,2026-06-24 20:44:24,304212, , ,104319220151,0,0,0,0,57000,110000,0,0,120000,0,0,0,1,0:44,1002,555,"21,67     ",342,"21,67     ",342,"5,32      ",308,"5,32      ",308,0         ,0,0         ,0,0,0,0,0,"4,21      ",42,"4,21      ",42,"7,06      ",91,"7,06      ",91,"2,7       ",158,"2,7       ",158,0,0,0,0,0,0,0,0,0,0,0,0,UCX31_x0001_|_x0007_:, ,"1,57      ","4,92      ","45,6      ",14,"4,57      ",93,"64,93     ",10:50     ,3,2026-06-23 20:40:12,11014981.0,MAREESWARAN ,1,104339022021,104319220151,,AUTOMODE_TS1,BV141E,45,2,,OK,,0,0,0020007910431251065004261473780B,1.1756,1.1756,1.1756,5,5,4.0775,4.62,6.4625,1,1.2,1.2,1.2,1,1.2,0.5,12,0.5,12,0.5,12,305196,2026-06-23 20:37:42,11014981,MAREESWARAN ,13616,104339022021,104319220151,160HP Z101  ,,AUTOMODE,BV141C,19,2,316845,OK,,0,0,9003102010431351065904261688717A,0020007910431251065004261473780B,00200045104311520066-7261702054A,OK,OK,OK,OK,306533,2026-06-23 20:34:44,11014981.0,MAREESWARAN ,13616,104339022021,104319220151,160HP Z101  ,AUTOMODE,BV141A,23,2,316845,OK,CA1,0,0,1020104313020080004674879488,OK,OK,0.39,0.401,0.5,0.39,0.415,0.5,OK,,00200045104311520066-7261702054A,OK,OK,202.9,145.2,52.6,146.3,0.0,1.63352,52.0837,53.7169,0.122513,1.85912,55.88,56.2401,56.2902,1.91939,57.6279,0.367542,0,0,0,0,05ACA003,307226,2026-06-23 20:35:24,11014981.0,MAREESWARAN ,13616.0,104339022021,104319220151,160HP Z101  ,AUTOMODE,BV141B,30,2.0,316845.0,OK,,,,00200045104311520066-7261702054A,OK,OK,,OK,OK,307304,2026-06-23 20:38:38,11014981.0,MAREESWARAN ,13616,104339022021,104319220151,,AUTOMODE,BV141D,34,2,316845,OK,CA13,,,0020007910431251065004261473780B,,0,145.4,4.4,-113.55,50.1,134,19.6,-223.2,59.6,-223.2,-113.71,4.69469,7.25184,40.0,45.0,7.33286,25.6856,45.0555,52.037,0,0,0,0,0,0,0,0,0,0,0,3.54,0,20.0,0,381755
5096633,1,0020007910431251065004261473917B,2026-06-28 09:39:15,314116, , ,104319220140,0,0,0,0,57000,110000,0,0,120000,0,0,0,1,0:31,1002,555,"45,59     ",116,"45,59     ",116,"24,17     ",107,"24,17     ",107,0         ,0,0         ,0,0,0,0,0,"33,93     ",87,"33,93     ",87,"11,75     ",74,"11,75     ",74,"0,39      ",60,"0,39      ",60,0,0,0,0,0,0,0,0,0,0,0,0,UCX31_x0001_|_x0007_:, ,"1,29      ","4,96      ","45,28     ",3,"4,94      ",93,"65,53     ",3:29      ,3,2026-06-28 08:41:49,11014981.0,MAREESWARAN ,1,104339022020,104319220140,,AUTOMODE_TS1,BV141E,41,1,,OK,,0,0,0020007910431251065004261473917B,1.17775,1.17168,1.17522,5,5,4.3975,5.9975,9.1275,1,1.2,1.2,1.2,1,1.2,0.5,12,0.5,12,0.5,12,312933,2026-06-28 08:37:35,11014086,BABU        ,13616,104339022020,104319220140,140HPW501   ,,AUTOMODE,BV141C,32,1,322235,OK,,0,0,9003102010431351065904261758648B,0020007910431251065004261473917B,00200045104311520066-7261762110B,OK,OK,OK,OK,314331,2026-06-28 08:34:47,11014086.0,BABU        ,13616,104339022020,104319220140,140HPW501   ,AUTOMODE,BV141A,22,1,322235,OK,CA1,0,0,300050104312999991395364110336,OK,OK,0.39,0.45,0.5,0.39,0.446,0.5,OK,,00200045104311520066-7261762110B,OK,OK,202.9,145.2,52.6,146.3,-0.0408401,0.0816727,52.3743,53.2941,0.0,1.67436,54.3183,56.0585,56.2401,1.38646,57.5949,0.245026,0,0,0,0,05ACA010,314094,2026-06-28 08:35:49,11014086.0,BABU        ,13616.0,104339022020,104319220140,140HPW501   ,AUTOMODE,BV141B,26,1.0,322235.0,OK,,,,00200045104311520066-7261762110B,OK,OK,,OK,OK,315136,2026-06-28 08:39:51,11014086.0,BABU        ,13616,104339022020,104319220140,,AUTOMODE,BV141D,37,1,322235,OK,CA13,,,0020007910431251065004261473917B,,0,147.2,8.5,-113.55,50.1,134,19.6,-223.35,59.6,-223.35,-113.71,0.269662,1.33935,45.0,40.0,5.0,25.5575,51.9834,52.0239,0,0,0,0,0,0,0,0,0,0,0,1.76,0,20.0,0,390756
5082032,1,0020007910431251065004261473941B,2026-06-24 02:14:12,306217, , ,104319220140,0,0,0,0,57000,110000,0,0,120000,0,0,0,1,0:40,1002,555,"52,85     ",291,"52,85     ",291,"38,85     ",267,"38,85     ",267,0         ,0,0         ,0,0,0,0,0,"35,51     ",355,"35,51     ",355,"21,21     ",17,"21,21     ",17,"2,53      ",359,"2,53      ",359,0,0,0,0,0,0,0,0,0,0,0,0,UCX31_x0001_|_x0007_:, ,"1,21      ","4,95      ","45,13     ",14,"3,76      ",93,"64,52     ",2:00      ,3,2026-06-22 16:36:29,11014981.0,MAREESWARAN ,1,104339022020,104319220140,,AUTOMODE_TS1,BV141E,41,1,,OK,,0,0,0020007910431251065004261473941B,1.17813,1.17914,1.1737,5,5,4.245,5.215,5.6825,1,1.2,1.2,1.2,1,1.2,0.5,12,0.5,12,0.5,12,303824,2026-06-22 16:34:25,11014981,MAREESWARAN ,13616,104339022020,104319220140,140HPW501   ,,AUTOMODE,BV141C,18,1,315409,OK,,0,0,9003102010431351065904261677614B,0020007910431251065004261473941B,00200045104311520066-7261712079B,OK,OK,OK,OK,305136,2026-06-22 16:32:19,11014981.0,MAREESWARAN ,13616,104339022020,104319220140,140HPW501   ,AUTOMODE,BV141A,24,1,315409,OK,CA1,0,0,300050104312999991395364110336,OK,OK,0.39,0.422,0.5,0.39,0.442,0.5,OK,,00200045104311520066-7261712079B,OK,OK,202.9,145.2,52.6,146.3,0.0,0.898438,52.2646,53.2939,0.0816765,1.63352,55.3424,55.7526,57.6049,1.06179,57.503,0.245029,0,0,0,0,05ACA002,305807,2026-06-22 16:32:59,11014981.0,MAREESWARAN ,13616.0,104339022020,104319220140,140HPW501   ,AUTOMODE,BV141B,28,1.0,315409.0,OK,,,,00200045104311520066-7261712079B,OK,OK,,OK,OK,305896,2026-06-22 16:35:25,11014981.0,MAREESWARAN ,13616,104339022020,104319220140,,AUTOMODE,BV141D,34,1,315409,OK,CA13,,,0020007910431251065004261473941B,,0,145.4,5.0,-113.55,50.1,134,19.6,-223.35,59.6,-223.35,-113.71,-0.0226173,0.286488,40.0094,40.6652,5.0,24.4568,52.0344,52.0753,0,0,0,0,0,0,0,0,0,0,0,2.31,0,20.0,0,380167
5047707,1,0020007910431251065004261475377A,2026-06-13 04:44:46,304212, , ,104319220151,0,0,0,0,57000,110000,0,0,120000,0,0,0,1,0:35,1002,555,"70,67     ",182,"70,67     ",182,"48,26     ",173,"48,26     ",173,0         ,0,0         ,0,0,0,0,0,"35,25     ",278,"35,25     ",278,"7,49      ",287,"7,49      ",287,"1,86      ",225,"1,86      ",225,0,0,0,0,0,0,0,0,0,0,0,0,UCX31_x0001_|_x0007_:, ,"1,4       ","4,95      ","45,92     ",14,"4,58      ",94,"64,67     ",3:38      ,3,2026-06-13 01:00:10,11014890.0,SUDALAI     ,1,104339022021,104319220151,,AUTOMODE_TS1,BV141E2,38,2,,OK,,0,0,0020007910431251065004261475377A,1.16075,1.15107,1.1478,5,5,2.73653,5.91018,4.56766,1,1.2,1.2,1.2,1,1.2,0.5,12,0.5,12,0.5,12,293933,2026-06-13 00:58:04,11014890,SUDALAI     ,13616,104339022021,104319220151,160HP Z101  ,,AUTOMODE,BV141C,19,2,306164,OK,,0,0,9003102010431351065904261554929A,0020007910431251065004261475377A,00200045104311520066-7261602791B,OK,OK,OK,OK,295234,2026-06-13 00:55:28,11014890.0,SUDALAI     ,13616,104339022021,104319220151,160HP Z101  ,AUTOMODE,BV141A,21,2,306164,OK,CA1,0,0,1020104313020080004674879488,OK,OK,0.39,0.407,0.5,0.39,0.408,0.5,OK,,00200045104311520066-7261602791B,OK,OK,202.9,145.2,52.6,146.3,0.0,1.91939,52.1022,53.3354,0.122517,2.12358,55.603,56.0107,57.8604,4.94141,57.6566,0.326706,0,0,0,0,05ACA001,295830,2026-06-13 00:56:06,11014890.0,SUDALAI     ,13616.0,104339022021,104319220151,160HP Z101  ,AUTOMODE,BV141B,28,2.0,306164.0,OK,,,,00200045104311520066-7261602791B,OK,OK,,OK,OK,295945,2026-06-13 00:59:00,11014890.0,SUDALAI     ,13616,104339022021,104319220151,,AUTOMODE,BV141D,34,2,306164,OK,CA13,,,0020007910431251065004261475377A,,0,145.5,3.7,-113.55,50.1,134,19.6,-223.2,59.6,-223.2,-113.71,0.342791,1.70625,45.0,40.0,5.0,25.4218,51.6124,51.6762,0,0,0,0,0,0,0,0,0,0,0,3.32,0,20.0,0,366646
5047715,1,0020007910431251065004261475390A,2026-06-13 04:51:19,304212, , ,104319220151,0,0,0,0,57000,110000,0,0,120000,0,0,0,1,0:40,1002,555,"29,59     ",281,"29,59     ",281,"6,47      ",83,"6,47      ",83,0         ,0,0         ,0,0,0,0,0,"12,7      ",216,"12,7      ",216,"14,97     ",22,"14,97     ",22,"1,3       ",77,"1,3       ",77,0,0,0,0,0,0,0,0,0,0,0,0,UCX31_x0001_|_x0007_:, ,"1,28      ","4,96      ","44,84     ",14,"4,73      ",94,"64,84     ",3:38      ,3,2026-06-13 00:59:32,11014890.0,SUDALAI     ,1,104339022021,104319220151,,AUTOMODE_TS1,BV141E,44,2,,OK,,0,0,0020007910431251065004261475390A,1.17573,1.17459,1.17459,5,5,4.67,4.8625,6.0225,1,1.2,1.2,1.2,1,1.2,0.5,12,0.5,12,0.5,12,293932,2026-06-13 00:57:28,11014890,SUDALAI     ,13616,104339022021,104319220151,160HP Z101  ,,AUTOMODE,BV141C,22,2,306163,OK,,0,0,9003102010431351065904261554922A,0020007910431251065004261475390A,00200045104311520066-7261602349C,OK,OK,OK,OK,295233,2026-06-13 00:54:48,11014890.0,SUDALAI     ,13616,104339022021,104319220151,160HP Z101  ,AUTOMODE,BV141A,22,2,306163,OK,CA1,0,0,1020104313020080004674879488,OK,OK,0.39,0.399,0.5,0.39,0.417,0.5,OK,,00200045104311520066-7261602349C,OK,OK,202.9,145.2,52.6,146.3,-0.0408401,2.69531,52.0487,53.4806,0.204189,2.98118,55.6386,56.1508,56.2401,2.90958,57.6897,0.490055,0,0,0,0,05ACA005,295829,2026-06-13 00:55:28,11014890.0,SUDALAI     ,13616.0,104339022021,104319220151,160HP Z101  ,AUTOMODE,BV141B,28,2.0,306163.0,OK,,,,00200045104311520066-7261602349C,OK,OK,,OK,OK,295944,2026-06-13 00:58:14,11014890.0,SUDALAI     ,13616,104339022021,104319220151,,AUTOMODE,BV141D,34,2,306163,OK,CA13,,,0020007910431251065004261475390A,,0,146.7,3.8,-113.55,50.1,134,19.6,-223.2,59.6,-223.2,-113.71,0.372339,1.82947,45.0,40.0,5.0,25.1202,51.8353,51.9049,0,0,0,0,0,0,0,0,0,0,0,3.39,0,20.0,0,366645
5047780,1,0020007910431251065004261475401A,2026-06-13 05:26:38,304212, , ,104319220151,0,0,0,0,57000,110000,0,0,120000,0,0,0,1,0:35,1002,555,"73,15     ",334,"73,15     ",334,"68,96     ",326,"68,96     ",326,0         ,0,0         ,0,0,0,0,0,"47,44     ",74,"47,44     ",74,"7,4       ",289,"7,4       ",289,"2,88      ",10,"2,88      ",10,0,0,0,0,0,0,0,0,0,0,0,0,UCX31_x0001_|_x0007_:, ,"1,33      ","4,97      ","45,1      ",14,"4,39      ",94,"64,72     ",1:48      ,3,2026-06-13 01:04:08,11014890.0,SUDALAI     ,1,104339022021,104319220151,,AUTOMODE_TS1,BV141E,44,2,,OK,,0,0,0020007910431251065004261475401A,1.17408,1.17459,1.17484,5,5,4.5,4.7975,6.0575,1,1.2,1.2,1.2,1,1.2,0.5,12,0.5,12,0.5,12,293938,2026-06-13 01:02:08,11014890,SUDALAI     ,13616,104339022021,104319220151,160HP Z101  ,,AUTOMODE,BV141C,56,2,306169,OK,,0,0,9003102010431351065904261554924A,0020007910431251065004261475401A,00200045104311520066-7261572361A,OK,OK,OK,OK,295239,2026-06-13 00:59:32,11014890.0,SUDALAI     ,13616,104339022021,104319220151,160HP Z101  ,AUTOMODE,BV141A,29,2,306169,OK,CA1,0,0,1020104313020080004674879488,OK,OK,0.39,0.399,0.5,0.39,0.413,0.5,OK,,00200045104311520066-7261572361A,OK,OK,202.9,145.2,52.6,146.3,-0.0408401,1.67436,52.2957,53.0116,0.0816765,2.16442,55.1671,55.5798,57.6232,7.31001,57.2156,0.285866,0,0,0,0,05ACA006,295835,2026-06-13 01:00:14,11014890.0,SUDALAI     ,13616.0,104339022021,104319220151,160HP Z101  ,AUTOMODE,BV141B,28,2.0,306169.0,OK,,,,00200045104311520066-7261572361A,OK,OK,,OK,OK,295950,2026-06-13 01:02:56,11014890.0,SUDALAI     ,13616,104339022021,104319220151,,AUTOMODE,BV141D,35,2,306169,OK,CA13,,,0020007910431251065004261475401A,,0,146.1,4.0,-113.55,50.1,134,19.6,-223.2,59.6,-223.2,-113.71,0.117199,0.80527,45.0,40.0,5.0,23.3938,51.4363,51.5031,0,0,0,0,0,0,0,0,0,0,0,3.29,0,21.0,0,366651
5047866,1,0020007910431251065004261475403A,2026-06-13 06:11:28,304212, , ,104319220151,0,0,0,0,57000,110000,0,0,120000,0,0,0,1,0:29,1002,555,"37,55     ",232,"37,55     ",232,"13,65     ",250,"13,65     ",250,0         ,0,0         ,0,0,0,0,0,"7,72      ",359,"7,72      ",359,"11,58     ",301,"11,58     ",301,"0,91      ",337,"0,91      ",337,0,0,0,0,0,0,0,0,0,0,0,0,UCX31_x0001_|_x0007_:, ,"1,37      ","4,97      ","46,73     ",14,"4,43      ",93,"64,91     ",3:25      ,3,2026-06-13 22:24:10,11014981.0,MAREESWARAN ,1,104339022021,104319220151,,AUTOMODE_TS1,BV141E,44,2,,OK,,0,0,0020007910431251065004261475403A,1.17826,1.17674,1.17383,5,5,4.0975,4.0875,5.35,1,1.2,1.2,1.2,1,1.2,0.5,12,0.5,12,0.5,12,294950,2026-06-13 22:20:08,11014981,MAREESWARAN ,13616,104339022021,104319220151,160HP Z101  ,,AUTOMODE,BV141C,24,2,307223,OK,,0,0,9003102010431351065904261628299A,0020007910431251065004261475403A,00200045104311520066-7261572768C,OK,OK,OK,OK,296261,2026-06-13 22:18:50,11014981.0,MAREESWARAN ,13616,104339022021,104319220151,160HP Z101  ,AUTOMODE,BV141A,21,2,307223,OK,CA1,0,0,1020104313020080004674879488,OK,OK,0.39,0.42,0.5,0.39,0.404,0.5,OK,,00200045104311520066-7261572768C,OK,OK,202.9,145.2,52.6,146.3,0.0,2.00106,52.0738,53.6204,0.163349,1.79688,55.7809,56.1911,56.2401,1.70119,57.7275,0.245026,0,0,0,0,05ACA005,296871,2026-06-13 22:19:28,11014981.0,MAREESWARAN ,13616.0,104339022021,104319220151,160HP Z101  ,AUTOMODE,BV141B,29,2.0,307223.0,OK,,,,00200045104311520066-7261572768C,OK,OK,,OK,OK,296981,2026-06-13 22:21:06,11014981.0,MAREESWARAN ,13616,104339022021,104319220151,,AUTOMODE,BV141D,36,2,307223,OK,CA13,,,0020007910431251065004261475403A,,0,145.0,4.4,-113.55,50.1,134,19.6,-223.2,59.6,-223.2,-113.71,0.579191,2.24699,45.0,40.0,5.0,23.439,51.8699,51.92,0,0,0,0,0,0,0,0,0,0,0,3.44,0,20.0,0,368309
5047637,1,0020007910431251065004261475415A,2026-06-13 04:03:17,304212, , ,104319220151,0,0,0,0,57000,110000,0,0,120000,0,0,0,1,0:40,1002,555,"39,38     ",129,"39,38     ",129,"45,01     ",126,"45,01     ",126,0         ,0,0         ,0,0,0,0,0,"41,72     ",241,"41,72     ",241,"9,16      ",72,"9,16      ",72,"4,59      ",1,"4,59      ",1,0,0,0,0,0,0,0,0,0,0,0,0,UCX31_x0001_|_x0007_:, ,"1,43      ","4,96      ","46,03     ",14,"4,97      ",94,"64,8      ",2:39      ,3,2026-06-13 22:18:16,11014981.0,MAREESWARAN ,1,104339022021,104319220151,,AUTOMODE_TS1,BV141E2,38,2,,OK,,0,0,0020007910431251065004261475415A,1.16805,1.16843,1.15975,5,5,2.9988,7.28623,4.88024,1,1.2,1.2,1.2,1,1.2,0.5,12,0.5,12,0.5,12,294949,2026-06-13 22:16:18,11014981,MAREESWARAN ,13616,104339022021,104319220151,160HP Z101  ,,AUTOMODE,BV141C,27,2,307220,OK,,0,0,9003102010431351065904261628258A,0020007910431251065004261475415A,00200045104311520066-7261522113A,OK,OK,OK,OK,296259,2026-06-13 22:14:56,11014981.0,MAREESWARAN ,13616,104339022021,104319220151,160HP Z101  ,AUTOMODE,BV141A,36,2,307220,OK,CA1,0,0,1020104313020080004674879488,OK,OK,0.39,0.417,0.5,0.39,0.429,0.5,OK,,00200045104311520066-7261522113A,OK,OK,202.9,145.2,52.6,146.3,0.0,1.22514,52.2723,53.1972,0.0816765,1.55185,55.875,56.1833,56.2401,1.52909,57.7273,0.285866,0,0,0,0,05ACA010,296869,2026-06-13 22:15:38,11014981.0,MAREESWARAN ,13616.0,104339022021,104319220151,160HP Z101  ,AUTOMODE,BV141B,28,2.0,307220.0,OK,,,,00200045104311520066-7261522113A,OK,OK,,OK,OK,296979,2026-06-13 22:17:06,11014981.0,MAREESWARAN ,13616,104339022021,104319220151,,AUTOMODE,BV141D,36,2,307220,OK,CA13,,,0020007910431251065004261475415A,,0,145.0,4.3,-113.55,50.1,134,19.6,-223.2,59.6,-223.2,-113.71,-0.0376968,-0.0301552,40.6549,40.0322,5.0,23.0545,51.8699,52.3675,0,0,0,0,0,0,0,0,0,0,0,3.44,0,20.0,0,368307
5047297,1,0020007910431251065004261475431A,2026-06-13 01:46:29,304212, , ,104319220151,0,0,0,0,57000,110000,0,0,120000,0,0,0,1,0:38,1002,555,"60,08     ",293,"60,08     ",293,"37,97     ",318,"37,97     ",318,0         ,0,0         ,0,0,0,0,0,"28,48     ",73,"28,48     ",73,"12,64     ",341,"12,64     ",341,"5,66      ",63,"5,66      ",63,0,0,0,0,0,0,0,0,0,0,0,0,UCX31_x0001_|_x0007_:, ,"1,33      ","4,96      ","45,42     ",14,"4,29      ",94,"64,81     ",1:52      ,3,2026-06-13 00:55:14,11014890.0,SUDALAI     ,1,104339022021,104319220151,,AUTOMODE_TS1,BV141E,44,2,,OK,,0,0,0020007910431251065004261475431A,1.1756,1.17547,1.17345,5,5,4.2475,4.13,4.86,1,1.2,1.2,1.2,1,1.2,0.5,12,0.5,12,0.5,12,293927,2026-06-13 00:52:56,11014890,SUDALAI     ,13616,104339022021,104319220151,160HP Z101  ,,AUTOMODE,BV141C,20,2,306158,OK,,0,0,9003102010431351065904261556167B,0020007910431251065004261475431A,00200045104311520066-7261612851C,OK,OK,OK,OK,295228,2026-06-13 00:51:00,11014890.0,SUDALAI     ,13616,104339022021,104319220151,160HP Z101  ,AUTOMODE,BV141A,40,2,306158,OK,CA1,0,0,1020104313020080004674879488,OK,OK,0.39,0.417,0.5,0.39,0.408,0.5,OK,,00200045104311520066-7261612851C,OK,OK,202.9,145.2,52.6,146.3,0.0,2.12358,52.1142,53.141,0.204189,2.08274,55.192,55.7066,57.5589,2.28693,57.457,0.245029,0,0,0,0,05ACA007,295824,2026-06-13 00:51:44,11014890.0,SUDALAI     ,13616.0,104339022021,104319220151,160HP Z101  ,AUTOMODE,BV141B,28,2.0,306158.0,OK,,,,00200045104311520066-7261612851C,OK,OK,,OK,OK,295939,2026-06-13 00:54:02,11014890.0,SUDALAI     ,13616,104339022021,104319220151,,AUTOMODE,BV141D,35,2,306158,OK,CA13,,,0020007910431251065004261475431A,,0,145.6,3.9,-113.55,50.1,134,19.6,-223.2,59.6,-223.2,-113.71,-0.0376968,-0.030159,40.1669,40.0627,5.0,16.013,52.1235,52.1972,0,0,0,0,0,0,0,0,0,0,0,3.34,0,20.0,0,366640
5047677,1,0020007910431251065004261475498A,2026-06-13 04:26:56,304212, , ,104319220151,0,0,0,0,57000,110000,0,0,120000,0,0,0,1,0:29,1002,555,"36,78     ",299,"36,78     ",299,"32,33     ",300,"32,33     ",300,0         ,0,0         ,0,0,0,0,0,"25,11     ",59,"25,11     ",59,"4,79      ",301,"4,79      ",301,"2,31      ",242,"2,31      ",242,0,0,0,0,0,0,0,0,0,0,0,0,UCX31_x0001_|_x0007_:, ,"1,45      ","4,95      ","45,19     ",14,"4,16      ",94,"64,74     ",3:16      ,3,2026-06-13 22:17:34,11014981.0,MAREESWARAN ,1,104339022021,104319220151,,AUTOMODE_TS1,BV141E,44,2,,OK,,0,0,0020007910431251065004261475498A,1.17434,1.17345,1.17484,5,5,4.5,4.8425,5.6425,1,1.2,1.2,1.2,1,1.2,0.5,12,0.5,12,0.5,12,294948,2026-06-13 22:15:20,11014981,MAREESWARAN ,13616,104339022021,104319220151,160HP Z101  ,,AUTOMODE,BV141C,28,2,307219,OK,,0,0,9003102010431351065904261628266A,0020007910431251065004261475498A,00200045104311520066-7261572511B,OK,OK,OK,OK,296258,2026-06-13 22:14:00,11014981.0,MAREESWARAN ,13616,104339022021,104319220151,160HP Z101  ,AUTOMODE,BV141A,48,2,307219,OK,CA1,0,0,1020104313020080004674879488,OK,OK,0.39,0.436,0.5,0.39,0.454,0.5,OK,,00200045104311520066-7261572511B,OK,OK,202.9,145.2,52.6,146.3,0.0,1.91939,52.079,53.4116,0.163349,2.65447,55.4652,55.9773,56.2401,2.15121,57.6181,0.408379,0,0,0,0,05ACA004,296868,2026-06-13 22:14:40,11014981.0,MAREESWARAN ,13616.0,104339022021,104319220151,160HP Z101  ,AUTOMODE,BV141B,28,2.0,307219.0,OK,,,,00200045104311520066-7261572511B,OK,OK,,OK,OK,296978,2026-06-13 22:16:08,11014981.0,MAREESWARAN ,13616,104339022021,104319220151,,AUTOMODE,BV141D,36,2,307219,OK,CA13,,,0020007910431251065004261475498A,,0,145.5,4.3,-113.55,50.1,134,19.6,-223.2,59.6,-223.2,-113.71,0.271844,1.2391,45.0,40.0,5.0,23.0997,51.7621,51.8439,0,0,0,0,0,0,0,0,0,0,0,3.4,0,20.0,0,368306
5096720,1,0020007910431251065004261475709B,2026-06-28 10:28:31,304212, , ,104319220140,0,0,0,0,57000,110000,0,0,120000,0,0,0,2,1:34,1002,555,"32,47     ",37,"13,54     ",35,"31,97     ",29,"10,09     ",51,0         ,0,0         ,0,0,0,0,0,"37,6      ",7,"9,14      ",42,"5,59      ",160,"3,01      ",287,"1,97      ",298,"1,59      ",15,0,0,0,0,0,0,0,0,0,0,0,0,UCX31_x0001_|_x0007_:, ,"1,52      ","4,96      ","46,2      ",14,"4,91      ",94,"65,1      ",2:38      ,3,2026-06-28 08:55:23,11014981.0,MAREESWARAN ,1,104339022020,104319220140,,AUTOMODE_TS1,BV141E,41,1,,OK,,0,0,0020007910431251065004261475709B,1.17977,1.17712,1.17889,5,5,3.99,4.32,7.5575,1,1.2,1.2,1.2,1,1.2,0.5,12,0.5,12,0.5,12,312950,2026-06-28 08:52:25,11014086,BABU        ,13616,104339022020,104319220140,140HPW501   ,,AUTOMODE,BV141C,24,1,322253,OK,,0,0,9003102010431351065904261768966A,0020007910431251065004261475709B,00200045104311520066-7261762002A,OK,OK,OK,OK,314349,2026-06-28 08:50:43,11014086.0,BABU        ,13616,104339022020,104319220140,140HPW501   ,AUTOMODE,BV141A,23,1,322253,OK,CA1,0,0,300050104312999991395364110336,OK,OK,0.39,0.459,0.5,0.39,0.447,0.5,OK,,00200045104311520066-7261762002A,OK,OK,202.9,145.2,52.6,146.3,0.0,1.34766,52.1173,53.246,0.122513,1.59269,55.5238,55.8321,57.878,8.33097,57.5722,0.245029,0,0,0,0,05ACA002,314112,2026-06-28 08:51:17,11014086.0,BABU        ,13616.0,104339022020,104319220140,140HPW501   ,AUTOMODE,BV141B,26,1.0,322253.0,OK,,,,00200045104311520066-7261762002A,OK,OK,,OK,OK,315154,2026-06-28 08:54:17,11014086.0,BABU        ,13616,104339022020,104319220140,,AUTOMODE,BV141D,62,1,322253,OK,CA13,,,0020007910431251065004261475709B,,0,147.0,7.8,-113.55,50.1,134,19.6,-223.35,59.6,-223.35,-113.71,1.82446,4.30193,40.0825,45.0,5.0,27.0578,45.4822,51.4799,0,0,0,0,0,0,0,0,0,0,0,1.77,0,20.0,0,390778
5081579,1,0020007910431251065004261475771B,2026-06-23 23:06:50,306217, , ,104319220140,0,0,0,0,57000,110000,0,0,120000,0,0,0,2,1:41,1002,555,"40,01     ",167,"11,04     ",155,"50,28     ",161,"12,44     ",147,0         ,0,0         ,0,0,0,0,0,"51,93     ",256,"14,09     ",241,"7,21      ",161,"1,88      ",114,"4,18      ",280,"4,14      ",296,0,0,0,0,0,0,0,0,0,0,0,0,UCX31_x0001_|_x0007_:, ,"1,3       ","4,95      ","45,1      ",14,"4,41      ",93,"65,03     ",1:57      ,3,2026-06-23 11:10:17,11014981.0,MAREESWARAN ,1,104339022020,104319220140,,AUTOMODE_TS1,BV141E,41,1,,OK,,0,0,0020007910431251065004261475771B,1.17699,1.17459,1.17649,5,5,4.36,4.865,5.545,1,1.2,1.2,1.2,1,1.2,0.5,12,0.5,12,0.5,12,304770,2026-06-23 11:07:07,11014981,MAREESWARAN ,13616,104339022020,104319220140,140HPW501   ,,AUTOMODE,BV141C,22,1,316396,OK,,0,0,9003102010431351065904261701887A,0020007910431251065004261475771B,00200045104311520066-7261662449B,OK,OK,OK,OK,306102,2026-06-23 11:05:49,11014981.0,MAREESWARAN ,13616,104339022020,104319220140,140HPW501   ,AUTOMODE,BV141A,41,1,316396,OK,CA1,0,0,300050104312999991395364110336,OK,OK,0.39,0.429,0.5,0.39,0.415,0.5,OK,,00200045104311520066-7261662449B,OK,OK,202.9,145.2,52.6,146.3,-0.0408401,3.02201,52.6651,53.9084,0.285866,2.8366,55.8652,56.2401,56.2754,3.06285,57.7149,0.571732,0,0,0,0,05ACA003,306783,2026-06-23 11:06:29,11014981.0,MAREESWARAN ,13616.0,104339022020,104319220140,140HPW501   ,AUTOMODE,BV141B,28,1.0,316396.0,OK,,,,00200045104311520066-7261662449B,OK,OK,,OK,OK,306865,2026-06-23 11:09:13,11014981.0,MAREESWARAN ,13616,104339022020,104319220140,,AUTOMODE,BV141D,35,1,316396,OK,CA13,,,0020007910431251065004261475771B,,0,145.2,6.2,-113.55,50.1,134,19.6,-223.35,59.6,-223.35,-113.71,0.703144,1.69629,45.0,40.0577,5.0,24.3437,51.949,51.999,0,0,0,0,0,0,0,0,0,0,0,1.73,0,20.0,0,381287
5084881,1,0020007910431251065004261475781B,2026-06-24 21:59:27,304212, , ,104319220151,0,0,0,0,57000,110000,0,0,120000,0,0,0,1,0:35,1002,555,"52,13     ",34,"52,13     ",34,"30,02     ",32,"30,02     ",32,0         ,0,0         ,0,0,0,0,0,"19,65     ",135,"19,65     ",135,"8,5       ",124,"8,5       ",124,"4,56      ",82,"4,56      ",82,0,0,0,0,0,0,0,0,0,0,0,0,UCX31_x0001_|_x0007_:, ,"1,38      ","5,04      ","44,82     ",14,"4,44      ",94,"64,74     ",5:50      ,3,2026-06-23 19:16:37,11014981.0,MAREESWARAN ,1,104339022021,104319220151,,AUTOMODE_TS1,BV141E2,38,1,,OK,,0,0,0020007910431251065004261475781B,1.1673,1.16302,1.16566,5,5,4.34371,7.59401,5.45868,1,1.2,1.2,1.2,1,1.2,0.5,12,0.5,12,0.5,12,305142,2026-06-23 19:13:37,11014981,MAREESWARAN ,13616,104339022021,104319220151,160HP Z101  ,,AUTOMODE,BV141C,21,1,316790,OK,,0,0,9003102010431351065904261690384A,0020007910431251065004261475781B,00200045104311520066-7261702321C,OK,OK,OK,OK,306479,2026-06-23 19:11:03,11014981.0,MAREESWARAN ,13616,104339022021,104319220151,160HP Z101  ,AUTOMODE,BV141A,24,1,316790,OK,CA1,0,0,1020104313020080004674879488,OK,OK,0.39,0.422,0.5,0.39,0.421,0.5,OK,,00200045104311520066-7261702321C,OK,OK,202.9,145.2,52.6,146.3,0.0,1.47017,52.0256,53.1518,0.0816765,1.59268,55.5086,55.8194,57.6641,7.55504,57.3558,0.285866,0,0,0,0,05ACA002,307172,2026-06-23 19:11:45,11014981.0,MAREESWARAN ,13616.0,104339022021,104319220151,160HP Z101  ,AUTOMODE,BV141B,29,1.0,316790.0,OK,,,,00200045104311520066-7261702321C,OK,OK,,OK,OK,307250,2026-06-23 19:15:31,11014981.0,MAREESWARAN ,13616,104339022021,104319220151,,AUTOMODE,BV141D,36,1,316790,OK,CA13,,,0020007910431251065004261475781B,,0,145.4,4.3,-113.55,50.1,134,19.6,-223.2,59.6,-223.2,-113.71,0.328073,1.12894,45.0,40.0,5.0,25.663,51.9699,52.0856,0,0,0,0,0,0,0,0,0,0,0,3.51,0,20.0,0,381701
5084350,1,0020007910431251065004261475803B,2026-06-24 18:20:51,306217, , ,104319220151,0,0,0,0,57000,110000,0,0,120000,0,0,0,1,0:39,1002,555,"70,44     ",105,"70,44     ",105,"67,23     ",109,"67,23     ",109,0         ,0,0         ,0,0,0,0,0,"67,66     ",96,"67,66     ",96,"4,19      ",153,"4,19      ",153,"2,39      ",137,"2,39      ",137,0,0,0,0,0,0,0,0,0,0,0,0,UCX31_x0001_|_x0007_:, ,"1,43      ","4,91      ","45,19     ",14,"3,91      ",93,"65,09     ",3:52      ,3,2026-06-23 18:05:03,11014981.0,MAREESWARAN ,1,104339022021,104319220151,,AUTOMODE_TS1,BV141E2,38,1,,OK,,0,0,0020007910431251065004261475803B,1.16516,1.14994,1.15258,5,5,2.85868,6.18563,4.42275,1,1.2,1.2,1.2,1,1.2,0.5,12,0.5,12,0.5,12,305101,2026-06-23 18:02:59,11014981,MAREESWARAN ,13616,104339022021,104319220151,160HP Z101  ,,AUTOMODE,BV141C,21,1,316745,OK,,0,0,9003102010431351065904261689891B,0020007910431251065004261475803B,00200045104311520066-7261702343C,OK,OK,OK,OK,306436,2026-06-23 18:01:41,11014981.0,MAREESWARAN ,13616,104339022021,104319220151,160HP Z101  ,AUTOMODE,BV141A,24,1,316745,OK,CA1,0,0,1020104313020080004674879488,OK,OK,0.39,0.409,0.5,0.39,0.407,0.5,OK,,00200045104311520066-7261702343C,OK,OK,202.9,145.2,52.6,146.3,-0.0408363,2.24609,52.1219,53.2455,0.122513,1.59269,55.6099,56.0176,57.6686,4.04297,57.5667,0.245029,0,0,0,0,05ACA007,307127,2026-06-23 18:02:25,11014981.0,MAREESWARAN ,13616.0,104339022021,104319220151,160HP Z101  ,AUTOMODE,BV141B,30,1.0,316745.0,OK,,,,00200045104311520066-7261702343C,OK,OK,,OK,OK,307207,2026-06-23 18:03:57,11014981.0,MAREESWARAN ,13616,104339022021,104319220151,,AUTOMODE,BV141D,38,1,316745,OK,CA13,,,0020007910431251065004261475803B,,0,145.1,6.8,-113.55,50.1,134,19.6,-223.2,59.6,-223.2,-113.71,0.793283,1.40227,45.0,40.7648,5.0,25.4595,52.0402,52.1088,0,0,0,0,0,0,0,0,0,0,0,3.44,0,20.0,0,381655
5084004,1,0020007910431251065004261476047C,2026-06-24 15:46:12,306217, , ,104319220151,0,0,0,0,57000,110000,0,0,120000,0,0,0,3,2:34,1002,555,"56,56     ",72,"10,52     ",353,"36,57     ",84,"3,02      ",34,0         ,0,0         ,0,0,0,0,0,"30,1      ",113,"3,57      ",72,"12,64     ",129,"3,9       ",27,"2,88      ",29,"2,09      ",30,0,0,0,0,0,0,0,0,0,0,0,0,UCX31_x0001_|_x0007_:, ,"1,28      ","4,96      ","45,25     ",14,"4,11      ",93,"64,9      ",3:04      ,3,2026-06-23 22:12:46,11014981.0,MAREESWARAN ,1,104339022021,104319220151,,AUTOMODE_TS1,BV141E,45,2,,OK,,0,0,0020007910431251065004261476047C,1.17484,1.17408,1.1737,5,5,3.94,4.595,4.9075,1,1.2,1.2,1.2,1,1.2,0.5,12,0.5,12,0.5,12,305307,2026-06-23 22:10:28,11014981,MAREESWARAN ,13616,104339022021,104319220151,160HP Z101  ,,AUTOMODE,BV141C,23,2,316960,OK,,0,0,9003102010431351065904261724099A,0020007910431251065004261476047C,00200045104311520066-7261702381C,OK,OK,OK,OK,306645,2026-06-23 22:09:06,11014981.0,MAREESWARAN ,13616,104339022021,104319220151,160HP Z101  ,AUTOMODE,BV141A,22,2,316960,OK,CA1,0,0,1020104313020080004674879488,OK,OK,0.39,0.422,0.5,0.39,0.428,0.5,OK,,00200045104311520066-7261702381C,OK,OK,202.9,145.2,52.6,146.3,0.0,1.59268,52.0639,53.6054,0.122513,1.81338,55.8628,56.2401,56.2705,1.83771,57.8145,0.326702,0,0,0,0,05ACA003,307339,2026-06-23 22:09:48,11014981.0,MAREESWARAN ,13616.0,104339022021,104319220151,160HP Z101  ,AUTOMODE,BV141B,29,2.0,316960.0,OK,,,,00200045104311520066-7261702381C,OK,OK,,OK,OK,307416,2026-06-23 22:11:36,11014981.0,MAREESWARAN ,13616,104339022021,104319220151,,AUTOMODE,BV141D,33,2,316960,OK,CA13,,,0020007910431251065004261476047C,,0,145.3,2.9,-113.55,50.1,134,19.6,-223.2,59.6,-223.2,-113.71,0.664864,2.3866,45.0,40.0,5.0,25.7686,51.9155,52.0171,0,0,0,0,0,0,0,0,0,0,0,3.44,0,20.0,0,381872
5081278,1,0020007910431251065004261484540A,2026-06-23 21:13:28,306217, , ,104319220140,0,0,0,0,57000,110000,0,0,120000,0,0,0,1,0:43,1002,555,"41,45     ",70,"41,45     ",70,"37,43     ",35,"37,43     ",35,0         ,0,0         ,0,0,0,0,0,"38,36     ",123,"38,36     ",123,"10,15     ",183,"10,15     ",183,"4,08      ",25,"4,08      ",25,0,0,0,0,0,0,0,0,0,0,0,0,UCX31_x0001_|_x0007_:, ,"1,35      ","4,93      ","45,28     ",14,"3,16      ",93,"64,45     ",1:55      ,3,2026-06-22 21:24:39,11014981.0,MAREESWARAN ,1,104339022020,104319220140,,AUTOMODE_TS1,BV141E,41,2,,OK,,0,0,0020007910431251065004261484540A,1.178,1.17535,1.17712,5,5,4.3375,4.28,5.3325,1,1.2,1.2,1.2,1,1.2,0.5,12,0.5,12,0.5,12,304033,2026-06-22 21:21:53,11014981,MAREESWARAN ,13616,104339022020,104319220140,140HPW501   ,,AUTOMODE,BV141C,21,2,315626,OK,,0,0,9003102010431351065904261665374A,0020007910431251065004261484540A,00200045104311520066-7261712039A,OK,OK,OK,OK,305346,2026-06-22 21:20:15,11014981.0,MAREESWARAN ,13616,104339022020,104319220140,140HPW501   ,AUTOMODE,BV141A,22,2,315626,OK,CA1,0,0,300050104312999991395364110336,OK,OK,0.39,0.431,0.5,0.39,0.442,0.5,OK,,00200045104311520066-7261712039A,OK,OK,202.9,145.2,52.6,146.3,-0.0408363,2.32777,52.4149,53.3398,0.163353,2.24609,55.5998,55.908,56.2401,1.75878,57.5489,0.326706,0,0,0,0,05ACA001,306019,2026-06-22 21:20:55,11014981.0,MAREESWARAN ,13616.0,104339022020,104319220140,140HPW501   ,AUTOMODE,BV141B,28,2.0,315626.0,OK,,,,00200045104311520066-7261712039A,OK,OK,,OK,OK,306106,2026-06-22 21:23:35,11014981.0,MAREESWARAN ,13616,104339022020,104319220140,,AUTOMODE,BV141D,34,2,315626,OK,CA14,,,0020007910431251065004261484540A,,0,145.7,4.7,-113.55,50.1,134,19.6,-223.35,59.6,-223.35,-113.71,-0.0226173,0.56543,40.0044,41.8828,5.0,24.012,51.7429,52.2076,0,0,0,0,0,0,0,0,0,0,0,2.66,0,20.0,0,380387
5097057,1,0020007910431251065004261484546A,2026-06-28 12:38:06,318215, , ,104319220140,0,0,0,0,57000,110000,0,0,120000,0,0,0,2,1:36,1002,555,"42,43     ",346,"29,12     ",353,"44,99     ",331,"10,22     ",1,0         ,0,0         ,0,0,0,0,0,"32,17     ",19,"5,03      ",89,"7,23      ",147,"12,21     ",51,"0,57      ",277,"1,57      ",173,0,0,0,0,0,0,0,0,0,0,0,0,UCX31_x0001_|_x0007_:, ,"1,27      ","4,74      ","45,43     ",13,"4,56      ",94,"64,95     ",2:41      ,3,2026-06-28 10:21:06,11014981.0,MAREESWARAN ,1,104339022020,104319220140,,AUTOMODE_TS1,BV141E,40,1,,OK,,0,0,0020007910431251065004261484546A,1.17813,1.17611,1.17712,5,5,6.6075,6.22,9.23,1,1.2,1.2,1.2,1,1.2,0.5,12,0.5,12,0.5,12,313013,2026-06-28 10:16:42,11014086,BABU        ,13616,104339022020,104319220140,140HPW501   ,,AUTOMODE,BV141C,31,1,322322,OK,,0,0,9003102010431351065904261758274B,0020007910431251065004261484546A,00200045104311520066-7261760761C,OK,OK,OK,OK,314416,2026-06-28 10:15:02,11014086.0,BABU        ,13616,104339022020,104319220140,140HPW501   ,AUTOMODE,BV141A,22,1,322322,OK,CA1,0,0,300050104312999991395364110336,OK,OK,0.39,0.448,0.5,0.39,0.455,0.5,OK,,00200045104311520066-7261760761C,OK,OK,202.9,145.2,52.6,146.3,0.0,1.7152,52.1194,53.1462,0.122513,2.24609,55.4036,55.8113,57.554,2.45028,57.3477,0.408382,0,0,0,0,05ACA001,314181,2026-06-28 10:15:38,11014086.0,BABU        ,13616.0,104339022020,104319220140,140HPW501   ,AUTOMODE,BV141B,26,1.0,322322.0,OK,,,,00200045104311520066-7261760761C,OK,OK,,OK,OK,315222,2026-06-28 10:20:00,11014086.0,BABU        ,13616,104339022020,104319220140,,AUTOMODE,BV141D,37,1,322322,OK,CA13,,,0020007910431251065004261484546A,,0,147.1,7.9,-113.55,50.1,134,19.6,-223.35,59.6,-223.35,-113.71,0.411259,1.56514,45.0,40.0,5.0,25.7083,51.5403,51.6533,0,0,0,0,0,0,0,0,0,0,0,1.71,0,20.0,0,390868
5099283,1,0020007910431251065004261484753A,2026-06-29 13:03:02,318215, , ,104319220140,0,0,0,0,57000,110000,0,0,120000,0,0,0,1,0:41,1002,555,"46,58     ",356,"46,58     ",356,"18,05     ",351,"18,05     ",351,0         ,0,0         ,0,0,0,0,0,"14,09     ",40,"14,09     ",40,"11,05     ",50,"11,05     ",50,"4,18      ",138,"4,18      ",138,0,0,0,0,0,0,0,0,0,0,0,0,UCX31_x0001_|_x0007_:, ,"1,19      ","4,75      ","46,15     ",13,"4,91      ",94,"65,02     ",0:38      ,3,2026-06-25 05:22:11,11014981.0,MAREESWARAN ,1,104339022020,104319220140,,AUTOMODE_TS1,BV141E2,34,2,,OK,,0,0,0020007910431251065004261484753A,1.1673,1.15082,1.14616,5,5,4.74611,8.68263,5.17126,1,1.2,1.2,1.2,1,1.2,0.5,12,0.5,12,0.5,12,306809,2026-06-25 05:20:25,11014981,MAREESWARAN ,13616,104339022020,104319220140,140HPW501   ,,AUTOMODE,BV141C,19,2,318516,OK,,0,0,9003102010431351065904261702708B,0020007910431251065004261484753A,00200045104311520066-7261722623C,OK,OK,OK,OK,308175,2026-06-25 05:18:57,11014981.0,MAREESWARAN ,13616,104339022020,104319220140,140HPW501   ,AUTOMODE,BV141A,22,2,318516,OK,CA1,0,0,300050104312999991395364110336,OK,OK,0.39,0.395,0.5,0.39,0.402,0.5,OK,,00200045104311520066-7261722623C,OK,OK,202.9,145.2,52.6,146.3,0.0408401,1.63352,52.0912,53.1155,0.163353,1.75604,55.4824,55.8926,57.7347,1.47017,57.6328,0.285866,0,0,0,0,05ACA007,308883,2026-06-25 05:19:37,11014981.0,MAREESWARAN ,13616.0,104339022020,104319220140,140HPW501   ,AUTOMODE,BV141B,30,2.0,318516.0,OK,,,,00200045104311520066-7261722623C,OK,OK,,OK,OK,308950,2026-06-25 05:21:07,11014981.0,MAREESWARAN ,13616,104339022020,104319220140,,AUTOMODE,BV141D,30,2,318516,OK,CA13,,,0020007910431251065004261484753A,,0,146.4,2.5,-113.55,50.1,134,19.6,-223.35,59.6,-223.35,-113.71,2.78192,3.54628,42.5305,45.0,5.0,24.2834,46.5713,52.2275,0,0,0,0,0,0,0,0,0,0,0,1.55,0,20.0,0,383770
5082146,1,0020007910431251065004261484826A,2026-06-24 02:54:04,306217, , ,104319220140,0,0,0,0,57000,110000,0,0,120000,0,0,0,1,0:43,1002,555,"39,02     ",38,"39,02     ",38,"34,43     ",38,"34,43     ",38,0         ,0,0         ,0,0,0,0,0,"33,68     ",133,"33,68     ",133,"11,54     ",78,"11,54     ",78,"4,38      ",331,"4,38      ",331,0,0,0,0,0,0,0,0,0,0,0,0,UCX31_x0001_|_x0007_:, ,"1,29      ","4,93      ","45,28     ",14,"3,65      ",93,"64,52     ",2:12      ,3,2026-06-22 17:27:55,11014981.0,MAREESWARAN ,1,104339022020,104319220140,,AUTOMODE_TS1,BV141E,40,1,,OK,,0,0,0020007910431251065004261484826A,1.17737,1.17396,1.17788,5,5,4.7975,5.99,6.0925,1,1.2,1.2,1.2,1,1.2,0.5,12,0.5,12,0.5,12,303841,2026-06-22 17:25:49,11014981,MAREESWARAN ,13616,104339022020,104319220140,140HPW501   ,,AUTOMODE,BV141C,22,1,315428,OK,,0,0,9003102010431351065904261677652B,0020007910431251065004261484826A,00200045104311520066-7261712389B,OK,OK,OK,OK,305154,2026-06-22 17:24:35,11014981.0,MAREESWARAN ,13616,104339022020,104319220140,140HPW501   ,AUTOMODE,BV141A,24,1,315428,OK,CA1,0,0,300050104312999991395364110336,OK,OK,0.39,0.431,0.5,0.39,0.429,0.5,OK,,00200045104311520066-7261712389B,OK,OK,202.9,145.2,52.6,146.3,-0.0408401,1.67436,52.0508,53.1744,0.0816727,2.5728,55.6458,56.163,56.3669,2.53196,57.7045,0.530891,0,0,0,0,05ACA003,305825,2026-06-22 17:25:15,11014981.0,MAREESWARAN ,13616.0,104339022020,104319220140,140HPW501   ,AUTOMODE,BV141B,28,1.0,315428.0,OK,,,,00200045104311520066-7261712389B,OK,OK,,OK,OK,305914,2026-06-22 17:26:45,11014981.0,MAREESWARAN ,13616,104339022020,104319220140,,AUTOMODE,BV141D,34,1,315428,OK,CA14,,,0020007910431251065004261484826A,,0,145.2,5.0,-113.55,50.1,134,19.6,-223.35,59.6,-223.35,-113.71,-0.00753784,0.384495,40.0299,40.9247,5.0,21.8633,52.3292,52.3932,0,0,0,0,0,0,0,0,0,0,0,2.19,0,20.0,0,380187
5034128,1,0020007910431251065004261485061B,2026-06-09 15:07:45,304212, , ,104319220140,0,0,0,0,57000,110000,0,0,120000,0,0,0,1,0:46,1002,555,"16,75     ",169,"16,75     ",169,"11,94     ",210,"11,94     ",210,0         ,0,0         ,0,0,0,0,0,"6,69      ",320,"6,69      ",320,"7,43      ",208,"7,43      ",208,"4,74      ",349,"4,74      ",349,0,0,0,0,0,0,0,0,0,0,0,0,UCX31_x0001_|_x0007_:, ,"1,46      ","4,94      ","44,76     ",14,"4,42      ",94,"64,91     ",1:42      ,3,2026-06-08 20:55:21,11014981.0,MAREESWARAN ,1,104339022020,104319220140,,AUTOMODE_TS1,BV141E2,38,2,,OK,,0,0,0020007910431251065004261485061B,1.14918,1.14931,1.15119,5,5,2.47665,6.1018,3.76407,1,1.2,1.2,1.2,1,1.2,0.5,12,0.5,12,0.5,12,289302,2026-06-08 20:52:39,11014981,MAREESWARAN ,13616,104339022020,104319220140,140HPW501   ,,AUTOMODE,BV141C,24,2,301320,OK,,0,0,9003102010431351065904261568045A,0020007910431251065004261485061B,00200045104311520066-7261562539B,OK,OK,OK,OK,290493,2026-06-08 20:51:23,11014981.0,MAREESWARAN ,13616,104339022020,104319220140,140HPW501   ,AUTOMODE,BV141A,22,2,301320,OK,CA1,0,0,300050104312999991395364110336,OK,OK,0.39,0.426,0.5,0.39,0.429,0.5,OK,,00200045104311520066-7261562539B,OK,OK,202.9,145.2,52.6,146.3,0.0,1.59268,52.0869,53.4271,0.122513,2.0419,55.58,56.0947,57.6311,1.96023,57.5292,0.367542,0,0,0,0,05ACA007,291035,2026-06-08 20:52:03,11014981.0,MAREESWARAN ,13616.0,104339022020,104319220140,140HPW501   ,AUTOMODE,BV141B,30,2.0,301320.0,OK,,,,00200045104311520066-7261562539B,OK,OK,,OK,OK,291175,2026-06-08 20:54:07,11014981.0,MAREESWARAN ,13616,104339022020,104319220140,,AUTOMODE,BV141D,31,2,301320,OK,CA14,,,0020007910431251065004261485061B,,0,145.1,3.5,-113.55,50.1,134,19.6,-223.2,59.6,-223.2,-113.71,0.305462,1.13086,45.0,40.4977,5.0,21.0265,51.9843,52.0196,0,0,0,0,0,0,0,0,0,0,0,1.59,0,20.0,0,359634
5068463,1,0020007910431251065004261485419B,2026-06-19 13:43:30,304212, , ,104319220151,0,0,0,0,57000,110000,0,0,120000,0,0,0,1,0:34,1002,555,"69,31     ",38,"69,31     ",38,"51,79     ",26,"51,79     ",26,0         ,0,0         ,0,0,0,0,0,"36,21     ",72,"36,21     ",72,"6,76      ",113,"6,76      ",113,"6,24      ",132,"6,24      ",132,0,0,0,0,0,0,0,0,0,0,0,0,UCX31_x0001_|_x0007_:, ,"1,31      ",5         ,"45,05     ",14,"4,48      ",94,"64,78     ",2:39      ,3,2026-06-20 04:36:37,11014981.0,MAREESWARAN ,1,104339022021,104319220151,,AUTOMODE_TS1,BV141E,45,2,,OK,,0,0,0020007910431251065004261485419B,1.17762,1.17674,1.1732,5,5,4.155,3.7,5.7725,1,1.2,1.2,1.2,1,1.2,0.5,12,0.5,12,0.5,12,301680,2026-06-20 04:34:47,11014981,MAREESWARAN ,13616,104339022021,104319220151,160HP Z101  ,,AUTOMODE,BV141C,17,2,313206,OK,,0,0,9003102010431351065904261654463A,0020007910431251065004261485419B,00200045104311520066-7261662251A,OK,OK,OK,OK,302965,2026-06-20 04:33:39,11014981.0,MAREESWARAN ,13616,104339022021,104319220151,160HP Z101  ,AUTOMODE,BV141A,23,2,313206,OK,CA1,0,0,1020104313020080004674879488,OK,OK,0.39,0.457,0.5,0.39,0.443,0.5,OK,,00200045104311520066-7261662251A,OK,OK,202.9,145.2,52.6,146.3,-0.0408401,1.67436,52.1016,53.029,0.0408363,1.83771,55.3884,55.6941,57.6432,6.20739,57.4394,0.245026,0,0,0,0,05ACA002,303620,2026-06-20 04:34:17,11014981.0,MAREESWARAN ,13616.0,104339022021,104319220151,160HP Z101  ,AUTOMODE,BV141B,30,2.0,313206.0,OK,,,,00200045104311520066-7261662251A,OK,OK,,OK,OK,303720,2026-06-20 04:35:27,11014981.0,MAREESWARAN ,13616,104339022021,104319220151,,AUTOMODE,BV141D,30,2,313206,OK,CA13,,,0020007910431251065004261485419B,,0,145.3,4.8,-113.55,50.1,134,19.6,-223.2,59.6,-223.2,-113.71,0.346892,1.42253,45.0,40.0,5.0,26.2209,51.4569,51.6303,0,0,0,0,0,0,0,0,0,0,0,3.32,0,20.0,0,377744
5068433,1,0020007910431251065004261485421B,2026-06-19 13:29:56,304212, , ,104319220151,0,0,0,0,57000,110000,0,0,120000,0,0,0,1,0:43,1002,555,"42,81     ",183,"42,81     ",183,"31,02     ",136,"31,02     ",136,0         ,0,0         ,0,0,0,0,0,"27,24     ",176,"27,24     ",176,"8,98      ",288,"8,98      ",288,"5,47      ",213,"5,47      ",213,0,0,0,0,0,0,0,0,0,0,0,0,UCX31_x0001_|_x0007_:, ,"1,38      ","5,03      ","46,18     ",14,"4,5       ",94,"64,74     ",1:53      ,3,2026-06-21 11:31:22,11014981.0,MAREESWARAN ,1,104339022020,104319220140,,AUTOMODE_TS1,BV141E,40,1,,OK,,0,0,0020007910431251065004261485421B,1.17509,1.17573,1.17585,5,5,3.795,4.0775,5.4425,1,1.2,1.2,1.2,1,1.2,0.5,12,0.5,12,0.5,12,303197,2026-06-21 11:26:56,11014981,MAREESWARAN ,13616,104339022020,104319220140,140HPW501   ,,AUTOMODE,BV141C,24,1,314755,OK,,0,0,9003102010431351065904261689537B,0020007910431251065004261485421B,00200045104311520066-7261632553B,OK,OK,OK,OK,304496,2026-06-21 11:23:48,11014981.0,MAREESWARAN ,13616,104339022020,104319220140,140HPW501   ,AUTOMODE,BV141A,29,1,314755,OK,CA1,0,0,300050104312999991395364110336,OK,OK,0.39,0.439,0.5,0.39,0.42,0.5,OK,,00200045104311520066-7261632553B,OK,OK,202.9,145.2,52.6,146.3,-0.0408401,2.61364,52.5885,53.414,0.204189,2.65447,55.6689,56.0791,56.2401,2.39603,57.618,0.449219,0,0,0,0,05ACA010,305158,2026-06-21 11:25:44,11014981.0,MAREESWARAN ,13616.0,104339022020,104319220140,140HPW501   ,AUTOMODE,BV141B,29,1.0,314755.0,OK,,,,00200045104311520066-7261632553B,OK,OK,,OK,OK,305253,2026-06-21 11:30:14,11014981.0,MAREESWARAN ,13616,104339022020,104319220140,,AUTOMODE,BV141D,35,1,314755,OK,CA13,,,0020007910431251065004261485421B,,0,145.0,6.3,-113.55,50.1,134,19.6,-223.35,59.6,-223.35,-113.71,0.148639,0.572971,45.0,41.2546,5.0,21.3808,52.4253,52.4461,0,0,0,0,0,0,0,0,0,0,0,1.63,0,20.0,0,379396
5068372,1,0020007910431251065004261485450B,2026-06-19 13:01:09,304212, , ,104319220151,0,0,0,0,57000,110000,0,0,120000,0,0,0,2,1:39,1002,555,"28,35     ",289,"7,43      ",107,"37,36     ",309,"8,17      ",312,0         ,0,0         ,0,0,0,0,0,"28,07     ",5,"7,83      ",16,"5,32      ",239,"4,12      ",186,"1,74      ",345,"1,61      ",32,0,0,0,0,0,0,0,0,0,0,0,0,UCX31_x0001_|_x0007_:, ,"1,51      ","4,91      ","44,9      ",14,"4,96      ",93,"65,03     ",2:41      ,3,2026-06-18 11:26:00,11014981.0,MAREESWARAN ,1,104339022021,104319220151,,AUTOMODE_TS1,BV141E,45,1,,OK,,0,0,0020007910431251065004261485450B,1.17434,1.17598,1.17674,5,5,3.8575,4.275,5.25,1,1.2,1.2,1.2,1,1.2,0.5,12,0.5,12,0.5,12,300303,2026-06-18 11:23:04,11014981,MAREESWARAN ,13616,104339022021,104319220151,160HP Z101  ,,AUTOMODE,BV141C,20,1,311879,OK,,0,0,9003102010431351065904261643690A,0020007910431251065004261485450B,00200045104311520066-7261572960C,OK,OK,OK,OK,301664,2026-06-18 11:20:34,11014981.0,MAREESWARAN ,13616,104339022021,104319220151,160HP Z101  ,AUTOMODE,BV141A,35,1,311879,OK,CA1,0,0,1020104313020080004674879488,OK,OK,0.39,0.402,0.5,0.39,0.392,0.5,OK,,00200045104311520066-7261572960C,OK,OK,202.9,145.2,52.6,146.3,-0.0408363,0.857601,52.1381,53.063,0.0,1.51101,55.4299,55.7382,57.5829,1.96023,57.1727,0.28587,0,0,0,0,05ACA004,302305,2026-06-18 11:21:16,11014981.0,MAREESWARAN ,13616.0,104339022021,104319220151,160HP Z101  ,AUTOMODE,BV141B,28,1.0,311879.0,OK,,,,00200045104311520066-7261572960C,OK,OK,,OK,OK,302404,2026-06-18 11:24:50,11014981.0,MAREESWARAN ,13616,104339022021,104319220151,,AUTOMODE,BV141D,36,1,311879,OK,CA13,,,0020007910431251065004261485450B,,0,145.0,4.5,-113.55,50.1,134,19.6,-223.2,59.6,-223.2,-113.71,1.04559,2.91898,45.0,40.0,5.0,22.3081,51.9998,52.1182,0,0,0,0,0,0,0,0,0,0,0,3.43,0,20.0,0,375844
5063468,1,0020007910431251065004261485683C,2026-06-18 03:48:29,306217, , ,104319220140,0,0,0,0,57000,110000,0,0,120000,0,0,0,1,0:36,1002,555,"41,81     ",331,"41,81     ",331,"33,26     ",307,"33,26     ",307,0         ,0,0         ,0,0,0,0,0,"26,74     ",39,"26,74     ",39,"9,04      ",108,"9,04      ",108,"5,31      ",88,"5,31      ",88,0,0,0,0,0,0,0,0,0,0,0,0,UCX31_x0001_|_x0007_:, ,"1,26      ","4,93      ","45,13     ",14,"4,29      ",93,"64,52     ",9:03      ,3,2026-06-18 02:23:06,11014981.0,MAREESWARAN ,1,104339022020,104319220140,,AUTOMODE_TS1,BV141E2,34,2,,OK,,0,0,0020007910431251065004261485683C,1.16138,1.15811,1.15396,5,5,2.81078,6.99042,3.92814,1,1.2,1.2,1.2,1,1.2,0.5,12,0.5,12,0.5,12,299905,2026-06-18 02:20:22,11014981,MAREESWARAN ,13616,104339022020,104319220140,140HPW501   ,,AUTOMODE,BV141C,18,2,311472,OK,,0,0,9003102010431351065904261643549A,0020007910431251065004261485683C,00200045104311520066-7261650087C,OK,OK,OK,OK,301262,2026-06-18 02:18:30,11014981.0,MAREESWARAN ,13616,104339022020,104319220140,140HPW501   ,AUTOMODE,BV141A,22,2,311472,OK,CA1,0,0,300050104312999991395364110336,OK,OK,0.39,0.455,0.5,0.39,0.441,0.5,OK,,00200045104311520066-7261650087C,OK,OK,202.9,145.2,52.6,146.3,-0.0408363,0.530895,52.206,52.9245,0.0,1.87855,55.2838,55.7959,57.7399,7.5142,57.3323,0.326706,0,0,0,0,05ACA006,301900,2026-06-18 02:19:12,11014981.0,MAREESWARAN ,13616.0,104339022020,104319220140,140HPW501   ,AUTOMODE,BV141B,28,2.0,311472.0,OK,,,,00200045104311520066-7261650087C,OK,OK,,OK,OK,301997,2026-06-18 02:22:02,11014981.0,MAREESWARAN ,13616,104339022020,104319220140,,AUTOMODE,BV141D,34,2,311472,OK,CA13,,,0020007910431251065004261485683C,,0,145.3,4.6,-113.55,50.1,134,19.6,-223.35,59.6,-223.35,-113.71,0.363074,1.37348,45.0,40.0,5.0,24.7659,51.5337,51.6404,0,0,0,0,0,0,0,0,0,0,0,1.94,0,20.0,0,375425
5098478,1,0020007910431251065004261485806C,2026-06-29 06:27:19,304212, , ,104319220140,0,0,0,0,57000,110000,0,0,120000,0,0,0,1,0:40,1002,555,"51,72     ",244,"51,72     ",244,"28,72     ",239,"28,72     ",239,0         ,0,0         ,0,0,0,0,0,"21,65     ",195,"21,65     ",195,"14,16     ",214,"14,16     ",214,"3,36      ",301,"3,36      ",301,0,0,0,0,0,0,0,0,0,0,0,0,UCX31_x0001_|_x0007_:, ,"1,54      ","4,91      ","45,48     ",14,"4,24      ",94,"64,93     ",5:21      ,3,2026-06-25 13:20:22,11014981.0,MAREESWARAN ,1,104339022020,104319220140,,AUTOMODE_TS1,BV141E2,34,1,,OK,,0,0,0020007910431251065004261485806C,1.14428,1.17057,1.15245,5,5,2.44671,6.75329,3.48024,1,1.2,1.2,1.2,1,1.2,0.5,12,0.5,12,0.5,12,307206,2026-06-25 13:18:22,11014981,MAREESWARAN ,13616,104339022020,104319220140,140HPW501   ,,AUTOMODE,BV141C,97,1,318926,OK,,0,0,9003102010431351065904261690171A,0020007910431251065004261485806C,00200045104311520066-7261742318B,OK,OK,OK,OK,308578,2026-06-25 13:14:58,11014981.0,MAREESWARAN ,13616,104339022020,104319220140,140HPW501   ,AUTOMODE,BV141A,21,1,318926,OK,CA1,0,0,300050104312999991395364110336,OK,OK,0.39,0.443,0.5,0.39,0.452,0.5,OK,,00200045104311520066-7261742318B,OK,OK,202.9,145.2,52.6,146.3,-0.0408401,1.75603,52.2037,53.233,0.122513,2.20525,55.5006,55.9083,56.2401,1.56211,57.5542,0.326702,0,0,0,0,05ACA010,309291,2026-06-25 13:15:36,11014981.0,MAREESWARAN ,13616.0,104339022020,104319220140,140HPW501   ,AUTOMODE,BV141B,31,1.0,318926.0,OK,,,,00200045104311520066-7261742318B,OK,OK,,OK,OK,309354,2026-06-25 13:19:12,11014981.0,MAREESWARAN ,13616,104339022020,104319220140,,AUTOMODE,BV141D,39,1,318926,OK,CA13,,,0020007910431251065004261485806C,,0,145.6,9.8,-113.55,50.1,134,19.6,-223.35,59.6,-223.35,-113.71,0.761818,1.75661,45.0,40.8611,5.0,21.4638,52.351,52.4034,0,0,0,0,0,0,0,0,0,0,0,1.68,0,20.0,0,384199
5083509,1,0020007910431251065004261485851C,2026-06-24 12:35:02,306217, , ,104319220151,0,0,0,0,57000,110000,0,0,120000,0,0,0,3,2:53,1002,555,"71,08     ",331,"13,12     ",215,"41,87     ",341,"2,78      ",271,0         ,0,0         ,0,0,0,0,0,"30,62     ",13,"4,37      ",313,"21,48     ",31,"5,52      ",252,"5,07      ",7,"5,17      ",15,0,0,0,0,0,0,0,0,0,0,0,0,UCX31_x0001_|_x0007_:, ,"1,31      ","4,93      ","45,25     ",14,"4,13      ",93,"65,03     ",4:07      ,3,2026-06-24 00:34:44,11014981.0,MAREESWARAN ,1,104339022021,104319220151,,AUTOMODE_TS1,BV141E,44,2,,OK,,0,0,0020007910431251065004261485851C,1.17509,1.17345,1.17332,5,5,4.575,4.4375,6.76,1,1.2,1.2,1.2,1,1.2,0.5,12,0.5,12,0.5,12,305452,2026-06-24 00:32:16,11014981,MAREESWARAN ,13616,104339022021,104319220151,160HP Z101  ,,AUTOMODE,BV141C,21,2,317115,OK,,0,0,9003102010431351065904261724238A,0020007910431251065004261485851C,00200045104311520066-7261692156A,OK,OK,OK,OK,306793,2026-06-24 00:30:55,11014981.0,MAREESWARAN ,13616,104339022021,104319220151,160HP Z101  ,AUTOMODE,BV141A,22,2,317115,OK,CA1,0,0,1020104313020080004674879488,OK,OK,0.39,0.408,0.5,0.39,0.405,0.5,OK,,00200045104311520066-7261692156A,OK,OK,202.9,145.2,52.6,146.3,0.0,3.2262,52.0454,53.2786,0.245026,2.77699,55.4417,55.75,57.5947,4.69638,57.3909,0.449219,0,0,0,0,05ACA004,307489,2026-06-24 00:31:36,11014981.0,MAREESWARAN ,13616.0,104339022021,104319220151,160HP Z101  ,AUTOMODE,BV141B,29,2.0,317115.0,OK,,,,00200045104311520066-7261692156A,OK,OK,,OK,OK,307564,2026-06-24 00:33:34,11014981.0,MAREESWARAN ,13616,104339022021,104319220151,,AUTOMODE,BV141D,32,2,317115,OK,CA13,,,0020007910431251065004261485851C,,0,145.3,2.6,-113.55,50.1,134,19.6,-223.2,59.6,-223.2,-113.71,0.323657,0.927307,45.0,40.3628,5.0,26.0626,51.8237,51.9152,0,0,0,0,0,0,0,0,0,0,0,3.52,0,20.0,0,382065
5034120,1,0020007910431251065004261486013C,2026-06-09 15:01:27,304212, , ,104319220140,0,0,0,0,57000,110000,0,0,120000,0,0,0,1,0:45,1002,555,"38,88     ",304,"38,88     ",304,"20,98     ",339,"20,98     ",339,0         ,0,0         ,0,0,0,0,0,"13,43     ",86,"13,43     ",86,"14,23     ",357,"14,23     ",357,"2,36      ",79,"2,36      ",79,0,0,0,0,0,0,0,0,0,0,0,0,UCX31_x0001_|_x0007_:, ,"1,36      ","4,94      ","45,39     ",14,"4,7       ",94,"64,93     ",1:42      ,3,2026-06-08 22:49:03,11014981.0,MAREESWARAN ,1,104339022020,104319220140,,AUTOMODE_TS1,BV141E2,38,2,,OK,,0,0,0020007910431251065004261486013C,1.1527,1.14717,1.16579,5,5,2.65749,6.40719,3.96407,1,1.2,1.2,1.2,1,1.2,0.5,12,0.5,12,0.5,12,289445,2026-06-08 22:46:25,11014981,MAREESWARAN ,13616,104339022020,104319220140,140HPW501   ,,AUTOMODE,BV141C,18,2,301466,OK,,0,0,9003102010431351065904261554681A,0020007910431251065004261486013C,00200045104311520066-7261562292A,OK,OK,OK,OK,290639,2026-06-08 22:44:59,11014981.0,MAREESWARAN ,13616,104339022020,104319220140,140HPW501   ,AUTOMODE,BV141A,22,2,301466,OK,CA1,0,0,300050104312999991395364110336,OK,OK,0.39,0.449,0.5,0.39,0.43,0.5,OK,,00200045104311520066-7261562292A,OK,OK,202.9,145.2,52.6,146.3,-0.0408401,1.79688,52.1932,53.3244,0.122513,2.69531,55.5742,55.8825,56.2401,1.98386,57.6328,0.367542,0,0,0,0,05ACA004,291181,2026-06-08 22:45:37,11014981.0,MAREESWARAN ,13616.0,104339022020,104319220140,140HPW501   ,AUTOMODE,BV141B,29,2.0,301466.0,OK,,,,00200045104311520066-7261562292A,OK,OK,,OK,OK,291321,2026-06-08 22:47:55,11014981.0,MAREESWARAN ,13616,104339022020,104319220140,,AUTOMODE,BV141D,31,2,301466,OK,CA14,,,0020007910431251065004261486013C,,0,145.0,3.6,-113.55,50.1,134,19.6,-223.2,59.6,-223.2,-113.71,1.21284,3.17805,45.0,40.0,5.0,25.0901,51.7873,51.8545,0,0,0,0,0,0,0,0,0,0,0,1.61,0,20.0,0,359807
5059125,1,0020007910431251065004261486175C,2026-06-17 03:07:56,304212, , ,104319220140,0,0,0,0,57000,110000,0,0,120000,0,0,0,1,0:50,1002,555,"80,01     ",2,"80,01     ",2,"72,26     ",342,"72,26     ",342,0         ,0,0         ,0,0,0,0,0,"51,36     ",90,"51,36     ",90,"7,86      ",222,"7,86      ",222,"3,04      ",80,"3,04      ",80,0,0,0,0,0,0,0,0,0,0,0,0,UCX31_x0001_|_x0007_:, ,"1,37      ","4,99      ","46,41     ",14,"4,73      ",93,"64,68     ",1:49      ,3,2026-06-17 02:56:20,11014086.0,BABU        ,1,104339022020,104319220140,,AUTOMODE_TS1,BV141E,40,2,,OK,,0,0,0020007910431251065004261486175C,1.17636,1.17446,1.17661,5,5,4.5375,4.7625,5.62,1,1.2,1.2,1.2,1,1.2,0.5,12,0.5,12,0.5,12,298716,2026-06-17 02:52:34,11014981,MAREESWARAN ,13616,104339022020,104319220140,140HPW501   ,,AUTOMODE,BV141C,20,2,310264,OK,,0,0,9003102010431351065904261630300A,0020007910431251065004261486175C,00200045104311520066-7261650426A,OK,OK,OK,OK,300065,2026-06-17 02:50:40,11014981.0,MAREESWARAN ,13616,104339022020,104319220140,140HPW501   ,AUTOMODE,BV141A,22,2,310264,OK,CA1,0,0,300050104312999991395364110336,OK,OK,0.39,0.445,0.5,0.39,0.444,0.5,OK,,00200045104311520066-7261650426A,OK,OK,202.9,145.2,52.6,146.3,-0.0408401,2.16442,52.4231,53.2461,0.163353,2.20525,55.3022,55.715,57.8756,12.7006,57.4679,0.285866,0,0,0,0,05ACA002,300698,2026-06-17 02:51:24,11014981.0,MAREESWARAN ,13616.0,104339022020,104319220140,140HPW501   ,AUTOMODE,BV141B,30,2.0,310264.0,OK,,,,00200045104311520066-7261650426A,OK,OK,,OK,OK,300798,2026-06-17 02:54:56,11014981.0,MAREESWARAN ,13616,104339022020,104319220140,,AUTOMODE,BV141D,33,2,310264,OK,CA13,,,0020007910431251065004261486175C,,0,145.3,4.7,-113.55,50.1,134,19.6,-223.35,59.6,-223.35,-113.71,0.5797,2.7161,45.0,40.0,5.0,25.2333,51.5507,51.6404,0,0,0,0,0,0,0,0,0,0,0,1.74,0,20.0,0,373913
5059312,1,0020007910431251065004261486388A,2026-06-17 04:10:32,304212, , ,104319220140,0,0,0,0,57000,110000,0,0,120000,0,0,0,1,0:52,1002,555,"93,74     ",104,"93,74     ",104,"68,86     ",116,"68,86     ",116,0         ,0,0         ,0,0,0,0,0,"44,23     ",224,"44,23     ",224,"18,93     ",152,"18,93     ",152,"2,86      ",169,"2,86      ",169,0,0,0,0,0,0,0,0,0,0,0,0,UCX31_x0001_|_x0007_:, ,"1,33      ",5         ,"45,92     ",14,"4,7       ",93,"64,81     ",7:54      ,3,2026-06-16 22:22:30,11014086.0,BABU        ,1,104339022020,104319220140,,AUTOMODE_TS1,BV141E,41,2,,OK,,0,0,0020007910431251065004261486388A,1.17661,1.17509,1.17598,5,5,3.3225,3.415,4.43,1,1.2,1.2,1.2,1,1.2,0.5,12,0.5,12,0.5,12,298469,2026-06-16 22:20:44,11014981,MAREESWARAN ,13616,104339022020,104319220140,140HPW501   ,,AUTOMODE,BV141C,18,2,310007,OK,,0,0,9003102010431351065904261630772A,0020007910431251065004261486388A,00200045104311520066-7261662158A,OK,OK,OK,OK,299812,2026-06-16 22:19:36,11014981.0,MAREESWARAN ,13616,104339022020,104319220140,140HPW501   ,AUTOMODE,BV141A,22,2,310007,OK,CA1,0,0,300050104312999991395364110336,OK,OK,0.39,0.426,0.5,0.39,0.456,0.5,OK,,00200045104311520066-7261662158A,OK,OK,202.9,145.2,52.6,146.3,0.0,2.32777,52.0634,53.2991,0.204189,1.91939,55.5744,55.9846,56.2401,1.47306,57.7248,0.245029,0,0,0,0,05ACA005,300442,2026-06-16 22:20:12,11014981.0,MAREESWARAN ,13616.0,104339022020,104319220140,140HPW501   ,AUTOMODE,BV141B,28,2.0,310007.0,OK,,,,00200045104311520066-7261662158A,OK,OK,,OK,OK,300544,2026-06-16 22:21:22,11014981.0,MAREESWARAN ,13616,104339022020,104319220140,,AUTOMODE,BV141D,29,2,310007,OK,CA13,,,0020007910431251065004261486388A,,0,145.2,4.7,-113.55,50.1,134,19.6,-223.35,59.6,-223.35,-113.71,0.320676,1.57618,45.0,40.0,5.0,19.6167,52.3266,52.2989,0,0,0,0,0,0,0,0,0,0,0,1.69,0,20.0,0,373587
5058380,1,0020007910431251065004261486408A,2026-06-16 22:36:24,306217, , ,104319220140,0,0,0,0,57000,110000,0,0,120000,0,0,0,1,0:37,1002,555,"52,78     ",36,"52,78     ",36,"50,69     ",2,"50,69     ",2,0         ,0,0         ,0,0,0,0,0,"43,45     ",91,"43,45     ",91,"16,3      ",200,"16,3      ",200,"6,13      ",28,"6,13      ",28,0,0,0,0,0,0,0,0,0,0,0,0,UCX31_x0001_|_x0007_:, ,"1,28      ","4,92      ","45,16     ",14,"4,37      ",93,"64,52     ",2:49      ,3,2026-06-16 22:31:26,11014086.0,BABU        ,1,104339022020,104319220140,,AUTOMODE_TS1,BV141E2,34,2,,OK,,0,0,0020007910431251065004261486408A,1.1478,1.16038,1.14893,5,5,2.0024,6.08743,2.95808,1,1.2,1.2,1.2,1,1.2,0.5,12,0.5,12,0.5,12,298482,2026-06-16 22:29:28,11014981,MAREESWARAN ,13616,104339022020,104319220140,140HPW501   ,,AUTOMODE,BV141C,18,2,310020,OK,,0,0,9003102010431351065904261628715A,0020007910431251065004261486408A,00200045104311520066-7261650434A,OK,OK,OK,OK,299825,2026-06-16 22:28:08,11014981.0,MAREESWARAN ,13616,104339022020,104319220140,140HPW501   ,AUTOMODE,BV141A,22,2,310020,OK,CA1,0,0,300050104312999991395364110336,OK,OK,0.39,0.438,0.5,0.39,0.434,0.5,OK,,00200045104311520066-7261650434A,OK,OK,202.9,145.2,52.6,146.3,-0.0408363,1.3885,52.0944,52.8078,0.0816765,1.34766,55.2741,55.5799,57.7354,8.9027,57.3226,0.204193,0,0,0,0,05ACA006,300455,2026-06-16 22:28:56,11014981.0,MAREESWARAN ,13616.0,104339022020,104319220140,140HPW501   ,AUTOMODE,BV141B,35,2.0,310020.0,OK,,,,00200045104311520066-7261650434A,OK,OK,,OK,OK,300557,2026-06-16 22:30:22,11014981.0,MAREESWARAN ,13616,104339022020,104319220140,,AUTOMODE,BV141D,29,2,310020,OK,CA13,,,0020007910431251065004261486408A,,0,146.1,4.7,-113.55,50.1,134,19.6,-223.35,59.6,-223.35,-113.71,0.194571,0.983269,45.0,40.0,5.0,21.9689,51.8655,51.9176,0,0,0,0,0,0,0,0,0,0,0,1.68,0,20.0,0,373600
5060555,1,0020007910431251065004261486443A,2026-06-17 11:04:01,304212, , ,104319220140,0,0,0,0,57000,110000,0,0,120000,0,0,0,2,1:29,1002,555,"45,14     ",234,"16,99     ",30,"16,02     ",262,"7,15      ",23,0         ,0,0         ,0,0,0,0,0,"8,46      ",4,"5,2       ",124,"14,38     ",311,"3,03      ",120,"2,74      ",131,"2,47      ",142,0,0,0,0,0,0,0,0,0,0,0,0,UCX31_x0001_|_x0007_:, ,"1,38      ","4,91      ","44,96     ",14,"4,49      ",94,"64,81     ",2:40      ,3,2026-06-16 21:51:25,11014086.0,BABU        ,1,104339022020,104319220140,,AUTOMODE_TS1,BV141E2,34,2,,OK,,0,0,0020007910431251065004261486443A,1.16201,1.14717,1.14969,5,5,2.70299,5.45988,3.76886,1,1.2,1.2,1.2,1,1.2,0.5,12,0.5,12,0.5,12,298427,2026-06-16 21:48:53,11014981,MAREESWARAN ,13616,104339022020,104319220140,140HPW501   ,,AUTOMODE,BV141C,19,2,309962,OK,,0,0,9003102010431351065904261617783B,0020007910431251065004261486443A,00200045104311520066-7261650460A,OK,OK,OK,OK,299770,2026-06-16 21:47:01,11014981.0,MAREESWARAN ,13616,104339022020,104319220140,140HPW501   ,AUTOMODE,BV141A,21,2,309962,OK,CA1,0,0,300050104312999991395364110336,OK,OK,0.39,0.418,0.5,0.39,0.431,0.5,OK,,00200045104311520066-7261650460A,OK,OK,202.9,145.2,52.6,146.3,0.0,1.7152,52.0989,53.225,0.163353,2.0419,55.485,56.099,56.2401,1.75922,57.6379,0.326702,0,0,0,0,05ACA010,300398,2026-06-16 21:47:43,11014981.0,MAREESWARAN ,13616.0,104339022020,104319220140,140HPW501   ,AUTOMODE,BV141B,28,2.0,309962.0,OK,,,,00200045104311520066-7261650460A,OK,OK,,OK,OK,300500,2026-06-16 21:50:21,11014981.0,MAREESWARAN ,13616,104339022020,104319220140,,AUTOMODE,BV141D,28,2,309962,OK,CA13,,,0020007910431251065004261486443A,,0,145.1,4.4,-113.55,50.1,134,19.6,-223.35,59.6,-223.35,-113.71,0.25852,1.51509,45.0,40.0,5.0,23.5219,51.8615,52.3341,0,0,0,0,0,0,0,0,0,0,0,1.73,0,20.0,0,373545
5068515,1,0020007910431251065004261486736B,2026-06-19 14:08:55,304212, , ,104319220151,0,0,0,0,57000,110000,0,0,120000,0,0,0,1,0:39,1002,555,"48,98     ",64,"48,98     ",64,"31,73     ",74,"31,73     ",74,0         ,0,0         ,0,0,0,0,0,"17,07     ",129,"17,07     ",129,"7,98      ",101,"7,98      ",101,"1,6       ",143,"1,6       ",143,0,0,0,0,0,0,0,0,0,0,0,0,UCX31_x0001_|_x0007_:, ,"1,37      ","5,01      ","45,34     ",14,"4,46      ",94,"64,98     ",2:49      ,3,2026-06-18 09:47:24,11014981.0,MAREESWARAN ,1,104339022021,104319220151,,AUTOMODE_TS1,BV141E2,38,1,,OK,,0,0,0020007910431251065004261486736B,1.16289,1.16654,1.14642,5,5,3.27186,7.17126,3.84551,1,1.2,1.2,1.2,1,1.2,0.5,12,0.5,12,0.5,12,300209,2026-06-18 09:44:38,11014981,MAREESWARAN ,13616,104339022021,104319220151,160HP Z101  ,,AUTOMODE,BV141C,23,1,311785,OK,,0,0,9003102010431351065904261664875A,0020007910431251065004261486736B,00200045104311520066-7261672977C,OK,OK,OK,OK,301570,2026-06-18 09:42:22,11014981.0,MAREESWARAN ,13616,104339022021,104319220151,160HP Z101  ,AUTOMODE,BV141A,21,1,311785,OK,CA1,0,0,1020104313020080004674879488,OK,OK,0.39,0.414,0.5,0.39,0.419,0.5,OK,,00200045104311520066-7261672977C,OK,OK,202.9,145.2,52.6,146.3,-0.0816765,1.79688,52.1548,53.3956,0.122513,1.87855,55.5486,56.0607,56.2401,1.55318,57.6021,0.285866,0,0,0,0,05ACA010,302211,2026-06-18 09:43:02,11014981.0,MAREESWARAN ,13616.0,104339022021,104319220151,160HP Z101  ,AUTOMODE,BV141B,28,1.0,311785.0,OK,,,,00200045104311520066-7261672977C,OK,OK,,OK,OK,302310,2026-06-18 09:46:16,11014981.0,MAREESWARAN ,13616,104339022021,104319220151,,AUTOMODE,BV141D,36,1,311785,OK,CA13,,,0020007910431251065004261486736B,,0,145.3,4.7,-113.55,50.1,134,19.6,-223.2,59.6,-223.2,-113.71,0.429842,1.22133,45.0,41.0102,5.0,20.9888,52.4463,52.4787,0,0,0,0,0,0,0,0,0,0,0,3.34,0,20.0,0,375749
5062366,1,0020007910431251065004261496197A,2026-06-17 21:26:34,304212, , ,104319220140,0,0,0,0,57000,110000,0,0,120000,0,0,0,1,0:40,1002,555,"47,51     ",252,"47,51     ",252,"28,69     ",272,"28,69     ",272,0         ,0,0         ,0,0,0,0,0,"18,15     ",19,"18,15     ",19,"11,96     ",302,"11,96     ",302,"5,01      ",116,"5,01      ",116,0,0,0,0,0,0,0,0,0,0,0,0,UCX31_x0001_|_x0007_:, ,"1,49      ","4,98      ","45,86     ",14,"4,16      ",94,"64,74     ",4:21      ,3,2026-06-17 14:47:59,11014981.0,MAREESWARAN ,1,104339022020,104319220140,,AUTOMODE_TS1,BV141E,41,1,,OK,,0,0,0020007910431251065004261496197A,1.17851,1.17257,1.17484,5,5,4.2175,4.25,5.0825,1,1.2,1.2,1.2,1,1.2,0.5,12,0.5,12,0.5,12,299299,2026-06-17 14:43:31,11014981,MAREESWARAN ,13616,104339022020,104319220140,140HPW501   ,,AUTOMODE,BV141C,19,1,310856,OK,,0,0,9003102010431351065904261630840A,0020007910431251065004261496197A,00200045104311520066-7261660301A,OK,OK,OK,OK,300653,2026-06-17 14:40:43,11014981.0,MAREESWARAN ,13616,104339022020,104319220140,140HPW501   ,AUTOMODE,BV141A,22,1,310856,OK,CA1,0,0,300050104312999991395364110336,OK,OK,0.39,0.438,0.5,0.39,0.44,0.5,OK,,00200045104311520066-7261660301A,OK,OK,202.9,145.2,52.6,146.3,0.0,1.42933,52.328,52.8375,0.163353,2.49112,54.993,55.7115,57.7574,6.86079,57.3498,0.449219,0,0,0,0,05ACA004,301289,2026-06-17 14:41:21,11014981.0,MAREESWARAN ,13616.0,104339022020,104319220140,140HPW501   ,AUTOMODE,BV141B,28,1.0,310856.0,OK,,,,00200045104311520066-7261660301A,OK,OK,,OK,OK,301387,2026-06-17 14:44:13,11014981.0,MAREESWARAN ,13616,104339022020,104319220140,,AUTOMODE,BV141D,31,1,310856,OK,CA13,,,0020007910431251065004261496197A,,0,145.9,3.3,-113.55,50.1,134,19.6,-223.35,59.6,-223.35,-113.71,0.443965,1.84908,45.0,40.0,5.0,22.0669,51.9621,51.9889,0,0,0,0,0,0,0,0,0,0,0,1.62,0,20.0,0,374530
5093753,1,0020007910431251065004261496963C,2026-06-27 11:18:22,314116, , ,104319220140,0,0,0,0,57000,110000,0,0,120000,0,0,0,1,0:47,1002,555,"73,21     ",299,"73,21     ",299,"38,29     ",300,"38,29     ",300,0         ,0,0         ,0,0,0,0,0,"54,44     ",280,"54,44     ",280,"20,81     ",251,"20,81     ",251,"2,95      ",349,"2,95      ",349,0,0,0,0,0,0,0,0,0,0,0,0,UCX31_x0001_|_x0007_:, ,"1,35      ","4,96      ","45,25     ",3,"4,37      ",93,"65,39     ",2:45      ,3,2026-06-28 11:20:00,11014981.0,MAREESWARAN ,1,104339022020,104319220140,,AUTOMODE_TS1,BV141E,41,1,,OK,,0,0,0020007910431251065004261496963C,1.17813,1.17901,1.1732,5,5,4.125,4.535,8.5,1,1.2,1.2,1.2,1,1.2,0.5,12,0.5,12,0.5,12,313076,2026-06-28 11:17:10,11014086,BABU        ,13616,104339022020,104319220140,140HPW501   ,,AUTOMODE,BV141C,27,1,322387,OK,,0,0,9003102010431351065904261758296B,0020007910431251065004261496963C,00200045104311520066-7261761352B,OK,OK,OK,OK,314479,2026-06-28 11:15:10,11014086.0,BABU        ,13616,104339022020,104319220140,140HPW501   ,AUTOMODE,BV141A,22,1,322387,OK,CA1,0,0,300050104312999991395364110336,OK,OK,0.39,0.459,0.5,0.39,0.463,0.5,OK,,00200045104311520066-7261761352B,OK,OK,202.9,145.2,52.6,146.3,0.0,1.87855,52.4662,53.0777,0.163349,1.7152,55.2434,55.753,57.7913,7.35085,57.4855,0.245026,0,0,0,0,05ACA002,314246,2026-06-28 11:15:44,11014086.0,BABU        ,13616.0,104339022020,104319220140,140HPW501   ,AUTOMODE,BV141B,26,1.0,322387.0,OK,,,,00200045104311520066-7261761352B,OK,OK,,OK,OK,315287,2026-06-28 11:18:48,11014086.0,BABU        ,13616,104339022020,104319220140,,AUTOMODE,BV141D,37,1,322387,OK,CA13,,,0020007910431251065004261496963C,,0,147.1,7.8,-113.55,50.1,134,19.6,-223.35,59.6,-223.35,-113.71,0.699121,2.11243,45.0,40.0,5.0,25.3313,51.5311,51.6172,0,0,0,0,0,0,0,0,0,0,0,1.6,0,20.0,0,390949
5022325,1,0020007910431251065004261497202A,2026-06-05 23:27:43,304212, , ,104319220151,0,0,0,0,57000,110000,0,0,120000,0,0,0,3,2:30,1002,555,"51,32     ",155,"11,65     ",172,"40,29     ",180,"6,81      ",159,0         ,0,0         ,0,0,0,0,0,"24,78     ",288,"3,47      ",271,"12,89     ",193,"2,33      ",270,"4,53      ",123,"5,82      ",131,0,0,0,0,0,0,0,0,0,0,0,0,UCX31_x0001_|_x0007_:, ,"1,54      ",5         ,"44,9      ",14,"4,5       ",93,"65,09     ",5:24      ,3,2026-06-08 13:29:13,11014981.0,MAREESWARAN ,1,104339022020,104319220140,,AUTOMODE_TS1,BV141E2,38,1,,OK,,0,0,0020007910431251065004261497202A,1.14994,1.15346,1.14717,5,5,2.64192,6.45868,3.74611,1,1.2,1.2,1.2,1,1.2,0.5,12,0.5,12,0.5,12,288961,2026-06-08 13:27:03,11014981,MAREESWARAN ,13616,104339022020,104319220140,140HPW501   ,,AUTOMODE,BV141C,24,1,300972,OK,,0,0,9003102010431351065904261568974B,0020007910431251065004261497202A,00200045104311520066-7261552132A,OK,OK,OK,OK,290147,2026-06-08 13:25:17,11014981.0,MAREESWARAN ,13616,104339022020,104319220140,140HPW501   ,AUTOMODE,BV141A,22,1,300972,OK,CA1,0,0,300050104312999991395364110336,OK,OK,0.39,0.422,0.5,0.39,0.436,0.5,OK,,00200045104311520066-7261552132A,OK,OK,202.9,145.2,52.6,146.3,-0.0408401,2.28693,52.5828,52.9905,0.163353,2.61364,55.2581,55.5689,57.6225,10.9038,57.1129,0.449219,0,0,0,0,05ACA006,290687,2026-06-08 13:26:01,11014981.0,MAREESWARAN ,13616.0,104339022020,104319220140,140HPW501   ,AUTOMODE,BV141B,30,1.0,300972.0,OK,,,,00200045104311520066-7261552132A,OK,OK,,OK,OK,290827,2026-06-08 13:28:07,11014981.0,MAREESWARAN ,13616,104339022020,104319220140,,AUTOMODE,BV141D,33,1,300972,OK,CA13,,,0020007910431251065004261497202A,,0,145.2,3.9,-113.55,50.1,134,19.6,-223.2,59.6,-223.2,-113.71,0.358852,1.70748,45.0,40.0,5.0,25.5801,51.4654,51.6029,0,0,0,0,0,0,0,0,0,0,0,1.7,0,20.0,0,359164
5104264,1,0020007910431251065004261497257C,2026-06-30 22:20:07,318215, , ,104319220151,0,0,0,0,57000,110000,0,0,120000,0,0,0,2,1:39,1002,555,"50,85     ",67,"28,26     ",53,"28,54     ",78,"8,51      ",79,0         ,0,0         ,0,0,0,0,0,"17,09     ",141,"4,72      ",169,"15,31     ",124,"12,17     ",108,"2,67      ",217,"2,7       ",218,0,0,0,0,0,0,0,0,0,0,0,0,UCX31_x0001_|_x0007_:, ,"1,11      ","4,78      ","46,2      ",13,"4,36      ",94,"64,95     ",8:44      ,3,2026-06-27 03:47:42,11014981.0,MAREESWARAN ,1,104339022021,104319220151,,AUTOMODE_TS1,BV141E,45,2,,OK,,0,0,0020007910431251065004261497257C,1.17509,1.17649,1.17282,5,5,5.2925,5.15,7.12,1,1.2,1.2,1.2,1,1.2,0.5,12,0.5,12,0.5,12,309155,2026-06-27 03:44:56,11014981,MAREESWARAN ,13616,104339022021,104319220151,160HP Z101  ,,AUTOMODE,BV141C,18,2,320943,OK,,0,0,9003102010431351065904261745947B,0020007910431251065004261497257C,00200045104311520066-7261750287C,OK,OK,OK,OK,310533,2026-06-27 03:43:20,11014981.0,MAREESWARAN ,13616,104339022021,104319220151,160HP Z101  ,AUTOMODE,BV141A,21,2,320943,OK,CA1,0,0,1020104313020080004674879488,OK,OK,0.39,0.468,0.5,0.39,0.468,0.5,OK,,00200045104311520066-7261750287C,OK,OK,202.9,145.2,52.6,146.3,0.0,2.12358,52.0275,53.0543,0.163353,2.00106,55.4085,55.7193,57.5742,6.49325,57.3703,0.367542,0,0,0,0,05ACA002,311281,2026-06-27 03:44:00,11014981.0,MAREESWARAN ,13616.0,104339022021,104319220151,160HP Z101  ,AUTOMODE,BV141B,29,2.0,320943.0,OK,,,,00200045104311520066-7261750287C,OK,OK,,OK,OK,311326,2026-06-27 03:46:32,11014981.0,MAREESWARAN ,13616,104339022021,104319220151,,AUTOMODE,BV141D,36,2,320943,OK,CA13,,,0020007910431251065004261497257C,,0,147.4,6.0,-113.55,50.1,134,19.6,-223.2,59.6,-223.2,-113.71,-0.217384,1.19092,45.0,40.0,5.0,24.8111,51.5823,51.6459,0,0,0,0,0,0,0,0,0,0,0,3.42,0,20.0,0,386491
5051728,1,0020007910431251065004261497361A,2026-06-14 07:49:57,304212, , ,104319220151,0,0,0,0,57000,110000,0,0,120000,0,0,0,1,0:29,1002,555,"18,62     ",246,"18,62     ",246,"13,73     ",259,"13,73     ",259,0         ,0,0         ,0,0,0,0,0,"8,74      ",316,"8,74      ",316,"1,8       ",268,"1,8       ",268,"0,86      ",276,"0,86      ",276,0,0,0,0,0,0,0,0,0,0,0,0,UCX31_x0001_|_x0007_:, ,"1,35      ","4,94      ","45,57     ",14,"4,62      ",94,"64,88     ",4:45      ,3,2026-06-18 23:18:53,11014981.0,MAREESWARAN ,1,104339022019,104319220139,,AUTOMODE_TS1,BV141E,39,2,,OK,,0,0,0020007910431251065004261497361A,1.18078,1.17573,1.17408,2,2,3.3625,3.6,4.5225,1,1.2,1.2,1.2,1,1.2,0.5,12,0.5,12,0.5,12,300903,2026-06-18 23:16:27,11014981,MAREESWARAN ,13616,104339022019,104319220139,140HPW501   ,,AUTOMODE,BV141C,18,2,312490,OK,,0,0,6000102010431351066005261405995B,0020007910431251065004261497361A,00200045104311520066-7261622385A,OK,OK,OK,OK,302266,2026-06-18 23:15:05,11014981.0,MAREESWARAN ,13616,104339022019,104319220139,140HPW501   ,AUTOMODE,BV141A,22,2,312490,OK,CA1,0,0,300050104312999991395364110336,OK,OK,0.39,0.426,0.5,0.39,0.448,0.5,OK,,00200045104311520066-7261622385A,OK,OK,202.9,145.2,52.6,146.3,0.0,2.40945,52.026,53.3534,0.0408401,3.10369,55.1904,55.9064,56.2401,1.85974,57.3383,0.163353,0,0,0,0,05ACA005,302914,2026-06-18 23:15:43,11014981.0,MAREESWARAN ,13616.0,104339022019,104319220139,140HPW501   ,AUTOMODE,BV141B,28,2.0,312490.0,OK,,,,00200045104311520066-7261622385A,OK,OK,,OK,OK,303013,2026-06-18 23:17:45,11014981.0,MAREESWARAN ,13616,104339022019,104319220139,,AUTOMODE,BV141D,58,2,312490,OK,CA13,,,0020007910431251065004261497361A,,0,145.3,5.0,-113.55,49.8,134,19.6,-222.95,59.6,-222.95,-113.71,0.863868,1.81435,45.0,40.0,5.0,20.4988,52.4479,52.4743,0,0,0,0,0,0,0,0,0,0,0,1.59,0,20.0,1,376923
5045970,1,0020007910431251065004261497594B,2026-06-12 18:38:53,304212, , ,104319220151,0,0,0,0,57000,110000,0,0,120000,0,0,0,1,0:30,1002,555,"35,13     ",322,"35,13     ",322,"24,49     ",344,"24,49     ",344,0         ,0,0         ,0,0,0,0,0,"15,64     ",92,"15,64     ",92,"9,35      ",351,"9,35      ",351,"3,7       ",255,"3,7       ",255,0,0,0,0,0,0,0,0,0,0,0,0,UCX31_x0001_|_x0007_:, ,"1,45      ","4,96      ","45,83     ",14,"4,19      ",94,"64,67     ",2:43      ,3,2026-06-12 18:10:33,11014981.0,MAREESWARAN ,1,104339022021,104319220151,,AUTOMODE_TS1,BV141E,44,1,,OK,,0,0,0020007910431251065004261497594B,1.17585,1.17332,1.17307,5,5,4.8075,5.2075,5.7725,1,1.2,1.2,1.2,1,1.2,0.5,12,0.5,12,0.5,12,293578,2026-06-12 18:08:35,11014981,MAREESWARAN ,13616,104339022021,104319220151,160HP Z101  ,,AUTOMODE,BV141C,23,1,305797,OK,,0,0,9003102010431351065904261605366B,0020007910431251065004261497594B,00200045104311520066-7261602764B,OK,OK,OK,OK,294875,2026-06-12 18:07:19,11014981.0,MAREESWARAN ,13616,104339022021,104319220151,160HP Z101  ,AUTOMODE,BV141A,22,1,305797,OK,CA1,0,0,1020104313020080004674879488,OK,OK,0.39,0.413,0.5,0.39,0.421,0.5,OK,,00200045104311520066-7261602764B,OK,OK,202.9,145.2,52.6,146.3,-0.0408401,1.38849,52.0889,53.5233,0.0816765,1.30682,55.7833,56.0941,56.2401,1.15624,57.6381,0.204189,0,0,0,0,05ACA005,295469,2026-06-12 18:08:01,11014981.0,MAREESWARAN ,13616.0,104339022021,104319220151,160HP Z101  ,AUTOMODE,BV141B,29,1.0,305797.0,OK,,,,00200045104311520066-7261602764B,OK,OK,,OK,OK,295584,2026-06-12 18:09:19,11014981.0,MAREESWARAN ,13616,104339022021,104319220151,,AUTOMODE,BV141D,32,1,305797,OK,CA13,,,0020007910431251065004261497594B,,0,145.0,4.6,-113.55,50.1,134,19.6,-223.2,59.6,-223.2,-113.71,0.245807,1.50283,45.0,40.0,5.0,21.7729,52.3428,52.3549,0,0,0,0,0,0,0,0,0,0,0,3.35,0,21.0,0,366254
5021867,1,0020007910431251065004261497605B,2026-06-05 21:09:41,306217, , ,104319220151,0,0,0,0,57000,110000,0,0,120000,0,0,0,1,0:36,1002,555,"9,07      ",333,"9,07      ",333,"11,63     ",33,"11,63     ",33,0         ,0,0         ,0,0,0,0,0,"11,08     ",122,"11,08     ",122,"6,19      ",350,"6,19      ",350,"5,35      ",359,"5,35      ",359,0,0,0,0,0,0,0,0,0,0,0,0,UCX31_x0001_|_x0007_:, ,"1,26      ","4,93      ","45,05     ",14,"3,79      ",93,"64,52     ",5:40      ,3,2026-06-06 07:50:54,11014086.0,BABU        ,1,104339022020,104319220140,,AUTOMODE_TS1,BV141E,44,2,,OK,,0,0,0020007910431251065004261497605B,1.17509,1.17257,1.17257,5,5,4.22,4.3,5.22,1,1.2,1.2,1.2,1,1.2,0.5,12,0.5,12,0.5,12,286487,2026-06-06 07:48:54,11014086,BABU        ,13616,104339022020,104319220140,140HPW501   ,,AUTOMODE,BV141C,22,2,299405,OK,,0,0,9003102010431351065904261555217A,0020007910431251065004261497605B,00200045104311520066-7261530114C,OK,OK,OK,OK,287679,2026-06-06 07:47:39,11014086.0,BABU        ,13616,104339022020,104319220140,140HPW501   ,AUTOMODE,BV141A,22,2,299405,OK,CA1,0,0,300050104312999991395364110336,OK,OK,0.39,0.452,0.5,0.39,0.447,0.5,OK,,00200045104311520066-7261530114C,OK,OK,202.9,145.2,52.6,146.3,-0.0408363,3.10369,52.0691,53.3022,0.245029,2.5728,55.3609,55.8705,57.7151,3.26704,57.5113,0.326706,0,0,0,0,05ACA002,288210,2026-06-06 07:48:21,11014086.0,BABU        ,13616.0,104339022020,104319220140,140HPW501   ,AUTOMODE,BV141B,30,2.0,299405.0,OK,,,,00200045104311520066-7261530114C,OK,OK,,OK,OK,288358,2026-06-06 07:49:44,11014086.0,BABU        ,13616,104339022020,104319220140,,AUTOMODE,BV141D,33,2,299405,OK,CA14,,,0020007910431251065004261497605B,,0,145.9,4.8,-113.55,50.1,134,19.6,-223.2,59.6,-216.052,-106.71,0.310423,1.56136,45.0,40.0,5.0,25.6178,51.4339,51.5668,0,0,0,0,0,0,0,0,0,0,0,1.64,0,20.0,0,356610
5022540,1,0020007910431251065004261497618B,2026-06-06 00:49:42,304212, , ,104319220151,0,0,0,0,57000,110000,0,0,120000,0,0,0,1,0:46,1002,555,"29,22     ",94,"29,22     ",94,"14,56     ",83,"14,56     ",83,0         ,0,0         ,0,0,0,0,0,"9,7       ",188,"9,7       ",188,"5,15      ",174,"5,15      ",174,"7,6       ",334,"7,6       ",334,0,0,0,0,0,0,0,0,0,0,0,0,UCX31_x0001_|_x0007_:, ,"1,51      ","4,95      ","45,05     ",14,"4,23      ",93,"65,02     ",4:32      ,3,2026-06-08 13:28:35,11014981.0,MAREESWARAN ,1,104339022020,104319220140,,AUTOMODE_TS1,BV141E,45,1,,OK,,0,0,0020007910431251065004261497618B,1.18003,1.17585,1.17446,5,5,5.51,5.975,6.75,1,1.2,1.2,1.2,1,1.2,0.5,12,0.5,12,0.5,12,288960,2026-06-08 13:26:27,11014981,MAREESWARAN ,13616,104339022020,104319220140,140HPW501   ,,AUTOMODE,BV141C,19,1,300971,OK,,0,0,9003102010431351065904261568176A,0020007910431251065004261497618B,00200045104311520066-7261552123A,OK,OK,OK,OK,290146,2026-06-08 13:24:15,11014981.0,MAREESWARAN ,13616,104339022020,104319220140,140HPW501   ,AUTOMODE,BV141A,25,1,300971,OK,CA1,0,0,300050104312999991395364110336,OK,OK,0.39,0.436,0.5,0.39,0.445,0.5,OK,,00200045104311520066-7261552123A,OK,OK,202.9,145.2,52.6,146.3,-0.0408401,1.38849,52.303,53.1208,0.0816765,1.75603,55.4878,56.005,57.6509,2.94034,57.4445,0.326706,0,0,0,0,05ACA010,290686,2026-06-08 13:24:57,11014981.0,MAREESWARAN ,13616.0,104339022020,104319220140,140HPW501   ,AUTOMODE,BV141B,30,1.0,300971.0,OK,,,,00200045104311520066-7261552123A,OK,OK,,OK,OK,290826,2026-06-08 13:27:23,11014981.0,MAREESWARAN ,13616,104339022020,104319220140,,AUTOMODE,BV141D,33,1,300971,OK,CA13,,,0020007910431251065004261497618B,,0,145.5,4.0,-113.55,50.1,134,19.6,-223.2,59.6,-223.2,-113.71,0.656131,2.02503,45.0,40.0,5.0,25.0147,51.7058,51.7911,0,0,0,0,0,0,0,0,0,0,0,1.63,0,20.0,0,359163
5047918,1,0020007910431251065004261497732B,2026-06-13 07:00:09,304212, , ,104319220151,0,0,0,0,57000,110000,0,0,120000,0,0,0,1,0:31,1002,555,"39,44     ",184,"39,44     ",184,"9,63      ",199,"9,63      ",199,0         ,0,0         ,0,0,0,0,0,"4,62      ",298,"4,62      ",298,"14,8      ",266,"14,8      ",266,"1,27      ",40,"1,27      ",40,0,0,0,0,0,0,0,0,0,0,0,0,UCX31_x0001_|_x0007_:, ,"1,33      ","4,98      ","45,39     ",14,"4,49      ",94,"64,69     ",3:25      ,3,2026-06-14 10:31:23,11014981.0,MAREESWARAN ,1,104339022020,104319220140,,AUTOMODE_TS1,BV141E,41,1,,OK,,0,0,0020007910431251065004261497732B,1.17497,1.17358,1.17459,5,5,4.4525,4.5,5.6275,1,1.2,1.2,1.2,1,1.2,0.5,12,0.5,12,0.5,12,295479,2026-06-14 10:28:43,11014981,MAREESWARAN ,13616,104339022020,104319220140,140HPW501   ,,AUTOMODE,BV141C,18,1,307770,OK,,0,0,9003102010431351065904261605224B,0020007910431251065004261497732B,00200045104311520066-7261622161A,OK,OK,OK,OK,296794,2026-06-14 10:27:29,11014981.0,MAREESWARAN ,13616,104339022020,104319220140,140HPW501   ,AUTOMODE,BV141A,22,1,307770,OK,CA1,0,0,300050104312999991395364110336,OK,OK,0.39,0.449,0.5,0.39,0.43,0.5,OK,,00200045104311520066-7261622161A,OK,OK,202.9,145.2,52.6,146.3,-0.0408401,2.12358,52.4385,53.1519,0.122513,2.49112,55.4068,55.7151,57.6769,8.78019,57.2667,0.449219,0,0,0,0,05ACA006,297411,2026-06-14 10:28:07,11014981.0,MAREESWARAN ,13616.0,104339022020,104319220140,140HPW501   ,AUTOMODE,BV141B,28,1.0,307770.0,OK,,,,00200045104311520066-7261622161A,OK,OK,,OK,OK,297518,2026-06-14 10:30:15,11014981.0,MAREESWARAN ,13616,104339022020,104319220140,,AUTOMODE,BV141D,34,1,307770,OK,CA14,,,0020007910431251065004261497732B,,0,145.0,4.5,-113.55,50.1,134,19.6,-223.35,59.6,-223.35,-113.71,0.390747,1.10825,45.0,40.1035,5.0,26.1983,51.4932,51.6127,0,0,0,0,0,0,0,0,0,0,0,1.67,0,20.0,0,369882
5094104,1,0020007910431251065004261498043C,2026-06-27 14:48:04,318215, , ,104319220140,0,0,0,0,57000,110000,0,0,120000,0,0,0,1,0:38,1002,555,"8,5       ",100,"8,5       ",100,"22,25     ",337,"22,25     ",337,0         ,0,0         ,0,0,0,0,0,"27,51     ",25,"27,51     ",25,"18,66     ",190,"18,66     ",190,"5,12      ",121,"5,12      ",121,0,0,0,0,0,0,0,0,0,0,0,0,UCX31_x0001_|_x0007_:, ,"1,03      ","4,73      ","45,48     ",13,"4,56      ",94,"65,11     ",2:40      ,3,2026-06-28 09:29:03,11014981.0,MAREESWARAN ,1,104339022020,104319220140,,AUTOMODE_TS1,BV141E2,34,1,,OK,,0,0,0020007910431251065004261498043C,1.15371,1.15434,1.15887,5,5,4.61317,9.09102,5.7521,1,1.2,1.2,1.2,1,1.2,0.5,12,0.5,12,0.5,12,312987,2026-06-28 09:27:07,11014086,BABU        ,13616,104339022020,104319220140,140HPW501   ,,AUTOMODE,BV141C,32,1,322292,OK,,0,0,9003102010431351065904261769053A,0020007910431251065004261498043C,00200045104311520066-7261762115B,OK,OK,OK,OK,314387,2026-06-28 09:24:37,11014086.0,BABU        ,13616,104339022020,104319220140,140HPW501   ,AUTOMODE,BV141A,23,1,322292,OK,CA1,0,0,300050104312999991395364110336,OK,OK,0.39,0.472,0.5,0.39,0.452,0.5,OK,,00200045104311520066-7261762115B,OK,OK,202.9,145.2,52.6,146.3,0.0,1.63352,52.0612,53.0905,0.122513,1.83771,55.3505,55.6613,57.5111,3.4304,57.2053,0.285866,0,0,0,0,05ACA006,314151,2026-06-28 09:25:11,11014086.0,BABU        ,13616.0,104339022020,104319220140,140HPW501   ,AUTOMODE,BV141B,27,1.0,322292.0,OK,,,,00200045104311520066-7261762115B,OK,OK,,OK,OK,315193,2026-06-28 09:28:01,11014086.0,BABU        ,13616,104339022020,104319220140,,AUTOMODE,BV141D,38,1,322292,OK,CA13,,,0020007910431251065004261498043C,,0,147.0,8.5,-113.55,50.1,134,19.6,-223.35,59.6,-223.35,-113.71,0.429472,1.78942,45.0,40.0,5.0,24.3889,51.8709,52.026,0,0,0,0,0,0,0,0,0,0,0,1.63,0,20.0,0,390820
5098220,1,0020007910431251065004261498044C,2026-06-29 00:46:22,304212, , ,104319220140,0,0,0,0,57000,110000,0,0,120000,0,0,0,1,0:29,1002,555,"62,95     ",16,"62,95     ",16,"59,1      ",19,"59,1      ",19,0         ,0,0         ,0,0,0,0,0,"58,15     ",357,"58,15     ",357,"1,99      ",259,"1,99      ",259,"2,83      ",260,"2,83      ",260,0,0,0,0,0,0,0,0,0,0,0,0,UCX31_x0001_|_x0007_:, ,"1,48      ","4,94      ","44,9      ",14,"4,45      ",94,"64,79     ",3:31      ,3,2026-06-28 11:30:44,11014981.0,MAREESWARAN ,1,104339022020,104319220140,,AUTOMODE_TS1,BV141E,41,1,,OK,,0,0,0020007910431251065004261498044C,1.17838,1.17762,1.17775,5,5,4.845,4.9625,7.6375,1,1.2,1.2,1.2,1,1.2,0.5,12,0.5,12,0.5,12,313086,2026-06-28 11:27:58,11014086,BABU        ,13616,104339022020,104319220140,140HPW501   ,,AUTOMODE,BV141C,26,1,322399,OK,,0,0,9003102010431351065904261758351B,0020007910431251065004261498044C,00200045104311520066-7261682920C,OK,OK,OK,OK,314490,2026-06-28 11:26:18,11014086.0,BABU        ,13616,104339022020,104319220140,140HPW501   ,AUTOMODE,BV141A,21,1,322399,OK,CA1,0,0,300050104312999991395364110336,OK,OK,0.39,0.446,0.5,0.39,0.46,0.5,OK,,00200045104311520066-7261682920C,OK,OK,202.9,145.2,52.6,146.3,-0.0408363,1.55185,52.2088,52.9273,0.0816765,1.79688,55.2917,55.5974,57.544,7.84091,57.1338,0.285866,0,0,0,0,05ACA006,314257,2026-06-28 11:26:54,11014086.0,BABU        ,13616.0,104339022020,104319220140,140HPW501   ,AUTOMODE,BV141B,26,1.0,322399.0,OK,,,,00200045104311520066-7261682920C,OK,OK,,OK,OK,315298,2026-06-28 11:29:38,11014086.0,BABU        ,13616,104339022020,104319220140,,AUTOMODE,BV141D,37,1,322399,OK,CA13,,,0020007910431251065004261498044C,,0,147.1,8.4,-113.55,50.1,134,19.6,-223.35,59.6,-223.35,-113.71,0.382191,1.35301,45.0,40.0,5.0,26.0098,51.4954,51.5869,0,0,0,0,0,0,0,0,0,0,0,1.64,0,20.0,0,390978
5094185,1,0020007910431251065004261498096C,2026-06-27 15:40:07,318215, , ,104319220140,0,0,0,0,57000,110000,0,0,120000,0,0,0,1,0:35,1002,555,"37,65     ",54,"37,65     ",54,"25,66     ",69,"25,66     ",69,0         ,0,0         ,0,0,0,0,0,"29,88     ",119,"29,88     ",119,"10,95     ",26,"10,95     ",26,"2,3       ",181,"2,3       ",181,0,0,0,0,0,0,0,0,0,0,0,0,UCX31_x0001_|_x0007_:, ,"1,16      ","4,76      ","47,74     ",13,"4,78      ",94,"64,98     ",4:26      ,3,2026-06-28 11:17:26,11014981.0,MAREESWARAN ,1,104339022020,104319220140,,AUTOMODE_TS1,BV141E2,34,1,,OK,,0,0,0020007910431251065004261498096C,1.16327,1.14906,1.1483,5,5,3.02275,7.45389,4.4491,1,1.2,1.2,1.2,1,1.2,0.5,12,0.5,12,0.5,12,313073,2026-06-28 11:14:58,11014086,BABU        ,13616,104339022020,104319220140,140HPW501   ,,AUTOMODE,BV141C,32,1,322384,OK,,0,0,9003102010431351065904261758152B,0020007910431251065004261498096C,00200045104311520066-7261682909C,OK,OK,OK,OK,314476,2026-06-28 11:12:46,11014086.0,BABU        ,13616,104339022020,104319220140,140HPW501   ,AUTOMODE,BV141A,21,1,322384,OK,CA1,0,0,300050104312999991395364110336,OK,OK,0.39,0.422,0.5,0.39,0.464,0.5,OK,,00200045104311520066-7261682909C,OK,OK,202.9,145.2,52.6,146.3,-0.0408363,1.38849,52.1043,53.126,0.0816765,3.14453,55.1796,55.6943,57.6383,7.1875,57.2306,0.530895,0,0,0,0,05ACA006,314243,2026-06-28 11:13:20,11014086.0,BABU        ,13616.0,104339022020,104319220140,140HPW501   ,AUTOMODE,BV141B,26,1.0,322384.0,OK,,,,00200045104311520066-7261682909C,OK,OK,,OK,OK,315284,2026-06-28 11:16:24,11014086.0,BABU        ,13616,104339022020,104319220140,,AUTOMODE,BV141D,37,1,322384,OK,CA13,,,0020007910431251065004261498096C,,0,147.2,8.5,-113.55,50.1,134,19.6,-223.35,59.6,-223.35,-113.71,0.59429,1.92009,45.0,40.0,5.0,24.8262,51.9404,52.0369,0,0,0,0,0,0,0,0,0,0,0,1.67,0,20.0,0,390946
5093849,1,0020007910431251065004261498113C,2026-06-27 12:10:36,304212, , ,104319220140,0,0,0,0,57000,110000,0,0,120000,0,0,0,2,1:45,1002,555,"59,17     ",329,"15,48     ",359,"33,68     ",317,"15,4      ",344,0         ,0,0         ,0,0,0,0,0,"26,4      ",261,"18,21     ",319,"21,05     ",311,"3,26      ",88,"3,97      ",90,"1,89      ",122,0,0,0,0,0,0,0,0,0,0,0,0,UCX31_x0001_|_x0007_:, ,"1,58      ","4,95      ","45,68     ",14,"4,23      ",94,"64,97     ",5:28      ,3,2026-06-27 11:28:25,11014981.0,MAREESWARAN ,1,104339022020,104319220140,,AUTOMODE_TS1,BV141E,41,1,,OK,,0,0,0020007910431251065004261498113C,1.17775,1.17345,1.178,5,5,4.5975,4.6475,7.1675,1,1.2,1.2,1.2,1,1.2,0.5,12,0.5,12,0.5,12,309471,2026-06-27 11:25:39,11014981,MAREESWARAN ,13616,104339022020,104319220140,140HPW501   ,,AUTOMODE,BV141C,19,1,321285,OK,,0,0,9003102010431351065904261746104B,0020007910431251065004261498113C,00200045104311520066-7261750143C,OK,OK,OK,OK,310862,2026-06-27 11:24:11,11014981.0,MAREESWARAN ,13616,104339022020,104319220140,140HPW501   ,AUTOMODE,BV141A,22,1,321285,OK,CA1,0,0,300050104312999991395364110336,OK,OK,0.39,0.447,0.5,0.39,0.444,0.5,OK,,00200045104311520066-7261750143C,OK,OK,202.9,145.2,52.6,146.3,0.0,2.36861,52.0303,53.052,0.204189,1.96023,55.4215,55.7323,57.8955,13.2315,57.4878,0.285866,0,0,0,0,05ACA002,311617,2026-06-27 11:24:49,11014981.0,MAREESWARAN ,13616.0,104339022020,104319220140,140HPW501   ,AUTOMODE,BV141B,31,1.0,321285.0,OK,,,,00200045104311520066-7261750143C,OK,OK,,OK,OK,311660,2026-06-27 11:27:21,11014981.0,MAREESWARAN ,13616,104339022020,104319220140,,AUTOMODE,BV141D,34,1,321285,OK,CA13,,,0020007910431251065004261498113C,,0,147.5,9.1,-113.55,50.1,134,19.6,-223.35,59.6,-223.35,-113.71,0.0983348,0.658386,45.0,40.0,5.0,25.2936,51.5749,51.6741,0,0,0,0,0,0,0,0,0,0,0,1.75,0,20.0,0,386931
5099145,1,0020007910431251065004261507823A,2026-06-29 11:58:56,314116, , ,104319220151,0,0,0,0,57000,110000,0,0,120000,0,0,0,4,3:31,1002,555,"51,2      ",142,"11,41     ",199,"23,07     ",156,"2,88      ",224,0         ,0,0         ,0,0,0,0,0,"19,8      ",140,"2,34      ",228,"14,27     ",108,"3,31      ",169,"2,29      ",58,"3,73      ",72,0,0,0,0,0,0,0,0,0,0,0,0,UCX31_x0001_|_x0007_:, ,"1,43      ","4,97      ","46,75     ",3,"4,52      ",93,"65,1      ",1:54      ,3,2026-06-26 22:37:31,11014981.0,MAREESWARAN ,1,104339022021,104319220151,,AUTOMODE_TS1,BV141E2,38,2,,OK,,0,0,0020007910431251065004261507823A,1.16805,1.16239,1.14868,5,5,3.67904,8.87186,5.14611,1,1.2,1.2,1.2,1,1.2,0.5,12,0.5,12,0.5,12,308893,2026-06-26 22:34:59,11014981,MAREESWARAN ,13616,104339022021,104319220151,160HP Z101  ,,AUTOMODE,BV141C,19,2,320663,OK,,0,0,9003102010431351065904261745516A,0020007910431251065004261507823A,00200045104311520066-7261672627B,OK,OK,OK,OK,310266,2026-06-26 22:32:55,11014981.0,MAREESWARAN ,13616,104339022021,104319220151,160HP Z101  ,AUTOMODE,BV141A,22,2,320663,OK,CA1,0,0,1020104313020080004674879488,OK,OK,0.39,0.479,0.5,0.39,0.465,0.5,OK,,00200045104311520066-7261672627B,OK,OK,202.9,145.2,52.6,146.3,0.0408401,2.12358,52.3029,53.2201,0.204189,2.28693,55.3858,55.796,57.6508,3.22621,57.447,0.367542,0,0,0,0,05ACA001,311006,2026-06-26 22:33:39,11014981.0,MAREESWARAN ,13616.0,104339022021,104319220151,160HP Z101  ,AUTOMODE,BV141B,28,2.0,320663.0,OK,,,,00200045104311520066-7261672627B,OK,OK,,OK,OK,311054,2026-06-26 22:35:47,11014981.0,MAREESWARAN ,13616,104339022021,104319220151,,AUTOMODE,BV141D,37,2,320663,OK,CA13,,,0020007910431251065004261507823A,,0,147.0,6.1,-113.55,50.1,134,19.6,-223.2,59.6,-223.2,-113.71,0.213894,1.8721,45.0,40.0,5.0,25.8967,51.5967,51.6869,0,0,0,0,0,0,0,0,0,0,0,3.47,0,20.0,0,386189
5098062,1,0020007910431251065004261507983A,2026-06-28 22:12:42,304212, , ,104319220140,0,0,0,0,57000,110000,0,0,120000,0,0,0,1,0:40,1002,555,"66,47     ",37,"66,47     ",37,"62,56     ",46,"62,56     ",46,0         ,0,0         ,0,0,0,0,0,"62,19     ",31,"62,19     ",31,"8,95      ",270,"8,95      ",270,"3,54      ",22,"3,54      ",22,0,0,0,0,0,0,0,0,0,0,0,0,UCX31_x0001_|_x0007_:, ,"1,49      ","4,97      ","45,74     ",14,"4,98      ",94,"64,81     ",2:34      ,3,2026-06-28 11:11:02,11014981.0,MAREESWARAN ,1,104339022020,104319220140,,AUTOMODE_TS1,BV141E2,34,1,,OK,,0,0,0020007910431251065004261507983A,1.14604,1.14717,1.16201,5,5,2.32575,7.59042,5.48383,1,1.2,1.2,1.2,1,1.2,0.5,12,0.5,12,0.5,12,313065,2026-06-29 18:04:57,11014086,BABU        ,13616,104339022021,104319220151,160HP Z101  ,,AUTOMODE,BV141C,71,1,323292,OK,,0,0,9003102010431351065904261769813B,0020007910431251065004261507983A,00200045104311520066-7261682915C,OK,OK,OK,OK,315359,2026-06-29 18:02:45,11014086.0,BABU        ,13616,104339022021,104319220151,160HP Z101  ,AUTOMODE,BV141A,26,1,323292,OK,CA1,0,0,1020104313020080004674879488,OK,OK,0.39,0.44,0.5,0.39,0.434,0.5,OK,,00200045104311520066-7261682915C,OK,OK,202.9,145.2,52.6,146.3,0.0408401,1.42933,52.0965,53.1283,0.122517,1.79688,55.3985,55.7068,56.2401,1.24049,57.447,0.326706,0,0,0,0,05ACA008,315140,2026-06-29 18:03:25,11014086.0,BABU        ,13616.0,104339022021,104319220151,160HP Z101  ,AUTOMODE,BV141B,26,1.0,323292.0,OK,,,,00200045104311520066-7261682915C,OK,OK,,OK,OK,316177,2026-06-29 18:06:35,,,13616,104339022021,104319220151,,AUTOMODE,BV141D,23,1,323292,NOTOK,CA13,,,0020007910431251065004261507983A,,0,147.0,11.0,-113.55,50.1,134,19.6,-223.2,59.6,-223.2,-113.71,909090.0,909090.0,909090.0,909090.0,909090.0,909090.0,909090.0,909090.0,0,0,0,0,0,0,0,0,0,0,0,0.0,0,,0,392047
5095361,1,0020007910431251065004261508038B,2026-06-28 00:26:45,318215, , ,104319220140,0,0,0,0,57000,110000,0,0,120000,0,0,0,2,1:43,1002,555,"64,87     ",57,"34,69     ",51,"52,9      ",49,"3,89      ",185,0         ,0,0         ,0,0,0,0,0,"57,24     ",98,"7,66      ",245,"7,65      ",163,"24,25     ",89,"2,04      ",170,"3,34      ",181,0,0,0,0,0,0,0,0,0,0,0,0,UCX31_x0001_|_x0007_:, ,"1,16      ","4,79      ","47,11     ",13,"4,23      ",94,"64,99     ",4:30      ,3,2026-06-28 21:11:51,11014981.0,MAREESWARAN ,1,104339022020,104319220140,,AUTOMODE_TS1,BV141E2,34,2,,OK,,0,0,0020007910431251065004261508038B,1.15899,1.15686,1.14289,5,5,2.65868,7.48862,3.87186,1,1.2,1.2,1.2,1,1.2,0.5,12,0.5,12,0.5,12,313447,2026-06-28 21:09:42,11014086,BABU        ,13616,104339022020,104319220140,140HPW501   ,,AUTOMODE,BV141C,20,2,322779,OK,,0,0,9003102010431351065904261769843B,0020007910431251065004261508038B,00200045104311520066-7261761372B,OK,OK,OK,OK,314860,2026-06-28 21:08:36,11014086.0,BABU        ,13616,104339022020,104319220140,140HPW501   ,AUTOMODE,BV141A,22,2,322779,OK,CA1,0,0,300050104312999991395364110336,OK,OK,0.39,0.429,0.5,0.39,0.422,0.5,OK,,00200045104311520066-7261761372B,OK,OK,202.9,145.2,52.6,146.3,0.0,1.96023,52.5759,52.9836,0.163353,1.63352,55.3403,55.7531,57.7124,6.28906,57.4066,0.245029,0,0,0,0,05ACA002,314632,2026-06-28 21:09:10,11014086.0,BABU        ,13616.0,104339022020,104319220140,140HPW501   ,AUTOMODE,BV141B,26,2.0,322779.0,OK,,,,00200045104311520066-7261761372B,OK,OK,,OK,OK,315672,2026-06-28 21:10:47,11014086.0,BABU        ,13616,104339022020,104319220140,,AUTOMODE,BV141D,31,2,322779,OK,CA13,,,0020007910431251065004261508038B,,0,147.0,3.4,-113.55,50.1,134,19.6,-223.35,59.6,-223.35,-113.71,2.25418,3.59472,44.7137,40.0,5.0,25.565,49.8879,51.5816,0,0,0,0,0,0,0,0,0,0,0,1.63,0,20.0,0,391421
5093696,1,0020007910431251065004261508157B,2026-06-27 11:01:54,314116, , ,104319220140,0,0,0,0,57000,110000,0,0,120000,0,0,0,1,0:41,1002,555,"60,08     ",83,"60,08     ",83,"34,83     ",68,"34,83     ",68,0         ,0,0         ,0,0,0,0,0,"52,61     ",45,"52,61     ",45,"12,02     ",47,"12,02     ",47,"1,36      ",223,"1,36      ",223,0,0,0,0,0,0,0,0,0,0,0,0,UCX31_x0001_|_x0007_:, ,"1,33      ","4,95      ","45,39     ",3,"4,7       ",93,"65,53     ",3:25      ,3,2026-06-26 19:03:00,11014981.0,MAREESWARAN ,1,104339022020,104319220140,,AUTOMODE_TS1,BV141E,41,1,,OK,,0,0,0020007910431251065004261508157B,1.17712,1.17724,1.17472,5,5,3.575,4.585,8.15,1,1.2,1.2,1.2,1,1.2,0.5,12,0.5,12,0.5,12,308708,2026-06-26 19:01:06,11014981,MAREESWARAN ,13616,104339022020,104319220140,140HPW501   ,,AUTOMODE,BV141C,21,1,320497,OK,,0,0,9003102010431351065904261691393B,0020007910431251065004261508157B,00200045104311520066-7261682270B,OK,OK,OK,OK,310106,2026-06-26 18:59:56,11014981.0,MAREESWARAN ,13616,104339022020,104319220140,140HPW501   ,AUTOMODE,BV141A,22,1,320497,OK,CA1,0,0,300050104312999991395364110336,OK,OK,0.39,0.476,0.5,0.39,0.479,0.5,OK,,00200045104311520066-7261682270B,OK,OK,202.9,145.2,52.6,146.3,0.0,1.42933,52.091,53.2197,0.122513,1.83771,55.5815,56.0962,57.6402,2.08274,57.5383,0.326702,0,0,0,0,05ACA010,310844,2026-06-26 19:00:32,11014981.0,MAREESWARAN ,13616.0,104339022020,104319220140,140HPW501   ,AUTOMODE,BV141B,29,1.0,320497.0,OK,,,,00200045104311520066-7261682270B,OK,OK,,OK,OK,310892,2026-06-26 19:01:52,11014981.0,MAREESWARAN ,13616,104339022020,104319220140,,AUTOMODE,BV141D,35,1,320497,OK,CA13,,,0020007910431251065004261508157B,,0,147.0,6.1,-113.55,50.1,134,19.6,-223.35,59.6,-223.35,-113.71,0.225029,1.23838,45.0,40.0,5.0,25.7535,51.9454,52.0318,0,0,0,0,0,0,0,0,0,0,0,1.65,0,20.0,0,385864
5104655,1,0020007910431251065004261508179A,2026-07-01 00:35:15,304212, , ,104319220151,0,0,0,0,57000,110000,0,0,120000,0,0,0,2,1:21,1002,555,"24,2      ",76,"12,55     ",162,"11,29     ",52,"5,21      ",167,0         ,0,0         ,0,0,0,0,0,"11,28     ",356,"2,88      ",111,"8,79      ",60,"3,77      ",122,"3,29      ",72,"4,35      ",59,0,0,0,0,0,0,0,0,0,0,0,0,UCX31_x0001_|_x0007_:, ,"1,57      ","4,97      ",46        ,14,"4,23      ",94,"65,09     ",1:50      ,3,2026-06-27 07:50:42,11014981.0,MAREESWARAN ,1,104339022021,104319220151,,AUTOMODE_TS1,BV141E,45,2,,OK,,0,0,0020007910431251065004261508179A,1.17863,1.17472,1.17788,5,5,4.8325,5.6925,6.2325,1,1.2,1.2,1.2,1,1.2,0.5,12,0.5,12,0.5,12,309294,2026-06-27 07:48:00,11014981,MAREESWARAN ,13616,104339022021,104319220151,160HP Z101  ,,AUTOMODE,BV141C,35,2,321095,OK,,0,0,9003102010431351065904261745615A,0020007910431251065004261508179A,00200045104311520066-7261752090A,OK,OK,OK,OK,310679,2026-06-27 07:45:35,11014981.0,MAREESWARAN ,13616,104339022021,104319220151,160HP Z101  ,AUTOMODE,BV141A,21,2,321095,OK,CA1,0,0,1020104313020080004674879488,OK,OK,0.39,0.471,0.5,0.39,0.476,0.5,OK,,00200045104311520066-7261752090A,OK,OK,202.9,145.2,52.6,146.3,0.0,1.67436,52.1658,53.0882,0.163349,1.75603,55.1341,55.6437,57.603,3.38956,57.1928,0.326702,0,0,0,0,05ACA006,311430,2026-06-27 07:46:19,11014981.0,MAREESWARAN ,13616.0,104339022021,104319220151,160HP Z101  ,AUTOMODE,BV141B,29,2.0,321095.0,OK,,,,00200045104311520066-7261752090A,OK,OK,,OK,OK,311474,2026-06-27 07:49:34,11014981.0,MAREESWARAN ,13616,104339022021,104319220151,,AUTOMODE,BV141D,40,2,321095,OK,CA13,,,0020007910431251065004261508179A,,0,147.0,9.5,-113.55,50.1,134,19.6,-223.2,59.6,-223.2,-113.71,0.255104,1.44035,45.0,40.0,5.0,23.5672,51.9839,52.0776,0,0,0,0,0,0,0,0,0,0,0,3.42,0,21.0,0,386701
5093780,1,0020007910431251065004261508182B,2026-06-27 11:26:42,314116, , ,104319220140,0,0,0,0,57000,110000,0,0,120000,0,0,0,3,2:28,1002,555,"43,71     ",66,"11,28     ",41,"23,08     ",91,"2,83      ",36,0         ,0,0         ,0,0,0,0,0,"38,28     ",76,"4,36      ",14,"18,81     ",343,"3,57      ",346,"1,19      ",116,"1,3       ",133,0,0,0,0,0,0,0,0,0,0,0,0,UCX31_x0001_|_x0007_:, ,"1,35      ","4,97      ","45,1      ",3,"4,63      ",93,"65,17     ",2:45      ,3,2026-06-26 19:10:48,11014981.0,MAREESWARAN ,1,104339022020,104319220140,,AUTOMODE_TS1,BV141E,40,1,,OK,,0,0,0020007910431251065004261508182B,1.17737,1.17585,1.17484,5,5,4.9575,5.655,7.66,1,1.2,1.2,1.2,1,1.2,0.5,12,0.5,12,0.5,12,308716,2026-06-26 19:08:42,11014981,MAREESWARAN ,13616,104339022020,104319220140,140HPW501   ,,AUTOMODE,BV141C,21,1,320505,OK,,0,0,9003102010431351065904261691376B,0020007910431251065004261508182B,00200045104311520066-7261682079A,OK,OK,OK,OK,310114,2026-06-26 19:07:32,11014981.0,MAREESWARAN ,13616,104339022020,104319220140,140HPW501   ,AUTOMODE,BV141A,22,1,320505,OK,CA1,0,0,300050104312999991395364110336,OK,OK,0.39,0.473,0.5,0.39,0.473,0.5,OK,,00200045104311520066-7261682079A,OK,OK,202.9,145.2,52.6,146.3,0.0,1.75603,52.1093,53.5489,0.122513,2.00106,55.8114,56.2216,56.2401,1.96482,57.7554,0.285866,0,0,0,0,05ACA010,310852,2026-06-26 19:08:10,11014981.0,MAREESWARAN ,13616.0,104339022020,104319220140,140HPW501   ,AUTOMODE,BV141B,28,1.0,320505.0,OK,,,,00200045104311520066-7261682079A,OK,OK,,OK,OK,310900,2026-06-26 19:09:42,11014981.0,MAREESWARAN ,13616,104339022020,104319220140,,AUTOMODE,BV141D,35,1,320505,OK,CA13,,,0020007910431251065004261508182B,,0,147.4,6.3,-113.55,50.1,134,19.6,-223.35,59.6,-223.35,-113.71,0.486162,1.85014,45.0,40.0,5.0,23.9743,52.3797,52.4543,0,0,0,0,0,0,0,0,0,0,0,1.62,0,20.0,0,385872
5091915,1,0020007910431251065004261508233B,2026-06-26 20:35:58,306217, , ,104319220140,0,0,0,0,57000,110000,0,0,120000,0,0,0,4,3:22,1002,555,"16,5      ",303,"33,76     ",319,"11,96     ",301,"14,8      ",298,0         ,0,0         ,0,0,0,0,0,"11,16     ",36,"11,34     ",38,"2,07      ",334,"9,91      ",54,"4,41      ",62,"4,32      ",63,0,0,0,0,0,0,0,0,0,0,0,0,UCX31_x0001_|_x0007_:, ,"1,3       ","4,93      ","44,9      ",14,"4,4       ",93,"64,88     ",13:49     ,3,2026-06-26 16:48:15,11014981.0,MAREESWARAN ,1,104339022020,104319220140,,AUTOMODE_TS1,BV141E,40,1,,OK,,0,0,0020007910431251065004261508233B,1.17699,1.17724,1.17459,5,5,5.17,4.64,7.6625,1,1.2,1.2,1.2,1,1.2,0.5,12,0.5,12,0.5,12,308625,2026-06-26 16:46:05,11014981,MAREESWARAN ,13616,104339022020,104319220140,140HPW501   ,,AUTOMODE,BV141C,18,1,320414,OK,,0,0,9003102010431351065904261702651B,0020007910431251065004261508233B,00200045104311520066-7261682816C,OK,OK,OK,OK,310023,2026-06-26 16:44:55,11014981.0,MAREESWARAN ,13616,104339022020,104319220140,140HPW501   ,AUTOMODE,BV141A,21,1,320414,OK,CA1,0,0,300050104312999991395364110336,OK,OK,0.39,0.452,0.5,0.39,0.46,0.5,OK,,00200045104311520066-7261682816C,OK,OK,202.9,145.2,52.6,146.3,0.0,1.42933,52.0225,53.1563,0.122513,2.32777,55.1054,55.7195,57.6711,8.04509,57.3654,0.367542,0,0,0,0,05ACA002,310761,2026-06-26 16:45:33,11014981.0,MAREESWARAN ,13616.0,104339022020,104319220140,140HPW501   ,AUTOMODE,BV141B,29,1.0,320414.0,OK,,,,00200045104311520066-7261682816C,OK,OK,,OK,OK,310809,2026-06-26 16:47:11,11014981.0,MAREESWARAN ,13616,104339022020,104319220140,,AUTOMODE,BV141D,35,1,320414,OK,CA13,,,0020007910431251065004261508233B,,0,147.5,6.3,-113.55,50.1,134,19.6,-223.35,59.6,-223.35,-113.71,0.305989,1.36273,45.0,40.0,5.0,26.0777,51.5239,51.6507,0,0,0,0,0,0,0,0,0,0,0,1.64,0,20.0,0,385771
5057194,1,0020007910431251065004261508407A,2026-06-16 14:33:34,306217, , ,104319220140,0,0,0,0,57000,110000,0,0,120000,0,0,0,1,0:41,1002,555,"46,83     ",57,"46,83     ",57,"26,36     ",58,"26,36     ",58,0         ,0,0         ,0,0,0,0,0,"21,77     ",156,"21,77     ",156,"12,34     ",144,"12,34     ",144,"6,78      ",93,"6,78      ",93,0,0,0,0,0,0,0,0,0,0,0,0,UCX31_x0001_|_x0007_:, ,"1,33      ","4,93      ","45,1      ",14,"4,56      ",93,"64,52     ",3:51      ,3,2026-06-16 14:11:40,11014981.0,MAREESWARAN ,1,104339022020,104319220140,,AUTOMODE_TS1,BV141E2,34,1,,OK,,0,0,0020007910431251065004261508407A,1.1644,1.15975,1.14642,5,5,2.97964,7.32575,4.17126,1,1.2,1.2,1.2,1,1.2,0.5,12,0.5,12,0.5,12,298073,2026-06-16 14:09:44,11014086,BABU        ,13616,104339022020,104319220140,140HPW501   ,,AUTOMODE,BV141C,21,1,309601,OK,,0,0,9003102010431351065904261629450B,0020007910431251065004261508407A,00200045104311520066-7261622244A,OK,OK,OK,OK,299412,2026-06-16 14:08:30,11014086.0,BABU        ,13616,104339022020,104319220140,140HPW501   ,AUTOMODE,BV141A,23,1,309601,OK,CA1,0,0,300050104312999991395364110336,OK,OK,0.39,0.449,0.5,0.39,0.451,0.5,OK,,00200045104311520066-7261622244A,OK,OK,202.9,145.2,52.6,146.3,-0.0408401,1.02095,52.0351,53.2682,0.0408363,1.47017,55.5231,55.7269,57.6735,1.26598,57.4697,0.163353,0,0,0,0,05ACA004,300038,2026-06-16 14:09:08,11014086.0,BABU        ,13616.0,104339022020,104319220140,140HPW501   ,AUTOMODE,BV141B,28,1.0,309601.0,OK,,,,00200045104311520066-7261622244A,OK,OK,,OK,OK,300141,2026-06-16 14:10:34,11014086.0,BABU        ,13616,104339022020,104319220140,,AUTOMODE,BV141D,27,1,309601,OK,CA13,,,0020007910431251065004261508407A,,0,145.5,3.6,-113.55,50.1,134,19.6,-223.35,59.6,-223.35,-113.71,0.125815,0.817732,45.0,40.0,5.0,22.7454,52.3862,52.5379,0,0,0,0,0,0,0,0,0,0,0,1.63,0,20.0,0,373139
5104204,1,0020007910431251065004261508428B,2026-06-30 22:04:07,318215, , ,104319220151,0,0,0,0,57000,110000,0,0,120000,0,0,0,1,0:32,1002,555,"19,16     ",232,"19,16     ",232,"8,98      ",264,"8,98      ",264,0         ,0,0         ,0,0,0,0,0,"6,45      ",341,"6,45      ",341,"8,39      ",265,"8,39      ",265,"2,71      ",355,"2,71      ",355,0,0,0,0,0,0,0,0,0,0,0,0,UCX31_x0001_|_x0007_:, ,"1,18      ","4,73      ","45,92     ",13,"4,13      ",94,"65,01     ",4:21      ,3,2026-06-27 03:25:28,11014981.0,MAREESWARAN ,1,104339022021,104319220151,,AUTOMODE_TS1,BV141E2,38,2,,OK,,0,0,0020007910431251065004261508428B,1.16314,1.16755,1.16189,5,5,5.67305,9.28024,7.00838,1,1.2,1.2,1.2,1,1.2,0.5,12,0.5,12,0.5,12,309137,2026-06-27 03:22:51,11014981,MAREESWARAN ,13616,104339022021,104319220151,160HP Z101  ,,AUTOMODE,BV141C,22,2,320922,OK,,0,0,9003102010431351065904261745951B,0020007910431251065004261508428B,00200045104311520066-7261672015A,OK,OK,OK,OK,310515,2026-06-27 03:21:27,11014981.0,MAREESWARAN ,13616,104339022021,104319220151,160HP Z101  ,AUTOMODE,BV141A,99,2,320922,OK,CA1,0,0,1020104313020080004674879488,OK,OK,0.39,0.466,0.5,0.39,0.464,0.5,OK,,00200045104311520066-7261672015A,OK,OK,202.9,145.2,52.6,146.3,-0.0408401,2.32777,52.1472,53.4823,0.204189,2.36861,55.653,56.1677,56.2401,2.25256,57.7041,0.367542,0,0,0,0,05ACA010,311260,2026-06-27 03:22:07,11014981.0,MAREESWARAN ,13616.0,104339022021,104319220151,160HP Z101  ,AUTOMODE,BV141B,31,2.0,320922.0,OK,,,,00200045104311520066-7261672015A,OK,OK,,OK,OK,311306,2026-06-27 03:23:38,11014981.0,MAREESWARAN ,13616,104339022021,104319220151,,AUTOMODE,BV141D,35,2,320922,OK,CA13,,,0020007910431251065004261508428B,,0,147.8,5.7,-113.55,50.1,134,19.6,-223.2,59.6,-223.2,-113.71,1.37212,2.39644,44.8871,40.0,5.0,26.1229,51.9225,52.0117,0,0,0,0,0,0,0,0,0,0,0,3.49,0,20.0,0,386472
5104040,1,0020007910431251065004261508438B,2026-06-30 21:08:17,318215, , ,104319220151,0,0,0,0,57000,110000,0,0,120000,0,0,0,3,2:23,1002,555,"31,94     ",291,"8,36      ",276,"43,09     ",285,"4,85      ",307,0         ,0,0         ,0,0,0,0,0,"32,32     ",335,"3,27      ",9,"7,38      ",160,"2,51      ",304,"1,31      ",161,"2,01      ",134,0,0,0,0,0,0,0,0,0,0,0,0,UCX31_x0001_|_x0007_:, ,"1,28      ","4,77      ","45,79     ",13,"4,51      ",94,"64,9      ",3:32      ,3,2026-06-27 03:39:54,11014981.0,MAREESWARAN ,1,104339022021,104319220151,,AUTOMODE_TS1,BV141E,45,2,,OK,,0,0,0020007910431251065004261508438B,1.1799,1.17674,1.1756,5,5,5.4925,4.99,6.83,1,1.2,1.2,1.2,1,1.2,0.5,12,0.5,12,0.5,12,309146,2026-06-27 03:37:54,11014981,MAREESWARAN ,13616,104339022021,104319220151,160HP Z101  ,,AUTOMODE,BV141C,21,2,320934,OK,,0,0,9003102010431351065904261746028B,0020007910431251065004261508438B,00200045104311520066-7261750286C,OK,OK,OK,OK,310524,2026-06-27 03:35:40,11014981.0,MAREESWARAN ,13616,104339022021,104319220151,160HP Z101  ,AUTOMODE,BV141A,22,2,320934,OK,CA1,0,0,1020104313020080004674879488,OK,OK,0.39,0.469,0.5,0.39,0.465,0.5,OK,,00200045104311520066-7261750286C,OK,OK,202.9,145.2,52.6,146.3,-0.0408401,2.16442,52.086,53.4287,0.163349,2.00106,55.681,55.9868,57.6352,1.91939,57.5333,0.367542,0,0,0,0,05ACA003,311272,2026-06-27 03:36:20,11014981.0,MAREESWARAN ,13616.0,104339022021,104319220151,160HP Z101  ,AUTOMODE,BV141B,30,2.0,320934.0,OK,CA4,,,00200045104311520066-7261750286C,OK,OK,,OK,OK,311317,2026-06-27 03:38:42,11014981.0,MAREESWARAN ,13616,104339022021,104319220151,,AUTOMODE,BV141D,36,2,320934,OK,CA13,,,0020007910431251065004261508438B,,0,147.6,5.9,-113.55,50.1,134,19.6,-223.2,59.6,-223.2,-113.71,1.40169,2.21618,45.0,40.0,5.0,26.2586,51.9103,52.0475,0,0,0,0,0,0,0,0,0,0,0,3.49,0,20.0,0,386482
5059794,1,0020007910431251065004261508607B,2026-06-17 07:16:37,304212, , ,104319220140,0,0,0,0,57000,110000,0,0,120000,0,0,0,2,1:36,1002,555,"55,71     ",307,"15,99     ",290,"32,11     ",303,"8,42      ",309,0         ,0,0         ,0,0,0,0,0,"20,83     ",43,"4,69      ",53,"9,64      ",33,"4,15      ",349,"6,22      ",261,"5,13      ",271,0,0,0,0,0,0,0,0,0,0,0,0,UCX31_x0001_|_x0007_:, ,"1,35      ","4,97      ","44,82     ",14,"4,24      ",94,"65,1      ",1:49      ,3,2026-06-16 14:23:58,11014981.0,MAREESWARAN ,1,104339022020,104319220140,,AUTOMODE_TS1,BV141E,41,1,,OK,,0,0,0020007910431251065004261508607B,1.17889,1.17396,1.17472,5,5,4.0625,4.1575,5.69,1,1.2,1.2,1.2,1,1.2,0.5,12,0.5,12,0.5,12,298085,2026-06-16 14:22:10,11014086,BABU        ,13616,104339022020,104319220140,140HPW501   ,,AUTOMODE,BV141C,19,1,309613,OK,,0,0,9003102010431351065904261629449B,0020007910431251065004261508607B,00200045104311520066-7261612745B,OK,OK,OK,OK,299424,2026-06-16 14:20:44,11014086.0,BABU        ,13616,104339022020,104319220140,140HPW501   ,AUTOMODE,BV141A,24,1,309613,OK,CA1,0,0,300050104312999991395364110336,OK,OK,0.39,0.455,0.5,0.39,0.468,0.5,OK,,00200045104311520066-7261612745B,OK,OK,202.9,145.2,52.6,146.3,-0.0408363,1.55185,52.0735,53.2073,0.0816765,1.75604,55.564,55.8749,57.6253,1.91939,57.5233,0.245029,0,0,0,0,05ACA007,300050,2026-06-16 14:21:22,11014086.0,BABU        ,13616.0,104339022020,104319220140,140HPW501   ,AUTOMODE,BV141B,29,1.0,309613.0,OK,,,,00200045104311520066-7261612745B,OK,OK,,OK,OK,300153,2026-06-16 14:22:50,11014086.0,BABU        ,13616,104339022020,104319220140,,AUTOMODE,BV141D,27,1,309613,OK,CA13,,,0020007910431251065004261508607B,,0,145.7,3.5,-113.55,50.1,134,19.6,-223.35,59.6,-223.35,-113.71,0.878392,3.24782,45.0,40.0,5.0,18.9532,52.3939,52.3648,0,0,0,0,0,0,0,0,0,0,0,1.63,0,20.0,0,373151
5056900,1,0020007910431251065004261508608B,2026-06-16 12:55:53,306217, , ,104319220140,0,0,0,0,57000,110000,0,0,120000,0,0,0,2,1:40,1002,555,"61,49     ",333,"29,03     ",303,"38,4      ",316,"5,23      ",326,0         ,0,0         ,0,0,0,0,0,"29,22     ",48,"5,31      ",90,"17,54     ",90,"13,92     ",29,"6,04      ",61,"8,17      ",73,0,0,0,0,0,0,0,0,0,0,0,0,UCX31_x0001_|_x0007_:, ,"1,35      ","4,95      ","45,12     ",14,"4,9       ",93,"65,03     ",4:12      ,3,2026-06-16 11:11:12,11014981.0,MAREESWARAN ,1,104339022020,104319220140,,AUTOMODE_TS1,BV141E,41,1,,OK,,0,0,0020007910431251065004261508608B,1.17649,1.17257,1.1737,5,5,3.42,3.7625,4.7925,1,1.2,1.2,1.2,1,1.2,0.5,12,0.5,12,0.5,12,297944,2026-06-16 11:09:10,11014086,BABU        ,13616,104339022020,104319220140,140HPW501   ,,AUTOMODE,BV141C,19,1,309466,OK,,0,0,9003102010431351065904261592315B,0020007910431251065004261508608B,00200045104311520066-7261612316A,OK,OK,OK,OK,299281,2026-06-16 11:07:54,11014086.0,BABU        ,13616,104339022020,104319220140,140HPW501   ,AUTOMODE,BV141A,23,1,309466,OK,CA1,0,0,300050104312999991395364110336,OK,OK,0.39,0.426,0.5,0.39,0.447,0.5,OK,,00200045104311520066-7261612316A,OK,OK,202.9,145.2,52.6,146.3,-0.0408363,2.8995,52.5197,53.442,0.204193,2.0419,55.6918,56.0,56.2401,1.6994,57.6434,0.285866,0,0,0,0,05ACA005,299905,2026-06-16 11:08:32,11014086.0,BABU        ,13616.0,104339022020,104319220140,140HPW501   ,AUTOMODE,BV141B,28,1.0,309466.0,OK,,,,00200045104311520066-7261612316A,OK,OK,,OK,OK,300008,2026-06-16 11:10:04,11014086.0,BABU        ,13616,104339022020,104319220140,,AUTOMODE,BV141D,27,1,309466,OK,CA13,,,0020007910431251065004261508608B,,0,145.5,3.5,-113.55,50.1,134,19.6,-223.35,59.6,-223.35,-113.71,0.418321,2.25676,45.0,40.0,5.0,23.3636,52.4279,52.6922,0,0,0,0,0,0,0,0,0,0,0,1.67,0,20.0,0,372524
5059827,1,0020007910431251065004261508609B,2026-06-17 07:29:36,304212, , ,104319220140,0,0,0,0,57000,110000,0,0,120000,0,0,0,3,2:07,1002,555,"66,35     ",172,"11,41     ",189,"35,63     ",177,"3,67      ",246,0         ,0,0         ,0,0,0,0,0,"23,9      ",281,"2,71      ",343,"13,83     ",248,"4,19      ",251,"0,94      ",53,"1,77      ",307,0,0,0,0,0,0,0,0,0,0,0,0,UCX31_x0001_|_x0007_:, ,"1,42      ","4,96      ","44,7      ",14,"4,69      ",94,"65,03     ",2:43      ,3,2026-06-16 14:26:08,11014981.0,MAREESWARAN ,1,104339022020,104319220140,,AUTOMODE_TS1,BV141E,41,1,,OK,,0,0,0020007910431251065004261508609B,1.17661,1.17396,1.17484,5,5,3.83,3.875,5.4025,1,1.2,1.2,1.2,1,1.2,0.5,12,0.5,12,0.5,12,298087,2026-06-16 14:24:20,11014086,BABU        ,13616,104339022020,104319220140,140HPW501   ,,AUTOMODE,BV141C,22,1,309615,OK,,0,0,9003102010431351065904261629457B,0020007910431251065004261508609B,00200045104311520066-7261612643B,OK,OK,OK,OK,299426,2026-06-16 14:23:02,11014086.0,BABU        ,13616,104339022020,104319220140,140HPW501   ,AUTOMODE,BV141A,22,1,309615,OK,CA1,0,0,300050104312999991395364110336,OK,OK,0.39,0.443,0.5,0.39,0.444,0.5,OK,,00200045104311520066-7261612643B,OK,OK,202.9,145.2,52.6,146.3,-0.0408363,2.0419,52.5371,53.4595,0.163353,1.83772,55.5054,56.0201,57.6711,1.63352,57.5692,0.285866,0,0,0,0,05ACA001,300052,2026-06-16 14:23:42,11014086.0,BABU        ,13616.0,104339022020,104319220140,140HPW501   ,AUTOMODE,BV141B,29,1.0,309615.0,OK,,,,00200045104311520066-7261612643B,OK,OK,,OK,OK,300155,2026-06-16 14:25:00,11014086.0,BABU        ,13616,104339022020,104319220140,,AUTOMODE,BV141D,27,1,309615,OK,CA13,,,0020007910431251065004261508609B,,0,145.1,3.7,-113.55,50.1,134,19.6,-223.35,59.6,-223.35,-113.71,0.499183,2.01139,45.0,40.0,5.0,20.4686,52.0772,52.0981,0,0,0,0,0,0,0,0,0,0,0,1.75,0,20.0,0,373153
5059840,1,0020007910431251065004261508655B,2026-06-17 07:32:46,304212, , ,104319220140,0,0,0,0,57000,110000,0,0,120000,0,0,0,1,0:29,1002,555,"63,92     ",85,"63,92     ",85,"50,79     ",57,"50,79     ",57,0         ,0,0         ,0,0,0,0,0,"37,07     ",162,"37,07     ",162,"10,58     ",262,"10,58     ",262,"4,5       ",174,"4,5       ",174,0,0,0,0,0,0,0,0,0,0,0,0,UCX31_x0001_|_x0007_:, ,"1,43      ","4,96      ","45,6      ",14,"4,46      ",94,"64,88     ",2:43      ,3,2026-06-16 14:26:58,11014981.0,MAREESWARAN ,1,104339022020,104319220140,,AUTOMODE_TS1,BV141E2,34,1,,OK,,0,0,0020007910431251065004261508655B,1.16176,1.14918,1.15899,5,5,2.16048,3.99401,4.38084,1,1.2,1.2,1.2,1,1.2,0.5,12,0.5,12,0.5,12,298088,2026-06-16 14:25:12,11014086,BABU        ,13616,104339022020,104319220140,140HPW501   ,,AUTOMODE,BV141C,30,1,309616,OK,,0,0,9003102010431351065904261629288A,0020007910431251065004261508655B,00200045104311520066-7261612076A,OK,OK,OK,OK,299427,2026-06-16 14:23:48,11014086.0,BABU        ,13616,104339022020,104319220140,140HPW501   ,AUTOMODE,BV141A,21,1,309616,OK,CA1,0,0,300050104312999991395364110336,OK,OK,0.39,0.448,0.5,0.39,0.445,0.5,OK,,00200045104311520066-7261612076A,OK,OK,202.9,145.2,52.6,146.3,0.0,1.79688,52.1017,53.0189,0.122517,1.91939,55.284,55.6916,57.7376,10.4954,57.4318,0.245029,0,0,0,0,05ACA002,300053,2026-06-16 14:24:28,11014086.0,BABU        ,13616.0,104339022020,104319220140,140HPW501   ,AUTOMODE,BV141B,28,1.0,309616.0,OK,,,,00200045104311520066-7261612076A,OK,OK,,OK,OK,300156,2026-06-16 14:25:54,11014086.0,BABU        ,13616,104339022020,104319220140,,AUTOMODE,BV141D,27,1,309616,OK,CA13,,,0020007910431251065004261508655B,,0,145.0,3.5,-113.55,50.1,134,19.6,-223.35,59.6,-223.35,-113.71,1.3681,3.00393,45.0,40.0,5.0,22.0593,51.9044,51.9425,0,0,0,0,0,0,0,0,0,0,0,1.82,0,20.0,0,373154
5057035,1,0020007910431251065004261508704B,2026-06-16 13:38:35,306217, , ,104319220140,0,0,0,0,57000,110000,0,0,120000,0,0,0,1,0:36,1002,555,"31,2      ",65,"31,2      ",65,"25,32     ",28,"25,32     ",28,0         ,0,0         ,0,0,0,0,0,"20,46     ",120,"20,46     ",120,"7,57      ",203,"7,57      ",203,"5,23      ",292,"5,23      ",292,0,0,0,0,0,0,0,0,0,0,0,0,UCX31_x0001_|_x0007_:, ,"1,33      ","4,96      ","45,19     ",14,"5,05      ",93,"64,45     ",1:51      ,3,2026-06-16 10:55:18,11014981.0,MAREESWARAN ,1,104339022020,104319220140,,AUTOMODE_TS1,BV141E2,34,1,,OK,,0,0,0020007910431251065004261508704B,1.15384,1.16629,1.15069,5,5,2.71976,6.80958,3.94371,1,1.2,1.2,1.2,1,1.2,0.5,12,0.5,12,0.5,12,297919,2026-06-16 10:52:50,11014086,BABU        ,13616,104339022020,104319220140,140HPW501   ,,AUTOMODE,BV141C,18,1,309441,OK,,0,0,9003102010431351065904261592309B,0020007910431251065004261508704B,00200045104311520066-7261622124A,OK,OK,OK,OK,299256,2026-06-16 10:51:12,11014086.0,BABU        ,13616,104339022020,104319220140,140HPW501   ,AUTOMODE,BV141A,22,1,309441,OK,CA1,0,0,300050104312999991395364110336,OK,OK,0.39,0.43,0.5,0.39,0.436,0.5,OK,,00200045104311520066-7261622124A,OK,OK,202.9,145.2,52.6,146.3,0.0,1.02095,52.1528,52.9757,0.0816765,1.34766,55.251,55.4548,57.7224,8.3718,57.3148,0.204189,0,0,0,0,05ACA006,299880,2026-06-16 10:51:48,11014086.0,BABU        ,13616.0,104339022020,104319220140,140HPW501   ,AUTOMODE,BV141B,29,1.0,309441.0,OK,,,,00200045104311520066-7261622124A,OK,OK,,OK,OK,299983,2026-06-16 10:54:12,11014086.0,BABU        ,13616,104339022020,104319220140,,AUTOMODE,BV141D,27,1,309441,OK,CA13,,,0020007910431251065004261508704B,,0,146.2,3.6,-113.55,50.1,134,19.6,-223.35,59.6,-223.35,-113.71,0.716622,2.28312,45.0,40.0,5.0,23.7783,51.923,51.9958,0,0,0,0,0,0,0,0,0,0,0,1.68,0,20.0,0,372499
5094226,1,0020007910431251065004261508774C,2026-06-27 16:00:56,318215, , ,104319220140,0,0,0,0,57000,110000,0,0,120000,0,0,0,1,0:36,1002,555,"32,12     ",122,"32,12     ",122,"12,25     ",68,"12,25     ",68,0         ,0,0         ,0,0,0,0,0,"12,88     ",113,"12,88     ",113,"15,18     ",178,"15,18     ",178,"1,24      ",259,"1,24      ",259,0,0,0,0,0,0,0,0,0,0,0,0,UCX31_x0001_|_x0007_:, ,"1,15      ","4,78      ","47,43     ",13,"4,29      ",94,"65,17     ",1:45      ,3,2026-06-27 15:33:35,11014981.0,MAREESWARAN ,1,104339022020,104319220140,,AUTOMODE_TS1,BV141E,41,1,,OK,,0,0,0020007910431251065004261508774C,1.17965,1.17889,1.18003,5,5,4.1975,4.4575,6.655,1,1.2,1.2,1.2,1,1.2,0.5,12,0.5,12,0.5,12,309625,2026-06-27 15:30:55,11014981,MAREESWARAN ,13616,104339022020,104319220140,140HPW501   ,,AUTOMODE,BV141C,37,1,321450,OK,,0,0,9003102010431351065904261735047B,0020007910431251065004261508774C,00200045104311520066-7261742273B,OK,OK,OK,OK,311019,2026-06-27 15:29:21,11014981.0,MAREESWARAN ,13616,104339022020,104319220140,140HPW501   ,AUTOMODE,BV141A,23,1,321450,OK,CA1,0,0,300050104312999991395364110336,OK,OK,0.39,0.45,0.5,0.39,0.453,0.5,OK,,00200045104311520066-7261742273B,OK,OK,202.9,145.2,52.6,146.3,0.0,2.08274,52.0559,53.3833,0.204189,2.65447,55.4344,55.9439,57.5873,2.49112,57.4854,0.490055,0,0,0,0,05ACA004,311781,2026-06-27 15:29:59,11014981.0,MAREESWARAN ,13616.0,104339022020,104319220140,140HPW501   ,AUTOMODE,BV141B,30,1.0,321450.0,OK,,,,00200045104311520066-7261742273B,OK,OK,,OK,OK,311822,2026-06-27 15:32:23,11014981.0,MAREESWARAN ,13616,104339022020,104319220140,,AUTOMODE,BV141D,37,1,321450,OK,CA13,,,0020007910431251065004261508774C,,0,147.0,9.3,-113.55,50.1,134,19.6,-223.35,59.6,-223.35,-113.71,0.826086,2.22229,45.0,40.0,5.0,24.5774,52.3206,52.4491,0,0,0,0,0,0,0,0,0,0,0,1.69,0,20.0,0,387129
5051380,1,0020007910431251065004261508907C,2026-06-14 04:21:15,304212, , ,104319220151,0,0,0,0,57000,110000,0,0,120000,0,0,0,1,0:42,1002,555,"26,91     ",354,"26,91     ",354,"17,43     ",7,"17,43     ",7,0         ,0,0         ,0,0,0,0,0,"9,82      ",94,"9,82      ",94,"5,28      ",337,"5,28      ",337,"3,03      ",207,"3,03      ",207,0,0,0,0,0,0,0,0,0,0,0,0,UCX31_x0001_|_x0007_:, ,"1,37      ","5,02      ",46        ,14,"4,28      ",94,"64,81     ",4:53      ,3,2026-06-15 08:55:17,11014981.0,MAREESWARAN ,1,104339022020,104319220140,,AUTOMODE_TS1,BV141E,40,1,,OK,,0,0,0020007910431251065004261508907C,1.17939,1.17775,1.18357,5,5,4.11,4.2575,5.665,1,1.2,1.2,1.2,1,1.2,0.5,12,0.5,12,0.5,12,296630,2026-06-15 08:50:49,11014981,MAREESWARAN ,13616,104339022020,104319220140,140HPW501   ,,AUTOMODE,BV141C,21,1,308118,OK,,0,0,9003102010431351065904261591222A,0020007910431251065004261508907C,00200045104311520066-7261522414B,OK,OK,OK,OK,297947,2026-06-15 08:48:41,11014981.0,MAREESWARAN ,13616,104339022020,104319220140,140HPW501   ,AUTOMODE,BV141A,23,1,308118,OK,CA1,0,0,300050104312999991395364110336,OK,OK,0.39,0.429,0.5,0.39,0.421,0.5,OK,,00200045104311520066-7261522414B,OK,OK,202.9,145.2,52.6,146.3,-0.0321712,1.1843,52.0212,53.1283,0.0816765,1.91939,55.4825,55.9921,57.6329,1.75604,57.531,0.326706,0,0,0,0,05ACA005,298565,2026-06-15 08:49:25,11014981.0,MAREESWARAN ,13616.0,104339022020,104319220140,140HPW501   ,AUTOMODE,BV141B,29,1.0,308118.0,OK,,,,00200045104311520066-7261522414B,OK,OK,,OK,OK,298672,2026-06-15 08:51:37,11014981.0,MAREESWARAN ,13616,104339022020,104319220140,,AUTOMODE,BV141D,32,1,308118,OK,CA14,,,0020007910431251065004261508907C,,0,145.0,3.5,-113.55,50.1,134,19.6,-223.35,59.6,-223.35,-113.71,0.290032,1.62009,45.0,40.0,5.0,21.9613,51.8889,51.9183,0,0,0,0,0,0,0,0,0,0,0,1.59,0,20.0,0,371043
5055618,1,0020007910431251065004261520024B,2026-06-16 05:21:10,304212, , ,104319220140,0,0,0,0,57000,110000,0,0,120000,0,0,0,2,1:27,1002,555,"28,77     ",57,"14,2      ",200,"10,41     ",28,"4,12      ",230,0         ,0,0         ,0,0,0,0,0,"6,95      ",125,"2,82      ",323,"7,54      ",158,"4,14      ",274,"3,3       ",1,"2,95      ",5,0,0,0,0,0,0,0,0,0,0,0,0,UCX31_x0001_|_x0007_:, ,"1,38      ","4,92      ","45,02     ",14,"4,15      ",94,"64,81     ",2:45      ,3,2026-06-16 03:25:01,11014981.0,MAREESWARAN ,1,104339022020,104319220140,,AUTOMODE_TS1,BV141E,40,2,,OK,,0,0,0020007910431251065004261520024B,1.17661,1.17408,1.17421,5,5,4.41,4.3075,5.355,1,1.2,1.2,1.2,1,1.2,0.5,12,0.5,12,0.5,12,297561,2026-06-16 03:22:25,11014981,MAREESWARAN ,13616,104339022020,104319220140,140HPW501   ,,AUTOMODE,BV141C,20,2,309078,OK,,0,0,9003102010431351065904261628802A,0020007910431251065004261520024B,00200045104311520066-7261612395B,OK,OK,OK,OK,298894,2026-06-16 03:20:13,11014981.0,MAREESWARAN ,13616,104339022020,104319220140,140HPW501   ,AUTOMODE,BV141A,23,2,309078,OK,CA1,0,0,300050104312999991395364110336,OK,OK,0.39,0.441,0.5,0.39,0.433,0.5,OK,,00200045104311520066-7261612395B,OK,OK,202.9,145.2,52.6,146.3,0.0,1.47017,52.1145,53.2432,0.122513,2.85867,55.2917,56.1172,56.2401,2.54622,57.7503,0.408379,0,0,0,0,05ACA004,299518,2026-06-16 03:20:57,11014981.0,MAREESWARAN ,13616.0,104339022020,104319220140,140HPW501   ,AUTOMODE,BV141B,28,2.0,309078.0,OK,,,,00200045104311520066-7261612395B,OK,OK,,OK,OK,299621,2026-06-16 03:23:55,11014981.0,MAREESWARAN ,13616,104339022020,104319220140,,AUTOMODE,BV141D,31,2,309078,OK,CA13,,,0020007910431251065004261520024B,,0,145.0,3.5,-113.55,50.1,134,19.6,-223.35,59.6,-223.35,-113.71,0.373725,2.06288,45.0,40.0,5.0,21.1999,52.3021,52.3875,0,0,0,0,0,0,0,0,0,0,0,1.7,0,20.0,0,372088
5065943,1,0020007910431251065004261529262A,2026-06-18 18:44:12,304212, , ,104319220140,0,0,0,0,57000,110000,0,0,120000,0,0,0,2,1:27,1002,555,"39,3      ",66,"12,92     ",150,"35,71     ",68,"6,2       ",136,0         ,0,0         ,0,0,0,0,0,"24,45     ",174,"4,39      ",234,"5,48      ",43,"1,91      ",255,"5,88      ",285,"8,06      ",284,0,0,0,0,0,0,0,0,0,0,0,0,UCX31_x0001_|_x0007_:, ,"1,36      ","4,95      ","45,31     ",14,"3,97      ",94,"65,08     ",4:11      ,3,2026-06-20 03:17:16,11014981.0,MAREESWARAN ,1,104339022021,104319220151,,AUTOMODE_TS1,BV141E2,38,2,,OK,,0,0,0020007910431251065004261529262A,1.14025,1.15786,1.14604,5,5,1.93174,5.74611,3.03952,1,1.2,1.2,1.2,1,1.2,0.5,12,0.5,12,0.5,12,301666,2026-06-20 03:15:24,11014981,MAREESWARAN ,13616,104339022021,104319220151,160HP Z101  ,,AUTOMODE,BV141C,24,2,313191,OK,,0,0,9003102010431351065904261665220A,0020007910431251065004261529262A,00200045104311520066-7261662374B,OK,OK,OK,OK,302951,2026-06-20 03:14:06,11014981.0,MAREESWARAN ,13616,104339022021,104319220151,160HP Z101  ,AUTOMODE,BV141A,22,2,313191,OK,CA1,0,0,1020104313020080004674879488,OK,OK,0.39,0.442,0.5,0.39,0.45,0.5,OK,,00200045104311520066-7261662374B,OK,OK,202.9,145.2,52.6,146.3,0.0,1.30682,52.0349,53.0617,0.122513,1.91939,55.1102,55.7268,57.6886,4.16548,57.3778,0.285866,0,0,0,0,05ACA001,303605,2026-06-20 03:14:44,11014981.0,MAREESWARAN ,13616.0,104339022021,104319220151,160HP Z101  ,AUTOMODE,BV141B,29,2.0,313191.0,OK,,,,00200045104311520066-7261662374B,OK,OK,,OK,OK,303705,2026-06-20 03:16:10,11014981.0,MAREESWARAN ,13616,104339022021,104319220151,,AUTOMODE,BV141D,30,2,313191,OK,CA13,,,0020007910431251065004261529262A,,0,146.2,4.5,-113.55,50.1,134,19.6,-223.2,59.6,-223.2,-113.71,0.494812,1.60842,45.0,40.0,5.0,25.2936,52.25,52.3752,0,0,0,0,0,0,0,0,0,0,0,3.51,0,20.0,0,377730
5051486,1,0020007910431251065004261529507A,2026-06-14 05:16:42,304212, , ,104319220151,0,0,0,0,57000,110000,0,0,120000,0,0,0,1,0:34,1002,555,"61,88     ",149,"61,88     ",149,"35,29     ",131,"35,29     ",131,0         ,0,0         ,0,0,0,0,0,"19,11     ",175,"19,11     ",175,"11,36     ",165,"11,36     ",165,"1,95      ",300,"1,95      ",300,0,0,0,0,0,0,0,0,0,0,0,0,UCX31_x0001_|_x0007_:, ,"1,37      ",5         ,"44,7      ",14,"3,98      ",93,"64,74     ",12:50     ,3,2026-06-14 01:20:27,11014981.0,MAREESWARAN ,1,104339022021,104319220151,,AUTOMODE_TS1,BV141E2,38,2,,OK,,0,0,0020007910431251065004261529507A,1.16717,1.16138,1.14553,5,5,2.51018,6.76766,4.57725,1,1.2,1.2,1.2,1,1.2,0.5,12,0.5,12,0.5,12,295111,2026-06-15 08:45:49,11014981,MAREESWARAN ,13616,104339022020,104319220140,140HPW501   ,,AUTOMODE,BV141C,19,1,308114,OK,,0,0,9003102010431351065904261591476A,0020007910431251065004261529507A,00200045104311520066-7261572148A,OK,OK,OK,OK,297943,2026-06-15 08:44:39,11014981.0,MAREESWARAN ,13616,104339022020,104319220140,140HPW501   ,AUTOMODE,BV141A,29,1,308114,OK,CA1,0,0,300050104312999991395364110336,OK,OK,0.39,0.41,0.5,0.39,0.416,0.5,OK,,00200045104311520066-7261572148A,OK,OK,202.9,145.2,52.6,146.3,-0.0408363,1.63352,52.1552,52.9782,0.0816765,1.30682,55.3426,55.549,57.707,10.6179,57.2994,0.163353,0,0,0,0,05ACA002,298561,2026-06-15 08:45:17,11014981.0,MAREESWARAN ,13616.0,104339022020,104319220140,140HPW501   ,AUTOMODE,BV141B,28,1.0,308114.0,OK,,,,00200045104311520066-7261572148A,OK,OK,,OK,OK,298668,2026-06-15 08:47:15,11014981.0,MAREESWARAN ,13616,104339022020,104319220140,,AUTOMODE,BV141D,32,1,308114,OK,CA14,,,0020007910431251065004261529507A,,0,145.1,3.7,-113.55,50.1,134,19.6,-223.35,59.6,-223.35,-113.71,0.301844,1.7565,45.0,40.0,5.0,24.1024,51.4134,51.4709,0,0,0,0,0,0,0,0,0,0,0,1.5,0,20.0,0,371039
5057315,1,0020007910431251065004261529704B,2026-06-16 15:29:14,304212, , ,104319220140,0,0,0,0,57000,110000,0,0,120000,0,0,0,1,0:35,1002,555,"63,31     ",14,"63,31     ",14,"38,57     ",24,"38,57     ",24,0         ,0,0         ,0,0,0,0,0,"24,07     ",128,"24,07     ",128,"12,64     ",82,"12,64     ",82,"5,5       ",211,"5,5       ",211,0,0,0,0,0,0,0,0,0,0,0,0,UCX31_x0001_|_x0007_:, ,"1,37      ","4,96      ","45,05     ",14,"4,01      ",93,"65,03     ",5:44      ,3,2026-06-16 14:14:20,11014981.0,MAREESWARAN ,1,104339022020,104319220140,,AUTOMODE_TS1,BV141E,41,1,,OK,,0,0,0020007910431251065004261529704B,1.1804,1.17282,1.17876,5,5,4.885,5.72,7.1525,1,1.2,1.2,1.2,1,1.2,0.5,12,0.5,12,0.5,12,298076,2026-06-16 14:12:24,11014086,BABU        ,13616,104339022020,104319220140,140HPW501   ,,AUTOMODE,BV141C,41,1,309604,OK,,0,0,9003102010431351065904261620062B,0020007910431251065004261529704B,00200045104311520066-7261612704B,OK,OK,OK,OK,299415,2026-06-16 14:10:40,11014086.0,BABU        ,13616,104339022020,104319220140,140HPW501   ,AUTOMODE,BV141A,21,1,309604,OK,CA1,0,0,300050104312999991395364110336,OK,OK,0.39,0.455,0.5,0.39,0.432,0.5,OK,,00200045104311520066-7261612704B,OK,OK,202.9,145.2,52.6,146.3,-0.0408363,2.32777,52.3158,53.34,0.163353,1.83772,55.6025,56.0153,57.7606,2.69531,57.6587,0.245029,0,0,0,0,05ACA005,300041,2026-06-16 14:11:18,11014086.0,BABU        ,13616.0,104339022020,104319220140,140HPW501   ,AUTOMODE,BV141B,30,1.0,309604.0,OK,,,,00200045104311520066-7261612704B,OK,OK,,OK,OK,300144,2026-06-16 14:13:04,11014086.0,BABU        ,13616,104339022020,104319220140,,AUTOMODE,BV141D,27,1,309604,OK,CA13,,,0020007910431251065004261529704B,,0,145.2,3.5,-113.55,50.1,134,19.6,-223.35,59.6,-223.35,-113.71,0.104459,0.702206,45.0,40.0,5.0,18.8326,52.4034,52.3424,0,0,0,0,0,0,0,0,0,0,0,1.66,0,20.0,0,373142
5057509,1,0020007910431251065004261529872B,2026-06-16 17:24:15,306217, , ,104319220140,0,0,0,0,57000,110000,0,0,120000,0,0,0,3,2:42,1002,555,"52,75     ",123,"9,15      ",39,"32,95     ",103,"0,81      ",74,0         ,0,0         ,0,0,0,0,0,"25,17     ",198,"1,73      ",195,"15,12     ",236,"4,72      ",118,"5,61      ",33,"5,02      ",51,0,0,0,0,0,0,0,0,0,0,0,0,UCX31_x0001_|_x0007_:, ,"1,33      ","4,92      ","45,16     ",14,"4,38      ",93,"65,04     ",3:10      ,3,2026-06-16 16:56:49,11014086.0,BABU        ,1,104339022020,104319220140,,AUTOMODE_TS1,BV141E,40,1,,OK,,0,0,0020007910431251065004261529872B,1.17509,1.17459,1.17282,5,5,4.27,4.45,5.375,1,1.2,1.2,1.2,1,1.2,0.5,12,0.5,12,0.5,12,298173,2026-06-16 16:55:01,11014086,BABU        ,13616,104339022020,104319220140,140HPW501   ,,AUTOMODE,BV141C,21,1,309702,OK,,0,0,9003102010431351065904261603375A,0020007910431251065004261529872B,00200045104311520066-7261622215A,OK,OK,OK,OK,299513,2026-06-16 16:53:43,11014086.0,BABU        ,13616,104339022020,104319220140,140HPW501   ,AUTOMODE,BV141A,22,1,309702,OK,CA1,0,0,300050104312999991395364110336,OK,OK,0.39,0.421,0.5,0.39,0.441,0.5,OK,,00200045104311520066-7261622215A,OK,OK,202.9,145.2,52.6,146.3,-0.0816765,2.0419,52.1602,53.3934,0.122513,1.34766,55.7603,56.0661,56.2401,1.23489,57.5107,0.245026,0,0,0,0,05ACA003,300139,2026-06-16 16:54:21,11014086.0,BABU        ,13616.0,104339022020,104319220140,140HPW501   ,AUTOMODE,BV141B,29,1.0,309702.0,OK,,,,00200045104311520066-7261622215A,OK,OK,,OK,OK,300242,2026-06-16 16:55:41,11014086.0,BABU        ,13616,104339022020,104319220140,,AUTOMODE,BV141D,28,1,309702,OK,CA14,,,0020007910431251065004261529872B,,0,145.4,4.5,-113.55,50.1,134,19.6,-223.35,59.6,-223.35,-113.71,1.03196,2.8873,45.0,40.0,5.0,23.7255,52.3111,52.4187,0,0,0,0,0,0,0,0,0,0,0,1.64,0,20.0,0,373277
5056912,1,0020007910431251065004261529945B,2026-06-16 13:00:34,306217, , ,104319220140,0,0,0,0,57000,110000,0,0,120000,0,0,0,1,0:37,1002,555,"36,92     ",124,"36,92     ",124,"15,86     ",90,"15,86     ",90,0         ,0,0         ,0,0,0,0,0,"11,26     ",185,"11,26     ",185,"14,17     ",235,"14,17     ",235,"3,04      ",197,"3,04      ",197,0,0,0,0,0,0,0,0,0,0,0,0,UCX31_x0001_|_x0007_:, ,"1,27      ","4,93      ","45,13     ",14,"4,61      ",93,"64,52     ",4:12      ,3,2026-06-16 07:14:39,11014981.0,MAREESWARAN ,1,104339022020,104319220140,,AUTOMODE_TS1,BV141E2,34,2,,OK,,0,0,0020007910431251065004261529945B,1.15497,1.14692,1.14918,5,5,2.98563,7.08982,4.32934,1,1.2,1.2,1.2,1,1.2,0.5,12,0.5,12,0.5,12,297736,2026-06-16 07:12:05,11014981,MAREESWARAN ,13616,104339022020,104319220140,140HPW501   ,,AUTOMODE,BV141C,23,2,309255,OK,,0,0,9003102010431351065904261620028B,0020007910431251065004261529945B,00200045104311520066-7261612178A,OK,OK,OK,OK,299071,2026-06-16 07:10:29,11014981.0,MAREESWARAN ,13616,104339022020,104319220140,140HPW501   ,AUTOMODE,BV141A,24,2,309255,OK,CA1,0,0,300050104312999991395364110336,OK,OK,0.39,0.431,0.5,0.39,0.419,0.5,OK,,00200045104311520066-7261612178A,OK,OK,202.9,145.2,52.6,146.3,0.0,1.10263,52.1016,53.3297,0.0816765,1.51101,55.3858,55.7935,57.6509,1.02095,57.447,0.245026,0,0,0,0,05ACA010,299695,2026-06-16 07:11:11,11014981.0,MAREESWARAN ,13616.0,104339022020,104319220140,140HPW501   ,AUTOMODE,BV141B,28,2.0,309255.0,OK,,,,00200045104311520066-7261612178A,OK,OK,,OK,OK,299798,2026-06-16 07:13:37,11014981.0,MAREESWARAN ,13616,104339022020,104319220140,,AUTOMODE,BV141D,31,2,309255,OK,CA13,,,0020007910431251065004261529945B,,0,146.6,3.4,-113.55,50.1,134,19.6,-223.35,59.6,-223.35,-113.71,0.28055,1.45465,45.0,40.0,5.0,25.8063,51.8964,52.0471,0,0,0,0,0,0,0,0,0,0,0,1.67,0,20.0,0,372292
5057503,1,0020007910431251065004261529977B,2026-06-16 17:23:24,304212, , ,104319220140,0,0,0,0,57000,110000,0,0,120000,0,0,0,1,0:44,1002,555,"24,82     ",166,"24,82     ",166,"7,97      ",107,"7,97      ",107,0         ,0,0         ,0,0,0,0,0,"6,26      ",200,"6,26      ",200,"9,56      ",284,"9,56      ",284,"4,16      ",80,"4,16      ",80,0,0,0,0,0,0,0,0,0,0,0,0,UCX31_x0001_|_x0007_:, ,"1,45      ","5,03      ","45,57     ",14,"3,88      ",93,"64,82     ",1:48      ,3,2026-06-19 00:32:00,11014981.0,MAREESWARAN ,1,104339022019,104319220139,,AUTOMODE_TS1,BV141E,38,2,,OK,,0,0,0020007910431251065004261529977B,1.17813,1.1732,1.17598,2,2,4.56,3.9675,6.01,1,1.2,1.2,1.2,1,1.2,0.5,12,0.5,12,0.5,12,300968,2026-06-19 00:29:16,11014981,MAREESWARAN ,13616,104339022019,104319220139,140HPW501   ,,AUTOMODE,BV141C,17,2,312556,OK,,0,0,6000102010431351066005261406012B,0020007910431251065004261529977B,00200045104311520066-7261622630B,OK,OK,OK,OK,302332,2026-06-19 00:27:34,11014981.0,MAREESWARAN ,13616,104339022019,104319220139,140HPW501   ,AUTOMODE,BV141A,39,2,312556,OK,CA1,0,0,300050104312999991395364110336,OK,OK,0.39,0.433,0.5,0.39,0.438,0.5,OK,,00200045104311520066-7261622630B,OK,OK,202.9,145.2,52.6,146.3,0.0,2.69531,52.0276,53.2531,0.0408401,2.77699,54.9857,55.801,57.8444,13.2724,57.3348,0.0816765,0,0,0,0,05ACA002,302980,2026-06-19 00:28:10,11014981.0,MAREESWARAN ,13616.0,104339022019,104319220139,140HPW501   ,AUTOMODE,BV141B,29,2.0,312556.0,OK,,,,00200045104311520066-7261622630B,OK,OK,,OK,OK,303080,2026-06-19 00:30:56,11014981.0,MAREESWARAN ,13616,104339022019,104319220139,,AUTOMODE,BV141D,31,2,312556,OK,CA13,,,0020007910431251065004261529977B,,0,145.5,4.8,-113.55,49.8,134,19.6,-222.95,59.6,-222.95,-113.71,0.150784,0.81558,44.9888,40.0,5.0,20.642,51.9915,52.0626,0,0,0,0,0,0,0,0,0,0,0,1.84,0,20.0,0,377036
5100573,1,0020007910431251065004261531833C,2026-06-29 21:56:19,304212, , ,104319220151,0,0,0,0,57000,110000,0,0,120000,0,0,0,1,0:41,1002,555,"14,31     ",199,"14,31     ",199,"4,4       ",320,"4,4       ",320,0         ,0,0         ,0,0,0,0,0,"12,35     ",352,"12,35     ",352,"12,24     ",150,"12,24     ",150,"3,66      ",210,"3,66      ",210,0,0,0,0,0,0,0,0,0,0,0,0,UCX31_x0001_|_x0007_:, ,"1,49      ","4,94      ","45,28     ",14,"4,23      ",94,"64,88     ",2:44      ,3,2026-06-30 19:01:58,10001376.0,DEEPAN.M    ,1,104339022020,104319220140,,AUTOMODE_TS1,BV141E,40,1,,OK,,0,0,0020007910431251065004261531833C,1.17775,1.17712,1.17686,5,5,6.045,6.83,11.13,1,1.2,1.2,1.2,1,1.2,0.5,12,0.5,12,0.5,12,314820,2026-06-30 18:59:50,11014981,MAREESWARAN ,13616,104339022020,104319220140,140HPW501   ,,AUTOMODE,BV141C,22,1,324255,OK,,0,0,9003102010431351065904261772052B,0020007910431251065004261531833C,00200045104311520066-7261762238B,OK,OK,OK,OK,316302,2026-06-30 18:57:50,11014981.0,MAREESWARAN ,13616,104339022020,104319220140,140HPW501   ,AUTOMODE,BV141A,24,1,324255,OK,CA1,0,0,300050104312999991395364110336,OK,OK,0.39,0.46,0.5,0.39,0.42,0.5,OK,,00200045104311520066-7261762238B,OK,OK,202.9,145.2,52.6,146.3,-0.0408363,2.49112,52.2645,53.2887,0.163353,2.49112,55.5513,55.9589,57.6965,3.83878,57.5946,0.326706,0,0,0,0,05ACA005,316091,2026-06-30 18:58:30,11014981.0,MAREESWARAN ,13616.0,104339022020,104319220140,140HPW501   ,AUTOMODE,BV141B,26,1.0,324255.0,OK,,,,00200045104311520066-7261762238B,OK,OK,,OK,OK,317124,2026-06-30 19:00:40,11014981.0,MAREESWARAN ,13616,104339022020,104319220140,,AUTOMODE,BV141D,39,1,324255,OK,CA14,,,0020007910431251065004261531833C,,0,147.0,10.1,-113.55,50.1,134,19.6,-223.35,59.6,-223.35,-113.71,0.0495017,0.485749,45.0,40.0,5.0,18.7195,52.4219,52.4059,0,0,0,0,0,0,0,0,0,0,0,1.72,0,20.0,0,393935
5100627,1,0020007910431251065004261542323A,2026-06-29 22:14:16,304212, , ,104319220151,0,0,0,0,57000,110000,0,0,120000,0,0,0,1,0:29,1002,555,"16,82     ",236,"16,82     ",236,"19,06     ",272,"19,06     ",272,0         ,0,0         ,0,0,0,0,0,"21,72     ",263,"21,72     ",263,"8,18      ",100,"8,18      ",100,"1,94      ",56,"1,94      ",56,0,0,0,0,0,0,0,0,0,0,0,0,UCX31_x0001_|_x0007_:, ,"1,45      ","4,96      ","45,34     ",14,"4,06      ",94,"64,67     ",3:26      ,3,2026-06-29 21:20:03,11014086.0,BABU        ,1,104339022021,104319220151,,AUTOMODE_TS1,BV141E,44,2,,OK,,0,0,0020007910431251065004261542323A,1.18331,1.17509,1.17472,5,5,5.4975,5.99,7.765,1,1.2,1.2,1.2,1,1.2,0.5,12,0.5,12,0.5,12,314040,2026-06-29 21:17:01,11014086,BABU        ,13616,104339022021,104319220151,160HP Z101  ,,AUTOMODE,BV141C,23,2,323410,OK,,0,0,9003102010431351065904261760273B,0020007910431251065004261542323A,00200045104311520066-7261770315A,OK,OK,OK,OK,315473,2026-06-29 21:15:09,11014086.0,BABU        ,13616,104339022021,104319220151,160HP Z101  ,AUTOMODE,BV141A,22,2,323410,OK,CA1,0,0,1020104313020080004674879488,OK,OK,0.39,0.419,0.5,0.39,0.43,0.5,OK,,00200045104311520066-7261770315A,OK,OK,202.9,145.2,52.6,146.3,0.0,1.63352,52.0863,53.1182,0.122513,2.08274,55.3807,55.7934,57.8496,13.7216,57.4419,0.326702,0,0,0,0,05ACA002,315256,2026-06-29 21:15:45,11014086.0,BABU        ,13616.0,104339022021,104319220151,160HP Z101  ,AUTOMODE,BV141B,26,2.0,323410.0,OK,,,,00200045104311520066-7261770315A,OK,OK,,OK,OK,316292,2026-06-29 21:18:49,11014086.0,BABU        ,13616,104339022021,104319220151,,AUTOMODE,BV141D,37,2,323410,OK,CA13,,,0020007910431251065004261542323A,,0,147.3,6.9,-113.55,50.1,134,19.6,-223.2,59.6,-223.2,-113.71,0.315512,1.15954,45.0,40.0,5.0,25.8967,51.4885,51.592,0,0,0,0,0,0,0,0,0,0,0,3.39,0,21.0,0,392186
5103253,1,0020007910431251065004261542389A,2026-06-30 15:52:41,318215, , ,104319220151,0,0,0,0,57000,110000,0,0,120000,0,0,0,2,1:32,1002,555,"31,07     ",140,"15,63     ",249,"23,43     ",109,"0,83      ",106,0         ,0,0         ,0,0,0,0,0,"25,96     ",172,"4,89      ",289,"3,69      ",209,"4,69      ",242,"2,09      ",315,"2,73      ",296,0,0,0,0,0,0,0,0,0,0,0,0,UCX31_x0001_|_x0007_:, ,"1,24      ","4,8       ","46,22     ",13,"4,67      ",94,"64,87     ",0:48      ,3,2026-06-30 09:24:50,11014086.0,BABU        ,1,104339022021,104319220151,,AUTOMODE_TS1,BV141E2,38,1,,OK,,0,0,0020007910431251065004261542389A,1.15346,1.15132,1.15182,5,5,2.97605,7.6982,5.0515,1,1.2,1.2,1.2,1,1.2,0.5,12,0.5,12,0.5,12,314538,2026-06-30 09:21:50,11014086,BABU        ,13616,104339022021,104319220151,160HP Z101  ,,AUTOMODE,BV141C,22,1,323945,OK,,0,0,9003102010431351065904261782547A,0020007910431251065004261542389A,00200045104311520066-7261752198A,OK,OK,OK,OK,315999,2026-06-30 09:19:22,11014086.0,BABU        ,13616,104339022021,104319220151,160HP Z101  ,AUTOMODE,BV141A,22,1,323945,OK,CA1,0,0,1020104313020080004674879488,OK,OK,0.39,0.429,0.5,0.39,0.43,0.5,OK,,00200045104311520066-7261752198A,OK,OK,202.9,145.2,52.6,146.3,0.0,1.1843,52.1096,53.2358,0.0816765,2.20526,55.6894,56.0996,56.2401,1.88973,57.6461,0.367542,0,0,0,0,05ACA003,315787,2026-06-30 09:20:16,11014086.0,BABU        ,13616.0,104339022021,104319220151,160HP Z101  ,AUTOMODE,BV141B,26,1.0,323945.0,OK,,,,00200045104311520066-7261752198A,OK,OK,,OK,OK,316821,2026-06-30 09:23:46,11014086.0,BABU        ,13616,104339022021,104319220151,,AUTOMODE,BV141D,40,1,323945,OK,CA13,,,0020007910431251065004261542389A,,0,147.3,8.9,-113.55,50.1,134,19.6,-223.2,59.6,-223.2,-113.71,0.211657,0.633282,45.0,40.2532,5.0,24.0497,51.9299,52.4233,0,0,0,0,0,0,0,0,0,0,0,3.37,0,20.0,0,393192
5097478,1,0020007910431251065004261542480A,2026-06-28 14:57:20,318215, , ,104319220140,0,0,0,0,57000,110000,0,0,120000,0,0,0,1,0:36,1002,555,"18,75     ",8,"18,75     ",8,"11,39     ",6,"11,39     ",6,0         ,0,0         ,0,0,0,0,0,"7,5       ",65,"7,5       ",65,"4,21      ",49,"4,21      ",49,"2,17      ",304,"2,17      ",304,0,0,0,0,0,0,0,0,0,0,0,0,UCX31_x0001_|_x0007_:, ,"1,12      ","4,77      ","46,86     ",13,"4,02      ",94,"64,97     ",6:04      ,3,2026-06-28 12:46:25,11014981.0,MAREESWARAN ,1,104339022020,104319220140,,AUTOMODE_TS1,BV141E2,34,1,,OK,,0,0,0020007910431251065004261542480A,1.15484,1.15258,1.15371,5,5,2.24311,7.41677,4.70419,1,1.2,1.2,1.2,1,1.2,0.5,12,0.5,12,0.5,12,313127,2026-06-28 12:44:13,11014086,BABU        ,13616,104339022020,104319220140,140HPW501   ,,AUTOMODE,BV141C,23,1,322440,OK,,0,0,9003102010431351065904261771073A,0020007910431251065004261542480A,00200045104311520066-7261761252A,OK,OK,OK,OK,314531,2026-06-28 12:42:07,11014086.0,BABU        ,13616,104339022020,104319220140,140HPW501   ,AUTOMODE,BV141A,22,1,322440,OK,CA1,0,0,300050104312999991395364110336,OK,OK,0.39,0.46,0.5,0.39,0.444,0.5,OK,,00200045104311520066-7261761252A,OK,OK,202.9,145.2,52.6,146.3,0.0,1.26598,52.0834,53.6223,0.122513,2.36861,55.7829,56.1931,56.2401,2.29325,57.8263,0.326702,0,0,0,0,05ACA010,314298,2026-06-28 12:42:41,11014086.0,BABU        ,13616.0,104339022020,104319220140,140HPW501   ,AUTOMODE,BV141B,26,1.0,322440.0,OK,,,,00200045104311520066-7261761252A,OK,OK,,OK,OK,315339,2026-06-28 12:45:25,11014086.0,BABU        ,13616,104339022020,104319220140,,AUTOMODE,BV141D,38,1,322440,OK,CA13,,,0020007910431251065004261542480A,,0,147.7,8.6,-113.55,50.1,134,19.6,-223.35,59.6,-223.35,-113.71,0.234536,0.829425,45.0,40.0,5.0,26.0174,51.8506,51.9482,0,0,0,0,0,0,0,0,0,0,0,1.68,0,20.0,0,391019
5096712,1,0020007910431251065004261542488A,2026-06-28 10:22:25,314116, , ,104319220140,0,0,0,0,57000,110000,0,0,120000,0,0,0,1,0:38,1002,555,52        ,235,52        ,235,"22,66     ",194,"22,66     ",194,0         ,0,0         ,0,0,0,0,0,"34,11     ",160,"34,11     ",160,"18,18     ",228,"18,18     ",228,"2,91      ",216,"2,91      ",216,0,0,0,0,0,0,0,0,0,0,0,0,UCX31_x0001_|_x0007_:, ,"1,3       ","4,93      ","44,99     ",3,"4,46      ",93,"65,53     ",18:32     ,3,2026-06-28 07:26:42,11014981.0,MAREESWARAN ,1,104339022020,104319220140,,AUTOMODE_TS1,BV141E2,34,2,,OK,,0,0,0020007910431251065004261542488A,1.15245,1.15182,1.15522,5,5,2.65749,7.25988,5.20719,1,1.2,1.2,1.2,1,1.2,0.5,12,0.5,12,0.5,12,312920,2026-06-28 07:23:52,11014086,BABU        ,13616,104339022020,104319220140,140HPW501   ,,AUTOMODE,BV141C,53,2,322222,OK,,0,0,9003102010431351065904261768996A,0020007910431251065004261542488A,00200045104311520066-7261762061A,OK,OK,OK,OK,314318,2026-06-28 07:22:04,11014086.0,BABU        ,13616,104339022020,104319220140,140HPW501   ,AUTOMODE,BV141A,26,2,322222,OK,CA1,0,0,300050104312999991395364110336,OK,OK,0.39,0.453,0.5,0.39,0.449,0.5,OK,,00200045104311520066-7261762061A,OK,OK,202.9,145.2,52.6,146.3,0.0,1.42933,52.074,52.8919,0.0816765,1.7152,55.1493,55.5595,57.8118,9.92365,57.0984,0.285866,0,0,0,0,05ACA006,314081,2026-06-28 07:22:42,11014086.0,BABU        ,13616.0,104339022020,104319220140,140HPW501   ,AUTOMODE,BV141B,26,2.0,322222.0,OK,,,,00200045104311520066-7261762061A,OK,OK,,OK,OK,315123,2026-06-28 07:25:42,11014086.0,BABU        ,13616,104339022020,104319220140,,AUTOMODE,BV141D,32,2,322222,OK,CA13,,,0020007910431251065004261542488A,,0,147.1,3.9,-113.55,50.1,134,19.6,-223.35,59.6,-223.35,-113.71,0.572805,2.37747,45.0,40.0,5.0,24.781,51.9875,52.0849,0,0,0,0,0,0,0,0,0,0,0,1.63,0,20.0,0,390729
5098093,1,0020007910431251065004261542544A,2026-06-28 22:47:14,304212, , ,104319220140,0,0,0,0,57000,110000,0,0,120000,0,0,0,1,0:34,1002,555,"54,68     ",111,"54,68     ",111,"40,67     ",117,"40,67     ",117,0         ,0,0         ,0,0,0,0,0,"32,78     ",99,"32,78     ",99,"9,47      ",47,"9,47      ",47,"5,19      ",117,"5,19      ",117,0,0,0,0,0,0,0,0,0,0,0,0,UCX31_x0001_|_x0007_:, ,"1,56      ","4,92      ","45,6      ",14,"4,13      ",94,"64,74     ",1:47      ,3,2026-06-29 18:06:03,11014086.0,BABU        ,1,104339022021,104319220151,,AUTOMODE_TS1,BV141E2,38,1,,OK,,0,0,0020007910431251065004261542544A,1.14566,1.16855,1.1478,5,5,2.0491,7.2024,3.98323,1,1.2,1.2,1.2,1,1.2,0.5,12,0.5,12,0.5,12,313932,2026-06-29 18:03:35,11014086,BABU        ,13616,104339022021,104319220151,160HP Z101  ,,AUTOMODE,BV141C,21,1,323291,OK,,0,0,9003102010431351065904261769951B,0020007910431251065004261542544A,00200045104311520066-7261702006A,OK,OK,OK,OK,315358,2026-06-29 18:02:01,11014086.0,BABU        ,13616,104339022021,104319220151,160HP Z101  ,AUTOMODE,BV141A,26,1,323291,OK,CA1,0,0,1020104313020080004674879488,OK,OK,0.39,0.445,0.5,0.39,0.443,0.5,OK,,00200045104311520066-7261702006A,OK,OK,202.9,145.2,52.6,146.3,0.0,1.02095,52.0325,53.1638,0.0816765,2.36861,55.3218,55.9409,56.2401,1.93403,57.5767,0.367542,0,0,0,0,05ACA004,315139,2026-06-29 18:02:39,11014086.0,BABU        ,13616.0,104339022021,104319220151,160HP Z101  ,AUTOMODE,BV141B,28,1.0,323291.0,OK,,,,00200045104311520066-7261702006A,OK,OK,,OK,OK,316176,2026-06-29 18:04:43,11014086.0,BABU        ,13616,104339022021,104319220151,,AUTOMODE,BV141D,41,1,323291,OK,CA13,,,0020007910431251065004261542544A,,0,147.4,10.0,-113.55,50.1,134,19.6,-223.2,59.6,-223.2,-113.71,0.0965722,0.497581,45.0,40.5001,5.0,25.5952,51.8636,51.9076,0,0,0,0,0,0,0,0,0,0,0,3.4,0,20.0,0,392044
5097786,1,0020007910431251065004261542572A,2026-06-28 17:16:47,314116, , ,104319220140,0,0,0,0,57000,110000,0,0,120000,0,0,0,3,2:18,1002,555,"33,74     ",76,"7,76      ",149,"13,58     ",59,"0,63      ",140,0         ,0,0         ,0,0,0,0,0,"19,65     ",38,"0,28      ",177,"9,35      ",32,"3,41      ",105,"3,58      ",132,"2,23      ",79,0,0,0,0,0,0,0,0,0,0,0,0,UCX31_x0001_|_x0007_:, ,"1,45      ","4,97      ","46,58     ",3,"4,88      ",93,"64,96     ",1:41      ,3,2026-06-28 17:07:33,11014981.0,MAREESWARAN ,1,104339022020,104319220140,,AUTOMODE_TS1,BV141E,41,1,,OK,,0,0,0020007910431251065004261542572A,1.17661,1.17585,1.17813,5,5,3.78,3.9475,7.73,1,1.2,1.2,1.2,1,1.2,0.5,12,0.5,12,0.5,12,313338,2026-06-28 17:04:45,11014086,BABU        ,13616,104339022020,104319220140,140HPW501   ,,AUTOMODE,BV141C,18,1,322661,OK,,0,0,9003102010431351065904261760319B,0020007910431251065004261542572A,00200045104311520066-7261761040A,OK,OK,OK,OK,314747,2026-06-28 17:02:45,11014086.0,BABU        ,13616,104339022020,104319220140,140HPW501   ,AUTOMODE,BV141A,37,1,322661,OK,CA1,0,0,300050104312999991395364110336,OK,OK,0.39,0.413,0.5,0.39,0.422,0.5,OK,,00200045104311520066-7261761040A,OK,OK,202.9,145.2,52.6,146.3,-0.0408401,2.32777,52.1145,53.3426,0.163349,2.00106,55.4981,56.0127,57.651,2.8995,57.4472,0.326702,0,0,0,0,05ACA003,314519,2026-06-28 17:03:25,11014086.0,BABU        ,13616.0,104339022020,104319220140,140HPW501   ,AUTOMODE,BV141B,26,1.0,322661.0,OK,,,,00200045104311520066-7261761040A,OK,OK,,OK,OK,315559,2026-06-28 17:06:29,11014086.0,BABU        ,13616,104339022020,104319220140,,AUTOMODE,BV141D,37,1,322661,OK,CA13,,,0020007910431251065004261542572A,,0,147.6,8.1,-113.55,50.1,134,19.6,-223.35,59.6,-223.35,-113.71,0.488062,1.72957,45.0,40.0,5.0,25.2559,51.8563,51.9533,0,0,0,0,0,0,0,0,0,0,0,1.66,0,20.0,0,391284
5094746,1,0020007910431251065004261543462B,2026-06-27 19:48:19,318215, , ,104319220140,0,0,0,0,57000,110000,0,0,120000,0,0,0,1,0:35,1002,555,"61,51     ",54,"61,51     ",54,"48,21     ",39,"48,21     ",39,0         ,0,0         ,0,0,0,0,0,"51,43     ",89,"51,43     ",89,"8,52      ",130,"8,52      ",130,"1,08      ",143,"1,08      ",143,0,0,0,0,0,0,0,0,0,0,0,0,UCX31_x0001_|_x0007_:, ,"1,22      ","4,69      ","46,99     ",13,"4,59      ",94,"65,17     ",1:40      ,3,2026-06-27 12:43:18,11014981.0,MAREESWARAN ,1,104339022020,104319220140,,AUTOMODE_TS1,BV141E2,34,1,,OK,,0,0,0020007910431251065004261543462B,1.16654,1.16742,1.15283,5,5,5.01437,9.29222,5.42156,1,1.2,1.2,1.2,1,1.2,0.5,12,0.5,12,0.5,12,309505,2026-06-27 12:40:16,11014981,MAREESWARAN ,13616,104339022020,104319220140,140HPW501   ,,AUTOMODE,BV141C,19,1,321322,OK,,0,0,9003102010431351065904261746251B,0020007910431251065004261543462B,00200045104311520066-7261752528C,OK,OK,OK,OK,310898,2026-06-27 12:39:08,11014981.0,MAREESWARAN ,13616,104339022020,104319220140,140HPW501   ,AUTOMODE,BV141A,21,1,321322,OK,CA1,0,0,300050104312999991395364110336,OK,OK,0.39,0.445,0.5,0.39,0.452,0.5,OK,,00200045104311520066-7261752528C,OK,OK,202.9,145.2,52.6,146.3,-0.0408401,0.857597,52.0735,52.9958,0.0408363,1.55185,55.3628,55.773,57.6253,2.0419,57.5208,0.245026,0,0,0,0,05ACA006,311654,2026-06-27 12:39:46,11014981.0,MAREESWARAN ,13616.0,104339022020,104319220140,140HPW501   ,AUTOMODE,BV141B,29,1.0,321322.0,OK,,,,00200045104311520066-7261752528C,OK,OK,,OK,OK,311697,2026-06-27 12:41:32,11014981.0,MAREESWARAN ,13616,104339022020,104319220140,,AUTOMODE,BV141D,37,1,321322,OK,CA14,,,0020007910431251065004261543462B,,0,147.2,9.8,-113.55,50.1,134,19.6,-223.35,59.6,-223.35,-113.71,0.196131,1.10634,45.0,40.0,5.0,20.8606,52.0518,52.106,0,0,0,0,0,0,0,0,0,0,0,1.66,0,20.0,0,386978
5094453,1,0020007910431251065004261543468B,2026-06-27 17:34:16,318215, , ,104319220140,0,0,0,0,57000,110000,0,0,120000,0,0,0,1,0:41,1002,555,"32,11     ",289,"32,11     ",289,"19,19     ",355,"19,19     ",355,0         ,0,0         ,0,0,0,0,0,"23,41     ",47,"23,41     ",47,"21,52     ",284,"21,52     ",284,"2,2       ",320,"2,2       ",320,0,0,0,0,0,0,0,0,0,0,0,0,UCX31_x0001_|_x0007_:, ,"1,24      ","4,66      ","47,41     ",13,"4,3       ",94,"65,05     ",2:50      ,3,2026-06-27 11:42:45,11014981.0,MAREESWARAN ,1,104339022020,104319220140,,AUTOMODE_TS1,BV141E,41,1,,OK,,0,0,0020007910431251065004261543468B,1.17724,1.17472,1.17775,5,5,4.9375,5.1975,7.195,1,1.2,1.2,1.2,1,1.2,0.5,12,0.5,12,0.5,12,309489,2026-06-27 11:39:57,11014981,MAREESWARAN ,13616,104339022020,104319220140,140HPW501   ,,AUTOMODE,BV141C,18,1,321304,OK,,0,0,9003102010431351065904261745910B,0020007910431251065004261543468B,00200045104311520066-7261750464A,OK,OK,OK,OK,310880,2026-06-27 11:38:33,11014981.0,MAREESWARAN ,13616,104339022020,104319220140,140HPW501   ,AUTOMODE,BV141A,22,1,321304,OK,CA1,0,0,300050104312999991395364110336,OK,OK,0.39,0.449,0.5,0.39,0.441,0.5,OK,,00200045104311520066-7261750464A,OK,OK,202.9,145.2,52.6,146.3,0.0,2.53196,52.4255,53.4522,0.204189,2.24609,55.7147,56.023,57.7658,4.73722,57.5619,0.408382,0,0,0,0,05ACA005,311636,2026-06-27 11:39:11,11014981.0,MAREESWARAN ,13616.0,104339022020,104319220140,140HPW501   ,AUTOMODE,BV141B,29,1.0,321304.0,OK,,,,00200045104311520066-7261750464A,OK,OK,,OK,OK,311679,2026-06-27 11:41:39,11014981.0,MAREESWARAN ,13616,104339022020,104319220140,,AUTOMODE,BV141D,37,1,321304,OK,CA13,,,0020007910431251065004261543468B,,0,147.0,9.3,-113.55,50.1,134,19.6,-223.35,59.6,-223.35,-113.71,0.0753937,0.397674,44.8998,40.0,5.0,26.2888,51.7353,51.8593,0,0,0,0,0,0,0,0,0,0,0,1.78,0,20.0,0,386954
5101963,1,0020007910431251065004261575161A,2026-06-30 07:38:16,304212, , ,104319220151,0,0,0,0,57000,110000,0,0,120000,0,0,0,1,0:40,1002,555,"5,7       ",147,"5,7       ",147,"11,74     ",229,"11,74     ",229,0         ,0,0         ,0,0,0,0,0,"18,32     ",229,"18,32     ",229,"10,03     ",41,"10,03     ",41,"2,44      ",287,"2,44      ",287,0,0,0,0,0,0,0,0,0,0,0,0,UCX31_x0001_|_x0007_:, ,"1,55      ","4,9       ","44,96     ",14,"4,29      ",94,"64,72     ",2:34      ,3,2026-06-30 05:48:19,11014086.0,BABU        ,1,104339022021,104319220151,,AUTOMODE_TS1,BV141E,44,2,,OK,,0,0,0020007910431251065004261575161A,1.17484,1.17446,1.178,5,5,6.2925,6.2025,7.4825,1,1.2,1.2,1.2,1,1.2,0.5,12,0.5,12,0.5,12,314420,2026-06-30 05:46:25,11014086,BABU        ,13616,104339022021,104319220151,160HP Z101  ,,AUTOMODE,BV141C,21,2,323813,OK,,0,0,9003102010431351065904261771485A,0020007910431251065004261575161A,00200045104311520066-7261770275A,OK,OK,OK,OK,315869,2026-06-30 05:45:03,11014086.0,BABU        ,13616,104339022021,104319220151,160HP Z101  ,AUTOMODE,BV141A,25,2,323813,OK,CA1,0,0,1020104313020080004674879488,OK,OK,0.39,0.412,0.5,0.39,0.432,0.5,OK,,00200045104311520066-7261770275A,OK,OK,202.9,145.2,52.6,146.3,0.0,1.7152,52.0477,53.4847,0.122513,2.12358,55.6428,56.053,56.2401,1.74869,57.5893,0.367542,0,0,0,0,05ACA004,315656,2026-06-30 05:45:43,11014086.0,BABU        ,13616.0,104339022021,104319220151,160HP Z101  ,AUTOMODE,BV141B,26,2.0,323813.0,OK,,,,00200045104311520066-7261770275A,OK,OK,,OK,OK,316690,2026-06-30 05:47:09,11014086.0,BABU        ,13616,104339022021,104319220151,,AUTOMODE,BV141D,34,2,323813,OK,CA13,,,0020007910431251065004261575161A,,0,147.3,3.7,-113.55,50.1,134,19.6,-223.2,59.6,-223.2,-113.71,4.25791,5.26626,45.0,40.0,5.0,23.5747,50.4688,52.4486,0,0,0,0,0,0,0,0,0,0,0,3.58,0,20.0,0,392982
5103955,1,0020007910431251065004261575196A,2026-06-30 20:08:59,318215, , ,104319220151,0,0,0,0,57000,110000,0,0,120000,0,0,0,2,1:23,1002,555,"16,54     ",22,"15,86     ",156,"6,92      ",59,"4,99      ",142,0         ,0,0         ,0,0,0,0,0,"5,39      ",129,"3,39      ",196,"7,02      ",48,"3,69      ",219,"2,6       ",351,"3,16      ",349,0,0,0,0,0,0,0,0,0,0,0,0,UCX31_x0001_|_x0007_:, ,"1,3       ","4,76      ","45,88     ",13,"4,31      ",94,"64,9      ",1:47      ,3,2026-06-30 03:17:24,11014086.0,BABU        ,1,104339022021,104319220151,,AUTOMODE_TS1,BV141E,44,2,,OK,,0,0,0020007910431251065004261575196A,1.1737,1.17459,1.17421,5,5,4.54,4.7025,5.6975,1,1.2,1.2,1.2,1,1.2,0.5,12,0.5,12,0.5,12,314358,2026-06-30 03:15:04,11014086,BABU        ,13616,104339022021,104319220151,160HP Z101  ,,AUTOMODE,BV141C,19,2,323746,OK,,0,0,9003102010431351065904261771319A,0020007910431251065004261575196A,00200045104311520066-7261772106A,OK,OK,OK,OK,315803,2026-06-30 03:12:28,11014086.0,BABU        ,13616,104339022021,104319220151,160HP Z101  ,AUTOMODE,BV141A,22,2,323746,OK,CA1,0,0,1020104313020080004674879488,OK,OK,0.39,0.441,0.5,0.39,0.415,0.5,OK,,00200045104311520066-7261772106A,OK,OK,202.9,145.2,52.6,146.3,-0.0408401,2.28693,52.1709,52.8919,0.163349,1.83771,55.0423,55.5544,57.7125,8.57599,57.2004,0.285866,0,0,0,0,05ACA006,315589,2026-06-30 03:13:06,11014086.0,BABU        ,13616.0,104339022021,104319220151,160HP Z101  ,AUTOMODE,BV141B,26,2.0,323746.0,OK,,,,00200045104311520066-7261772106A,OK,OK,,OK,OK,316623,2026-06-30 03:16:12,11014086.0,BABU        ,13616,104339022021,104319220151,,AUTOMODE,BV141D,34,2,323746,OK,CA13,,,0020007910431251065004261575196A,,0,147.4,3.8,-113.55,50.1,134,19.6,-223.2,59.6,-223.2,-113.71,0.768986,1.16102,44.2869,40.1082,5.0,19.9861,51.8682,52.1766,0,0,0,0,0,0,0,0,0,0,0,3.45,0,20.0,0,392892
5096386,1,0020007910431251065004261591982C,2026-06-28 07:27:09,318215, , ,104319220140,0,0,0,0,57000,110000,0,0,120000,0,0,0,2,1:30,1002,555,"55,14     ",261,"32,69     ",40,"29,38     ",278,"22,49     ",66,0         ,0,0         ,0,0,0,0,0,"34,74     ",332,"25,92     ",117,"19,47     ",259,"13,24     ",20,"4,1       ",133,"4,56      ",135,0,0,0,0,0,0,0,0,0,0,0,0,UCX31_x0001_|_x0007_:, ,"1,06      ","4,79      ","45,08     ",13,"4,56      ",93,"64,92     ",3:41      ,3,2026-06-28 05:59:12,11014981.0,MAREESWARAN ,1,104339022020,104319220140,,AUTOMODE_TS1,BV141E,40,2,,OK,,0,0,0020007910431251065004261591982C,1.17383,1.17497,1.17509,5,5,6.4575,7.2425,7.5325,1,1.2,1.2,1.2,1,1.2,0.5,12,0.5,12,0.5,12,312845,2026-06-28 05:56:44,11014086,BABU        ,13616,104339022020,104319220140,140HPW501   ,,AUTOMODE,BV141C,30,2,322146,OK,,0,0,9003102010431351065904261769234A,0020007910431251065004261591982C,00200045104311520066-7261750516A,OK,OK,OK,OK,314242,2026-06-28 05:54:50,11014086.0,BABU        ,13616,104339022020,104319220140,140HPW501   ,AUTOMODE,BV141A,22,2,322146,OK,CA1,0,0,300050104312999991395364110336,OK,OK,0.39,0.423,0.5,0.39,0.423,0.5,OK,,00200045104311520066-7261750516A,OK,OK,202.9,145.2,52.6,146.3,0.0,1.83771,52.0815,53.1057,0.122513,1.87855,55.4727,55.7784,56.2401,1.25244,57.4269,0.285866,0,0,0,0,05ACA001,314005,2026-06-28 05:55:28,11014086.0,BABU        ,13616.0,104339022020,104319220140,140HPW501   ,AUTOMODE,BV141B,26,2.0,322146.0,OK,,,,00200045104311520066-7261750516A,OK,OK,,OK,OK,315047,2026-06-28 05:58:08,11014086.0,BABU        ,13616,104339022020,104319220140,,AUTOMODE,BV141D,31,2,322146,OK,CA13,,,0020007910431251065004261591982C,,0,147.0,3.6,-113.55,50.1,134,19.6,-223.35,59.6,-223.35,-113.71,0.372679,1.14594,45.0,40.0596,5.0,26.1154,51.6074,51.7391,0,0,0,0,0,0,0,0,0,0,0,1.62,0,20.0,0,390413
5096499,1,0020007910431251065004261592011C,2026-06-28 08:47:57,318215, , ,104319220140,0,0,0,0,57000,110000,0,0,120000,0,0,0,1,0:35,1002,555,"49,73     ",181,"49,73     ",181,"25,96     ",145,"25,96     ",145,0         ,0,0         ,0,0,0,0,0,"17,85     ",206,"17,85     ",206,"8,96      ",247,"8,96      ",247,"0,75      ",251,"0,75      ",251,0,0,0,0,0,0,0,0,0,0,0,0,UCX31_x0001_|_x0007_:, ,"1,03      ","4,79      ","46,05     ",13,"3,98      ",94,"65,01     ",4:31      ,3,2026-06-29 11:28:31,11014086.0,BABU        ,1,104339022021,104319220151,,AUTOMODE_TS1,BV141E2,38,1,,OK,,0,0,0020007910431251065004261592011C,1.15057,1.16679,1.16415,5,5,2.02395,7.34731,4.39162,1,1.2,1.2,1.2,1,1.2,0.5,12,0.5,12,0.5,12,313626,2026-06-29 11:24:55,11014086,BABU        ,13616,104339022021,104319220151,160HP Z101  ,,AUTOMODE,BV141C,35,1,322963,OK,,0,0,9003102010431351065904261758148B,0020007910431251065004261592011C,00200045104311520066-7261752344C,OK,OK,OK,OK,315041,2026-06-29 11:23:19,11014086.0,BABU        ,13616,104339022021,104319220151,160HP Z101  ,AUTOMODE,BV141A,22,1,322963,OK,CA1,0,0,1020104313020080004674879488,OK,OK,0.39,0.444,0.5,0.39,0.435,0.5,OK,,00200045104311520066-7261752344C,OK,OK,202.9,145.2,52.6,146.3,0.0,2.45028,52.3233,53.1437,0.204193,2.8995,55.4088,55.7145,57.6585,4.00213,57.4547,0.408382,0,0,0,0,05ACA002,314814,2026-06-29 11:23:53,11014086.0,BABU        ,13616.0,104339022021,104319220151,160HP Z101  ,AUTOMODE,BV141B,27,1.0,322963.0,OK,,,,00200045104311520066-7261752344C,OK,OK,,OK,OK,315853,2026-06-29 11:27:13,11014086.0,BABU        ,13616,104339022021,104319220151,,AUTOMODE,BV141D,42,1,322963,OK,CA13,,,0020007910431251065004261592011C,,0,147.6,10.7,-113.55,50.1,134,19.6,-223.2,59.6,-223.2,-113.71,0.376057,1.5056,45.0,40.0,5.0,24.306,51.8563,51.9102,0,0,0,0,0,0,0,0,0,0,0,3.41,0,20.0,0,391613
5095419,1,0020007910431251065004261592056C,2026-06-28 00:42:56,318215, , ,104319220140,0,0,0,0,57000,110000,0,0,120000,0,0,0,3,2:20,1002,555,"51,96     ",39,"5,24      ",300,"22,3      ",344,"6,17      ",301,0         ,0,0         ,0,0,0,0,0,"24,78     ",44,"8,51      ",10,"21,01     ",101,"2,99      ",211,"1,15      ",270,"1,84      ",119,0,0,0,0,0,0,0,0,0,0,0,0,UCX31_x0001_|_x0007_:, ,"1,19      ","4,75      ","44,88     ",13,"4,76      ",94,"64,95     ",2:35      ,3,2026-06-27 17:19:30,11014981.0,MAREESWARAN ,1,104339022020,104319220140,,AUTOMODE_TS1,BV141E2,34,1,,OK,,0,0,0020007910431251065004261592056C,1.15824,1.15648,1.14805,5,5,2.31257,6.83353,3.05749,1,1.2,1.2,1.2,1,1.2,0.5,12,0.5,12,0.5,12,309731,2026-06-27 17:17:22,11014981,MAREESWARAN ,13616,104339022020,104319220140,140HPW501   ,,AUTOMODE,BV141C,21,1,321559,OK,,0,0,9003102010431351065904261735226B,0020007910431251065004261592056C,00200045104311520066-7261760902C,OK,OK,OK,OK,311126,2026-06-27 17:16:06,11014981.0,MAREESWARAN ,13616,104339022020,104319220140,140HPW501   ,AUTOMODE,BV141A,22,1,321559,OK,CA1,0,0,300050104312999991395364110336,OK,OK,0.39,0.419,0.5,0.39,0.409,0.5,OK,,00200045104311520066-7261760902C,OK,OK,202.9,145.2,52.6,146.3,0.0,2.73615,52.0273,53.3598,0.204189,2.28693,55.7243,56.03,57.6683,2.00106,57.5664,0.408379,0,0,0,0,05ACA010,311888,2026-06-27 17:16:46,11014981.0,MAREESWARAN ,13616.0,104339022020,104319220140,140HPW501   ,AUTOMODE,BV141B,29,1.0,321559.0,OK,,,,00200045104311520066-7261760902C,OK,OK,,OK,OK,311929,2026-06-27 17:18:28,11014981.0,MAREESWARAN ,13616,104339022020,104319220140,,AUTOMODE,BV141D,35,1,321559,OK,CA13,,,0020007910431251065004261592056C,,0,147.9,9.6,-113.55,50.1,134,19.6,-223.35,59.6,-223.35,-113.71,0.642202,2.42041,45.0,40.0,5.0,23.6501,52.3482,52.4567,0,0,0,0,0,0,0,0,0,0,0,1.73,0,20.0,0,387240
5095902,1,0020007910431251065004261592083C,2026-06-28 03:42:32,318215, , ,104319220140,0,0,0,0,57000,110000,0,0,120000,0,0,0,1,0:35,1002,555,"51,7      ",114,"51,7      ",114,"34,54     ",118,"34,54     ",118,0         ,0,0         ,0,0,0,0,0,"37,68     ",170,"37,68     ",170,"9,22      ",116,"9,22      ",116,"2,12      ",124,"2,12      ",124,0,0,0,0,0,0,0,0,0,0,0,0,UCX31_x0001_|_x0007_:, ,"1,3       ","4,63      ","44,75     ",13,"3,8       ",94,"65,13     ",3:33      ,3,2026-06-28 21:06:30,11014981.0,MAREESWARAN ,1,104339022020,104319220140,,AUTOMODE_TS1,BV141E2,34,2,,OK,,0,0,0020007910431251065004261592083C,1.1478,1.14704,1.15547,5,5,2.40479,7.8024,6.91976,1,1.2,1.2,1.2,1,1.2,0.5,12,0.5,12,0.5,12,313440,2026-06-28 21:04:00,11014086,BABU        ,13616,104339022020,104319220140,140HPW501   ,,AUTOMODE,BV141C,20,2,322771,OK,,0,0,9003102010431351065904261769307A,0020007910431251065004261592083C,00200045104311520066-7261682941C,OK,OK,OK,OK,314853,2026-06-28 21:02:28,11014086.0,BABU        ,13616,104339022020,104319220140,140HPW501   ,AUTOMODE,BV141A,21,2,322771,OK,CA1,0,0,300050104312999991395364110336,OK,OK,0.39,0.434,0.5,0.39,0.466,0.5,OK,,00200045104311520066-7261682941C,OK,OK,202.9,145.2,52.6,146.3,0.0,2.5728,52.0358,53.2638,0.245029,2.36861,55.4244,55.8321,57.7863,8.12678,57.5825,0.367542,0,0,0,0,05ACA002,314625,2026-06-28 21:03:08,11014086.0,BABU        ,13616.0,104339022020,104319220140,140HPW501   ,AUTOMODE,BV141B,26,2.0,322771.0,OK,,,,00200045104311520066-7261682941C,OK,OK,,OK,OK,315665,2026-06-28 21:05:26,11014086.0,BABU        ,13616,104339022020,104319220140,,AUTOMODE,BV141D,31,2,322771,OK,CA13,,,0020007910431251065004261592083C,,0,147.7,3.2,-113.55,50.1,134,19.6,-223.35,59.6,-223.35,-113.71,1.14293,2.60078,45.0,40.0,5.0,26.334,51.4439,51.5543,0,0,0,0,0,0,0,0,0,0,0,1.63,0,20.0,0,391414
5095807,1,0020007910431251065004261592134C,2026-06-28 03:10:14,318215, , ,104319220140,0,0,0,0,57000,110000,0,0,120000,0,0,0,1,0:31,1002,555,"51,88     ",108,"51,88     ",108,"34,54     ",120,"34,54     ",120,0         ,0,0         ,0,0,0,0,0,"37,84     ",175,"37,84     ",175,"15,75     ",97,"15,75     ",97,"2,21      ",73,"2,21      ",73,0,0,0,0,0,0,0,0,0,0,0,0,UCX31_x0001_|_x0007_:, ,"1,22      ","4,65      ","47,51     ",13,"4,26      ",94,"65,02     ",5:04      ,3,2026-06-27 22:41:10,11014981.0,MAREESWARAN ,1,104339022020,104319220140,,AUTOMODE_TS1,BV141E2,34,2,,OK,,0,0,0020007910431251065004261592134C,1.14642,1.14767,1.16516,5,5,2.86347,7.17126,4.11976,1,1.2,1.2,1.2,1,1.2,0.5,12,0.5,12,0.5,12,309942,2026-06-27 22:39:16,11014981,MAREESWARAN ,13616,104339022020,104319220140,140HPW501   ,,AUTOMODE,BV141C,43,2,321791,OK,,0,0,9003102010431351065904261757155A,0020007910431251065004261592134C,00200045104311520066-7261750264C,OK,OK,OK,OK,311346,2026-06-27 22:37:20,11014981.0,MAREESWARAN ,13616,104339022020,104319220140,140HPW501   ,AUTOMODE,BV141A,26,2,321791,OK,CA1,0,0,300050104312999991395364110336,OK,OK,0.39,0.421,0.5,0.39,0.399,0.5,OK,,00200045104311520066-7261750264C,OK,OK,202.9,145.2,52.6,146.3,-0.0408363,1.38849,52.1323,53.2585,0.0816765,2.08274,55.6254,56.0331,57.679,1.96023,57.5771,0.326706,0,0,0,0,05ACA010,312120,2026-06-27 22:38:02,11014981.0,MAREESWARAN ,13616.0,104339022020,104319220140,140HPW501   ,AUTOMODE,BV141B,28,2.0,321791.0,OK,,,,00200045104311520066-7261750264C,OK,OK,,OK,OK,312157,2026-06-27 22:40:06,11014981.0,MAREESWARAN ,13616,104339022020,104319220140,,AUTOMODE,BV141D,31,2,321791,OK,CA13,,,0020007910431251065004261592134C,,0,147.2,3.8,-113.55,50.1,134,19.6,-223.35,59.6,-223.35,-113.71,0.762753,2.13408,45.0,40.0,5.0,24.4492,52.3368,52.4716,0,0,0,0,0,0,0,0,0,0,0,1.68,0,20.0,0,387522
5096427,1,0020007910431251065004261615258B,2026-06-28 07:46:01,318215, , ,104319220140,0,0,0,0,57000,110000,0,0,120000,0,0,0,2,1:25,1002,555,"25,65     ",176,"8,15      ",305,"22,42     ",200,"8,29      ",344,0         ,0,0         ,0,0,0,0,0,"24,81     ",250,"10,69     ",35,"6,81      ",130,"4,76      ",252,"0,97      ",230,"0,8       ",101,0,0,0,0,0,0,0,0,0,0,0,0,UCX31_x0001_|_x0007_:, ,"1,3       ","4,71      ","45,9      ",13,"4,4       ",94,"64,98     ",12:18     ,3,2026-06-28 07:17:20,11014981.0,MAREESWARAN ,1,104339022020,104319220140,,AUTOMODE_TS1,BV141E2,34,2,,OK,,0,0,0020007910431251065004261615258B,1.1634,1.14943,1.15623,5,5,5.34611,9.47545,7.13054,1,1.2,1.2,1.2,1,1.2,0.5,12,0.5,12,0.5,12,312910,2026-06-28 07:15:36,11014086,BABU        ,13616,104339022020,104319220140,140HPW501   ,,AUTOMODE,BV141C,20,2,322211,OK,,0,0,9003102010431351065904261768994A,0020007910431251065004261615258B,00200045104311520066-7261762042A,OK,OK,OK,OK,314307,2026-06-28 07:14:22,11014086.0,BABU        ,13616,104339022020,104319220140,140HPW501   ,AUTOMODE,BV141A,22,2,322211,OK,CA1,0,0,300050104312999991395364110336,OK,OK,0.39,0.458,0.5,0.39,0.484,0.5,OK,,00200045104311520066-7261762042A,OK,OK,202.9,145.2,52.6,146.3,-0.0408401,2.08274,52.0507,52.9731,0.0816727,1.51101,55.4547,55.661,57.6153,6.04403,57.5133,0.122513,0,0,0,0,05ACA002,314070,2026-06-28 07:14:56,11014086.0,BABU        ,13616.0,104339022020,104319220140,140HPW501   ,AUTOMODE,BV141B,26,2.0,322211.0,OK,,,,00200045104311520066-7261762042A,OK,OK,,OK,OK,315112,2026-06-28 07:16:20,11014086.0,BABU        ,13616,104339022020,104319220140,,AUTOMODE,BV141D,32,2,322211,OK,CA13,,,0020007910431251065004261615258B,,0,147.0,4.0,-113.55,50.1,134,19.6,-223.35,59.6,-223.35,-113.71,0.325971,1.58233,45.0,40.0,5.0,24.5171,51.4364,51.5642,0,0,0,0,0,0,0,0,0,0,0,1.64,0,20.0,0,390708
5097443,1,0020007910431251065004261615358C,2026-06-28 14:38:47,314116, , ,104319220140,0,0,0,0,57000,110000,0,0,120000,0,0,0,1,0:31,1002,555,"23,64     ",203,"23,64     ",203,"5,17      ",222,"5,17      ",222,0         ,0,0         ,0,0,0,0,0,"6,72      ",221,"6,72      ",221,"10,24     ",147,"10,24     ",147,"2,92      ",118,"2,92      ",118,0,0,0,0,0,0,0,0,0,0,0,0,UCX31_x0001_|_x0007_:, ,"1,27      ","4,97      ","46,2      ",3,"4,31      ",93,"65,53     ",2:34      ,3,2026-06-28 13:41:55,11014981.0,MAREESWARAN ,1,104339022020,104319220140,,AUTOMODE_TS1,BV141E,40,1,,OK,,0,0,0020007910431251065004261615358C,1.18015,1.17636,1.17863,5,5,5.6075,5.4175,8.1775,1,1.2,1.2,1.2,1,1.2,0.5,12,0.5,12,0.5,12,313188,2026-06-28 13:37:15,11014086,BABU        ,13616,104339022020,104319220140,140HPW501   ,,AUTOMODE,BV141C,25,1,322504,OK,,0,0,9003102010431351065904261769663A,0020007910431251065004261615358C,00200045104311520066-7261761020A,OK,OK,OK,OK,314594,2026-06-28 13:35:01,11014086.0,BABU        ,13616,104339022020,104319220140,140HPW501   ,AUTOMODE,BV141A,22,1,322504,OK,CA1,0,0,300050104312999991395364110336,OK,OK,0.39,0.453,0.5,0.39,0.464,0.5,OK,,00200045104311520066-7261761020A,OK,OK,202.9,145.2,52.6,146.3,0.0,2.45028,52.1048,53.3406,0.285866,2.16442,55.4935,56.1126,56.2401,1.8733,57.6515,0.367542,0,0,0,0,05ACA010,314362,2026-06-28 13:35:35,11014086.0,BABU        ,13616.0,104339022020,104319220140,140HPW501   ,AUTOMODE,BV141B,26,1.0,322504.0,OK,,,,00200045104311520066-7261761020A,OK,OK,,OK,OK,315402,2026-06-28 13:39:31,11014086.0,BABU        ,13616,104339022020,104319220140,,AUTOMODE,BV141D,37,1,322504,OK,CA13,,,0020007910431251065004261615358C,,0,147.2,8.0,-113.55,50.1,134,19.6,-223.35,59.6,-223.35,-113.71,0.36564,1.60928,45.0,40.0,5.0,24.5623,51.9513,52.0115,0,0,0,0,0,0,0,0,0,0,0,1.76,0,20.0,0,391103
5096505,1,0020007910431251065004261615469C,2026-06-28 08:48:01,314116, , ,104319220140,0,0,0,0,57000,110000,0,0,120000,0,0,0,2,1:34,1002,555,"22,03     ",305,"15,24     ",80,"18,68     ",296,"2,24      ",35,0         ,0,0         ,0,0,0,0,0,"31,74     ",271,"3,04      ",347,"3,32      ",127,"6,15      ",48,"0,65      ",360,"1,27      ",346,0,0,0,0,0,0,0,0,0,0,0,0,UCX31_x0001_|_x0007_:, ,"1,44      ","4,97      ","45,16     ",3,"5,18      ",93,"64,88     ",3:22      ,3,2026-06-28 05:28:59,11014981.0,MAREESWARAN ,1,104339022020,104319220140,,AUTOMODE_TS1,BV141E2,34,2,,OK,,0,0,0020007910431251065004261615469C,1.14881,1.15333,1.15836,5,5,2.50419,7.55928,5.62754,1,1.2,1.2,1.2,1,1.2,0.5,12,0.5,12,0.5,12,312806,2026-06-28 05:26:23,11014086,BABU        ,13616,104339022020,104319220140,140HPW501   ,,AUTOMODE,BV141C,20,2,322107,OK,,0,0,9003102010431351065904261769027A,0020007910431251065004261615469C,00200045104311520066-7261761295A,OK,OK,OK,OK,314203,2026-06-28 05:25:09,11014086.0,BABU        ,13616,104339022020,104319220140,140HPW501   ,AUTOMODE,BV141A,22,2,322107,OK,CA1,0,0,300050104312999991395364110336,OK,OK,0.39,0.439,0.5,0.39,0.444,0.5,OK,,00200045104311520066-7261761295A,OK,OK,202.9,145.2,52.6,146.3,0.0,2.00106,52.0789,53.4114,0.163353,2.36861,55.572,55.9848,56.2401,1.86213,57.7326,0.326706,0,0,0,0,05ACA004,313966,2026-06-28 05:25:45,11014086.0,BABU        ,13616.0,104339022020,104319220140,140HPW501   ,AUTOMODE,BV141B,26,2.0,322107.0,OK,,,,00200045104311520066-7261761295A,OK,OK,,OK,OK,315008,2026-06-28 05:27:57,11014086.0,BABU        ,13616,104339022020,104319220140,,AUTOMODE,BV141D,31,2,322107,OK,CA13,,,0020007910431251065004261615469C,,0,147.9,3.9,-113.55,50.1,134,19.6,-223.35,59.6,-223.35,-113.71,0.585669,2.53674,45.0,40.0,5.0,21.607,52.1276,52.3648,0,0,0,0,0,0,0,0,0,0,0,1.52,0,20.0,0,390374
5097833,1,0020007910431251065004261682696B,2026-06-28 18:09:26,318215, , ,104319220140,0,0,0,0,57000,110000,0,0,120000,0,0,0,1,0:34,1002,555,"17,39     ",48,"17,39     ",48,"12,39     ",97,"12,39     ",97,0         ,0,0         ,0,0,0,0,0,"11,09     ",148,"11,09     ",148,"8,1       ",43,"8,1       ",43,"1,38      ",251,"1,38      ",251,0,0,0,0,0,0,0,0,0,0,0,0,UCX31_x0001_|_x0007_:, ,"1,17      ","4,74      ","46,3      ",13,"3,62      ",94,"64,98     ",3:44      ,3,2026-06-28 16:01:38,11014981.0,MAREESWARAN ,1,104339022020,104319220140,,AUTOMODE_TS1,BV141E2,34,1,,OK,,0,0,0020007910431251065004261682696B,1.16201,1.15472,1.14893,5,5,3.12814,7.67784,5.53174,1,1.2,1.2,1.2,1,1.2,0.5,12,0.5,12,0.5,12,313268,2026-06-28 15:59:32,11014086,BABU        ,13616,104339022020,104319220140,140HPW501   ,,AUTOMODE,BV141C,20,1,322588,OK,,0,0,9003102010431351065904261771166A,0020007910431251065004261682696B,00200045104311520066-7261712236B,OK,OK,OK,OK,314675,2026-06-28 15:57:16,11014086.0,BABU        ,13616,104339022020,104319220140,140HPW501   ,AUTOMODE,BV141A,23,1,322588,OK,CA1,0,0,300050104312999991395364110336,OK,OK,0.39,0.451,0.5,0.39,0.472,0.5,OK,,00200045104311520066-7261712236B,OK,OK,202.9,145.2,52.6,146.3,-0.0408401,1.63352,52.0757,53.2069,0.122513,1.34766,55.3599,55.872,57.6249,3.87962,57.4211,0.204189,0,0,0,0,05ACA010,314446,2026-06-28 15:57:56,11014086.0,BABU        ,13616.0,104339022020,104319220140,140HPW501   ,AUTOMODE,BV141B,26,1.0,322588.0,OK,,,,00200045104311520066-7261712236B,OK,OK,,OK,OK,315486,2026-06-28 16:00:36,11014086.0,BABU        ,13616,104339022020,104319220140,,AUTOMODE,BV141D,37,1,322588,OK,CA13,,,0020007910431251065004261682696B,,0,147.1,7.6,-113.55,50.1,134,19.6,-223.35,59.6,-223.35,-113.71,0.297997,0.799145,45.0,41.0439,5.0,24.9317,51.944,52.0219,0,0,0,0,0,0,0,0,0,0,0,2.08,0,20.0,0,391204
5022836,1,0020007910431251065202260950528B,2026-06-06 02:54:10,314116, , ,104319220141,0,0,0,0,57000,110000,0,0,120000,0,0,0,2,1:41,1002,555,"7,2       ",39,"5,5       ",122,"5,54      ",321,"0,86      ",4,0         ,0,0         ,0,0,0,0,0,"7,99      ",296,"0,97      ",3,"3,18      ",47,"2,76      ",81,"1,01      ",130,"0,35      ",17,0,0,0,0,0,0,0,0,0,0,0,0,UCX31_x0001_|_x0007_:, ,"1,36      ","4,97      ","45,02     ",3,"4,86      ",93,"65,03     ",2:51      ,3,2026-06-06 02:02:29,11014086.0,BABU        ,1,104339022046,104319220141,,AUTOMODE_TS1,BV141E2,38,2,,OK,,0,0,0020007910431251065202260950528B,1.15623,1.15824,1.14465,5,5,3.45629,7.82754,3.52695,1,1.2,1.2,1.2,1,1.2,0.5,12,0.5,12,0.5,12,286156,2026-06-06 01:59:37,11014086,BABU        ,13616,104339022046,104319220141,140HPW501   ,,AUTOMODE,BV141C,22,2,299053,OK,,0,0,9002102010431351067303261203564A,0020007910431251065202260950528B,0020004510431152006711261540572C,OK,OK,OK,OK,287347,2026-06-06 01:57:45,11014086.0,BABU        ,13616,104339022046,104319220141,140HPW501   ,AUTOMODE,BV141A,22,2,299053,OK,CA1,0,0,1020104313020080004674879488,OK,OK,0.39,0.428,0.5,0.39,0.444,0.5,OK,,0020004510431152006711261540572C,OK,OK,202.9,145.2,52.6,146.3,-0.0408363,2.24609,52.1783,53.5057,0.163353,2.36861,55.6612,56.074,57.6129,2.53196,57.511,0.449219,0,0,0,0,05ACA007,287874,2026-06-06 01:58:25,11014086.0,BABU        ,13616.0,104339022046,104319220141,140HPW501   ,AUTOMODE,BV141B,29,2.0,299053.0,OK,,,,0020004510431152006711261540572C,OK,OK,,OK,OK,288023,2026-06-06 02:01:23,11014086.0,BABU        ,13616,104339022046,104319220141,,AUTOMODE,BV141D,35,2,299053,OK,CA13,,,0020007910431251065202260950528B,,0,145.1,6.1,-113.55,50.0,134,18.6,-222.95,59.6,-216.052,-106.71,0.741856,1.32688,45.0,40.4772,5.0,19.5564,52.2693,52.2559,0,0,0,0,0,0,0,0,0,0,0,1.79,0,20.0,0,356276
5022595,1,0020007910431251065202260951156C,2026-06-06 01:05:55,314116, , ,104319220141,0,0,0,0,57000,110000,0,0,120000,0,0,0,1,0:40,1002,555,"57,28     ",301,"57,28     ",301,"24,39     ",282,"24,39     ",282,0         ,0,0         ,0,0,0,0,0,"35,9      ",258,"35,9      ",258,"18,81     ",267,"18,81     ",267,"4,63      ",270,"4,63      ",270,0,0,0,0,0,0,0,0,0,0,0,0,UCX31_x0001_|_x0007_:, ,"1,26      ","4,88      ","45,1      ",3,"3,86      ",93,"65,53     ",4:41      ,3,2026-06-06 00:19:19,11014086.0,BABU        ,1,104339022046,104319220141,,AUTOMODE_TS1,BV141E,45,2,,OK,,0,0,0020007910431251065202260951156C,1.17535,1.1737,1.16991,5,5,4.945,4.2675,5.4925,1,1.2,1.2,1.2,1,1.2,0.5,12,0.5,12,0.5,12,286069,2026-06-06 00:15:25,11014086,BABU        ,13616,104339022046,104319220141,140HPW501   ,,AUTOMODE,BV141C,23,2,298958,OK,,0,0,9002102010431351067303261287304A,0020007910431251065202260951156C,0020004510431152006711261540206A,OK,OK,OK,OK,287259,2026-06-06 00:14:03,11014086.0,BABU        ,13616,104339022046,104319220141,140HPW501   ,AUTOMODE,BV141A,22,2,298958,OK,CA1,0,0,1020104313020080004674879488,OK,OK,0.39,0.415,0.5,0.39,0.411,0.5,OK,,0020004510431152006711261540206A,OK,OK,202.9,145.2,52.6,146.3,0.0,2.24609,52.2651,53.3989,0.204189,2.73615,55.5646,56.0742,57.7125,2.36861,57.6105,0.449219,0,0,0,0,05ACA007,287786,2026-06-06 00:14:43,11014086.0,BABU        ,13616.0,104339022046,104319220141,140HPW501   ,AUTOMODE,BV141B,31,2.0,298958.0,OK,,,,0020004510431152006711261540206A,OK,OK,,OK,OK,287935,2026-06-06 00:18:11,11014086.0,BABU        ,13616,104339022046,104319220141,,AUTOMODE,BV141D,99,2,298958,OK,CA13,,,0020007910431251065202260951156C,,0,145.7,5.9,-113.55,50.0,134,18.6,-222.95,59.6,-216.052,-106.71,0.566175,1.10825,45.0,40.2738,5.0,24.1552,52.2406,52.2889,0,0,0,0,0,0,0,0,0,0,0,1.64,0,20.0,1,356176
5036214,1,0020007910431251065202260951428C,2026-06-10 03:49:44,314116, , ,104319220141,0,0,0,0,57000,110000,0,0,120000,0,0,0,3,3:06,1002,555,"60,01     ",35,"0,76      ",58,"34,64     ",35,"1,87      ",50,0         ,0,0         ,0,0,0,0,0,"56,09     ",17,"3,47      ",259,"15,5      ",333,"2,1       ",81,"3,94      ",31,"6,89      ",39,0,0,0,0,0,0,0,0,0,0,0,0,UCX31_x0001_|_x0007_:, ,"1,43      ","5,03      ","45,83     ",3,"3,67      ",93,"64,88     ",2:56      ,3,2026-06-09 07:25:33,11014981.0,MAREESWARAN ,1,104339022046,104319220141,,AUTOMODE_TS1,BV141E2,38,2,,OK,,0,0,0020007910431251065202260951428C,1.14906,1.15069,1.14818,5,5,2.71737,6.8994,3.1988,1,1.2,1.2,1.2,1,1.2,0.5,12,0.5,12,0.5,12,289795,2026-06-09 07:23:41,11014086,BABU        ,13616,104339022046,104319220141,140HPW501   ,,AUTOMODE,BV141C,17,2,301825,OK,,0,0,9002102010431351067303261203574A,0020007910431251065202260951428C,0020004510431152006711261550849C,OK,OK,OK,OK,290993,2026-06-09 07:20:33,11014086.0,BABU        ,13616,104339022046,104319220141,140HPW501   ,AUTOMODE,BV141A,24,2,301825,OK,CA1,0,0,1020104313020080004674879488,OK,OK,0.39,0.413,0.5,0.39,0.434,0.5,OK,,0020004510431152006711261550849C,OK,OK,202.9,145.2,52.6,146.3,-0.0408401,1.42933,52.1047,53.2334,0.0816765,2.00106,55.4067,55.822,57.7635,13.6399,57.2514,0.408379,0,0,0,0,05ACA006,291537,2026-06-09 07:21:17,11014086.0,BABU        ,13616.0,104339022046,104319220141,140HPW501   ,AUTOMODE,BV141B,28,2.0,301825.0,OK,,,,0020004510431152006711261550849C,OK,OK,,OK,OK,291675,2026-06-09 07:24:29,11014086.0,BABU        ,13616,104339022046,104319220141,,AUTOMODE,BV141D,32,2,301825,OK,CA14,,,0020007910431251065202260951428C,,0,145.4,4.6,-113.55,50.0,134,18.6,-222.95,59.6,-222.95,-113.71,2.25624,4.52165,45.0,40.0,5.0,18.2747,51.8313,51.8391,0,0,0,0,0,0,0,0,0,0,0,1.82,0,20.0,0,360428
5006519,1,0020007910431251065202261331428A,2026-06-01 06:13:21,306217, , ,104319220141,0,0,0,0,57000,110000,0,0,120000,0,0,0,1,0:31,1002,555,"26,35     ",83,"26,35     ",83,"13,06     ",130,"13,06     ",130,0         ,0,0         ,0,0,0,0,0,"11,1      ",207,"11,1      ",207,"6,28      ",135,"6,28      ",135,"2,38      ",345,"2,38      ",345,0,0,0,0,0,0,0,0,0,0,0,0,UCX31_x0001_|_x0007_:, ,"1,31      ","4,93      ","45,42     ",14,"4,66      ",93,"64,52     ",7:11      ,3,2026-06-04 22:06:05,11014086.0,BABU        ,1,104339022046,104319220141,,AUTOMODE_TS1,BV141E2,39,2,,OK,,0,0,0020007910431251065202261331428A,1.14843,1.1522,1.14503,5,5,3.17006,7.3976,3.23952,1,1.2,1.2,1.2,1,1.2,0.5,12,0.5,12,0.5,12,284736,2026-06-04 22:03:23,11014086,BABU        ,13616,104339022046,104319220141,140HPW501   ,,AUTOMODE,BV141C,31,2,297562,OK,,0,0,9002102010431351067303261478781A,0020007910431251065202261331428A,0020004510431152006711261530260B,OK,OK,OK,OK,285893,2026-06-04 22:01:53,11014086.0,BABU        ,13616,104339022046,104319220141,140HPW501   ,AUTOMODE,BV141A,22,2,297562,OK,CA1,0,0,1020104313020080004674879488,OK,OK,0.39,0.409,0.5,0.39,0.419,0.5,OK,,0020004510431152006711261530260B,OK,OK,202.9,145.2,52.6,146.3,0.0,1.30682,52.1203,53.1471,0.0816765,2.08274,55.407,55.7128,57.6593,9.67862,57.1447,0.408382,0,0,0,0,05ACA006,286419,2026-06-04 22:02:31,11014086.0,BABU        ,13616.0,104339022046,104319220141,140HPW501   ,AUTOMODE,BV141B,29,2.0,297562.0,OK,,,,0020004510431152006711261530260B,OK,OK,,OK,OK,286574,2026-06-04 22:05:01,11014086.0,BABU        ,13616,104339022046,104319220141,,AUTOMODE,BV141D,38,2,297562,OK,CA13,,,0020007910431251065202261331428A,,0,145.4,9.5,-113.55,50.0,134,18.6,-222.95,59.6,-216.052,-106.71,0.683728,2.06571,45.0,40.4265,5.0,22.3685,51.733,51.8671,0,0,0,0,0,0,0,0,0,0,0,2.08,0,20.0,0,354712
5009129,1,0020007910431251065202261331976B,2026-06-02 00:32:14,306217, , ,104319220141,0,0,0,0,57000,110000,0,0,120000,0,0,0,1,0:36,1002,555,"48,53     ",130,"48,53     ",130,"37,42     ",109,"37,42     ",109,0         ,0,0         ,0,0,0,0,0,"27,56     ",185,"27,56     ",185,"10,04     ",342,"10,04     ",342,"2,45      ",167,"2,45      ",167,0,0,0,0,0,0,0,0,0,0,0,0,UCX31_x0001_|_x0007_:, ,"1,35      ","4,91      ","45,42     ",14,"4,56      ",93,"64,52     ",2:57      ,3,2026-06-04 21:39:30,11014086.0,BABU        ,1,104339022046,104319220141,,AUTOMODE_TS1,BV141E,45,2,,OK,,0,0,0020007910431251065202261331976B,1.17345,1.17282,1.17358,5,5,4.4625,4.6225,5.2725,1,1.2,1.2,1.2,1,1.2,0.5,12,0.5,12,0.5,12,284708,2026-06-04 21:36:22,11014086,BABU        ,13616,104339022046,104319220141,140HPW501   ,,AUTOMODE,BV141C,24,2,297533,OK,,0,0,9002102010431351067303261500456A,0020007910431251065202261331976B,0020004510431152006711261530074B,OK,OK,OK,OK,285865,2026-06-04 21:34:34,11014086.0,BABU        ,13616,104339022046,104319220141,140HPW501   ,AUTOMODE,BV141A,22,2,297533,OK,CA1,0,0,1020104313020080004674879488,OK,OK,0.39,0.427,0.5,0.39,0.419,0.5,OK,,0020004510431152006711261530074B,OK,OK,202.9,145.2,52.6,146.3,0.0,0.367542,52.0817,53.2078,0.0,1.26598,55.2665,55.6742,57.6207,2.8995,57.315,0.245029,0,0,0,0,05ACA001,286391,2026-06-04 21:35:12,11014086.0,BABU        ,13616.0,104339022046,104319220141,140HPW501   ,AUTOMODE,BV141B,29,2.0,297533.0,OK,,,,0020004510431152006711261530074B,OK,OK,,OK,OK,286546,2026-06-04 21:38:16,11014086.0,BABU        ,13616,104339022046,104319220141,,AUTOMODE,BV141D,38,2,297533,OK,CA13,,,0020007910431251065202261331976B,,0,145.0,9.2,-113.55,50.0,134,18.6,-222.95,59.6,-216.052,-106.71,0.807807,1.86215,45.0,40.4875,5.0,23.2204,52.0304,52.1263,0,0,0,0,0,0,0,0,0,0,0,1.59,0,20.0,0,354673
5006351,1,0020007910431251065202261343060A,2026-06-01 02:48:47,306217, , ,104319220141,0,0,0,0,57000,110000,0,0,120000,0,0,0,3,2:24,1002,555,"62,22     ",47,"17,28     ",303,"17,14     ",33,"2,12      ",198,0         ,0,0         ,0,0,0,0,0,"9,45      ",126,"1,98      ",62,"15,91     ",165,"4,96      ",46,"5,71      ",316,"6,87      ",332,0,0,0,0,0,0,0,0,0,0,0,0,UCX31_x0001_|_x0007_:, ,"1,28      ","4,92      ","45,34     ",14,"4,71      ",93,"64,88     ",4:20      ,3,2026-06-04 22:19:25,11014086.0,BABU        ,1,104339022046,104319220141,,AUTOMODE_TS1,BV141E2,38,2,,OK,,0,0,0020007910431251065202261343060A,1.1527,1.1644,1.15283,5,5,2.87784,7.47784,3.05629,1,1.2,1.2,1.2,1,1.2,0.5,12,0.5,12,0.5,12,284752,2026-06-04 22:16:27,11014086,BABU        ,13616,104339022046,104319220141,140HPW501   ,,AUTOMODE,BV141C,22,2,297578,OK,,0,0,9002102010431351067303261479043A,0020007910431251065202261343060A,0020004510431152006711261540095A,OK,OK,OK,OK,285909,2026-06-04 22:14:35,11014086.0,BABU        ,13616,104339022046,104319220141,140HPW501   ,AUTOMODE,BV141A,25,2,297578,OK,CA1,0,0,1020104313020080004674879488,OK,OK,0.39,0.414,0.5,0.39,0.408,0.5,OK,,0020004510431152006711261540095A,OK,OK,202.9,145.2,52.6,146.3,0.0,1.55185,52.0511,52.8715,0.0816765,2.12358,55.5391,55.85,57.7023,10.1278,57.1901,0.449219,0,0,0,0,05ACA006,286435,2026-06-04 22:15:13,11014086.0,BABU        ,13616.0,104339022046,104319220141,140HPW501   ,AUTOMODE,BV141B,29,2.0,297578.0,OK,,,,0020004510431152006711261540095A,OK,OK,,OK,OK,286590,2026-06-04 22:18:21,11014086.0,BABU        ,13616,104339022046,104319220141,,AUTOMODE,BV141D,38,2,297578,OK,CA13,,,0020007910431251065202261343060A,,0,145.0,9.0,-113.55,50.0,134,18.6,-222.95,59.6,-216.052,-106.71,0.582121,0.995159,45.0,41.8624,5.0,21.8784,51.7835,51.8669,0,0,0,0,0,0,0,0,0,0,0,1.73,0,20.0,0,354728
5041034,1,0020007910431251065202261366164A,2026-06-11 11:29:54,304212, , ,104319220141,0,0,0,0,57000,110000,0,0,120000,0,0,0,1,0:39,1002,555,"17,82     ",112,"17,82     ",112,"43,8      ",126,"43,8      ",126,0         ,0,0         ,0,0,0,0,0,"28,03     ",163,"28,03     ",163,"24,96     ",350,"24,96     ",350,"3,81      ",181,"3,81      ",181,0,0,0,0,0,0,0,0,0,0,0,0,UCX31_x0001_|_x0007_:, ,"1,32      ","4,96      ","44,87     ",14,"4,61      ",94,"64,88     ",6:47      ,3,2026-06-11 21:37:44,11014981.0,MAREESWARAN ,1,104339022046,104319220141,,AUTOMODE_TS1,BV141E,45,2,,OK,,0,0,0020007910431251065202261366164A,1.1775,1.17295,1.17573,5,5,4.075,4.335,4.42,1,1.2,1.2,1.2,1,1.2,0.5,12,0.5,12,0.5,12,292677,2026-06-11 21:35:32,11014981,MAREESWARAN ,13616,104339022046,104319220141,140HPW501   ,,AUTOMODE,BV141C,21,2,304836,OK,,0,0,9002102010431351067303261479635B,0020007910431251065202261366164A,0020004510431152006711261540553B,OK,OK,OK,OK,293938,2026-06-11 21:31:44,11014981.0,MAREESWARAN ,13616,104339022046,104319220141,140HPW501   ,AUTOMODE,BV141A,23,2,304836,OK,CA1,0,0,1020104313020080004674879488,OK,OK,0.39,0.428,0.5,0.39,0.418,0.5,OK,,0020004510431152006711261540553B,OK,OK,202.9,145.2,52.6,146.3,0.0,1.30682,52.0864,53.1107,0.0816765,1.75604,55.4802,55.9898,56.2401,1.3606,57.5338,0.285866,0,0,0,0,05ACA007,294515,2026-06-11 21:32:22,11014981.0,MAREESWARAN ,13616.0,104339022046,104319220141,140HPW501   ,AUTOMODE,BV141B,30,2.0,304836.0,OK,,,,0020004510431152006711261540553B,OK,OK,,OK,OK,294639,2026-06-11 21:36:32,11014981.0,MAREESWARAN ,13616,104339022046,104319220141,,AUTOMODE,BV141D,33,2,304836,OK,CA14,,,0020007910431251065202261366164A,,0,145.0,7.0,-113.55,50.0,134,18.6,-222.95,59.6,-223.2,-113.71,0.511895,1.59829,45.0,40.5484,5.0,17.4605,52.178,52.3982,0,0,0,0,0,0,0,0,0,0,0,1.79,0,20.0,0,364785
5041010,1,0020007910431251065202261366179A,2026-06-11 11:18:39,304212, , ,104319220141,0,0,0,0,57000,110000,0,0,120000,0,0,0,1,0:29,1002,555,"44,31     ",351,"44,31     ",351,"64,56     ",327,"64,56     ",327,0         ,0,0         ,0,0,0,0,0,"26,92     ",1,"26,92     ",1,"6,32      ",105,"6,32      ",105,"2,09      ",129,"2,09      ",129,0,0,0,0,0,0,0,0,0,0,0,0,UCX31_x0001_|_x0007_:, ,"1,35      ","4,96      ","45,13     ",14,"4,01      ",94,"64,88     ",6:47      ,3,2026-06-11 21:40:26,11014981.0,MAREESWARAN ,1,104339022046,104319220141,,AUTOMODE_TS1,BV141E,45,2,,OK,,0,0,0020007910431251065202261366179A,1.17813,1.17509,1.17712,5,5,3.2825,3.6725,4.17,1,1.2,1.2,1.2,1,1.2,0.5,12,0.5,12,0.5,12,292678,2026-06-11 21:36:56,11014981,MAREESWARAN ,13616,104339022046,104319220141,140HPW501   ,,AUTOMODE,BV141C,21,2,304838,OK,,0,0,9002102010431351067303261479307B,0020007910431251065202261366179A,0020004510431152006711261540568B,OK,OK,OK,OK,293940,2026-06-11 21:33:12,11014981.0,MAREESWARAN ,13616,104339022046,104319220141,140HPW501   ,AUTOMODE,BV141A,22,2,304838,OK,CA1,0,0,1020104313020080004674879488,OK,OK,0.39,0.42,0.5,0.39,0.397,0.5,OK,,0020004510431152006711261540568B,OK,OK,202.9,145.2,52.6,146.3,-0.0408363,1.30682,52.9501,53.3629,0.0816765,1.63352,55.7247,56.033,57.6764,2.16442,57.5745,0.285866,0,0,0,0,05ACA010,294517,2026-06-11 21:35:36,11014981.0,MAREESWARAN ,13616.0,104339022046,104319220141,140HPW501   ,AUTOMODE,BV141B,29,2.0,304838.0,OK,,,,0020004510431152006711261540568B,OK,OK,,OK,OK,294641,2026-06-11 21:38:00,11014981.0,MAREESWARAN ,13616,104339022046,104319220141,,AUTOMODE,BV141D,33,2,304838,OK,CA14,,,0020007910431251065202261366179A,,0,145.4,6.9,-113.55,50.0,134,18.6,-222.95,59.6,-223.2,-113.71,1.05619,1.7566,45.0,40.8152,5.0,21.3959,52.0733,52.1923,0,0,0,0,0,0,0,0,0,0,0,1.86,0,20.0,0,364787
5047595,1,0020007910431251065202261366256A,2026-06-13 03:36:43,314116, , ,104319220141,0,0,0,0,57000,110000,0,0,120000,0,0,0,1,0:45,1002,555,"35,58     ",303,"35,58     ",303,"20,41     ",276,"20,41     ",276,0         ,0,0         ,0,0,0,0,0,"35,58     ",253,"35,58     ",253,"5,52      ",277,"5,52      ",277,"6,76      ",154,"6,76      ",154,0,0,0,0,0,0,0,0,0,0,0,0,UCX31_x0001_|_x0007_:, ,"1,28      ","4,96      ","45,02     ",3,"4,74      ",93,"65,47     ",3:02      ,3,2026-06-10 22:48:33,11014086.0,BABU        ,1,104339022046,104319220141,,AUTOMODE_TS1,BV141E,45,2,,OK,,0,0,0020007910431251065202261366256A,1.17762,1.17181,1.17724,5,5,4.0175,3.95,5.155,1,1.2,1.2,1.2,1,1.2,0.5,12,0.5,12,0.5,12,291622,2026-06-10 22:45:05,11014086,BABU        ,13616,104339022046,104319220141,140HPW501   ,,AUTOMODE,BV141C,30,2,303739,OK,,0,0,9002102010431351067303261500308A,0020007910431251065202261366256A,0020004510431152006711261540131A,OK,OK,OK,OK,292856,2026-06-10 22:42:03,11014086.0,BABU        ,13616,104339022046,104319220141,140HPW501   ,AUTOMODE,BV141A,22,2,303739,OK,CA1,0,0,1020104313020080004674879488,OK,OK,0.39,0.432,0.5,0.39,0.431,0.5,OK,,0020004510431152006711261540131A,OK,OK,202.9,145.2,52.6,146.3,0.0,0.939274,52.1859,53.0038,0.0816727,1.47017,55.0599,55.6739,57.8269,14.9876,57.2154,0.285866,0,0,0,0,05ACA006,293423,2026-06-10 22:44:09,11014086.0,BABU        ,13616.0,104339022046,104319220141,140HPW501   ,AUTOMODE,BV141B,87,2.0,303739.0,OK,CA4,,,0020004510431152006711261540131A,OK,OK,,OK,OK,293551,2026-06-10 22:45:51,11014086.0,BABU        ,13616,104339022046,104319220141,,AUTOMODE,BV141D,34,2,303739,OK,CA14,,,0020007910431251065202261366256A,,0,145.2,5.5,-113.55,50.0,134,18.6,-222.95,59.6,-222.95,-113.71,-0.00753784,0.0,42.9483,40.0354,5.0,18.6517,51.8417,51.8598,0,0,0,0,0,0,0,0,0,0,0,1.65,0,20.0,0,363073
5043595,1,0020007910431251065202261366481B,2026-06-12 04:02:20,314116, , ,104319220141,0,0,0,0,57000,110000,0,0,120000,0,0,0,1,0:37,1002,555,"23,62     ",227,"23,62     ",227,"4,65      ",221,"4,65      ",221,0         ,0,0         ,0,0,0,0,0,"6,37      ",228,"6,37      ",228,"11,33     ",175,"11,33     ",175,"2,91      ",63,"2,91      ",63,0,0,0,0,0,0,0,0,0,0,0,0,UCX31_x0001_|_x0007_:, ,"1,28      ","4,96      ","44,99     ",3,"5,18      ",93,"65,49     ",3:02      ,3,2026-06-12 01:21:02,11014981.0,MAREESWARAN ,1,104339022046,104319220141,,AUTOMODE_TS1,BV141E2,38,2,,OK,,0,0,0020007910431251065202261366481B,1.15723,1.16579,1.1517,5,5,3.39641,7.7006,3.72216,1,1.2,1.2,1.2,1,1.2,0.5,12,0.5,12,0.5,12,292842,2026-06-12 01:19:10,11014981,MAREESWARAN ,13616,104339022046,104319220141,140HPW501   ,,AUTOMODE,BV141C,22,2,305018,OK,,0,0,9002102010431351067303261520896A,0020007910431251065202261366481B,0020004510431152006711261550985C,OK,OK,OK,OK,294112,2026-06-12 01:17:08,11014981.0,MAREESWARAN ,13616,104339022046,104319220141,140HPW501   ,AUTOMODE,BV141A,23,2,305018,OK,CA1,0,0,1020104313020080004674879488,OK,OK,0.39,0.416,0.5,0.39,0.424,0.5,OK,,0020004510431152006711261550985C,OK,OK,202.9,145.2,52.6,146.3,0.0,1.26598,52.7289,53.0371,0.122513,1.83771,55.506,56.0181,57.7634,5.18644,57.5596,0.367542,0,0,0,0,05ACA010,294695,2026-06-12 01:17:48,11014981.0,MAREESWARAN ,13616.0,104339022046,104319220141,140HPW501   ,AUTOMODE,BV141B,29,2.0,305018.0,OK,,,,0020004510431152006711261550985C,OK,OK,,OK,OK,294814,2026-06-12 01:19:54,11014981.0,MAREESWARAN ,13616,104339022046,104319220141,,AUTOMODE,BV141D,31,2,305018,OK,CA14,,,0020007910431251065202261366481B,,0,145.1,4.9,-113.55,50.0,134,18.6,-222.95,59.6,-223.2,-113.71,0.411854,1.80519,45.0,40.0,5.0,19.5111,52.3334,52.3828,0,0,0,0,0,0,0,0,0,0,0,1.73,0,20.0,0,365153
5062250,1,0020007910431251065202261367218C,2026-06-17 20:53:11,314116, , ,104319220141,0,0,0,0,57000,110000,0,0,120000,0,0,0,2,1:45,1002,555,"32,28     ",33,"9,56      ",35,"9,07      ",48,"1,43      ",347,0         ,0,0         ,0,0,0,0,0,"13,51     ",65,"4,09      ",205,"16,89     ",337,"6,47      ",4,"4,47      ",183,"5,49      ",185,0,0,0,0,0,0,0,0,0,0,0,0,UCX31_x0001_|_x0007_:, ,"1,39      ","4,98      ","46,12     ",3,"4,29      ",93,"64,88     ",4:40      ,3,2026-06-17 05:12:07,11014086.0,BABU        ,1,104339022046,104319220141,,AUTOMODE_TS1,BV141E2,38,2,,OK,,0,0,0020007910431251065202261367218C,1.14956,1.16063,1.16038,5,5,2.12335,4.23952,2.39401,1,1.2,1.2,1.2,1,1.2,0.5,12,0.5,12,0.5,12,298785,2026-06-17 05:10:15,11014981,MAREESWARAN ,13616,104339022046,104319220141,140HPW501   ,,AUTOMODE,BV141C,22,2,310334,OK,,0,0,9002102010431351067303261499910A,0020007910431251065202261367218C,0020004510431152006711261652061A,OK,OK,OK,OK,300135,2026-06-17 05:08:57,11014981.0,MAREESWARAN ,13616,104339022046,104319220141,140HPW501   ,AUTOMODE,BV141A,22,2,310334,OK,CA1,0,0,1020104313020080004674879488,OK,OK,0.39,0.456,0.5,0.39,0.459,0.5,OK,,0020004510431152006711261652061A,OK,OK,202.9,145.2,52.6,146.3,-0.0408401,1.75603,52.2269,53.1543,0.122513,2.24609,55.4168,55.7276,57.7736,10.6587,57.4678,0.285866,0,0,0,0,05ACA002,300768,2026-06-17 05:09:41,11014981.0,MAREESWARAN ,13616.0,104339022046,104319220141,140HPW501   ,AUTOMODE,BV141B,29,2.0,310334.0,OK,,,,0020004510431152006711261652061A,OK,OK,,OK,OK,300868,2026-06-17 05:11:01,11014981.0,MAREESWARAN ,13616,104339022046,104319220141,,AUTOMODE,BV141D,34,2,310334,OK,CA13,,,0020007910431251065202261367218C,,0,145.0,6.0,-113.55,50.0,134,18.6,-222.95,59.6,-223.35,-113.71,1.40258,2.97822,45.0,40.0,5.0,25.4067,51.8355,51.991,0,0,0,0,0,0,0,0,0,0,0,1.76,0,20.0,0,373989
5076333,1,0020007910431251065202261377594B,2026-06-22 11:19:20,314116, , ,104319220141,0,0,0,0,57000,110000,0,0,120000,0,0,0,1,0:32,1002,555,"20,99     ",269,"20,99     ",269,"16,21     ",247,"16,21     ",247,0         ,0,0         ,0,0,0,0,0,"27,65     ",220,"27,65     ",220,"1,41      ",336,"1,41      ",336,"2,44      ",96,"2,44      ",96,0,0,0,0,0,0,0,0,0,0,0,0,UCX31_x0001_|_x0007_:, ,"1,26      ","4,97      ","46,12     ",3,5         ,93,"65,1      ",2:53      ,3,2026-06-24 10:44:40,11014981.0,MAREESWARAN ,1,104339022046,104319220141,,AUTOMODE_TS1,BV141E,45,1,,OK,,0,0,0020007910431251065202261377594B,1.17396,1.17295,1.16979,5,5,3.705,3.815,4.24,1,1.2,1.2,1.2,1,1.2,0.5,12,0.5,12,0.5,12,305923,2026-06-24 10:42:04,11014981,MAREESWARAN ,13616,104339022046,104319220141,140HPW501   ,,AUTOMODE,BV141C,24,1,317604,OK,,0,0,9002102010431351067303261575530B,0020007910431251065202261377594B,0020004510431152006711261730223B,OK,OK,OK,OK,307274,2026-06-24 10:40:06,11014981.0,MAREESWARAN ,13616,104339022046,104319220141,140HPW501   ,AUTOMODE,BV141A,24,1,317604,OK,CA1,0,0,1020104313020080004674879488,OK,OK,0.39,0.417,0.5,0.39,0.417,0.5,OK,,0020004510431152006711261730223B,OK,OK,202.9,145.2,52.6,146.3,0.0,1.75604,52.0305,52.9528,0.122517,1.75604,55.3173,55.6255,57.6715,9.27024,57.4651,0.204189,0,0,0,0,05ACA002,307974,2026-06-24 10:40:46,11014981.0,MAREESWARAN ,13616.0,104339022046,104319220141,140HPW501   ,AUTOMODE,BV141B,30,1.0,317604.0,OK,,,,0020004510431152006711261730223B,OK,OK,,OK,OK,308046,2026-06-24 10:43:32,11014981.0,MAREESWARAN ,13616,104339022046,104319220141,,AUTOMODE,BV141D,35,1,317604,OK,CA13,,,0020007910431251065202261377594B,,0,145.7,8.8,-113.55,50.0,134,18.6,-222.95,59.6,-223.35,-113.71,0.854122,2.38599,45.0,40.0,5.0,25.1353,51.8621,52.0068,0,0,0,0,0,0,0,0,0,0,0,1.67,0,20.0,0,382639
5085690,1,0020007910431251065202261388405A,2026-06-25 03:27:02,314116, , ,104319220141,0,0,0,0,57000,110000,0,0,120000,0,0,0,3,2:42,1002,555,"38,22     ",319,7         ,110,"26,43     ",302,"2,16      ",302,0         ,0,0         ,0,0,0,0,0,"44,78     ",288,"4,98      ",264,"6,03      ",274,"5,31      ",77,"2,22      ",201,"2,15      ",225,0,0,0,0,0,0,0,0,0,0,0,0,UCX31_x0001_|_x0007_:, ,"1,32      ","4,96      ","45,05     ",3,"4,69      ",93,"64,88     ",3:34      ,3,2026-06-24 09:15:15,11014981.0,MAREESWARAN ,1,104339022046,104319220141,,AUTOMODE_TS1,BV141E2,38,1,,OK,,0,0,0020007910431251065202261388405A,1.1556,1.1605,1.14566,5,5,3.31976,7.36647,3.33174,1,1.2,1.2,1.2,1,1.2,0.5,12,0.5,12,0.5,12,305844,2026-06-24 09:13:03,11014981,MAREESWARAN ,13616,104339022046,104319220141,140HPW501   ,,AUTOMODE,BV141C,23,1,317525,OK,,0,0,9002102010431351067303261574989A,0020007910431251065202261388405A,0020004510431152006711261730333B,OK,OK,OK,OK,307195,2026-06-24 09:10:45,11014981.0,MAREESWARAN ,13616,104339022046,104319220141,140HPW501   ,AUTOMODE,BV141A,41,1,317525,OK,CA1,0,0,1020104313020080004674879488,OK,OK,0.39,0.408,0.5,0.39,0.412,0.5,OK,,0020004510431152006711261730333B,OK,OK,202.9,145.2,52.6,146.3,0.0,3.14453,52.1126,53.4553,0.245029,2.28693,55.7178,56.128,56.2401,2.02356,57.5676,0.367542,0,0,0,0,05ACA005,307895,2026-06-24 09:11:41,11014981.0,MAREESWARAN ,13616.0,104339022046,104319220141,140HPW501   ,AUTOMODE,BV141B,30,1.0,317525.0,OK,,,,0020004510431152006711261730333B,OK,OK,,OK,OK,307967,2026-06-24 09:14:09,11014981.0,MAREESWARAN ,13616,104339022046,104319220141,,AUTOMODE,BV141D,37,1,317525,OK,CA13,,,0020007910431251065202261388405A,,0,145.8,8.5,-113.55,50.0,134,18.6,-222.95,59.6,-223.35,-113.71,1.03928,2.81056,45.0,40.0,5.0,20.265,52.4513,52.4132,0,0,0,0,0,0,0,0,0,0,0,1.84,0,20.0,0,382560
5085708,1,0020007910431251065202261388411A,2026-06-25 03:34:37,314116, , ,104319220141,0,0,0,0,57000,110000,0,0,120000,0,0,0,1,0:42,1002,555,"55,99     ",11,"55,99     ",11,"35,13     ",339,"35,13     ",339,0         ,0,0         ,0,0,0,0,0,"56,6      ",314,"56,6      ",314,"12,35     ",11,"12,35     ",11,"2,48      ",258,"2,48      ",258,0,0,0,0,0,0,0,0,0,0,0,0,UCX31_x0001_|_x0007_:, ,"1,23      ","4,95      ","45,16     ",3,"4,51      ",94,"65,24     ",3:34      ,3,2026-06-24 09:14:31,11014981.0,MAREESWARAN ,1,104339022046,104319220141,,AUTOMODE_TS1,BV141E,45,1,,OK,,0,0,0020007910431251065202261388411A,1.17636,1.1756,1.17206,5,5,3.0475,3.79,4.8075,1,1.2,1.2,1.2,1,1.2,0.5,12,0.5,12,0.5,12,305843,2026-06-24 09:12:25,11014981,MAREESWARAN ,13616,104339022046,104319220141,140HPW501   ,,AUTOMODE,BV141C,40,1,317524,OK,,0,0,9002102010431351067303261574994A,0020007910431251065202261388411A,0020004510431152006711261730137A,OK,OK,OK,OK,307194,2026-06-24 09:09:45,11014981.0,MAREESWARAN ,13616,104339022046,104319220141,140HPW501   ,AUTOMODE,BV141A,22,1,317524,OK,CA1,0,0,1020104313020080004674879488,OK,OK,0.39,0.415,0.5,0.39,0.405,0.5,OK,,0020004510431152006711261730137A,OK,OK,202.9,145.2,52.6,146.3,0.0,2.69531,52.0714,52.9937,0.245026,2.65447,55.2537,55.5594,57.72,9.92365,57.2028,0.449219,0,0,0,0,05ACA006,307894,2026-06-24 09:10:45,11014981.0,MAREESWARAN ,13616.0,104339022046,104319220141,140HPW501   ,AUTOMODE,BV141B,30,1.0,317524.0,OK,,,,0020004510431152006711261730137A,OK,OK,,OK,OK,307966,2026-06-24 09:13:21,11014981.0,MAREESWARAN ,13616,104339022046,104319220141,,AUTOMODE,BV141D,37,1,317524,OK,CA13,,,0020007910431251065202261388411A,,0,145.7,8.7,-113.55,50.0,134,18.6,-222.95,59.6,-223.35,-113.71,1.56578,3.74126,45.0,40.0,5.0,23.6501,51.9083,51.9916,0,0,0,0,0,0,0,0,0,0,0,1.78,0,20.0,0,382559
5085584,1,0020007910431251065202261388452A,2026-06-25 02:39:27,314116, , ,104319220141,0,0,0,0,57000,110000,0,0,120000,0,0,0,1,0:39,1002,555,"37,92     ",140,"37,92     ",140,13        ,130,13        ,130,0         ,0,0         ,0,0,0,0,0,"19,14     ",117,"19,14     ",117,"14,32     ",98,"14,32     ",98,"4,16      ",340,"4,16      ",340,0,0,0,0,0,0,0,0,0,0,0,0,UCX31_x0001_|_x0007_:, ,"1,28      ","4,96      ","45,13     ",3,"4,53      ",93,"65,46     ",9:02      ,3,2026-06-24 08:42:17,11014981.0,MAREESWARAN ,1,104339022046,104319220141,,AUTOMODE_TS1,BV141E2,38,1,,OK,,0,0,0020007910431251065202261388452A,1.14591,1.14893,1.15723,5,5,3.09461,7.02275,3.17725,1,1.2,1.2,1.2,1,1.2,0.5,12,0.5,12,0.5,12,305800,2026-06-24 08:40:27,11014981,MAREESWARAN ,13616,104339022046,104319220141,140HPW501   ,,AUTOMODE,BV141C,21,1,317481,OK,,0,0,9002102010431351067303261574961A,0020007910431251065202261388452A,0020004510431152006711261730438B,OK,OK,OK,OK,307151,2026-06-24 08:39:09,11014981.0,MAREESWARAN ,13616,104339022046,104319220141,140HPW501   ,AUTOMODE,BV141A,22,1,317481,OK,CA1,0,0,1020104313020080004674879488,OK,OK,0.39,0.406,0.5,0.39,0.4,0.5,OK,,0020004510431152006711261730438B,OK,OK,202.9,145.2,52.6,146.3,0.0,2.45028,52.2113,53.0317,0.204189,2.49112,55.3936,55.6993,57.544,5.39063,57.4421,0.367542,0,0,0,0,05ACA002,307851,2026-06-24 08:39:53,11014981.0,MAREESWARAN ,13616.0,104339022046,104319220141,140HPW501   ,AUTOMODE,BV141B,30,1.0,317481.0,OK,,,,0020004510431152006711261730438B,OK,OK,,OK,OK,307923,2026-06-24 08:41:13,11014981.0,MAREESWARAN ,13616,104339022046,104319220141,,AUTOMODE,BV141D,37,1,317481,OK,CA13,,,0020007910431251065202261388452A,,0,145.2,8.7,-113.55,50.0,134,18.6,-222.95,59.6,-223.35,-113.71,1.37575,3.28152,45.0,40.0,5.0,23.9592,51.9573,52.0044,0,0,0,0,0,0,0,0,0,0,0,1.57,0,20.0,0,382516
5085656,1,0020007910431251065202261388496A,2026-06-25 03:09:40,314116, , ,104319220141,0,0,0,0,57000,110000,0,0,120000,0,0,0,1,0:40,1002,555,"26,72     ",26,"26,72     ",26,"22,92     ",52,"22,92     ",52,0         ,0,0         ,0,0,0,0,0,"41,5      ",35,"41,5      ",35,"13,25     ",277,"13,25     ",277,"5,42      ",197,"5,42      ",197,0,0,0,0,0,0,0,0,0,0,0,0,UCX31_x0001_|_x0007_:, ,"1,26      ","4,95      ","45,25     ",3,"4,31      ",93,"65,46     ",3:42      ,3,2026-06-24 09:12:57,11014981.0,MAREESWARAN ,1,104339022046,104319220141,,AUTOMODE_TS1,BV141E,45,1,,OK,,0,0,0020007910431251065202261388496A,1.17459,1.17282,1.17585,5,5,3.23,4.4825,4.2375,1,1.2,1.2,1.2,1,1.2,0.5,12,0.5,12,0.5,12,305841,2026-06-24 09:10:51,11014981,MAREESWARAN ,13616,104339022046,104319220141,140HPW501   ,,AUTOMODE,BV141C,41,1,317522,OK,,0,0,9002102010431351067303261575548B,0020007910431251065202261388496A,0020004510431152006711261730015A,OK,OK,OK,OK,307192,2026-06-24 09:08:25,11014981.0,MAREESWARAN ,13616,104339022046,104319220141,140HPW501   ,AUTOMODE,BV141A,22,1,317522,OK,CA1,0,0,1020104313020080004674879488,OK,OK,0.39,0.413,0.5,0.39,0.411,0.5,OK,,0020004510431152006711261730015A,OK,OK,202.9,145.2,52.6,146.3,0.0,2.28693,52.1071,53.5518,0.122517,2.36861,55.9085,56.2168,56.2401,2.33132,57.8526,0.326706,0,0,0,0,05ACA010,307892,2026-06-24 09:09:07,11014981.0,MAREESWARAN ,13616.0,104339022046,104319220141,140HPW501   ,AUTOMODE,BV141B,30,1.0,317522.0,OK,,,,0020004510431152006711261730015A,OK,OK,,OK,OK,307964,2026-06-24 09:11:49,11014981.0,MAREESWARAN ,13616,104339022046,104319220141,,AUTOMODE,BV141D,37,1,317522,OK,CA13,,,0020007910431251065202261388496A,,0,145.0,8.5,-113.55,50.0,134,18.6,-222.95,59.6,-223.35,-113.71,0.321207,1.78547,45.0,40.0,5.0,20.1293,52.4198,52.3499,0,0,0,0,0,0,0,0,0,0,0,1.75,0,20.0,0,382557
5064997,1,0020007910431251065202261388665A,2026-06-18 13:15:27,314116, , ,104319220141,0,0,0,0,57000,110000,0,0,120000,0,0,0,2,1:35,1002,555,"40,92     ",326,"9,25      ",68,"26,51     ",316,"3,93      ",50,0         ,0,0         ,0,0,0,0,0,"50,3      ",303,"12,34     ",43,"7,8       ",217,"2,12      ",283,"3,09      ",64,4         ,52,0,0,0,0,0,0,0,0,0,0,0,0,UCX31_x0001_|_x0007_:, ,"1,29      ","4,91      ","45,16     ",3,"4,11      ",93,"64,88     ",5:26      ,3,2026-06-17 10:13:37,11014086.0,BABU        ,1,104339022046,104319220141,,AUTOMODE_TS1,BV141E,44,1,,OK,,0,0,0020007910431251065202261388665A,1.17193,1.1756,1.17484,5,5,3.6575,4.045,4.595,1,1.2,1.2,1.2,1,1.2,0.5,12,0.5,12,0.5,12,299023,2026-06-17 09:54:21,11014981,MAREESWARAN ,13616,104339022046,104319220141,140HPW501   ,,AUTOMODE,BV141C,19,1,310574,OK,,0,0,9002102010431351067303261553389A,0020007910431251065202261388665A,0020004510431152006711261580322A,OK,OK,OK,OK,300373,2026-06-17 09:53:03,11014981.0,MAREESWARAN ,13616,104339022046,104319220141,140HPW501   ,AUTOMODE,BV141A,23,1,310574,OK,CA1,0,0,1020104313020080004674879488,OK,OK,0.39,0.457,0.5,0.39,0.451,0.5,OK,,0020004510431152006711261580322A,OK,OK,202.9,145.2,52.6,146.3,0.0816765,1.51101,52.8333,53.0372,0.163353,2.20526,55.1952,55.7073,57.5596,3.30788,57.1443,0.530895,0,0,0,0,05ACA004,301008,2026-06-17 09:53:45,11014981.0,MAREESWARAN ,13616.0,104339022046,104319220141,140HPW501   ,AUTOMODE,BV141B,29,1.0,310574.0,OK,,,,0020004510431152006711261580322A,OK,OK,,OK,OK,301107,2026-06-17 10:12:27,11014981.0,MAREESWARAN ,13616,104339022046,104319220141,,AUTOMODE,BV141D,32,1,310574,OK,CA13,,,0020007910431251065202261388665A,,0,145.2,4.4,-113.55,50.0,134,18.6,-222.95,59.6,-223.35,-113.71,0.699775,2.42967,45.0,40.0,5.0,19.9936,52.2982,52.3806,0,0,0,0,0,0,0,0,0,0,0,1.91,0,20.0,0,374227
