TBADatenID,EQUI,LGNR,DATUM,AP,MASTERDAT,FA,MATNR,PERS,STK_GES,STK_NIO,STK_IO,MD1_DREH,MD2_DREH,MD3_DREH,MD4_DREH,PD1_DREH,PD2_DREH,PD3_DREH,PD4_DREH,WUCHTVERS_ANZ,DAUER_PRO_ATL,STATUS,DOK,MD1_ANLIEF_MG,MD1_ANLIEF_G,MD1_AUSLIEF_MG,MD1_AUSLIEF_G,MD2_ANLIEF_MG,MD2_ANLIEF_G,MD2_AUSLIEF_MG,MD2_AUSLIEF_G,MD3_ANLIEF_MG,MD3_ANLIEF_G,MD3_AUSLIEF_MG,MD3_AUSLIEF_G,MD4_ANLIEF_MG,MD4_ANLIEF_G,MD4_AUSLIEF_MG,MD4_AUSLIEF_G,EB1_ANLIEF_MG,EB1_ANLIEF_G,EB1_AUSLIEF_MG,EB1_AUSLIEF_G,EB2_ANLIEF_MG,EB2_ANLIEF_G,EB2_AUSLIEF_MG,EB2_AUSLIEF_G,PD1_ANLIEF_1_MV,PD1_ANLIEF_1_G,PD1_AUSLIEF_1_MV,PD1_AUSLIEF_1_G,PD2_ANLIEF_1_MV,PD2_ANLIEF_1_G,PD2_AUSLIEF_1_MV,PD2_AUSLIEF_1_G,PD3_ANLIEF_1_MV,PD3_ANLIEF_1_G,PD3_AUSLIEF_1_MV,PD3_AUSLIEF_1_G,PD4_ANLIEF_1_MV,PD4_ANLIEF_1_G,PD4_AUSLIEF_1_MV,PD4_AUSLIEF_1_G,ARBEITSGANG,KALI_LADER,OEL_DURCHFLUSS,OEL_DRUCK,OEL_TEMPERATUR,PF_SET,PF_TORQUE,PF_ANGLE,SPANN_DRUCK,Gesamtdurchlaufzeit,System,DateTime_S5,Operator_ID_S5,Operator_name_S5,Program_ID_S5,Recipe_Name_S5,Core_part_x,Recipe_No_S5,Mode_Operation_S5,Station_ID_S5,CycleTime_S5,Shift_No_S5,Unique_ID_S5,Result_Overall_S5,Defect_Code_S5,Order_No_S5,Order_Qty_S5,Serial_CA,Val_Pressure_Bhsg,Val_Pressure_CS,Val_Pressure_TS,Val_Filltime,Val_Testtime,Val_flow_System,Val_flow_CS,Val_flow_TS,Min_Pressure_Bhsg,Max_Pressure_Bhsg,Min_Pressure_CS,Max_Pressure_CS,Min_Pressure_TS,Max_Pressure_TS,Min_flow_System,Max_flow_System,Min_flow_CS,Max_flow_CS,Min_flow_TS,Max_flow_TS,Auto_ID_x,DateTime_S3,Operator_ID_S3,Operator_name_S3,Program_ID_S3,Recipe_Name_S3,Core serial,Recipe_No_S3,Core_part_y,Mode_Operation_S3,Station_ID_S3,CycleTime_S3,Shift_No_S3,Unique_ID_S3,Result_Overall_S3,Defect_Code_S3,Order_No_S3,Order_Qty_S3,Serial_CW,Serial_Backplate_S3,Serial_Bhsg_S3,Pres_Oildeflector_Oring,Res_CWProfileCheck,Pres_Backplate,Pres_ShaftNut,Auto_ID_y,DateTime_S1,Operator_ID_S1,Operator_name_S1,Program_ID_S1,Recipe_Name_S1,Core Serial,Recipe_No_S1,Mode_Operation_S1,Station_ID_S1,CycleTime_S1,Shift_No_S1,Unique_ID_S1,Result_Overall_S1,Defect_Code_S1,Order_No_S1,Order_Qty_S1,Serial_TW,Pres_PR_Top,Pres_PR_Bottom,Min_LVDT_Width_PR1,Val_LVDT_Width_PR1,Max_LVDT_Width_PR1,Min_LVDT_Width_PR2,Val_LVDT_Width_PR2,Max_LVDT_Width_PR2,Res_TWProfileCheck,Serial_HSCupspring,Serial_Bhsg_S1,Pres_Mandrel,Pres_Cupspring,Pick_Val_Distance_Servo1,Pick_Val_Distance_Servo2,Place_Val_Distance_Servo1,Place_Val_Distance_Servo2,Min_Val_Load_BHsg_W1,Max_Val_Load_BHsg_W1,Min_Val_Distance_BHsg_W1,Max_Val_Distance_BHsg_W1,Min_Val_Load_BHsg_W2,Max_Val_Load_BHsg_W2,Min_Val_Distance_BHsg_W2,Max_Val_Distance_BHsg_W2,Min_Val_Load_BHsg_W3,Max_Val_Load_BHsg_W3,Min_Val_Distance_BHsg_W3,Max_Val_Distance_BHsg_W3,Min_Val_Load_BHsg_W4,Max_Val_Load_BHsg_W4,Min_Val_Distance_BHsg_W4,Max_Val_Distance_BHsg_W4,Serial_Pallet_S1,Auto_ID,DateTime_S2,Operator_ID_S2,Operator_name_S2,Program_ID_S2,Recipe_Name_S2,Core_Part,Recipe_No_S2,Mode_Operation_S2,Station_ID_S2,CycleTime_S2,Shift_No_S2,Unique_ID_S2,Result_Overall_S2,Defect_Code_S2,Order_No_S2,Order_Qty_S2,Serial_Bhsg_S2,Res_ThrustRing_Assy,Pres_ThrustRing,Pres_ThrustPlate,Res_Mandrel_Removal,Res_ThrustPlate_Assy,Auto_ID_2,DateTime_S4,Operator_ID_S4,Operator_name_S4,Program_ID_S4,Recipe_Name_S4,Core_part,Recipe_No_S4,Mode_Operation_S4,Station_ID_S4,CycleTime_S4,Shift_No_S4,Unique_ID_S4,Result_Overall_S4,Defect_Code_S4,Order_No_S4,Order_Qty_S4,Serial_Backplate_S4,Serial_Bhsg_S4,Val_PowerFactor,Val_Temp_CWHeat,Val_CWHeat_Cycletime,CW_Pick_Val_Distance_Servo1,CW_Pick_Val_Distance_Servo2,CW_Place_HIM_Val_Distance_Servo1,CW_Place_HIM_Val_Distance_Servo2,CW_Place_TW_Val_Distance_Servo1,CW_Place_TW_Val_Distance_Servo2,Pick_SN_Val_Distance_Servo1,Place_SN_Val_Distance_Servo1,Min_Val_Load_CW_W1,Max_Val_Load_CW_W1,Min_Val_Distance_CW_W1,Max_Val_Distance_CW_W1,Min_Val_Load_CW_W2,Max_Val_Load_CW_W2,Min_Val_Distance_CW_W2,Max_Val_Distance_CW_W2,Min_Val_Load_CW_W3,Max_Val_Load_CW_W3,Min_Val_Distance_CW_W3,Max_Val_Distance_CW_W3,Min_Val_Load_CW_W4,Max_Val_Load_CW_W4,Min_Val_Distance_CW_W4,Max_Val_Distance_CW_W4,Min_Val_Distance_Servo_S4,Max_Val_Distance_Servo_S4,Min_Val_PreTrq_Shaftnut,Val_PreTrq_Shaftnut,Max_Val_PreTrq_Shaftnut,Val_PreTrqAng_Shaftnut,Torque_Retry_Count,Auto_ID_3
5006117,1,0020007910431251065004261111904C,2026-05-31 21:45:35,304212, , ,104319220151,0,0,0,0,57000,110000,0,0,120000,0,0,0,0,0:01,1002,513,0         ,0,"4,01      ",199,0         ,0,"2,47      ",278,0         ,0,0         ,0,0,0,0,0,0         ,0,0         ,0,0         ,0,0         ,0,0         ,0,0         ,0,0,0,0,0,0,0,0,0,0,0,0,0,UCX31_x0001_|_x0007_:, ,0         ,0         ,0         ,14,"4,83      ",93,0         ,6:52      ,3,2026-06-01 18:53:13,11014981.0,MAREESWARAN ,1,104339022019,104319220139,,AUTOMODE_TS1,BV141E,38,1,,OK,,0,0,0020007910431251065004261111904C,1.17611,1.17345,1.17156,2,2,5.8675,5.805,7.425,1,1.2,1.2,1.2,1,1.2,0.5,12,0.5,12,0.5,12,280941,2026-06-01 18:51:23,11014981,MAREESWARAN ,13616,104339022019,104319220139,140HPW501   ,,AUTOMODE,BV141C,25,1,293619,OK,,0,0,6000102010431351066005261194088B,0020007910431251065004261111904C,00200045104311520066-7261502450C,OK,OK,OK,OK,282053,2026-06-01 18:50:01,11014981.0,MAREESWARAN ,13616,104339022019,104319220139,140HPW501   ,AUTOMODE,BV141A,34,1,293619,OK,CA1,0,0,300050104312999991395364110336,OK,OK,0.39,0.407,0.5,0.39,0.4,0.5,OK,,00200045104311520066-7261502450C,OK,OK,202.9,145.2,52.6,146.3,0.0,1.34766,52.1122,53.3377,0.0,2.40945,55.5798,55.9875,56.2401,1.57664,57.4245,0.122513,0,0,0,0,05ACA010,282563,2026-06-01 18:50:47,11014981.0,MAREESWARAN ,13616.0,104339022019,104319220139,140HPW501   ,AUTOMODE,BV141B,31,1.0,293619.0,OK,,,,00200045104311520066-7261502450C,OK,OK,,OK,OK,282723,2026-06-01 18:52:07,11014981.0,MAREESWARAN ,13616,104339022019,104319220139,,AUTOMODE,BV141D,31,1,293619,OK,CA14,,,0020007910431251065004261111904C,,0,145.5,3.8,-113.55,49.8,134,19.6,-222.95,59.6,-216.052,-106.71,0.781922,1.7384,45.0,40.0,5.0,19.7976,52.2755,52.3142,0,0,0,0,0,0,0,0,0,0,0,1.7,0,20.0,0,350267
5016154,1,0020007910431251065004261402901C,2026-06-04 04:57:06,314116, , ,104319220140,0,0,0,0,57000,110000,0,0,120000,0,0,0,0,0:01,1002,513,0         ,0,"5,59      ",71,0         ,0,"0,21      ",294,0         ,0,0         ,0,0,0,0,0,0         ,0,0         ,0,0         ,0,0         ,0,0         ,0,0         ,0,0,0,0,0,0,0,0,0,0,0,0,0,UCX31_x0001_|_x0007_:, ,0         ,0         ,0         ,3,"4,34      ",93,0         ,0:32      ,3,2026-06-05 00:37:08,11014086.0,BABU        ,1,104339022021,104319220151,,AUTOMODE_TS1,BV141E2,38,2,,OK,,0,0,0020007910431251065004261402901C,1.15258,1.16075,1.15597,5,5,2.24671,7.67784,5.03114,1,1.2,1.2,1.2,1,1.2,0.5,12,0.5,12,0.5,12,284876,2026-06-05 00:35:14,11014086,BABU        ,13616,104339022021,104319220151,160HP Z101  ,,AUTOMODE,BV141C,24,2,297708,OK,,0,0,9003102010431351065904261532556A,0020007910431251065004261402901C,00200045104311520066-7261480445A,OK,OK,OK,OK,286033,2026-06-05 00:33:52,11014086.0,BABU        ,13616,104339022021,104319220151,160HP Z101  ,AUTOMODE,BV141A,24,2,297708,OK,CA1,0,0,1020104313020080004674879488,OK,OK,0.39,0.451,0.5,0.39,0.45,0.5,OK,,00200045104311520066-7261480445A,OK,OK,202.9,145.2,52.6,146.3,-0.0408363,0.939278,52.9781,53.0826,0.0816765,1.47017,55.0317,55.5413,57.5923,2.94034,57.1847,0.285866,0,0,0,0,05ACA004,286561,2026-06-05 00:34:34,11014086.0,BABU        ,13616.0,104339022021,104319220151,160HP Z101  ,AUTOMODE,BV141B,30,2.0,297708.0,OK,,,,00200045104311520066-7261480445A,OK,OK,,OK,OK,286714,2026-06-05 00:36:00,11014086.0,BABU        ,13616,104339022021,104319220151,,AUTOMODE,BV141D,35,2,297708,OK,CA13,,,0020007910431251065004261402901C,,0,145.9,4.1,-113.55,50.1,134,19.6,-223.09,59.6,-216.052,-106.71,0.550194,1.78433,45.0,40.0,5.0,25.4218,52.2493,53.4936,0,0,0,0,0,0,0,0,0,0,0,3.35,0,20.0,0,354865
5019038,1,0020007910431251065004261403140C,2026-06-05 00:50:58,314116, , ,104319220140,0,0,0,0,57000,110000,0,0,120000,0,0,0,0,0:01,1002,513,0         ,0,"3,94      ",16,0         ,0,"0,34      ",318,0         ,0,0         ,0,0,0,0,0,0         ,0,0         ,0,0         ,0,0         ,0,0         ,0,0         ,0,0,0,0,0,0,0,0,0,0,0,0,0,UCX31_x0001_|_x0007_:, ,0         ,0         ,0         ,3,"5,05      ",93,0         ,2:39      ,3,2026-06-05 15:48:01,11014086.0,BABU        ,1,104339022021,104319220151,,AUTOMODE_TS1,BV141E,45,1,,OK,,0,0,0020007910431251065004261403140C,1.17307,1.17396,1.17509,5,5,5.4525,5.925,7.63,1,1.2,1.2,1.2,1,1.2,0.5,12,0.5,12,0.5,12,285646,2026-06-05 15:45:07,11014086,BABU        ,13616,104339022021,104319220151,160HP Z101  ,,AUTOMODE,BV141C,21,1,298500,OK,,0,0,9003102010431351065904261543845A,0020007910431251065004261403140C,00200045104311520066-7261530400A,OK,OK,OK,OK,286834,2026-06-05 15:43:45,11014086.0,BABU        ,13616,104339022021,104319220151,160HP Z101  ,AUTOMODE,BV141A,23,1,298500,OK,CA1,0,0,1020104313020080004674879488,OK,OK,0.39,0.442,0.5,0.39,0.436,0.5,OK,,00200045104311520066-7261530400A,OK,OK,202.9,145.2,52.6,146.3,0.0408401,1.75604,52.0692,53.0986,0.163353,2.65448,55.1623,55.6796,57.7331,8.9027,57.221,0.449219,0,0,0,0,05ACA006,287356,2026-06-05 15:44:29,11014086.0,BABU        ,13616.0,104339022021,104319220151,160HP Z101  ,AUTOMODE,BV141B,31,1.0,298500.0,OK,,,,00200045104311520066-7261530400A,OK,OK,,OK,OK,287507,2026-06-05 15:46:47,11014086.0,BABU        ,13616,104339022021,104319220151,,AUTOMODE,BV141D,34,1,298500,OK,CA13,,,0020007910431251065004261403140C,,0,145.0,4.0,-113.55,50.1,134,19.6,-223.2,59.6,-216.052,-106.71,0.370864,1.38222,45.0,40.0,5.0,21.2753,51.8408,51.9154,0,0,0,0,0,0,0,0,0,0,0,3.32,0,20.0,0,355729
5005978,1,0020007910431251065004261413883A,2026-05-31 18:18:05,306217, , ,104319220151,0,0,0,0,57000,110000,0,0,120000,0,0,0,0,0:01,1002,513,0         ,0,"4,66      ",291,0         ,0,"2,46      ",309,0         ,0,0         ,0,0,0,0,0,0         ,0,0         ,0,0         ,0,0         ,0,0         ,0,0         ,0,0,0,0,0,0,0,0,0,0,0,0,0,UCX31_x0001_|_x0007_:, ,0         ,0         ,0         ,14,"4,94      ",93,0         ,0:38      ,3,2026-06-01 19:11:03,11014981.0,MAREESWARAN ,1,104339022019,104319220139,,AUTOMODE_TS1,BV141E2,32,1,,OK,,0,0,0020007910431251065004261413883A,1.15824,1.15044,1.15371,2,2,3.11976,7.91138,4.67665,1,1.2,1.2,1.2,1,1.2,0.5,12,0.5,12,0.5,12,280960,2026-06-01 19:09:15,11014981,MAREESWARAN ,13616,104339022019,104319220139,140HPW501   ,,AUTOMODE,BV141C,19,1,293638,OK,,0,0,6000102010431351066005261194079B,0020007910431251065004261413883A,00200045104311520066-7261500143A,OK,OK,OK,OK,282072,2026-06-01 19:08:03,11014981.0,MAREESWARAN ,13616,104339022019,104319220139,140HPW501   ,AUTOMODE,BV141A,22,1,293638,OK,CA1,0,0,300050104312999991395364110336,OK,OK,0.39,0.427,0.5,0.39,0.408,0.5,OK,,00200045104311520066-7261500143A,OK,OK,202.9,145.2,52.6,146.3,-0.0408363,1.59269,52.4915,53.3094,0.0,2.36861,55.3604,55.87,56.2401,1.28679,57.3044,0.0816765,0,0,0,0,05ACA005,282582,2026-06-01 19:08:43,11014981.0,MAREESWARAN ,13616.0,104339022019,104319220139,140HPW501   ,AUTOMODE,BV141B,30,1.0,293638.0,OK,,,,00200045104311520066-7261500143A,OK,OK,,OK,OK,282742,2026-06-01 19:10:01,11014981.0,MAREESWARAN ,13616,104339022019,104319220139,,AUTOMODE,BV141D,31,1,293638,OK,CA14,,,0020007910431251065004261413883A,,0,145.1,3.8,-113.55,49.8,134,19.6,-222.95,59.6,-216.052,-106.71,0.400544,1.46707,45.0,40.0,5.0,23.8913,52.2755,52.4413,0,0,0,0,0,0,0,0,0,0,0,1.72,0,20.0,0,350286
5014639,1,0020007910431251065004261414259B,2026-06-03 15:42:54,314116, , ,104319220140,0,0,0,0,57000,110000,0,0,120000,0,0,0,0,0:02,1002,513,0         ,0,"3,72      ",55,0         ,0,"0,96      ",60,0         ,0,0         ,0,0,0,0,0,0         ,0,0         ,0,0         ,0,0         ,0,0         ,0,0         ,0,0,0,0,0,0,0,0,0,0,0,0,0,UCX31_x0001_|_x0007_:, ,0         ,0         ,0         ,3,"4,6       ",94,0         ,0:33      ,3,2026-06-04 09:04:19,11014981.0,MAREESWARAN ,1,104339022020,104319220140,,AUTOMODE_TS1,BV141E2,38,1,,OK,,0,0,0020007910431251065004261414259B,1.16792,1.16365,1.15623,5,5,3.21677,7.49581,4.97605,1,1.2,1.2,1.2,1,1.2,0.5,12,0.5,12,0.5,12,284119,2026-06-04 09:02:15,11014981,MAREESWARAN ,13616,104339022020,104319220140,140HPW501   ,,AUTOMODE,BV141C,18,1,296908,OK,,0,0,9003102010431351065904261521258B,0020007910431251065004261414259B,00200045104311520066-7261500395B,OK,OK,OK,OK,285273,2026-06-04 09:00:13,11014981.0,MAREESWARAN ,13616,104339022020,104319220140,140HPW501   ,AUTOMODE,BV141A,25,1,296908,OK,CA1,0,0,300050104312999991395364110336,OK,OK,0.39,0.405,0.5,0.39,0.415,0.5,OK,,00200045104311520066-7261500395B,OK,OK,202.9,145.2,52.6,146.3,0.0,1.38849,52.1091,53.0289,0.0816765,2.49112,55.2863,55.9029,57.6482,3.10369,57.5462,0.367542,0,0,0,0,05ACA005,285797,2026-06-04 09:00:51,11014981.0,MAREESWARAN ,13616.0,104339022020,104319220140,140HPW501   ,AUTOMODE,BV141B,31,1.0,296908.0,OK,,,,00200045104311520066-7261500395B,OK,OK,,OK,OK,285952,2026-06-04 09:03:09,11014981.0,MAREESWARAN ,13616,104339022020,104319220140,,AUTOMODE,BV141D,32,1,296908,OK,CA13,,,0020007910431251065004261414259B,,0,145.0,2.9,-113.55,50.1,134,19.6,-223.2,59.6,-216.052,-106.71,0.664528,2.85309,45.0,40.0,5.0,26.0928,51.9668,52.1185,0,0,0,0,0,0,0,0,0,0,0,1.58,0,20.0,0,353929
5098455,1,0020007910431251065004261432060B,2026-06-29 05:57:07,318215, , ,104319220140,0,0,0,0,57000,110000,0,0,120000,0,0,0,0,0:01,1002,513,0         ,0,"3,4       ",310,0         ,0,"1,45      ",248,0         ,0,0         ,0,0,0,0,0,0         ,0,0         ,0,0         ,0,0         ,0,0         ,0,0         ,0,0,0,0,0,0,0,0,0,0,0,0,0,UCX31_x0001_|_x0007_:, ,0         ,0         ,0         ,13,"3,93      ",94,0         ,1:08      ,3,2026-06-25 07:24:52,11014981.0,MAREESWARAN ,1,104339022020,104319220140,,AUTOMODE_TS1,BV141E2,34,2,,OK,,0,0,0020007910431251065004261432060B,1.14176,1.16164,1.14277,5,5,1.21796,6.38204,3.38204,1,1.2,1.2,1.2,1,1.2,0.5,12,0.5,12,0.5,12,306925,2026-06-25 07:22:38,11014981,MAREESWARAN ,13616,104339022020,104319220140,140HPW501   ,,AUTOMODE,BV141C,17,2,318633,OK,,0,0,9003102010431351065904261702782B,0020007910431251065004261432060B,00200045104311520066-7261722134A,OK,OK,OK,OK,308291,2026-06-25 07:20:20,11014981.0,MAREESWARAN ,13616,104339022020,104319220140,140HPW501   ,AUTOMODE,BV141A,22,2,318633,OK,CA1,0,0,300050104312999991395364110336,OK,OK,0.39,0.441,0.5,0.39,0.443,0.5,OK,,00200045104311520066-7261722134A,OK,OK,202.9,145.2,52.6,146.3,-0.0408401,1.55185,52.1198,53.5517,0.0816765,2.61364,55.7072,56.1199,56.2401,2.36554,57.7658,0.367542,0,0,0,0,05ACA004,309000,2026-06-25 07:21:18,11014981.0,MAREESWARAN ,13616.0,104339022020,104319220140,140HPW501   ,AUTOMODE,BV141B,28,2.0,318633.0,OK,,,,00200045104311520066-7261722134A,OK,OK,,OK,OK,309066,2026-06-25 07:23:48,11014981.0,MAREESWARAN ,13616,104339022020,104319220140,,AUTOMODE,BV141D,35,2,318633,OK,CA13,,,0020007910431251065004261432060B,,0,145.0,7.5,-113.55,50.1,134,19.6,-223.35,59.6,-223.35,-113.71,0.357453,0.919765,45.0,40.4465,5.0,26.5149,51.6878,51.8261,0,0,0,0,0,0,0,0,0,0,0,1.66,0,20.0,0,383886
5098528,1,0020007910431251065004261432064B,2026-06-29 07:17:56,318215, , ,104319220140,0,0,0,0,57000,110000,0,0,120000,0,0,0,0,0:01,1002,513,0         ,0,"10,24     ",206,0         ,0,"1,64      ",169,0         ,0,0         ,0,0,0,0,0,0         ,0,0         ,0,0         ,0,0         ,0,0         ,0,0         ,0,0,0,0,0,0,0,0,0,0,0,0,0,UCX31_x0001_|_x0007_:, ,0         ,0         ,0         ,13,"3,88      ",94,0         ,5:26      ,3,2026-06-24 23:02:06,11014981.0,MAREESWARAN ,1,104339022020,104319220140,,AUTOMODE_TS1,BV141E2,34,2,,OK,,0,0,0020007910431251065004261432064B,1.16365,1.1595,1.14805,5,5,5.68743,8.44192,5.67186,1,1.2,1.2,1.2,1,1.2,0.5,12,0.5,12,0.5,12,306547,2026-06-24 22:59:16,11014981,MAREESWARAN ,13616,104339022020,104319220140,140HPW501   ,,AUTOMODE,BV141C,19,2,318246,OK,,0,0,9003102010431351065904261713432A,0020007910431251065004261432064B,00200045104311520066-7261712131B,OK,OK,OK,OK,307909,2026-06-24 22:58:04,11014981.0,MAREESWARAN ,13616,104339022020,104319220140,140HPW501   ,AUTOMODE,BV141A,23,2,318246,OK,CA1,0,0,300050104312999991395364110336,OK,OK,0.39,0.408,0.5,0.39,0.409,0.5,OK,,00200045104311520066-7261712131B,OK,OK,202.9,145.2,52.6,146.3,0.0,1.14347,52.117,53.3399,0.0816765,1.47017,55.5897,56.0993,56.2401,1.40779,57.6433,0.285866,0,0,0,0,05ACA010,308615,2026-06-24 22:58:42,11014981.0,MAREESWARAN ,13616.0,104339022020,104319220140,140HPW501   ,AUTOMODE,BV141B,28,2.0,318246.0,OK,,,,00200045104311520066-7261712131B,OK,OK,,OK,OK,308683,2026-06-24 23:01:02,11014981.0,MAREESWARAN ,13616,104339022020,104319220140,,AUTOMODE,BV141D,38,2,318246,OK,CA13,,,0020007910431251065004261432064B,,0,145.5,8.6,-113.55,50.1,134,19.6,-223.35,59.6,-223.35,-113.71,-0.00754166,0.482498,40.086,40.5969,5.0,25.3087,51.8817,51.9536,0,0,0,0,0,0,0,0,0,0,0,1.84,0,20.0,0,383474
5026844,1,0020007910431251065004261432323C,2026-06-07 03:16:56,306217, , ,104319220140,0,0,0,0,57000,110000,0,0,120000,0,0,0,0,0:01,1002,513,0         ,0,"3,28      ",24,0         ,0,"0,51      ",191,0         ,0,0         ,0,0,0,0,0,0         ,0,0         ,0,0         ,0,0         ,0,0         ,0,0         ,0,0,0,0,0,0,0,0,0,0,0,0,0,UCX31_x0001_|_x0007_:, ,0         ,0         ,0         ,14,"4,35      ",93,0         ,0:38      ,3,2026-06-08 21:29:25,11014981.0,MAREESWARAN ,1,104339022020,104319220140,,AUTOMODE_TS1,BV141E,45,2,,OK,,0,0,0020007910431251065004261432323C,1.17358,1.17459,1.16991,5,5,4.6175,5.2725,7.0075,1,1.2,1.2,1.2,1,1.2,0.5,12,0.5,12,0.5,12,289341,2026-06-08 21:27:07,11014981,MAREESWARAN ,13616,104339022020,104319220140,140HPW501   ,,AUTOMODE,BV141C,27,2,301361,OK,,0,0,9003102010431351065904261568154A,0020007910431251065004261432323C,00200045104311520066-7261562611B,OK,OK,OK,OK,290534,2026-06-08 21:25:17,11014981.0,MAREESWARAN ,13616,104339022020,104319220140,140HPW501   ,AUTOMODE,BV141A,22,2,301361,OK,CA1,0,0,300050104312999991395364110336,OK,OK,0.39,0.422,0.5,0.39,0.435,0.5,OK,,00200045104311520066-7261562611B,OK,OK,202.9,145.2,52.6,146.3,-0.0408401,1.79688,52.3031,53.4318,0.122513,2.40945,55.5822,55.9898,57.6255,2.40945,57.4192,0.490055,0,0,0,0,05ACA001,291076,2026-06-08 21:25:57,11014981.0,MAREESWARAN ,13616.0,104339022020,104319220140,140HPW501   ,AUTOMODE,BV141B,28,2.0,301361.0,OK,,,,00200045104311520066-7261562611B,OK,OK,,OK,OK,291216,2026-06-08 21:28:15,11014981.0,MAREESWARAN ,13616,104339022020,104319220140,,AUTOMODE,BV141D,31,2,301361,OK,CA13,,,0020007910431251065004261432323C,,0,145.7,3.5,-113.55,50.1,134,19.6,-223.2,59.6,-223.2,-113.71,0.419456,1.56393,45.0,40.0,5.0,25.9948,51.6339,51.7529,0,0,0,0,0,0,0,0,0,0,0,1.77,0,20.0,0,359700
5098700,1,0020007910431251065004261437602C,2026-06-29 09:00:52,318215, , ,104319220140,0,0,0,0,57000,110000,0,0,120000,0,0,0,0,0:01,1002,513,0         ,0,"4,99      ",58,0         ,0,"1,7       ",59,0         ,0,0         ,0,0,0,0,0,0         ,0,0         ,0,0         ,0,0         ,0,0         ,0,0         ,0,0,0,0,0,0,0,0,0,0,0,0,0,UCX31_x0001_|_x0007_:, ,0         ,0         ,0         ,13,"4,43      ",93,0         ,0:37      ,3,2026-06-24 23:09:46,11014981.0,MAREESWARAN ,1,104339022020,104319220140,,AUTOMODE_TS1,BV141E,41,2,,OK,,0,0,0020007910431251065004261437602C,1.18028,1.17762,1.17876,5,5,3.315,3.465,4.58,1,1.2,1.2,1.2,1,1.2,0.5,12,0.5,12,0.5,12,306554,2026-06-24 23:06:04,11014981,MAREESWARAN ,13616,104339022020,104319220140,140HPW501   ,,AUTOMODE,BV141C,17,2,318254,OK,,0,0,9003102010431351065904261690204A,0020007910431251065004261437602C,00200045104311520066-7261712070A,OK,OK,OK,OK,307917,2026-06-24 23:04:40,11014981.0,MAREESWARAN ,13616,104339022020,104319220140,140HPW501   ,AUTOMODE,BV141A,23,2,318254,OK,CA1,0,0,100312104312999996216364236800,OK,OK,0.39,0.399,0.5,0.39,0.403,0.5,OK,,00200045104311520066-7261712070A,OK,OK,202.9,145.2,52.6,146.3,0.0,1.30682,52.0919,53.2155,0.0816765,1.83772,55.664,56.0717,56.2401,1.52689,57.6157,0.326706,0,0,0,0,05ACA010,308623,2026-06-24 23:05:20,11014981.0,MAREESWARAN ,13616.0,104339022020,104319220140,140HPW501   ,AUTOMODE,BV141B,28,2.0,318254.0,OK,,,,00200045104311520066-7261712070A,OK,OK,,OK,OK,308691,2026-06-24 23:08:38,11014981.0,MAREESWARAN ,13616,104339022020,104319220140,,AUTOMODE,BV141D,39,2,318254,OK,CA13,,,0020007910431251065004261437602C,,0,145.2,9.4,-113.55,50.1,134,19.6,-223.35,59.6,-223.35,-113.71,0.00754166,0.120628,44.6532,40.3219,5.0,21.0416,52.2962,52.3522,0,0,0,0,0,0,0,0,0,0,0,1.77,0,20.0,0,383493
5095876,1,0020007910431251065004261437647C,2026-06-28 03:32:52,318215, , ,104319220140,0,0,0,0,57000,110000,0,0,120000,0,0,0,0,0:01,1002,513,0         ,0,"5,87      ",45,0         ,0,"4,56      ",49,0         ,0,0         ,0,0,0,0,0,0         ,0,0         ,0,0         ,0,0         ,0,0         ,0,0         ,0,0,0,0,0,0,0,0,0,0,0,0,0,UCX31_x0001_|_x0007_:, ,0         ,0         ,0         ,13,"4,36      ",94,0         ,0:37      ,3,2026-06-28 21:04:28,11014981.0,MAREESWARAN ,1,104339022020,104319220140,,AUTOMODE_TS1,BV141E,40,2,,OK,,0,0,0020007910431251065004261437647C,1.17661,1.17598,1.17345,5,5,6.0875,7.5075,7.6675,1,1.2,1.2,1.2,1,1.2,0.5,12,0.5,12,0.5,12,313437,2026-06-28 21:02:02,11014086,BABU        ,13616,104339022020,104319220140,140HPW501   ,,AUTOMODE,BV141C,21,2,322768,OK,,0,0,9003102010431351065904261769306A,0020007910431251065004261437647C,00200045104311520066-7261761261A,OK,OK,OK,OK,314850,2026-06-28 21:00:26,11014086.0,BABU        ,13616,104339022020,104319220140,140HPW501   ,AUTOMODE,BV141A,23,2,322768,OK,CA1,0,0,300050104312999991395364110336,OK,OK,0.39,0.441,0.5,0.39,0.439,0.5,OK,,00200045104311520066-7261761261A,OK,OK,202.9,145.2,52.6,146.3,0.0,1.79688,52.2191,53.042,0.163353,1.91939,55.3096,55.7224,57.8779,7.59588,57.3683,0.285866,0,0,0,0,05ACA006,314622,2026-06-28 21:01:04,11014086.0,BABU        ,13616.0,104339022020,104319220140,140HPW501   ,AUTOMODE,BV141B,26,2.0,322768.0,OK,,,,00200045104311520066-7261761261A,OK,OK,,OK,OK,315662,2026-06-28 21:03:20,11014086.0,BABU        ,13616,104339022020,104319220140,,AUTOMODE,BV141D,31,2,322768,OK,CA13,,,0020007910431251065004261437647C,,0,147.0,3.3,-113.55,50.1,134,19.6,-223.35,59.6,-223.35,-113.71,0.230489,1.35208,45.0,40.0,5.0,17.7922,52.0718,52.0982,0,0,0,0,0,0,0,0,0,0,0,1.64,0,20.0,0,391411
5024731,1,0020007910431251065004261442498A,2026-06-06 14:58:00,314116, , ,104319220140,0,0,0,0,57000,110000,0,0,120000,0,0,0,0,0:01,1002,513,0         ,0,6         ,354,0         ,0,"0,96      ",275,0         ,0,0         ,0,0,0,0,0,0         ,0,0         ,0,0         ,0,0         ,0,0         ,0,0         ,0,0,0,0,0,0,0,0,0,0,0,0,0,UCX31_x0001_|_x0007_:, ,0         ,0         ,0         ,3,"4,08      ",93,0         ,6:15      ,3,2026-06-08 09:48:08,11014981.0,MAREESWARAN ,1,104339022020,104319220140,,AUTOMODE_TS1,BV141E,45,1,,OK,,0,0,0020007910431251065004261442498A,1.17611,1.17775,1.17611,5,5,4.9725,5.5175,6.47,1,1.2,1.2,1.2,1,1.2,0.5,12,0.5,12,0.5,12,288772,2026-06-08 09:45:12,11014981,MAREESWARAN ,13616,104339022020,104319220140,140HPW501   ,,AUTOMODE,BV141C,18,1,300783,OK,,0,0,9003102010431351065904261579577A,0020007910431251065004261442498A,00200045104311520066-7261500183A,OK,OK,OK,OK,289958,2026-06-08 09:42:57,11014981.0,MAREESWARAN ,13616,104339022020,104319220140,140HPW501   ,AUTOMODE,BV141A,26,1,300783,OK,CA1,0,0,300050104312999991395364110336,OK,OK,0.39,0.448,0.5,0.39,0.467,0.5,OK,,00200045104311520066-7261500183A,OK,OK,202.9,145.2,52.6,146.3,0.0,2.32777,52.0868,53.0092,0.204189,2.20525,55.2717,55.6793,57.6335,6.81996,57.4297,0.285866,0,0,0,0,05ACA002,290498,2026-06-08 09:43:47,11014981.0,MAREESWARAN ,13616.0,104339022020,104319220140,140HPW501   ,AUTOMODE,BV141B,30,1.0,300783.0,OK,,,,00200045104311520066-7261500183A,OK,OK,,OK,OK,290638,2026-06-08 09:46:56,11014981.0,MAREESWARAN ,13616,104339022020,104319220140,,AUTOMODE,BV141D,36,1,300783,OK,CA13,,,0020007910431251065004261442498A,,0,146.1,7.0,-113.55,50.1,134,19.6,-223.2,59.6,-223.2,-113.71,0.438729,0.934845,45.0,40.4977,5.0,23.341,51.7845,51.8518,0,0,0,0,0,0,0,0,0,0,0,1.56,0,20.0,0,358975
5098248,1,0020007910431251065004261442958B,2026-06-29 01:16:20,318215, , ,104319220140,0,0,0,0,57000,110000,0,0,120000,0,0,0,0,0:01,1002,513,0         ,0,"64,4      ",33,0         ,0,"38,2      ",5,0         ,0,0         ,0,0,0,0,0,0         ,0,0         ,0,0         ,0,0         ,0,0         ,0,0         ,0,0,0,0,0,0,0,0,0,0,0,0,0,UCX31_x0001_|_x0007_:, ,0         ,0         ,0         ,13,"4,43      ",94,0         ,1:26      ,3,2026-06-24 21:53:25,11014981.0,MAREESWARAN ,1,104339022020,104319220140,,AUTOMODE_TS1,BV141E,41,2,,OK,,0,0,0020007910431251065004261442958B,1.17762,1.17459,1.17408,5,5,4.5675,4.9725,8.99,1,1.2,1.2,1.2,1,1.2,0.5,12,0.5,12,0.5,12,306475,2026-06-24 21:50:03,11014981,MAREESWARAN ,13616,104339022020,104319220140,140HPW501   ,,AUTOMODE,BV141C,17,2,318170,OK,,0,0,9003102010431351065904261713856B,0020007910431251065004261442958B,00200045104311520066-7261702232A,OK,OK,OK,OK,307835,2026-06-24 21:48:33,11014981.0,MAREESWARAN ,13616,104339022020,104319220140,140HPW501   ,AUTOMODE,BV141A,22,2,318170,OK,CA1,0,0,300050104312999991395364110336,OK,OK,0.39,0.408,0.5,0.39,0.414,0.5,OK,,00200045104311520066-7261702232A,OK,OK,202.9,145.2,52.6,146.3,0.0,1.83772,52.0917,53.4319,0.122517,1.87855,55.6893,56.1021,56.2401,1.62056,57.6512,0.285866,0,0,0,0,05ACA005,308539,2026-06-24 21:49:13,11014981.0,MAREESWARAN ,13616.0,104339022020,104319220140,140HPW501   ,AUTOMODE,BV141B,28,2.0,318170.0,OK,,,,00200045104311520066-7261702232A,OK,OK,,OK,OK,308608,2026-06-24 21:52:03,11014981.0,MAREESWARAN ,13616,104339022020,104319220140,,AUTOMODE,BV141D,39,2,318170,OK,CA13,,,0020007910431251065004261442958B,,0,145.4,9.6,-113.55,50.1,134,19.6,-223.35,59.6,-223.35,-113.71,0.332596,1.07055,45.0,40.035,5.0,25.8214,51.9366,52.3957,0,0,0,0,0,0,0,0,0,0,0,1.78,0,20.0,0,383372
5093157,1,0020007910431251065004261442964B,2026-06-27 06:52:32,304212, , ,104319220140,0,0,0,0,57000,110000,0,0,120000,0,0,0,0,0:01,1002,513,0         ,0,"7,64      ",37,0         ,0,"5,22      ",64,0         ,0,0         ,0,0,0,0,0,0         ,0,0         ,0,0         ,0,0         ,0,0         ,0,0         ,0,0,0,0,0,0,0,0,0,0,0,0,0,UCX31_x0001_|_x0007_:, ,0         ,0         ,0         ,14,"4,77      ",94,0         ,2:30      ,3,2026-06-28 09:03:17,11014981.0,MAREESWARAN ,1,104339022020,104319220140,,AUTOMODE_TS1,BV141E2,34,1,,OK,,0,0,0020007910431251065004261442964B,1.15283,1.1556,1.16377,5,5,2.9018,7.56647,6.46467,1,1.2,1.2,1.2,1,1.2,0.5,12,0.5,12,0.5,12,312959,2026-06-28 09:00:49,11014086,BABU        ,13616,104339022020,104319220140,140HPW501   ,,AUTOMODE,BV141C,18,1,322263,OK,,0,0,9003102010431351065904261758765B,0020007910431251065004261442964B,00200045104311520066-7261762131B,OK,OK,OK,OK,314358,2026-06-28 08:57:55,11014086.0,BABU        ,13616,104339022020,104319220140,140HPW501   ,AUTOMODE,BV141A,22,1,322263,OK,CA1,0,0,300050104312999991395364110336,OK,OK,0.39,0.47,0.5,0.39,0.453,0.5,OK,,00200045104311520066-7261762131B,OK,OK,202.9,145.2,52.6,146.3,0.0,1.83771,52.0994,53.437,0.163353,1.83771,55.6002,56.1174,56.2401,1.60424,57.6588,0.285866,0,0,0,0,05ACA010,314122,2026-06-28 08:58:29,11014086.0,BABU        ,13616.0,104339022020,104319220140,140HPW501   ,AUTOMODE,BV141B,26,1.0,322263.0,OK,,,,00200045104311520066-7261762131B,OK,OK,,OK,OK,315164,2026-06-28 09:01:43,11014086.0,BABU        ,13616,104339022020,104319220140,,AUTOMODE,BV141D,36,1,322263,OK,CA13,,,0020007910431251065004261442964B,,0,147.4,7.8,-113.55,50.1,134,19.6,-223.35,59.6,-223.35,-113.71,0.509025,1.58321,45.0,40.0844,5.0,25.5876,51.9422,52.0105,0,0,0,0,0,0,0,0,0,0,0,1.68,0,20.0,0,390787
5089059,1,0020007910431251065004261442981B,2026-06-26 02:40:36,314116, , ,104319220140,0,0,0,0,57000,110000,0,0,120000,0,0,0,0,0:03,1002,513,0         ,0,"4,93      ",157,0         ,0,"1,71      ",197,0         ,0,0         ,0,0,0,0,0,0         ,0,0         ,0,0         ,0,0         ,0,0         ,0,0         ,0,0,0,0,0,0,0,0,0,0,0,0,0,UCX31_x0001_|_x0007_:, ,0         ,0         ,0         ,3,"4,53      ",93,0         ,3:20      ,3,2026-06-26 21:51:13,11014981.0,MAREESWARAN ,1,104339022021,104319220151,,AUTOMODE_TS1,BV141E2,38,2,,OK,,0,0,0020007910431251065004261442981B,1.15535,1.15547,1.14943,5,5,2.51737,6.16527,3.28144,1,1.2,1.2,1.2,1,1.2,0.5,12,0.5,12,0.5,12,308849,2026-06-26 21:48:29,11014981,MAREESWARAN ,13616,104339022021,104319220151,160HP Z101  ,,AUTOMODE,BV141C,19,2,320616,OK,,0,0,9003102010431351065904261745551A,0020007910431251065004261442981B,00200045104311520066-7261682958C,OK,OK,OK,OK,310221,2026-06-26 21:46:33,11014981.0,MAREESWARAN ,13616,104339022021,104319220151,160HP Z101  ,AUTOMODE,BV141A,73,2,320616,OK,CA1,0,0,1020104313020080004674879488,OK,OK,0.39,0.476,0.5,0.39,0.455,0.5,OK,,00200045104311520066-7261682958C,OK,OK,202.9,145.2,52.6,146.3,-0.0408401,2.16442,52.5318,53.044,0.122513,2.08274,55.2963,55.7065,57.7575,10.5362,57.4518,0.285866,0,0,0,0,05ACA002,310960,2026-06-26 21:47:13,11014981.0,MAREESWARAN ,13616.0,104339022021,104319220151,160HP Z101  ,AUTOMODE,BV141B,28,2.0,320616.0,OK,,,,00200045104311520066-7261682958C,OK,OK,,OK,OK,311008,2026-06-26 21:50:09,11014981.0,MAREESWARAN ,13616,104339022021,104319220151,,AUTOMODE,BV141D,38,2,320616,OK,CA13,,,0020007910431251065004261442981B,,0,147.1,6.4,-113.55,50.1,134,19.6,-223.2,59.6,-223.2,-113.71,0.825818,2.23823,45.0,40.0,5.0,25.9797,51.5007,51.6003,0,0,0,0,0,0,0,0,0,0,0,3.46,0,20.0,0,386137
5098969,1,0020007910431251065004261442986B,2026-06-29 10:48:29,318215, , ,104319220140,0,0,0,0,57000,110000,0,0,120000,0,0,0,0,0:03,1002,513,0         ,0,"4,08      ",277,0         ,0,"2,1       ",336,0         ,0,0         ,0,0,0,0,0,0         ,0,0         ,0,0         ,0,0         ,0,0         ,0,0         ,0,0,0,0,0,0,0,0,0,0,0,0,0,UCX31_x0001_|_x0007_:, ,0         ,0         ,0         ,13,"3,94      ",94,0         ,1:01      ,3,2026-06-24 21:47:15,11014981.0,MAREESWARAN ,1,104339022020,104319220140,,AUTOMODE_TS1,BV141E2,34,2,,OK,,0,0,0020007910431251065004261442986B,1.15736,1.14516,1.15711,5,5,2.8491,7.16766,3.5521,1,1.2,1.2,1.2,1,1.2,0.5,12,0.5,12,0.5,12,306468,2026-06-24 21:44:47,11014981,MAREESWARAN ,13616,104339022020,104319220140,140HPW501   ,,AUTOMODE,BV141C,20,2,318163,OK,,0,0,9003102010431351065904261713916B,0020007910431251065004261442986B,00200045104311520066-7261702235A,OK,OK,OK,OK,307828,2026-06-24 21:42:57,11014981.0,MAREESWARAN ,13616,104339022020,104319220140,140HPW501   ,AUTOMODE,BV141A,22,2,318163,OK,CA1,0,0,300050104312999991395364110336,OK,OK,0.39,0.408,0.5,0.39,0.409,0.5,OK,,00200045104311520066-7261702235A,OK,OK,202.9,145.2,52.6,146.3,0.0,3.22621,52.2748,53.5131,0.285866,2.81783,55.6762,56.089,56.2401,2.37276,57.531,0.571735,0,0,0,0,05ACA001,308532,2026-06-24 21:43:37,11014981.0,MAREESWARAN ,13616.0,104339022020,104319220140,140HPW501   ,AUTOMODE,BV141B,28,2.0,318163.0,OK,,,,00200045104311520066-7261702235A,OK,OK,,OK,OK,308601,2026-06-24 21:46:13,11014981.0,MAREESWARAN ,13616,104339022020,104319220140,,AUTOMODE,BV141D,38,2,318163,OK,CA13,,,0020007910431251065004261442986B,,0,145.8,8.6,-113.55,50.1,134,19.6,-223.35,59.6,-223.35,-113.71,0.375127,0.746368,45.0,41.5906,5.0,26.1757,51.4884,51.6154,0,0,0,0,0,0,0,0,0,0,0,1.82,0,20.0,0,383365
5098266,1,0020007910431251065004261443046B,2026-06-29 01:53:59,318215, , ,104319220140,0,0,0,0,57000,110000,0,0,120000,0,0,0,0,0:01,1002,513,0         ,0,0         ,0,0         ,0,0         ,0,0         ,0,0         ,0,0,0,0,0,0         ,0,0         ,0,0         ,0,0         ,0,0         ,0,0         ,0,0,0,0,0,0,0,0,0,0,0,0,0,UCX31_x0001_|_x0007_:, ,0         ,0         ,0         ,13,"4,4       ",94,0         ,0:44      ,3,2026-06-24 21:52:15,11014981.0,MAREESWARAN ,1,104339022020,104319220140,,AUTOMODE_TS1,BV141E2,34,2,,OK,,0,0,0020007910431251065004261443046B,1.16855,1.14818,1.16868,5,5,3.98443,8.04192,4.59162,1,1.2,1.2,1.2,1,1.2,0.5,12,0.5,12,0.5,12,306474,2026-06-24 21:49:15,11014981,MAREESWARAN ,13616,104339022020,104319220140,140HPW501   ,,AUTOMODE,BV141C,17,2,318169,OK,,0,0,9003102010431351065904261713827B,0020007910431251065004261443046B,00200045104311520066-7261702423C,OK,OK,OK,OK,307834,2026-06-24 21:47:49,11014981.0,MAREESWARAN ,13616,104339022020,104319220140,140HPW501   ,AUTOMODE,BV141A,22,2,318169,OK,CA1,0,0,300050104312999991395364110336,OK,OK,0.39,0.419,0.5,0.39,0.4,0.5,OK,,00200045104311520066-7261702423C,OK,OK,202.9,145.2,52.6,146.3,-0.0408401,2.00106,52.0817,53.5212,0.122513,2.24609,55.8907,56.2016,56.2401,2.17259,57.743,0.326702,0,0,0,0,05ACA007,308538,2026-06-24 21:48:27,11014981.0,MAREESWARAN ,13616.0,104339022020,104319220140,140HPW501   ,AUTOMODE,BV141B,28,2.0,318169.0,OK,,,,00200045104311520066-7261702423C,OK,OK,,OK,OK,308607,2026-06-24 21:51:13,11014981.0,MAREESWARAN ,13616,104339022020,104319220140,,AUTOMODE,BV141D,39,2,318169,OK,CA13,,,0020007910431251065004261443046B,,0,145.1,9.4,-113.55,50.1,134,19.6,-223.35,59.6,-223.35,-113.71,0.297135,1.31934,45.0,40.0728,5.0,21.509,52.0436,52.0904,0,0,0,0,0,0,0,0,0,0,0,1.74,0,20.0,0,383371
5098246,1,0020007910431251065004261443066B,2026-06-29 01:14:53,318215, , ,104319220140,0,0,0,0,57000,110000,0,0,120000,0,0,0,0,0:03,1002,513,0         ,0,"64,4      ",33,0         ,0,"38,2      ",5,0         ,0,0         ,0,0,0,0,0,0         ,0,0         ,0,0         ,0,0         ,0,0         ,0,0         ,0,0,0,0,0,0,0,0,0,0,0,0,0,UCX31_x0001_|_x0007_:, ,0         ,0         ,0         ,13,"3,9       ",94,0         ,14:05     ,3,2026-06-24 21:57:21,11014981.0,MAREESWARAN ,1,104339022020,104319220140,,AUTOMODE_TS1,BV141E2,34,2,,OK,,0,0,0020007910431251065004261443066B,1.1473,1.14969,1.14767,5,5,2.8,6.57126,3.71617,1,1.2,1.2,1.2,1,1.2,0.5,12,0.5,12,0.5,12,306480,2026-06-24 21:54:13,11014981,MAREESWARAN ,13616,104339022020,104319220140,140HPW501   ,,AUTOMODE,BV141C,17,2,318175,OK,,0,0,9003102010431351065904261713840B,0020007910431251065004261443066B,00200045104311520066-7261702225A,OK,OK,OK,OK,307840,2026-06-24 21:52:09,11014981.0,MAREESWARAN ,13616,104339022020,104319220140,140HPW501   ,AUTOMODE,BV141A,22,2,318175,OK,CA1,0,0,300050104312999991395364110336,OK,OK,0.39,0.412,0.5,0.39,0.42,0.5,OK,,00200045104311520066-7261702225A,OK,OK,202.9,145.2,52.6,146.3,-0.0408401,1.91939,52.0535,52.879,0.122513,2.36861,55.3428,55.6485,57.7047,9.18856,57.2944,0.367542,0,0,0,0,05ACA002,308544,2026-06-24 21:52:51,11014981.0,MAREESWARAN ,13616.0,104339022020,104319220140,140HPW501   ,AUTOMODE,BV141B,28,2.0,318175.0,OK,,,,00200045104311520066-7261702225A,OK,OK,,OK,OK,308613,2026-06-24 21:56:17,11014981.0,MAREESWARAN ,13616,104339022020,104319220140,,AUTOMODE,BV141D,39,2,318175,OK,CA13,,,0020007910431251065004261443066B,,0,145.3,9.8,-113.55,50.1,134,19.6,-223.35,59.6,-223.35,-113.71,0.525268,1.25149,45.0,40.4569,5.0,23.4918,51.6627,52.0297,0,0,0,0,0,0,0,0,0,0,0,1.66,0,20.0,0,383377
5098964,1,0020007910431251065004261443074B,2026-06-29 10:47:28,318215, , ,104319220140,0,0,0,0,57000,110000,0,0,120000,0,0,0,0,0:01,1002,513,0         ,0,"4,08      ",277,0         ,0,"2,1       ",336,0         ,0,0         ,0,0,0,0,0,0         ,0,0         ,0,0         ,0,0         ,0,0         ,0,0         ,0,0,0,0,0,0,0,0,0,0,0,0,0,UCX31_x0001_|_x0007_:, ,0         ,0         ,0         ,13,"3,96      ",94,0         ,0:37      ,3,2026-06-24 21:46:35,11014981.0,MAREESWARAN ,1,104339022020,104319220140,,AUTOMODE_TS1,BV141E,41,2,,OK,,0,0,0020007910431251065004261443074B,1.17649,1.17484,1.17699,5,5,5.645,6.7725,7.305,1,1.2,1.2,1.2,1,1.2,0.5,12,0.5,12,0.5,12,306467,2026-06-24 21:43:29,11014981,MAREESWARAN ,13616,104339022020,104319220140,140HPW501   ,,AUTOMODE,BV141C,19,2,318162,OK,,0,0,9003102010431351065904261713823B,0020007910431251065004261443074B,00200045104311520066-7261692266A,OK,OK,OK,OK,307827,2026-06-24 21:42:11,11014981.0,MAREESWARAN ,13616,104339022020,104319220140,140HPW501   ,AUTOMODE,BV141A,21,2,318162,OK,CA1,0,0,300050104312999991395364110336,OK,OK,0.39,0.412,0.5,0.39,0.404,0.5,OK,,00200045104311520066-7261692266A,OK,OK,202.9,145.2,52.6,146.3,-0.0408401,2.40945,52.1882,53.5284,0.163353,2.16442,55.7807,56.1909,56.2401,2.06579,57.7374,0.285866,0,0,0,0,05ACA005,308531,2026-06-24 21:42:51,11014981.0,MAREESWARAN ,13616.0,104339022020,104319220140,140HPW501   ,AUTOMODE,BV141B,28,2.0,318162.0,OK,,,,00200045104311520066-7261692266A,OK,OK,,OK,OK,308600,2026-06-24 21:45:23,11014981.0,MAREESWARAN ,13616,104339022020,104319220140,,AUTOMODE,BV141D,38,2,318162,OK,CA13,,,0020007910431251065004261443074B,,0,145.3,9.4,-113.55,50.1,134,19.6,-223.35,59.6,-223.35,-113.71,0.113087,0.722315,44.9331,40.0,5.0,23.5898,51.9583,52.4136,0,0,0,0,0,0,0,0,0,0,0,1.67,0,20.0,0,383364
5098224,1,0020007910431251065004261443256C,2026-06-29 00:51:52,318215, , ,104319220140,0,0,0,0,57000,110000,0,0,120000,0,0,0,0,0:08,1002,513,0         ,0,0         ,0,0         ,0,0         ,0,0         ,0,0         ,0,0,0,0,0,0         ,0,0         ,0,0         ,0,0         ,0,0         ,0,0         ,0,0,0,0,0,0,0,0,0,0,0,0,0,UCX31_x0001_|_x0007_:, ,0         ,0         ,0         ,13,"3,67      ",94,0         ,6:49      ,3,2026-06-24 21:48:55,11014981.0,MAREESWARAN ,1,104339022020,104319220140,,AUTOMODE_TS1,BV141E2,34,2,,OK,,0,0,0020007910431251065004261443256C,1.15119,1.15132,1.14692,5,5,2.22156,5.48982,2.95808,1,1.2,1.2,1.2,1,1.2,0.5,12,0.5,12,0.5,12,306470,2026-06-24 21:46:23,11014981,MAREESWARAN ,13616,104339022020,104319220140,140HPW501   ,,AUTOMODE,BV141C,37,2,318165,OK,,0,0,9003102010431351065904261713848B,0020007910431251065004261443256C,00200045104311520066-7261702052A,OK,OK,OK,OK,307830,2026-06-24 21:44:45,11014981.0,MAREESWARAN ,13616,104339022020,104319220140,140HPW501   ,AUTOMODE,BV141A,22,2,318165,OK,CA1,0,0,300050104312999991395364110336,OK,OK,0.39,0.41,0.5,0.39,0.416,0.5,OK,,00200045104311520066-7261702052A,OK,OK,202.9,145.2,52.6,146.3,0.0,2.61364,52.1114,53.3497,0.204189,2.61364,55.6097,56.0173,56.2401,2.21359,57.5613,0.449219,0,0,0,0,05ACA004,308534,2026-06-24 21:45:25,11014981.0,MAREESWARAN ,13616.0,104339022020,104319220140,140HPW501   ,AUTOMODE,BV141B,28,2.0,318165.0,OK,,,,00200045104311520066-7261702052A,OK,OK,,OK,OK,308603,2026-06-24 21:47:53,11014981.0,MAREESWARAN ,13616,104339022020,104319220140,,AUTOMODE,BV141D,39,2,318165,OK,CA13,,,0020007910431251065004261443256C,,0,145.4,9.7,-113.55,50.1,134,19.6,-223.35,59.6,-223.35,-113.71,0.0955005,0.452343,45.0,40.5486,5.0,19.2397,52.2693,52.2942,0,0,0,0,0,0,0,0,0,0,0,1.55,0,20.0,0,383367
5098272,1,0020007910431251065004261443296C,2026-06-29 02:04:02,318215, , ,104319220140,0,0,0,0,57000,110000,0,0,120000,0,0,0,0,0:01,1002,513,0         ,0,"3,33      ",11,0         ,0,"2,24      ",307,0         ,0,0         ,0,0,0,0,0,0         ,0,0         ,0,0         ,0,0         ,0,0         ,0,0         ,0,0,0,0,0,0,0,0,0,0,0,0,0,UCX31_x0001_|_x0007_:, ,0         ,0         ,0         ,13,"3,9       ",94,0         ,5:35      ,3,2026-06-24 21:53:55,11014981.0,MAREESWARAN ,1,104339022020,104319220140,,AUTOMODE_TS1,BV141E2,34,2,,OK,,0,0,0020007910431251065004261443296C,1.15157,1.16792,1.16654,5,5,2.68862,7.00599,3.90898,1,1.2,1.2,1.2,1,1.2,0.5,12,0.5,12,0.5,12,306476,2026-06-24 21:51:09,11014981,MAREESWARAN ,13616,104339022020,104319220140,140HPW501   ,,AUTOMODE,BV141C,29,2,318171,OK,,0,0,9003102010431351065904261713836B,0020007910431251065004261443296C,00200045104311520066-7261702030A,OK,OK,OK,OK,307836,2026-06-24 21:49:17,11014981.0,MAREESWARAN ,13616,104339022020,104319220140,140HPW501   ,AUTOMODE,BV141A,22,2,318171,OK,CA1,0,0,300050104312999991395364110336,OK,OK,0.39,0.399,0.5,0.39,0.415,0.5,OK,,00200045104311520066-7261702030A,OK,OK,202.9,145.2,52.6,146.3,-0.0408363,2.45029,52.1371,53.3678,0.163353,2.12358,55.6303,55.936,56.2401,1.7234,57.5794,0.408382,0,0,0,0,05ACA001,308540,2026-06-24 21:49:55,11014981.0,MAREESWARAN ,13616.0,104339022020,104319220140,140HPW501   ,AUTOMODE,BV141B,28,2.0,318171.0,OK,,,,00200045104311520066-7261702030A,OK,OK,,OK,OK,308609,2026-06-24 21:52:53,11014981.0,MAREESWARAN ,13616,104339022020,104319220140,,AUTOMODE,BV141D,39,2,318171,OK,CA13,,,0020007910431251065004261443296C,,0,145.1,9.4,-113.55,50.1,134,19.6,-223.35,59.6,-223.35,-113.71,0.441801,0.957462,45.0,41.1503,5.0,25.6178,51.6788,51.7521,0,0,0,0,0,0,0,0,0,0,0,1.75,0,20.0,0,383373
5098449,1,0020007910431251065004261448611B,2026-06-29 05:50:08,318215, , ,104319220140,0,0,0,0,57000,110000,0,0,120000,0,0,0,0,0:01,1002,513,0         ,0,"3,28      ",232,0         ,0,"3,39      ",136,0         ,0,0         ,0,0,0,0,0,0         ,0,0         ,0,0         ,0,0         ,0,0         ,0,0         ,0,0,0,0,0,0,0,0,0,0,0,0,0,UCX31_x0001_|_x0007_:, ,0         ,0         ,0         ,13,"4,39      ",94,0         ,1:46      ,3,2026-06-25 13:09:10,11014981.0,MAREESWARAN ,1,104339022020,104319220140,,AUTOMODE_TS1,BV141E2,34,1,,OK,,0,0,0020007910431251065004261448611B,1.14742,1.15258,1.16755,5,5,2.1485,7.37485,3.87425,1,1.2,1.2,1.2,1,1.2,0.5,12,0.5,12,0.5,12,307194,2026-06-25 13:06:48,11014981,MAREESWARAN ,13616,104339022020,104319220140,140HPW501   ,,AUTOMODE,BV141C,24,1,318914,OK,,0,0,9003102010431351065904261702830B,0020007910431251065004261448611B,00200045104311520066-7261742217B,OK,OK,OK,OK,308566,2026-06-25 13:03:56,11014981.0,MAREESWARAN ,13616,104339022020,104319220140,140HPW501   ,AUTOMODE,BV141A,28,1,318914,OK,CA1,0,0,300050104312999991395364110336,OK,OK,0.39,0.452,0.5,0.39,0.438,0.5,OK,,00200045104311520066-7261742217B,OK,OK,202.9,145.2,52.6,146.3,0.0,2.0419,52.0484,53.2842,0.163353,2.28693,55.4473,55.86,57.7047,3.02201,57.3989,0.408379,0,0,0,0,05ACA001,309279,2026-06-25 13:04:52,11014981.0,MAREESWARAN ,13616.0,104339022020,104319220140,140HPW501   ,AUTOMODE,BV141B,29,1.0,318914.0,OK,,,,00200045104311520066-7261742217B,OK,OK,,OK,OK,309342,2026-06-25 13:08:10,11014981.0,MAREESWARAN ,13616,104339022020,104319220140,,AUTOMODE,BV141D,38,1,318914,OK,CA13,,,0020007910431251065004261448611B,,0,145.0,9.8,-113.55,50.1,134,19.6,-223.35,59.6,-223.35,-113.71,0.368153,0.81422,45.0,41.9438,5.0,25.1051,51.6703,51.7373,0,0,0,0,0,0,0,0,0,0,0,1.61,0,20.0,0,384187
5098511,1,0020007910431251065004261448676B,2026-06-29 07:06:50,318215, , ,104319220140,0,0,0,0,57000,110000,0,0,120000,0,0,0,0,0:01,1002,513,0         ,0,"1,6       ",171,0         ,0,"1,97      ",150,0         ,0,0         ,0,0,0,0,0,0         ,0,0         ,0,0         ,0,0         ,0,0         ,0,0         ,0,0,0,0,0,0,0,0,0,0,0,0,0,UCX31_x0001_|_x0007_:, ,0         ,0         ,0         ,13,"3,99      ",94,0         ,5:05      ,3,2026-06-24 23:04:42,11014981.0,MAREESWARAN ,1,104339022020,104319220140,,AUTOMODE_TS1,BV141E,41,2,,OK,,0,0,0020007910431251065004261448676B,1.17522,1.17509,1.17649,5,5,3.685,3.7925,7.255,1,1.2,1.2,1.2,1,1.2,0.5,12,0.5,12,0.5,12,306550,2026-06-24 23:01:58,11014981,MAREESWARAN ,13616,104339022020,104319220140,140HPW501   ,,AUTOMODE,BV141C,18,2,318249,OK,,0,0,9003102010431351065904261713446A,0020007910431251065004261448676B,00200045104311520066-7261672158A,OK,OK,OK,OK,307912,2026-06-24 23:00:20,11014981.0,MAREESWARAN ,13616,104339022020,104319220140,140HPW501   ,AUTOMODE,BV141A,26,2,318249,OK,CA1,0,0,300050104312999991395364110336,OK,OK,0.39,0.399,0.5,0.39,0.408,0.5,OK,,00200045104311520066-7261672158A,OK,OK,202.9,145.2,52.6,146.3,0.0,1.42933,52.1018,53.233,0.0408363,1.55185,55.8064,56.1172,56.2401,1.36326,57.5516,0.285866,0,0,0,0,05ACA007,308618,2026-06-24 23:01:02,11014981.0,MAREESWARAN ,13616.0,104339022020,104319220140,140HPW501   ,AUTOMODE,BV141B,28,2.0,318249.0,OK,,,,00200045104311520066-7261672158A,OK,OK,,OK,OK,308686,2026-06-24 23:03:32,11014981.0,MAREESWARAN ,13616,104339022020,104319220140,,AUTOMODE,BV141D,38,2,318249,OK,CA13,,,0020007910431251065004261448676B,,0,145.0,8.6,-113.55,50.1,134,19.6,-223.35,59.6,-223.35,-113.71,0.0829315,0.331722,44.6001,40.917,5.0,25.9344,51.9255,52.4517,0,0,0,0,0,0,0,0,0,0,0,1.74,0,20.0,0,383477
5098529,1,0020007910431251065004261448715B,2026-06-29 07:18:49,318215, , ,104319220140,0,0,0,0,57000,110000,0,0,120000,0,0,0,0,0:01,1002,513,0         ,0,"10,24     ",206,0         ,0,"1,64      ",169,0         ,0,0         ,0,0,0,0,0,0         ,0,0         ,0,0         ,0,0         ,0,0         ,0,0         ,0,0,0,0,0,0,0,0,0,0,0,0,0,UCX31_x0001_|_x0007_:, ,0         ,0         ,0         ,13,"4,4       ",94,0         ,0:52      ,3,2026-06-24 23:05:26,11014981.0,MAREESWARAN ,1,104339022020,104319220140,,AUTOMODE_TS1,BV141E2,34,2,,OK,,0,0,0020007910431251065004261448715B,1.15145,1.14616,1.14239,5,5,2.48144,6.72695,3.0012,1,1.2,1.2,1.2,1,1.2,0.5,12,0.5,12,0.5,12,306551,2026-06-24 23:02:34,11014981,MAREESWARAN ,13616,104339022020,104319220140,140HPW501   ,,AUTOMODE,BV141C,18,2,318250,OK,,0,0,9003102010431351065904261690244A,0020007910431251065004261448715B,00200045104311520066-7261662531B,OK,OK,OK,OK,307913,2026-06-24 23:01:08,11014981.0,MAREESWARAN ,13616,104339022020,104319220140,140HPW501   ,AUTOMODE,BV141A,22,2,318250,OK,CA1,0,0,300050104312999991395364110336,OK,OK,0.39,0.4,0.5,0.39,0.407,0.5,OK,,00200045104311520066-7261662531B,OK,OK,202.9,145.2,52.6,146.3,0.0,1.7152,52.4303,53.452,0.163353,1.83772,55.6024,56.1119,56.2401,1.59552,57.6559,0.285866,0,0,0,0,05ACA005,308619,2026-06-24 23:01:48,11014981.0,MAREESWARAN ,13616.0,104339022020,104319220140,140HPW501   ,AUTOMODE,BV141B,28,2.0,318250.0,OK,,,,00200045104311520066-7261662531B,OK,OK,,OK,OK,308687,2026-06-24 23:04:22,11014981.0,MAREESWARAN ,13616,104339022020,104319220140,,AUTOMODE,BV141D,38,2,318250,OK,CA13,,,0020007910431251065004261448715B,,0,145.0,9.3,-113.55,50.1,134,19.6,-223.35,59.6,-223.35,-113.71,0.067852,0.383453,44.9128,40.0,5.0,23.6953,52.2001,52.4416,0,0,0,0,0,0,0,0,0,0,0,1.83,0,20.0,0,383478
5098327,1,0020007910431251065004261448716B,2026-06-29 03:18:46,318215, , ,104319220140,0,0,0,0,57000,110000,0,0,120000,0,0,0,0,0:08,1002,513,0         ,0,0         ,0,0         ,0,0         ,0,0         ,0,0         ,0,0,0,0,0,0         ,0,0         ,0,0         ,0,0         ,0,0         ,0,0         ,0,0,0,0,0,0,0,0,0,0,0,0,0,UCX31_x0001_|_x0007_:, ,0         ,0         ,0         ,13,"3,79      ",94,0         ,3:22      ,3,2026-06-25 00:28:30,11014981.0,MAREESWARAN ,1,104339022020,104319220140,,AUTOMODE_TS1,BV141E2,34,2,,OK,,0,0,0020007910431251065004261448716B,1.1522,1.15233,1.14629,5,5,2.22515,6.32814,3.9497,1,1.2,1.2,1.2,1,1.2,0.5,12,0.5,12,0.5,12,306603,2026-06-25 00:26:38,11014981,MAREESWARAN ,13616,104339022020,104319220140,140HPW501   ,,AUTOMODE,BV141C,21,2,318306,OK,,0,0,9003102010431351065904261702696B,0020007910431251065004261448716B,00200045104311520066-7261722147A,OK,OK,OK,OK,307967,2026-06-25 00:24:06,11014981.0,MAREESWARAN ,13616,104339022020,104319220140,140HPW501   ,AUTOMODE,BV141A,21,2,318306,OK,CA1,0,0,300050104312999991395364110336,OK,OK,0.39,0.403,0.5,0.39,0.408,0.5,OK,,00200045104311520066-7261722147A,OK,OK,202.9,145.2,52.6,146.3,-0.0408401,1.55185,52.0739,52.8943,0.0816765,1.91939,55.3632,55.674,57.6206,10.6996,57.111,0.367542,0,0,0,0,05ACA006,308674,2026-06-25 00:24:48,11014981.0,MAREESWARAN ,13616.0,104339022020,104319220140,140HPW501   ,AUTOMODE,BV141B,28,2.0,318306.0,OK,,,,00200045104311520066-7261722147A,OK,OK,,OK,OK,308741,2026-06-25 00:27:28,11014981.0,MAREESWARAN ,13616,104339022020,104319220140,,AUTOMODE,BV141D,30,2,318306,OK,CA13,,,0020007910431251065004261448716B,,0,146.0,2.6,-113.55,50.1,134,19.6,-223.35,59.6,-223.35,-113.71,0.403766,1.94352,45.0,40.0,5.0,24.5472,52.0072,52.0801,0,0,0,0,0,0,0,0,0,0,0,1.69,0,20.0,0,383553
5098263,1,0020007910431251065004261448723B,2026-06-29 01:52:20,318215, , ,104319220140,0,0,0,0,57000,110000,0,0,120000,0,0,0,0,0:08,1002,513,0         ,0,0         ,0,0         ,0,0         ,0,0         ,0,0         ,0,0,0,0,0,0         ,0,0         ,0,0         ,0,0         ,0,0         ,0,0         ,0,0,0,0,0,0,0,0,0,0,0,0,0,UCX31_x0001_|_x0007_:, ,0         ,0         ,0         ,13,"4,06      ",94,0         ,0:44      ,3,2026-06-24 21:55:35,11014981.0,MAREESWARAN ,1,104339022020,104319220140,,AUTOMODE_TS1,BV141E2,34,2,,OK,,0,0,0020007910431251065004261448723B,1.16365,1.15421,1.14591,5,5,1.93653,5.48743,3.68743,1,1.2,1.2,1.2,1,1.2,0.5,12,0.5,12,0.5,12,306478,2026-06-24 21:52:43,11014981,MAREESWARAN ,13616,104339022020,104319220140,140HPW501   ,,AUTOMODE,BV141C,19,2,318173,OK,,0,0,9003102010431351065904261713854B,0020007910431251065004261448723B,00200045104311520066-7261702236A,OK,OK,OK,OK,307838,2026-06-24 21:50:45,11014981.0,MAREESWARAN ,13616,104339022020,104319220140,140HPW501   ,AUTOMODE,BV141A,21,2,318173,OK,CA1,0,0,300050104312999991395364110336,OK,OK,0.39,0.406,0.5,0.39,0.406,0.5,OK,,00200045104311520066-7261702236A,OK,OK,202.9,145.2,52.6,146.3,0.0,1.42933,52.1581,53.2868,0.163353,2.45029,55.134,55.8499,57.8016,3.51207,57.3914,0.449219,0,0,0,0,05ACA004,308542,2026-06-24 21:51:23,11014981.0,MAREESWARAN ,13616.0,104339022020,104319220140,140HPW501   ,AUTOMODE,BV141B,28,2.0,318173.0,OK,,,,00200045104311520066-7261702236A,OK,OK,,OK,OK,308611,2026-06-24 21:54:35,11014981.0,MAREESWARAN ,13616,104339022020,104319220140,,AUTOMODE,BV141D,39,2,318173,OK,CA13,,,0020007910431251065004261448723B,,0,145.3,9.4,-113.55,50.1,134,19.6,-223.35,59.6,-223.35,-113.71,0.715677,1.45504,45.0,40.5993,5.0,25.2107,51.8133,52.2889,0,0,0,0,0,0,0,0,0,0,0,1.81,0,20.0,0,383375
5098204,1,0020007910431251065004261448771B,2026-06-29 00:38:28,318215, , ,104319220140,0,0,0,0,57000,110000,0,0,120000,0,0,0,0,0:01,1002,513,0         ,0,"4,65      ",111,0         ,0,"2,15      ",122,0         ,0,0         ,0,0,0,0,0,0         ,0,0         ,0,0         ,0,0         ,0,0         ,0,0         ,0,0,0,0,0,0,0,0,0,0,0,0,0,UCX31_x0001_|_x0007_:, ,0         ,0         ,0         ,13,"4,42      ",93,0         ,0:37      ,3,2026-06-28 01:08:25,11014981.0,MAREESWARAN ,1,104339022020,104319220140,,AUTOMODE_TS1,BV141E,40,2,,OK,,0,0,0020007910431251065004261448771B,1.17838,1.17484,1.17826,5,5,5.1725,5.3175,9.4825,1,1.2,1.2,1.2,1,1.2,0.5,12,0.5,12,0.5,12,312615,2026-06-28 01:06:31,11014981,MAREESWARAN ,13616,104339022020,104319220140,140HPW501   ,,AUTOMODE,BV141C,30,2,321910,OK,,0,0,9003102010431351065904261758012B,0020007910431251065004261448771B,00200045104311520066-7261752361B,OK,OK,OK,OK,314010,2026-06-28 01:05:07,11014981.0,MAREESWARAN ,13616,104339022020,104319220140,140HPW501   ,AUTOMODE,BV141A,23,2,321910,OK,CA1,0,0,300050104312999991395364110336,OK,OK,0.39,0.447,0.5,0.39,0.419,0.5,OK,,00200045104311520066-7261752361B,OK,OK,202.9,145.2,52.6,146.3,-0.0408363,2.0419,52.0459,53.5899,0.163353,2.69531,55.7403,56.1505,56.2401,2.47998,57.692,0.408382,0,0,0,0,05ACA010,313772,2026-06-28 01:05:45,11014981.0,MAREESWARAN ,13616.0,104339022020,104319220140,140HPW501   ,AUTOMODE,BV141B,29,2.0,321910.0,OK,,,,00200045104311520066-7261752361B,OK,OK,,OK,OK,314814,2026-06-28 01:07:13,11014981.0,MAREESWARAN ,13616,104339022020,104319220140,,AUTOMODE,BV141D,31,2,321910,OK,CA13,,,0020007910431251065004261448771B,,0,147.1,3.4,-113.55,50.1,134,19.6,-223.35,59.6,-223.35,-113.71,1.07308,2.48271,45.0,40.0,5.0,25.6706,51.9397,52.0112,0,0,0,0,0,0,0,0,0,0,0,1.64,0,20.0,0,390164
5097266,1,0020007910431251065004261449059B,2026-06-28 13:47:27,318215, , ,104319220140,0,0,0,0,57000,110000,0,0,120000,0,0,0,0,0:01,1002,513,0         ,0,"5,64      ",317,0         ,0,"1,93      ",327,0         ,0,0         ,0,0,0,0,0,0         ,0,0         ,0,0         ,0,0         ,0,0         ,0,0         ,0,0,0,0,0,0,0,0,0,0,0,0,0,UCX31_x0001_|_x0007_:, ,0         ,0         ,0         ,13,"4,82      ",94,0         ,0:37      ,3,2026-06-28 09:31:39,11014981.0,MAREESWARAN ,1,104339022020,104319220140,,AUTOMODE_TS1,BV141E,41,1,,OK,,0,0,0020007910431251065004261449059B,1.17636,1.17636,1.17649,5,5,5.0375,5.56,7.7925,1,1.2,1.2,1.2,1,1.2,0.5,12,0.5,12,0.5,12,312990,2026-06-28 09:29:17,11014086,BABU        ,13616,104339022020,104319220140,140HPW501   ,,AUTOMODE,BV141C,25,1,322295,OK,,0,0,9003102010431351065904261758712B,0020007910431251065004261449059B,00200045104311520066-7261692234A,OK,OK,OK,OK,314390,2026-06-28 09:27:09,11014086.0,BABU        ,13616,104339022020,104319220140,140HPW501   ,AUTOMODE,BV141A,24,1,322295,OK,CA1,0,0,300050104312999991395364110336,OK,OK,0.39,0.447,0.5,0.39,0.425,0.5,OK,,00200045104311520066-7261692234A,OK,OK,202.9,145.2,52.6,146.3,-0.0408363,1.59269,52.2265,53.154,0.122513,1.42933,55.3196,55.6279,57.5872,3.79794,57.4853,0.204189,0,0,0,0,05ACA002,314154,2026-06-28 09:27:49,11014086.0,BABU        ,13616.0,104339022020,104319220140,140HPW501   ,AUTOMODE,BV141B,26,1.0,322295.0,OK,,,,00200045104311520066-7261692234A,OK,OK,,OK,OK,315196,2026-06-28 09:30:27,11014086.0,BABU        ,13616,104339022020,104319220140,,AUTOMODE,BV141D,37,1,322295,OK,CA13,,,0020007910431251065004261449059B,,0,147.3,7.9,-113.55,50.1,134,19.6,-223.35,59.6,-223.35,-113.71,0.598001,1.35703,45.0,40.0902,5.0,26.0701,51.405,51.5257,0,0,0,0,0,0,0,0,0,0,0,1.73,0,20.0,0,390823
5098613,1,0020007910431251065004261449641C,2026-06-29 07:59:42,318215, , ,104319220140,0,0,0,0,57000,110000,0,0,120000,0,0,0,0,0:01,1002,513,0         ,0,"4,08      ",220,0         ,0,"2,67      ",179,0         ,0,0         ,0,0,0,0,0,0         ,0,0         ,0,0         ,0,0         ,0,0         ,0,0         ,0,0,0,0,0,0,0,0,0,0,0,0,0,UCX31_x0001_|_x0007_:, ,0         ,0         ,0         ,13,"3,71      ",94,0         ,4:26      ,3,2026-06-25 03:39:12,11014981.0,MAREESWARAN ,1,104339022020,104319220140,,AUTOMODE_TS1,BV141E,41,2,,OK,,0,0,0020007910431251065004261449641C,1.17914,1.17573,1.17573,5,5,3.495,3.5125,6.825,1,1.2,1.2,1.2,1,1.2,0.5,12,0.5,12,0.5,12,306786,2026-06-25 03:36:30,11014981,MAREESWARAN ,13616,104339022020,104319220140,140HPW501   ,,AUTOMODE,BV141C,20,2,318492,OK,,0,0,9003102010431351065904261702015A,0020007910431251065004261449641C,00200045104311520066-7261722617C,OK,OK,OK,OK,308151,2026-06-25 03:34:34,11014981.0,MAREESWARAN ,13616,104339022020,104319220140,140HPW501   ,AUTOMODE,BV141A,22,2,318492,OK,CA1,0,0,300050104312999991395364110336,OK,OK,0.39,0.415,0.5,0.39,0.403,0.5,OK,,00200045104311520066-7261722617C,OK,OK,202.9,145.2,52.6,146.3,-0.0408401,2.12358,52.033,53.3656,0.122513,2.53196,55.6357,56.0485,56.2401,2.19322,57.4956,0.490055,0,0,0,0,05ACA007,308859,2026-06-25 03:35:12,11014981.0,MAREESWARAN ,13616.0,104339022020,104319220140,140HPW501   ,AUTOMODE,BV141B,28,2.0,318492.0,OK,,,,00200045104311520066-7261722617C,OK,OK,,OK,OK,308926,2026-06-25 03:37:58,11014981.0,MAREESWARAN ,13616,104339022020,104319220140,,AUTOMODE,BV141D,48,2,318492,OK,CA13,,,0020007910431251065004261449641C,,0,145.5,2.4,-113.55,50.1,134,19.6,-223.35,59.6,-223.35,-113.71,1.20292,2.67886,45.0,40.0,5.0,26.3491,51.9692,52.1081,0,0,0,0,0,0,0,0,0,0,0,1.6,0,20.0,1,383746
5098720,1,0020007910431251065004261449692C,2026-06-29 09:12:16,318215, , ,104319220140,0,0,0,0,57000,110000,0,0,120000,0,0,0,0,0:01,1002,513,0         ,0,"4,3       ",21,0         ,0,"2,18      ",19,0         ,0,0         ,0,0,0,0,0,0         ,0,0         ,0,0         ,0,0         ,0,0         ,0,0         ,0,0,0,0,0,0,0,0,0,0,0,0,0,UCX31_x0001_|_x0007_:, ,0         ,0         ,0         ,13,"4,15      ",94,0         ,0:37      ,3,2026-06-25 03:32:20,11014981.0,MAREESWARAN ,1,104339022020,104319220140,,AUTOMODE_TS1,BV141E2,34,2,,OK,,0,0,0020007910431251065004261449692C,1.15761,1.16038,1.14843,5,5,2.35808,6.25868,4.18084,1,1.2,1.2,1.2,1,1.2,0.5,12,0.5,12,0.5,12,306779,2026-06-25 03:30:26,11014981,MAREESWARAN ,13616,104339022020,104319220140,140HPW501   ,,AUTOMODE,BV141C,30,2,318485,OK,,0,0,9003102010431351065904261702737B,0020007910431251065004261449692C,00200045104311520066-7261722718C,OK,OK,OK,OK,308144,2026-06-25 03:28:54,11014981.0,MAREESWARAN ,13616,104339022020,104319220140,140HPW501   ,AUTOMODE,BV141A,22,2,318485,OK,CA1,0,0,300050104312999991395364110336,OK,OK,0.39,0.4,0.5,0.39,0.397,0.5,OK,,00200045104311520066-7261722718C,OK,OK,202.9,145.2,52.6,146.3,-0.0408401,1.96023,52.112,53.4445,0.122513,1.75603,55.6943,56.1019,56.2401,1.57539,57.7453,0.204189,0,0,0,0,05ACA005,308852,2026-06-25 03:29:32,11014981.0,MAREESWARAN ,13616.0,104339022020,104319220140,140HPW501   ,AUTOMODE,BV141B,28,2.0,318485.0,OK,,,,00200045104311520066-7261722718C,OK,OK,,OK,OK,308919,2026-06-25 03:31:18,11014981.0,MAREESWARAN ,13616,104339022020,104319220140,,AUTOMODE,BV141D,30,2,318485,OK,CA13,,,0020007910431251065004261449692C,,0,145.3,2.5,-113.55,50.1,134,19.6,-223.35,59.6,-223.35,-113.71,0.384044,1.91546,45.0,40.0,5.0,25.3615,52.2668,52.4334,0,0,0,0,0,0,0,0,0,0,0,1.74,0,20.0,0,383739
5074347,1,0020007910431251065004261449893B,2026-06-21 06:10:49,304212, , ,104319220140,0,0,0,0,57000,110000,0,0,120000,0,0,0,0,0:01,1002,513,0         ,0,"8,4       ",196,0         ,0,"7,04      ",206,0         ,0,0         ,0,0,0,0,0,0         ,0,0         ,0,0         ,0,0         ,0,0         ,0,0         ,0,0,0,0,0,0,0,0,0,0,0,0,0,UCX31_x0001_|_x0007_:, ,0         ,0         ,0         ,14,"4,37      ",94,0         ,0:32      ,3,2026-06-21 14:27:15,11014981.0,MAREESWARAN ,1,104339022020,104319220140,,AUTOMODE_TS1,BV141E,41,1,,OK,,0,0,0020007910431251065004261449893B,1.17724,1.17585,1.17421,5,5,4.4225,4.2875,5.6325,1,1.2,1.2,1.2,1,1.2,0.5,12,0.5,12,0.5,12,303289,2026-06-21 14:25:13,11014981,MAREESWARAN ,13616,104339022020,104319220140,140HPW501   ,,AUTOMODE,BV141C,27,1,314855,OK,,0,0,9003102010431351065904261665084A,0020007910431251065004261449893B,00200045104311520066-7261642643C,OK,OK,OK,OK,304591,2026-06-21 14:23:47,11014981.0,MAREESWARAN ,13616,104339022020,104319220140,140HPW501   ,AUTOMODE,BV141A,23,1,314855,OK,CA1,0,0,300050104312999991395364110336,OK,OK,0.39,0.429,0.5,0.39,0.422,0.5,OK,,00200045104311520066-7261642643C,OK,OK,202.9,145.2,52.6,146.3,-0.0408401,2.5728,52.1653,53.2915,0.245029,2.85867,55.4495,55.9591,56.2401,2.32072,57.5948,0.449219,0,0,0,0,05ACA003,305256,2026-06-21 14:24:27,11014981.0,MAREESWARAN ,13616.0,104339022020,104319220140,140HPW501   ,AUTOMODE,BV141B,29,1.0,314855.0,OK,,,,00200045104311520066-7261642643C,OK,OK,,OK,OK,305348,2026-06-21 14:26:07,11014981.0,MAREESWARAN ,13616,104339022020,104319220140,,AUTOMODE,BV141D,35,1,314855,OK,CA13,,,0020007910431251065004261449893B,,0,145.3,6.0,-113.55,50.1,134,19.6,-223.35,59.6,-223.35,-113.71,0.135704,0.673018,44.9407,40.0,5.0,21.4788,52.3074,52.3602,0,0,0,0,0,0,0,0,0,0,0,1.84,0,20.0,0,379556
5097934,1,0020007910431251065004261462691C,2026-06-28 20:04:00,314116, , ,104319220140,0,0,0,0,57000,110000,0,0,120000,0,0,0,0,0:01,1002,513,0         ,0,"30,58     ",52,0         ,0,"8,36      ",359,0         ,0,0         ,0,0,0,0,0,0         ,0,0         ,0,0         ,0,0         ,0,0         ,0,0         ,0,0,0,0,0,0,0,0,0,0,0,0,0,UCX31_x0001_|_x0007_:, ,0         ,0         ,0         ,3,"4,87      ",93,0         ,6:19      ,3,2026-06-29 12:43:54,11014086.0,BABU        ,1,104339022021,104319220151,,AUTOMODE_TS1,BV141E2,38,1,,OK,,0,0,0020007910431251065004261462691C,1.16302,1.16503,1.15006,5,5,1.72455,7.52934,4.70419,1,1.2,1.2,1.2,1,1.2,0.5,12,0.5,12,0.5,12,313658,2026-06-29 12:41:44,11014086,BABU        ,13616,104339022021,104319220151,160HP Z101  ,,AUTOMODE,BV141C,18,1,323001,OK,,0,0,9003102010431351065904261758376B,0020007910431251065004261462691C,00200045104311520066-7261752212A,OK,OK,OK,OK,315073,2026-06-29 12:40:42,11014086.0,BABU        ,13616,104339022021,104319220151,160HP Z101  ,AUTOMODE,BV141A,21,1,323001,OK,CA1,0,0,1020104313020080004674879488,OK,OK,0.39,0.423,0.5,0.39,0.433,0.5,OK,,00200045104311520066-7261752212A,OK,OK,202.9,145.2,52.6,146.3,-0.0408401,1.38849,52.2694,53.0898,0.0816765,2.08274,55.2453,55.6581,57.6072,4.24716,57.5053,0.245026,0,0,0,0,05ACA002,314850,2026-06-29 12:41:16,11014086.0,BABU        ,13616.0,104339022021,104319220151,160HP Z101  ,AUTOMODE,BV141B,27,1.0,323001.0,OK,,,,00200045104311520066-7261752212A,OK,OK,,OK,OK,315888,2026-06-29 12:42:48,11014086.0,BABU        ,13616,104339022021,104319220151,,AUTOMODE,BV141D,37,1,323001,OK,CA13,,,0020007910431251065004261462691C,,0,147.7,10.8,-113.55,50.1,134,19.6,-223.2,59.6,-223.2,-113.71,0.622248,1.56318,45.0,40.0,5.0,26.2511,51.4843,51.5672,0,0,0,0,0,0,0,0,0,0,0,3.45,0,20.0,0,391645
5097247,1,0020007910431251065004261473206A,2026-06-28 13:41:11,318215, , ,104319220140,0,0,0,0,57000,110000,0,0,120000,0,0,0,0,0:01,1002,513,0         ,0,"3,77      ",189,0         ,0,"1,6       ",197,0         ,0,0         ,0,0,0,0,0,0         ,0,0         ,0,0         ,0,0         ,0,0         ,0,0         ,0,0,0,0,0,0,0,0,0,0,0,0,0,UCX31_x0001_|_x0007_:, ,0         ,0         ,0         ,13,"4,3       ",94,0         ,0:37      ,3,2026-06-28 09:43:57,11014981.0,MAREESWARAN ,1,104339022020,104319220140,,AUTOMODE_TS1,BV141E,41,1,,OK,,0,0,0020007910431251065004261473206A,1.17927,1.1756,1.17358,5,5,3.9875,5.325,8.155,1,1.2,1.2,1.2,1,1.2,0.5,12,0.5,12,0.5,12,313000,2026-06-28 09:39:15,11014086,BABU        ,13616,104339022020,104319220140,140HPW501   ,,AUTOMODE,BV141C,24,1,322306,OK,,0,0,9003102010431351065904261758273B,0020007910431251065004261473206A,00200045104311520066-7261672955C,OK,OK,OK,OK,314401,2026-06-28 09:37:13,11014086.0,BABU        ,13616,104339022020,104319220140,140HPW501   ,AUTOMODE,BV141A,24,1,322306,OK,CA1,0,0,300050104312999991395364110336,OK,OK,0.39,0.431,0.5,0.39,0.463,0.5,OK,,00200045104311520066-7261672955C,OK,OK,202.9,145.2,52.6,146.3,-0.0239334,1.22514,52.0212,53.0007,0.0816765,1.42933,55.0594,55.574,57.7219,12.864,57.2098,0.245029,0,0,0,0,05ACA006,314165,2026-06-28 09:37:55,11014086.0,BABU        ,13616.0,104339022020,104319220140,140HPW501   ,AUTOMODE,BV141B,26,1.0,322306.0,OK,,,,00200045104311520066-7261672955C,OK,OK,,OK,OK,315207,2026-06-28 09:42:35,11014086.0,BABU        ,13616,104339022020,104319220140,,AUTOMODE,BV141D,38,1,322306,OK,CA13,,,0020007910431251065004261473206A,,0,147.6,8.6,-113.55,50.1,134,19.6,-223.35,59.6,-223.35,-113.71,0.457695,1.88597,45.0,40.0,5.0,24.1251,51.9611,52.0463,0,0,0,0,0,0,0,0,0,0,0,1.64,0,20.0,0,390838
5097210,1,0020007910431251065004261473679B,2026-06-28 13:29:48,318215, , ,104319220140,0,0,0,0,57000,110000,0,0,120000,0,0,0,0,0:01,1002,513,0         ,0,"6,99      ",262,0         ,0,"2,73      ",237,0         ,0,0         ,0,0,0,0,0,0         ,0,0         ,0,0         ,0,0         ,0,0         ,0,0         ,0,0,0,0,0,0,0,0,0,0,0,0,0,UCX31_x0001_|_x0007_:, ,0         ,0         ,0         ,13,"4,37      ",94,0         ,5:15      ,3,2026-06-28 09:50:57,11014981.0,MAREESWARAN ,1,104339022020,104319220140,,AUTOMODE_TS1,BV141E,41,1,,OK,,0,0,0020007910431251065004261473679B,1.17661,1.17484,1.17497,5,5,6.2625,6.82,8.915,1,1.2,1.2,1.2,1,1.2,0.5,12,0.5,12,0.5,12,313005,2026-06-28 09:46:31,11014086,BABU        ,13616,104339022020,104319220140,140HPW501   ,,AUTOMODE,BV141C,25,1,322312,OK,,0,0,9003102010431351065904261757749A,0020007910431251065004261473679B,00200045104311520066-7261752436C,OK,OK,OK,OK,314406,2026-06-28 09:45:03,11014086.0,BABU        ,13616,104339022020,104319220140,140HPW501   ,AUTOMODE,BV141A,23,1,322312,OK,CA1,0,0,300050104312999991395364110336,OK,OK,0.39,0.457,0.5,0.39,0.442,0.5,OK,,00200045104311520066-7261752436C,OK,OK,202.9,145.2,52.6,146.3,0.0,1.10263,52.0688,52.6854,0.0816765,1.22514,54.9581,55.2663,57.6282,7.14666,57.4218,0.0816765,0,0,0,0,05ACA008,314171,2026-06-28 09:45:43,11014086.0,BABU        ,13616.0,104339022020,104319220140,140HPW501   ,AUTOMODE,BV141B,27,1.0,322312.0,OK,,,,00200045104311520066-7261752436C,OK,OK,,OK,OK,315212,2026-06-28 09:49:51,11014086.0,BABU        ,13616,104339022020,104319220140,,AUTOMODE,BV141D,99,1,322312,OK,CA13,,,0020007910431251065004261473679B,,0,147.3,8.7,-113.55,50.1,134,19.6,-223.35,59.6,-223.35,-113.71,0.450257,1.20625,45.0,40.8657,5.0,24.0271,51.9333,52.0546,0,0,0,0,0,0,0,0,0,0,0,1.69,0,20.0,2,390843
5097170,1,0020007910431251065004261474036C,2026-06-28 13:17:36,318215, , ,104319220140,0,0,0,0,57000,110000,0,0,120000,0,0,0,0,0:01,1002,513,0         ,0,"3,47      ",139,0         ,0,"1,74      ",83,0         ,0,0         ,0,0,0,0,0,0         ,0,0         ,0,0         ,0,0         ,0,0         ,0,0         ,0,0,0,0,0,0,0,0,0,0,0,0,0,UCX31_x0001_|_x0007_:, ,0         ,0         ,0         ,13,"4,67      ",94,0         ,0:37      ,3,2026-06-28 10:15:14,11014981.0,MAREESWARAN ,1,104339022020,104319220140,,AUTOMODE_TS1,BV141E,40,1,,OK,,0,0,0020007910431251065004261474036C,1.17939,1.17762,1.17712,5,5,6.1475,5.8075,7.87,1,1.2,1.2,1.2,1,1.2,0.5,12,0.5,12,0.5,12,313010,2026-06-28 09:53:09,11014086,BABU        ,13616,104339022020,104319220140,140HPW501   ,,AUTOMODE,BV141C,45,1,322317,OK,,0,0,9003102010431351065904261758763B,0020007910431251065004261474036C,00200045104311520066-7261722331A,OK,OK,OK,OK,314411,2026-06-28 09:50:59,11014086.0,BABU        ,13616,104339022020,104319220140,140HPW501   ,AUTOMODE,BV141A,99,1,322317,OK,CA1,0,0,300050104312999991395364110336,OK,OK,0.39,0.45,0.5,0.39,0.456,0.5,OK,,00200045104311520066-7261722331A,OK,OK,202.9,145.2,52.6,146.3,0.0,2.0419,52.1066,52.9295,0.204189,2.0419,55.0799,55.5972,57.6558,8.90269,57.3501,0.285866,0,0,0,0,05ACA002,314176,2026-06-28 09:51:33,11014086.0,BABU        ,13616.0,104339022020,104319220140,140HPW501   ,AUTOMODE,BV141B,26,1.0,322317.0,OK,,,,00200045104311520066-7261722331A,OK,OK,,OK,OK,315217,2026-06-28 09:54:31,11014086.0,BABU        ,13616,104339022020,104319220140,,AUTOMODE,BV141D,37,1,322317,OK,CA13,,,0020007910431251065004261474036C,,0,147.6,8.2,-113.55,50.1,134,19.6,-223.35,59.6,-223.35,-113.71,1.0235,2.55251,45.0,40.0,5.0,26.1003,51.4688,51.5685,0,0,0,0,0,0,0,0,0,0,0,1.71,0,20.0,0,390848
5097106,1,0020007910431251065004261475702B,2026-06-28 12:57:12,318215, , ,104319220140,0,0,0,0,57000,110000,0,0,120000,0,0,0,0,0:01,1002,513,0         ,0,"4,55      ",27,0         ,0,"0,78      ",233,0         ,0,0         ,0,0,0,0,0,0         ,0,0         ,0,0         ,0,0         ,0,0         ,0,0         ,0,0,0,0,0,0,0,0,0,0,0,0,0,UCX31_x0001_|_x0007_:, ,0         ,0         ,0         ,13,"4,53      ",94,0         ,0:36      ,3,2026-06-28 09:44:25,11014981.0,MAREESWARAN ,1,104339022020,104319220140,,AUTOMODE_TS1,BV141E2,34,1,,OK,,0,0,0020007910431251065004261475702B,1.15786,1.15987,1.15006,5,5,3.71257,7.87066,4.50419,1,1.2,1.2,1.2,1,1.2,0.5,12,0.5,12,0.5,12,313001,2026-06-28 09:41:39,11014086,BABU        ,13616,104339022020,104319220140,140HPW501   ,,AUTOMODE,BV141C,26,1,322307,OK,,0,0,9003102010431351065904261758782B,0020007910431251065004261475702B,00200045104311520066-7261722542C,OK,OK,OK,OK,314402,2026-06-28 09:38:57,11014086.0,BABU        ,13616,104339022020,104319220140,140HPW501   ,AUTOMODE,BV141A,23,1,322307,OK,CA1,0,0,300050104312999991395364110336,OK,OK,0.39,0.447,0.5,0.39,0.457,0.5,OK,,00200045104311520066-7261722542C,OK,OK,202.9,145.2,52.6,146.3,-0.0408363,0.898438,52.0531,52.9754,0.0408401,1.55185,55.457,55.8647,57.7094,4.04297,57.4036,0.245029,0,0,0,0,05ACA001,314166,2026-06-28 09:39:35,11014086.0,BABU        ,13616.0,104339022020,104319220140,140HPW501   ,AUTOMODE,BV141B,26,1.0,322307.0,OK,,,,00200045104311520066-7261722542C,OK,OK,,OK,OK,315208,2026-06-28 09:43:23,11014086.0,BABU        ,13616,104339022020,104319220140,,AUTOMODE,BV141D,37,1,322307,OK,CA13,,,0020007910431251065004261475702B,,0,147.6,8.4,-113.55,50.1,134,19.6,-223.35,59.6,-223.35,-113.71,0.986372,1.57567,45.0,40.9212,5.0,24.6076,51.8712,52.1889,0,0,0,0,0,0,0,0,0,0,0,1.64,0,20.0,0,390839
5078921,1,0020007910431251065004261475715B,2026-06-23 05:50:10,314116, , ,104319220140,0,0,0,0,57000,110000,0,0,120000,0,0,0,0,0:01,1002,513,0         ,0,"2,82      ",269,0         ,0,"0,68      ",211,0         ,0,0         ,0,0,0,0,0,0         ,0,0         ,0,0         ,0,0         ,0,0         ,0,0         ,0,0,0,0,0,0,0,0,0,0,0,0,0,UCX31_x0001_|_x0007_:, ,0         ,0         ,0         ,3,"4,71      ",93,0         ,0:33      ,3,2026-06-26 21:35:55,11014981.0,MAREESWARAN ,1,104339022021,104319220151,,AUTOMODE_TS1,BV141E2,38,2,,OK,,0,0,0020007910431251065004261475715B,1.16365,1.15057,1.15459,5,5,5.80599,9.08862,6.17246,1,1.2,1.2,1.2,1,1.2,0.5,12,0.5,12,0.5,12,308836,2026-06-26 21:33:31,11014981,MAREESWARAN ,13616,104339022021,104319220151,160HP Z101  ,,AUTOMODE,BV141C,18,2,320601,OK,,0,0,9003102010431351065904261689031A,0020007910431251065004261475715B,00200045104311520066-7261682708C,OK,OK,OK,OK,310206,2026-06-26 21:32:05,11014981.0,MAREESWARAN ,13616,104339022021,104319220151,160HP Z101  ,AUTOMODE,BV141A,22,2,320601,OK,CA1,0,0,1020104313020080004674879488,OK,OK,0.39,0.47,0.5,0.39,0.456,0.5,OK,,00200045104311520066-7261682708C,OK,OK,202.9,145.2,52.6,146.3,-0.0408401,2.32777,52.1675,53.4007,0.204189,2.16442,55.5562,55.9689,56.2401,1.64809,57.6047,0.285866,0,0,0,0,05ACA004,310945,2026-06-26 21:32:47,11014981.0,MAREESWARAN ,13616.0,104339022021,104319220151,160HP Z101  ,AUTOMODE,BV141B,28,2.0,320601.0,OK,,,,00200045104311520066-7261682708C,OK,OK,,OK,OK,310993,2026-06-26 21:34:49,11014981.0,MAREESWARAN ,13616,104339022021,104319220151,,AUTOMODE,BV141D,37,2,320601,OK,CA13,,,0020007910431251065004261475715B,,0,147.0,6.0,-113.55,50.1,134,19.6,-223.2,59.6,-223.2,-113.71,0.224181,0.66297,45.0,40.0,5.0,23.6199,52.0622,52.3906,0,0,0,0,0,0,0,0,0,0,0,3.44,0,20.0,0,386119
5098374,1,0020007910431251065004261476049C,2026-06-29 04:19:09,318215, , ,104319220140,0,0,0,0,57000,110000,0,0,120000,0,0,0,0,0:01,1002,513,0         ,0,"6,23      ",147,0         ,0,"2,92      ",176,0         ,0,0         ,0,0,0,0,0,0         ,0,0         ,0,0         ,0,0         ,0,0         ,0,0         ,0,0,0,0,0,0,0,0,0,0,0,0,0,UCX31_x0001_|_x0007_:, ,0         ,0         ,0         ,13,"3,99      ",94,0         ,14:40     ,3,2026-06-25 09:16:52,11014981.0,MAREESWARAN ,1,104339022020,104319220140,,AUTOMODE_TS1,BV141E2,34,1,,OK,,0,0,0020007910431251065004261476049C,1.15082,1.15409,1.16667,5,5,2.1976,6.62036,5.14731,1,1.2,1.2,1.2,1,1.2,0.5,12,0.5,12,0.5,12,307006,2026-06-25 09:14:42,11014981,MAREESWARAN ,13616,104339022020,104319220140,140HPW501   ,,AUTOMODE,BV141C,24,1,318718,OK,,0,0,9003102010431351065904261691084B,0020007910431251065004261476049C,00200045104311520066-7261722619C,OK,OK,OK,OK,308373,2026-06-25 09:11:34,11014981.0,MAREESWARAN ,13616,104339022020,104319220140,140HPW501   ,AUTOMODE,BV141A,22,1,318718,OK,CA1,0,0,00100312104313000818-32515600441,OK,OK,0.39,0.433,0.5,0.39,0.439,0.5,OK,,00200045104311520066-7261722619C,OK,OK,202.9,145.2,52.6,146.3,0.0104809,2.12358,52.0212,52.9123,0.163353,1.79688,55.2843,55.5926,57.7532,11.6389,57.343,0.245029,0,0,0,0,05ACA002,309084,2026-06-25 09:13:14,11014981.0,MAREESWARAN ,13616.0,104339022020,104319220140,140HPW501   ,AUTOMODE,BV141B,29,1.0,318718.0,OK,,,,00200045104311520066-7261722619C,OK,OK,,OK,OK,309148,2026-06-25 09:15:48,11014981.0,MAREESWARAN ,13616,104339022020,104319220140,,AUTOMODE,BV141D,37,1,318718,OK,CA13,,,0020007910431251065004261476049C,,0,145.2,8.1,-113.55,50.1,134,19.6,-223.35,59.6,-223.35,-113.71,0.240787,1.01778,45.0,40.0495,5.0,25.9797,51.5409,51.6375,0,0,0,0,0,0,0,0,0,0,0,1.7,0,20.0,0,383975
5098381,1,0020007910431251065004261476080C,2026-06-29 04:25:26,318215, , ,104319220140,0,0,0,0,57000,110000,0,0,120000,0,0,0,0,0:01,1002,513,0         ,0,"3,7       ",131,0         ,0,"2,01      ",177,0         ,0,0         ,0,0,0,0,0,0         ,0,0         ,0,0         ,0,0         ,0,0         ,0,0         ,0,0,0,0,0,0,0,0,0,0,0,0,0,UCX31_x0001_|_x0007_:, ,0         ,0         ,0         ,13,"4,38      ",94,0         ,1:53      ,3,2026-06-25 09:15:10,11014981.0,MAREESWARAN ,1,104339022020,104319220140,,AUTOMODE_TS1,BV141E2,34,1,,OK,,0,0,0020007910431251065004261476080C,1.15333,1.16491,1.15723,5,5,2.8012,7.10898,4.08623,1,1.2,1.2,1.2,1,1.2,0.5,12,0.5,12,0.5,12,307004,2026-06-25 09:13:22,11014981,MAREESWARAN ,13616,104339022020,104319220140,140HPW501   ,,AUTOMODE,BV141C,34,1,318716,OK,,0,0,9003102010431351065904261691076B,0020007910431251065004261476080C,00200045104311520066-7261692592C,OK,OK,OK,OK,308371,2026-06-25 09:09:58,11014981.0,MAREESWARAN ,13616,104339022020,104319220140,140HPW501   ,AUTOMODE,BV141A,23,1,318716,OK,CA1,0,0,300050104312999991395364110336,OK,OK,0.39,0.442,0.5,0.39,0.437,0.5,OK,,00200045104311520066-7261692592C,OK,OK,202.9,145.2,52.6,146.3,-0.0408363,1.14347,52.6167,53.0294,0.0816765,1.83772,55.2741,55.6818,57.6334,5.63565,57.3277,0.285866,0,0,0,0,05ACA004,309082,2026-06-25 09:10:38,11014981.0,MAREESWARAN ,13616.0,104339022020,104319220140,140HPW501   ,AUTOMODE,BV141B,31,1.0,318716.0,OK,,,,00200045104311520066-7261692592C,OK,OK,,OK,OK,309146,2026-06-25 09:14:10,11014981.0,MAREESWARAN ,13616,104339022020,104319220140,,AUTOMODE,BV141D,36,1,318716,OK,CA13,,,0020007910431251065004261476080C,,0,146.4,7.3,-113.55,50.1,134,19.6,-223.35,59.6,-223.35,-113.71,0.419825,1.14594,45.0,40.0115,5.0,25.9344,51.7632,51.8969,0,0,0,0,0,0,0,0,0,0,0,2.06,0,20.0,0,383973
5097213,1,0020007910431251065004261476114C,2026-06-28 13:30:43,318215, , ,104319220140,0,0,0,0,57000,110000,0,0,120000,0,0,0,0,0:01,1002,513,0         ,0,"6,99      ",262,0         ,0,"2,73      ",237,0         ,0,0         ,0,0,0,0,0,0         ,0,0         ,0,0         ,0,0         ,0,0         ,0,0         ,0,0,0,0,0,0,0,0,0,0,0,0,0,UCX31_x0001_|_x0007_:, ,0         ,0         ,0         ,13,"4,4       ",94,0         ,0:55      ,3,2026-06-28 09:30:01,11014981.0,MAREESWARAN ,1,104339022020,104319220140,,AUTOMODE_TS1,BV141E,41,1,,OK,,0,0,0020007910431251065004261476114C,1.17788,1.17598,1.17636,5,5,4.7175,4.54,8.04,1,1.2,1.2,1.2,1,1.2,0.5,12,0.5,12,0.5,12,312988,2026-06-28 09:27:53,11014086,BABU        ,13616,104339022020,104319220140,140HPW501   ,,AUTOMODE,BV141C,29,1,322293,OK,,0,0,9003102010431351065904261758674B,0020007910431251065004261476114C,00200045104311520066-7261702119A,OK,OK,OK,OK,314388,2026-06-28 09:25:15,11014086.0,BABU        ,13616,104339022020,104319220140,140HPW501   ,AUTOMODE,BV141A,22,1,322293,OK,CA1,0,0,300050104312999991395364110336,OK,OK,0.39,0.448,0.5,0.39,0.453,0.5,OK,,00200045104311520066-7261702119A,OK,OK,202.9,145.2,52.6,146.3,0.0,1.34766,52.2698,53.401,0.122513,2.12358,55.5591,55.9667,57.6127,2.8995,57.4088,0.408382,0,0,0,0,05ACA001,314152,2026-06-28 09:25:55,11014086.0,BABU        ,13616.0,104339022020,104319220140,140HPW501   ,AUTOMODE,BV141B,26,1.0,322293.0,OK,,,,00200045104311520066-7261702119A,OK,OK,,OK,OK,315194,2026-06-28 09:28:49,11014086.0,BABU        ,13616,104339022020,104319220140,,AUTOMODE,BV141D,36,1,322293,OK,CA13,,,0020007910431251065004261476114C,,0,147.8,7.3,-113.55,50.1,134,19.6,-223.35,59.6,-223.35,-113.71,0.859455,1.46307,44.9115,40.0,5.0,26.1455,51.543,51.7845,0,0,0,0,0,0,0,0,0,0,0,1.67,0,20.0,0,390821
5098363,1,0020007910431251065004261476189C,2026-06-29 04:04:28,318215, , ,104319220140,0,0,0,0,57000,110000,0,0,120000,0,0,0,0,0:01,1002,513,0         ,0,"6,23      ",147,0         ,0,"2,92      ",176,0         ,0,0         ,0,0,0,0,0,0         ,0,0         ,0,0         ,0,0         ,0,0         ,0,0         ,0,0,0,0,0,0,0,0,0,0,0,0,0,UCX31_x0001_|_x0007_:, ,0         ,0         ,0         ,13,"4,57      ",94,0         ,0:37      ,3,2026-06-25 09:07:38,11014981.0,MAREESWARAN ,1,104339022020,104319220140,,AUTOMODE_TS1,BV141E2,34,1,,OK,,0,0,0020007910431251065004261476189C,1.1634,1.16277,1.15447,5,5,1.5988,6.58204,3.8515,1,1.2,1.2,1.2,1,1.2,0.5,12,0.5,12,0.5,12,306998,2026-06-25 09:05:42,11014981,MAREESWARAN ,13616,104339022020,104319220140,140HPW501   ,,AUTOMODE,BV141C,35,1,318708,OK,,0,0,9003102010431351065904261702140A,0020007910431251065004261476189C,00200045104311520066-7261722293A,OK,OK,OK,OK,308364,2026-06-25 09:03:44,11014981.0,MAREESWARAN ,13616,104339022020,104319220140,140HPW501   ,AUTOMODE,BV141A,22,1,318708,OK,CA1,0,0,300050104312999991395364110336,OK,OK,0.39,0.438,0.5,0.39,0.437,0.5,OK,,00200045104311520066-7261722293A,OK,OK,202.9,145.2,52.6,146.3,-0.0408363,4.98225,52.6755,53.4909,0.857601,3.5537,55.44,54.0897,57.5904,3.51207,57.3865,0.612572,0,0,0,0,05ACA010,309075,2026-06-25 09:04:22,11014981.0,MAREESWARAN ,13616.0,104339022020,104319220140,140HPW501   ,AUTOMODE,BV141B,29,1.0,318708.0,OK,,,,00200045104311520066-7261722293A,OK,OK,,OK,OK,309139,2026-06-25 09:06:30,11014981.0,MAREESWARAN ,13616,104339022020,104319220140,,AUTOMODE,BV141D,37,1,318708,OK,CA13,,,0020007910431251065004261476189C,,0,145.1,8.0,-113.55,50.1,134,19.6,-223.35,59.6,-223.35,-113.71,0.325901,1.44551,45.0,40.0,5.0,23.7029,52.2482,52.3828,0,0,0,0,0,0,0,0,0,0,0,1.71,0,20.0,0,383959
5099125,1,0020007910431251065004261484632A,2026-06-29 11:49:35,318215, , ,104319220140,0,0,0,0,57000,110000,0,0,120000,0,0,0,0,0:01,1002,513,0         ,0,0         ,0,0         ,0,0         ,0,0         ,0,0         ,0,0,0,0,0,0         ,0,0         ,0,0         ,0,0         ,0,0         ,0,0         ,0,0,0,0,0,0,0,0,0,0,0,0,0,UCX31_x0001_|_x0007_:, ,0         ,0         ,0         ,13,"3,74      ",94,0         ,1:03      ,3,2026-06-25 05:37:01,11014981.0,MAREESWARAN ,1,104339022020,104319220140,,AUTOMODE_TS1,BV141E2,34,2,,OK,,0,0,0020007910431251065004261484632A,1.1527,1.16138,1.15698,5,5,1.86587,6.41916,3.22874,1,1.2,1.2,1.2,1,1.2,0.5,12,0.5,12,0.5,12,306828,2026-06-25 05:35:05,11014981,MAREESWARAN ,13616,104339022020,104319220140,140HPW501   ,,AUTOMODE,BV141C,30,2,318535,OK,,0,0,9003102010431351065904261713102A,0020007910431251065004261484632A,00200045104311520066-7261722255A,OK,OK,OK,OK,308194,2026-06-25 05:33:43,11014981.0,MAREESWARAN ,13616,104339022020,104319220140,140HPW501   ,AUTOMODE,BV141A,22,2,318535,OK,CA1,0,0,300050104312999991395364110336,OK,OK,0.39,0.412,0.5,0.39,0.395,0.5,OK,,00200045104311520066-7261722255A,OK,OK,202.9,145.2,52.6,146.3,0.0,2.36861,52.0973,53.2285,0.204193,2.24609,55.5802,55.9955,56.2401,1.76299,57.537,0.408382,0,0,0,0,05ACA003,308902,2026-06-25 05:34:25,11014981.0,MAREESWARAN ,13616.0,104339022020,104319220140,140HPW501   ,AUTOMODE,BV141B,28,2.0,318535.0,OK,,,,00200045104311520066-7261722255A,OK,OK,,OK,OK,308969,2026-06-25 05:35:59,11014981.0,MAREESWARAN ,13616,104339022020,104319220140,,AUTOMODE,BV141D,30,2,318535,OK,CA13,,,0020007910431251065004261484632A,,0,146.6,2.8,-113.55,50.1,134,19.6,-223.35,59.6,-223.35,-113.71,0.496169,2.51061,45.0,40.0,5.0,26.1531,51.8902,51.9988,0,0,0,0,0,0,0,0,0,0,0,1.62,0,20.0,0,383789
5099122,1,0020007910431251065004261484748A,2026-06-29 11:48:31,318215, , ,104319220140,0,0,0,0,57000,110000,0,0,120000,0,0,0,0,0:08,1002,513,0         ,0,0         ,0,0         ,0,0         ,0,0         ,0,0         ,0,0,0,0,0,0         ,0,0         ,0,0         ,0,0         ,0,0         ,0,0         ,0,0,0,0,0,0,0,0,0,0,0,0,0,UCX31_x0001_|_x0007_:, ,0         ,0         ,0         ,13,"3,78      ",94,0         ,0:44      ,3,2026-06-25 05:38:27,11014981.0,MAREESWARAN ,1,104339022020,104319220140,,AUTOMODE_TS1,BV141E2,34,2,,OK,,0,0,0020007910431251065004261484748A,1.16767,1.14478,1.15321,5,5,3.17485,3.61677,1.88623,1,1.2,1.2,1.2,1,1.2,0.5,12,0.5,12,0.5,12,306830,2026-06-25 05:36:35,11014981,MAREESWARAN ,13616,104339022020,104319220140,140HPW501   ,,AUTOMODE,BV141C,18,2,318537,OK,,0,0,9003102010431351065904261713104A,0020007910431251065004261484748A,00200045104311520066-7261722326A,OK,OK,OK,OK,308196,2026-06-25 05:35:27,11014981.0,MAREESWARAN ,13616,104339022020,104319220140,140HPW501   ,AUTOMODE,BV141A,22,2,318537,OK,CA1,0,0,300050104312999991395364110336,OK,OK,0.39,0.405,0.5,0.39,0.408,0.5,OK,,00200045104311520066-7261722326A,OK,OK,202.9,145.2,52.6,146.3,0.0,2.5728,52.2445,53.3732,0.204193,2.49112,55.6408,55.9516,56.2401,1.8764,57.5873,0.367542,0,0,0,0,05ACA010,308904,2026-06-25 05:36:05,11014981.0,MAREESWARAN ,13616.0,104339022020,104319220140,140HPW501   ,AUTOMODE,BV141B,28,2.0,318537.0,OK,,,,00200045104311520066-7261722326A,OK,OK,,OK,OK,308971,2026-06-25 05:37:25,11014981.0,MAREESWARAN ,13616,104339022020,104319220140,,AUTOMODE,BV141D,31,2,318537,OK,CA13,,,0020007910431251065004261484748A,,0,145.3,2.9,-113.55,50.1,134,19.6,-223.35,59.6,-223.35,-113.71,0.168675,0.893964,45.0,40.0,5.0,26.3642,51.8665,51.9834,0,0,0,0,0,0,0,0,0,0,0,1.6,0,20.0,0,383791
5098446,1,0020007910431251065004261484972A,2026-06-29 05:48:22,318215, , ,104319220140,0,0,0,0,57000,110000,0,0,120000,0,0,0,0,0:01,1002,513,0         ,0,"3,28      ",232,0         ,0,"3,39      ",136,0         ,0,0         ,0,0,0,0,0,0         ,0,0         ,0,0         ,0,0         ,0,0         ,0,0         ,0,0,0,0,0,0,0,0,0,0,0,0,0,UCX31_x0001_|_x0007_:, ,0         ,0         ,0         ,13,"4,37      ",93,0         ,3:13      ,3,2026-06-25 13:08:38,11014981.0,MAREESWARAN ,1,104339022020,104319220140,,AUTOMODE_TS1,BV141E,41,1,,OK,,0,0,0020007910431251065004261484972A,1.17547,1.17434,1.17345,5,5,4.45,5.0675,7.8875,1,1.2,1.2,1.2,1,1.2,0.5,12,0.5,12,0.5,12,307193,2026-06-25 13:06:16,11014981,MAREESWARAN ,13616,104339022020,104319220140,140HPW501   ,,AUTOMODE,BV141C,22,1,318913,OK,,0,0,9003102010431351065904261690166A,0020007910431251065004261484972A,00200045104311520066-7261742087B,OK,OK,OK,OK,308565,2026-06-25 13:03:10,11014981.0,MAREESWARAN ,13616,104339022020,104319220140,140HPW501   ,AUTOMODE,BV141A,21,1,318913,OK,CA1,0,0,300050104312999991395364110336,OK,OK,0.39,0.448,0.5,0.39,0.438,0.5,OK,,00200045104311520066-7261742087B,OK,OK,202.9,145.2,52.6,146.3,-0.0408401,2.00106,52.7288,53.3505,0.122513,1.96023,55.506,55.9187,56.2401,1.44917,57.6589,0.245029,0,0,0,0,05ACA005,309278,2026-06-25 13:04:00,11014981.0,MAREESWARAN ,13616.0,104339022020,104319220140,140HPW501   ,AUTOMODE,BV141B,28,1.0,318913.0,OK,,,,00200045104311520066-7261742087B,OK,OK,,OK,OK,309341,2026-06-25 13:07:24,11014981.0,MAREESWARAN ,13616,104339022020,104319220140,,AUTOMODE,BV141D,38,1,318913,OK,CA13,,,0020007910431251065004261484972A,,0,145.7,9.5,-113.55,50.1,134,19.6,-223.35,59.6,-223.35,-113.71,0.0527725,0.336634,44.6151,40.0,5.0,23.7632,51.9204,52.4184,0,0,0,0,0,0,0,0,0,0,0,1.62,0,20.0,0,384186
5064998,1,0020007910431251065004261485698C,2026-06-18 13:18:25,306217, , ,104319220140,0,0,0,0,57000,110000,0,0,120000,0,0,0,0,0:01,1002,513,0         ,0,"2,41      ",214,0         ,0,"1,14      ",113,0         ,0,0         ,0,0,0,0,0,0         ,0,0         ,0,0         ,0,0         ,0,0         ,0,0         ,0,0,0,0,0,0,0,0,0,0,0,0,0,UCX31_x0001_|_x0007_:, ,0         ,0         ,0         ,14,"4,91      ",93,0         ,0:38      ,3,2026-06-18 21:31:16,11014981.0,MAREESWARAN ,1,104339022019,104319220139,,AUTOMODE_TS1,BV141E,39,2,,OK,,0,0,0020007910431251065004261485698C,1.18129,1.17472,1.17649,2,2,3.85,3.6,4.745,1,1.2,1.2,1.2,1,1.2,0.5,12,0.5,12,0.5,12,300766,2026-06-18 21:29:20,11014981,MAREESWARAN ,13616,104339022019,104319220139,140HPW501   ,,AUTOMODE,BV141C,18,2,312353,OK,,0,0,6000102010431351066005261395371B,0020007910431251065004261485698C,00200045104311520066-7261612385B,OK,OK,OK,OK,302129,2026-06-18 21:26:54,11014981.0,MAREESWARAN ,13616,104339022019,104319220139,140HPW501   ,AUTOMODE,BV141A,99,2,312353,OK,CA1,0,0,300050104312999991395364110336,OK,OK,0.39,0.424,0.5,0.39,0.419,0.5,OK,,00200045104311520066-7261612385B,OK,OK,202.9,145.2,52.6,146.3,-0.0408363,2.28693,52.0563,53.0754,-0.0408363,1.96023,55.2258,55.6335,57.7813,14.4567,57.2717,0.0,0,0,0,0,05ACA002,302777,2026-06-18 21:27:36,11014981.0,MAREESWARAN ,13616.0,104339022019,104319220139,140HPW501   ,AUTOMODE,BV141B,29,2.0,312353.0,OK,,,,00200045104311520066-7261612385B,OK,OK,,OK,OK,302876,2026-06-18 21:30:02,11014981.0,MAREESWARAN ,13616,104339022019,104319220139,,AUTOMODE,BV141D,32,2,312353,OK,CA13,,,0020007910431251065004261485698C,,0,145.9,5.1,-113.55,49.8,134,19.6,-222.95,59.6,-222.95,-113.71,0.165859,0.859455,44.9049,40.045,5.0,20.5666,52.0997,52.1211,0,0,0,0,0,0,0,0,0,0,0,1.78,0,20.0,0,376786
5098354,1,0020007910431251065004261485784C,2026-06-29 03:52:42,318215, , ,104319220140,0,0,0,0,57000,110000,0,0,120000,0,0,0,0,0:01,1002,513,0         ,0,"9,18      ",98,0         ,0,0         ,0,0         ,0,0         ,0,0,0,0,0,0         ,0,0         ,0,0         ,0,0         ,0,0         ,0,0         ,0,0,0,0,0,0,0,0,0,0,0,0,0,UCX31_x0001_|_x0007_:, ,0         ,0         ,0         ,13,"4,27      ",94,0         ,0:38      ,3,2026-06-25 09:08:50,11014981.0,MAREESWARAN ,1,104339022020,104319220140,,AUTOMODE_TS1,BV141E,41,1,,OK,,0,0,0020007910431251065004261485784C,1.18028,1.17649,1.1775,5,5,4.36,5.5375,8.215,1,1.2,1.2,1.2,1,1.2,0.5,12,0.5,12,0.5,12,306999,2026-06-25 09:06:46,11014981,MAREESWARAN ,13616,104339022020,104319220140,140HPW501   ,,AUTOMODE,BV141C,23,1,318710,OK,,0,0,9003102010431351065904261691368B,0020007910431251065004261485784C,00200045104311520066-7261722037A,OK,OK,OK,OK,308365,2026-06-25 09:05:30,11014981.0,MAREESWARAN ,13616,104339022020,104319220140,140HPW501   ,AUTOMODE,BV141A,26,1,318710,OK,CA1,0,0,300050104312999991395364110336,OK,OK,0.39,0.431,0.5,0.39,0.437,0.5,OK,,00200045104311520066-7261722037A,OK,OK,202.9,145.2,52.6,146.3,-0.0408363,2.00107,52.2855,53.004,0.122517,1.83772,55.2691,55.6793,57.7329,12.4556,57.2207,0.285866,0,0,0,0,05ACA002,309076,2026-06-25 09:06:10,11014981.0,MAREESWARAN ,13616.0,104339022020,104319220140,140HPW501   ,AUTOMODE,BV141B,29,1.0,318710.0,OK,,,,00200045104311520066-7261722037A,OK,OK,,OK,OK,309140,2026-06-25 09:07:34,11014981.0,MAREESWARAN ,13616,104339022020,104319220140,,AUTOMODE,BV141D,37,1,318710,OK,CA13,,,0020007910431251065004261485784C,,0,145.4,8.1,-113.55,50.1,134,19.6,-223.35,59.6,-223.35,-113.71,0.237946,0.88961,45.0,40.0806,5.0,26.1003,51.5315,51.6229,0,0,0,0,0,0,0,0,0,0,0,1.74,0,20.0,0,383960
5098438,1,0020007910431251065004261485859C,2026-06-29 05:39:06,318215, , ,104319220140,0,0,0,0,57000,110000,0,0,120000,0,0,0,0,0:01,1002,513,0         ,0,"1,37      ",102,0         ,0,"1,06      ",238,0         ,0,0         ,0,0,0,0,0,0         ,0,0         ,0,0         ,0,0         ,0,0         ,0,0         ,0,0,0,0,0,0,0,0,0,0,0,0,0,UCX31_x0001_|_x0007_:, ,0         ,0         ,0         ,13,"4,35      ",94,0         ,1:09      ,3,2026-06-25 13:11:18,11014981.0,MAREESWARAN ,1,104339022020,104319220140,,AUTOMODE_TS1,BV141E2,34,1,,OK,,0,0,0020007910431251065004261485859C,1.1556,1.16327,1.15761,5,5,2.57365,6.97725,4.91138,1,1.2,1.2,1.2,1,1.2,0.5,12,0.5,12,0.5,12,307196,2026-06-25 13:07:58,11014981,MAREESWARAN ,13616,104339022020,104319220140,140HPW501   ,,AUTOMODE,BV141C,20,1,318916,OK,,0,0,9003102010431351065904261690165A,0020007910431251065004261485859C,00200045104311520066-7261742221B,OK,OK,OK,OK,308568,2026-06-25 13:06:48,11014981.0,MAREESWARAN ,13616,104339022020,104319220140,140HPW501   ,AUTOMODE,BV141A,21,1,318916,OK,CA1,0,0,300050104312999991395364110336,OK,OK,0.39,0.44,0.5,0.39,0.443,0.5,OK,,00200045104311520066-7261742221B,OK,OK,202.9,145.2,52.6,146.3,0.0,1.10263,52.0375,53.3752,0.0816765,1.87855,55.3294,55.9434,56.2401,1.36217,57.6811,0.204189,0,0,0,0,05ACA004,309281,2026-06-25 13:07:24,11014981.0,MAREESWARAN ,13616.0,104339022020,104319220140,140HPW501   ,AUTOMODE,BV141B,30,1.0,318916.0,OK,,,,00200045104311520066-7261742221B,OK,OK,,OK,OK,309344,2026-06-25 13:10:18,11014981.0,MAREESWARAN ,13616,104339022020,104319220140,,AUTOMODE,BV141D,38,1,318916,OK,CA13,,,0020007910431251065004261485859C,,0,145.1,9.9,-113.55,50.1,134,19.6,-223.35,59.6,-223.35,-113.71,0.0,0.49004,40.0602,40.7617,5.0,25.3087,52.2379,52.3802,0,0,0,0,0,0,0,0,0,0,0,1.66,0,20.0,0,384189
5098346,1,0020007910431251065004261485993C,2026-06-29 03:42:32,318215, , ,104319220140,0,0,0,0,57000,110000,0,0,120000,0,0,0,0,0:01,1002,513,0         ,0,"1,58      ",130,0         ,0,"0,52      ",245,0         ,0,0         ,0,0,0,0,0,0         ,0,0         ,0,0         ,0,0         ,0,0         ,0,0         ,0,0,0,0,0,0,0,0,0,0,0,0,0,UCX31_x0001_|_x0007_:, ,0         ,0         ,0         ,13,"4,25      ",94,0         ,0:37      ,3,2026-06-25 09:16:10,11014981.0,MAREESWARAN ,1,104339022020,104319220140,,AUTOMODE_TS1,BV141E,41,1,,OK,,0,0,0020007910431251065004261485993C,1.17724,1.17611,1.17813,5,5,4.6175,5.9275,6.1125,1,1.2,1.2,1.2,1,1.2,0.5,12,0.5,12,0.5,12,307005,2026-06-25 09:13:56,11014981,MAREESWARAN ,13616,104339022020,104319220140,140HPW501   ,,AUTOMODE,BV141C,22,1,318717,OK,,0,0,9003102010431351065904261691001B,0020007910431251065004261485993C,00200045104311520066-7261722717C,OK,OK,OK,OK,308372,2026-06-25 09:10:40,11014981.0,MAREESWARAN ,13616,104339022020,104319220140,140HPW501   ,AUTOMODE,BV141A,22,1,318717,OK,CA1,0,0,300050104312999991395364110336,OK,OK,0.39,0.43,0.5,0.39,0.441,0.5,OK,,00200045104311520066-7261722717C,OK,OK,202.9,145.2,52.6,146.3,-0.0408363,1.26598,52.5169,53.3373,0.0408401,1.02095,56.0202,56.2266,56.2401,1.0047,57.5617,0.204193,0,0,0,0,05ACA010,309083,2026-06-25 09:11:28,11014981.0,MAREESWARAN ,13616.0,104339022020,104319220140,140HPW501   ,AUTOMODE,BV141B,28,1.0,318717.0,OK,,,,00200045104311520066-7261722717C,OK,OK,,OK,OK,309147,2026-06-25 09:15:00,11014981.0,MAREESWARAN ,13616,104339022020,104319220140,,AUTOMODE,BV141D,36,1,318717,OK,CA13,,,0020007910431251065004261485993C,,0,145.3,7.5,-113.55,50.1,134,19.6,-223.35,59.6,-223.35,-113.71,0.65117,1.86961,45.0,40.0,5.0,26.0777,51.8589,51.9733,0,0,0,0,0,0,0,0,0,0,0,1.82,0,20.0,0,383974
5098375,1,0020007910431251065004261485994C,2026-06-29 04:20:19,318215, , ,104319220140,0,0,0,0,57000,110000,0,0,120000,0,0,0,0,0:01,1002,513,0         ,0,"6,23      ",147,0         ,0,"2,92      ",176,0         ,0,0         ,0,0,0,0,0,0         ,0,0         ,0,0         ,0,0         ,0,0         ,0,0         ,0,0,0,0,0,0,0,0,0,0,0,0,0,UCX31_x0001_|_x0007_:, ,0         ,0         ,0         ,13,"4,1       ",94,0         ,1:10      ,3,2026-06-25 09:17:48,11014981.0,MAREESWARAN ,1,104339022020,104319220140,,AUTOMODE_TS1,BV141E,40,1,,OK,,0,0,0020007910431251065004261485994C,1.17573,1.17661,1.17699,5,5,4.4625,5.01,9.02,1,1.2,1.2,1.2,1,1.2,0.5,12,0.5,12,0.5,12,307007,2026-06-25 09:15:20,11014981,MAREESWARAN ,13616,104339022020,104319220140,140HPW501   ,,AUTOMODE,BV141C,21,1,318719,OK,,0,0,9003102010431351065904261691057B,0020007910431251065004261485994C,00200045104311520066-7261722584C,OK,OK,OK,OK,308374,2026-06-25 09:13:22,11014981.0,MAREESWARAN ,13616,104339022020,104319220140,140HPW501   ,AUTOMODE,BV141A,89,1,318719,OK,CA1,0,0,300050104312999991395364110336,OK,OK,0.39,0.43,0.5,0.39,0.434,0.5,OK,,00200045104311520066-7261722584C,OK,OK,202.9,145.2,52.6,146.3,0.0,1.47017,52.0258,53.0552,0.0816765,1.7152,55.3202,55.7279,57.6795,8.45348,57.2719,0.285866,0,0,0,0,05ACA006,309085,2026-06-25 09:14:06,11014981.0,MAREESWARAN ,13616.0,104339022020,104319220140,140HPW501   ,AUTOMODE,BV141B,28,1.0,318719.0,OK,,,,00200045104311520066-7261722584C,OK,OK,,OK,OK,309149,2026-06-25 09:16:36,11014981.0,MAREESWARAN ,13616,104339022020,104319220140,,AUTOMODE,BV141D,37,1,318719,OK,CA13,,,0020007910431251065004261485994C,,0,145.1,8.3,-113.55,50.1,134,19.6,-223.35,59.6,-223.35,-113.71,0.134593,1.08373,45.0,40.0,5.0,25.2031,51.533,51.5973,0,0,0,0,0,0,0,0,0,0,0,1.83,0,20.0,0,383976
5060635,1,0020007910431251065004261486448A,2026-06-17 11:27:34,304212, , ,104319220140,0,0,0,0,57000,110000,0,0,120000,0,0,0,0,0:01,1002,513,0         ,0,"6,38      ",111,0         ,0,"5,44      ",106,0         ,0,0         ,0,0,0,0,0,0         ,0,0         ,0,0         ,0,0         ,0,0         ,0,0         ,0,0,0,0,0,0,0,0,0,0,0,0,0,UCX31_x0001_|_x0007_:, ,0         ,0         ,0         ,14,"4,2       ",94,0         ,0:32      ,3,2026-06-20 08:55:11,11014981.0,MAREESWARAN ,1,104339022021,104319220151,,AUTOMODE_TS1,BV141E2,38,1,,OK,,0,0,0020007910431251065004261486448A,1.14553,1.15673,1.14541,5,5,2.20599,5.60599,2.95569,1,1.2,1.2,1.2,1,1.2,0.5,12,0.5,12,0.5,12,301924,2026-06-20 08:52:22,11014981,MAREESWARAN ,13616,104339022021,104319220151,160HP Z101  ,,AUTOMODE,BV141C,18,1,313451,OK,,0,0,9003102010431351065904261665935B,0020007910431251065004261486448A,00200045104311520066-7261662388B,OK,OK,OK,OK,303209,2026-06-20 08:50:42,11014981.0,MAREESWARAN ,13616,104339022021,104319220151,160HP Z101  ,AUTOMODE,BV141A,22,1,313451,OK,CA1,0,0,1020104313020080004674879488,OK,OK,0.39,0.442,0.5,0.39,0.441,0.5,OK,,00200045104311520066-7261662388B,OK,OK,202.9,145.2,52.6,146.3,-0.0408363,1.26598,52.2135,53.2403,0.0408401,1.63352,55.5894,55.9996,56.2401,1.27743,57.6404,0.204189,0,0,0,0,05ACA007,303864,2026-06-20 08:51:22,11014981.0,MAREESWARAN ,13616.0,104339022021,104319220151,160HP Z101  ,AUTOMODE,BV141B,28,1.0,313451.0,OK,,,,00200045104311520066-7261662388B,OK,OK,,OK,OK,303964,2026-06-20 08:54:06,11014981.0,MAREESWARAN ,13616,104339022021,104319220151,,AUTOMODE,BV141D,34,1,313451,OK,CA13,,,0020007910431251065004261486448A,,0,145.0,3.5,-113.55,50.1,134,19.6,-223.2,59.6,-223.2,-113.71,-0.00753784,0.135704,40.0426,40.6297,5.0,26.0324,52.0055,52.0602,0,0,0,0,0,0,0,0,0,0,0,3.45,0,20.0,0,377988
5016047,1,0020007910431251065004261496331A,2026-06-04 03:31:52,304212, , ,104319220140,0,0,0,0,57000,110000,0,0,120000,0,0,0,0,0:01,1002,513,0         ,0,"3,4       ",316,0         ,0,"5,07      ",249,0         ,0,0         ,0,0,0,0,0,0         ,0,0         ,0,0         ,0,0         ,0,0         ,0,0         ,0,0,0,0,0,0,0,0,0,0,0,0,0,UCX31_x0001_|_x0007_:, ,0         ,0         ,0         ,14,"4,45      ",94,0         ,0:27      ,3,2026-06-05 00:33:56,11014086.0,BABU        ,1,104339022021,104319220151,,AUTOMODE_TS1,BV141E2,38,2,,OK,,0,0,0020007910431251065004261496331A,1.1473,1.16226,1.14742,5,5,2.34611,7.47784,4.3485,1,1.2,1.2,1.2,1,1.2,0.5,12,0.5,12,0.5,12,284873,2026-06-05 00:31:54,11014086,BABU        ,13616,104339022021,104319220151,160HP Z101  ,,AUTOMODE,BV141C,21,2,297704,OK,,0,0,9003102010431351065904261532581A,0020007910431251065004261496331A,00200045104311520066-7261480489A,OK,OK,OK,OK,286030,2026-06-05 00:30:40,11014086.0,BABU        ,13616,104339022021,104319220151,160HP Z101  ,AUTOMODE,BV141A,22,2,297704,OK,CA1,0,0,1020104313020080004674879488,OK,OK,0.39,0.444,0.5,0.39,0.438,0.5,OK,,00200045104311520066-7261480489A,OK,OK,202.9,145.2,52.6,146.3,0.0,1.1843,52.0919,53.1187,0.0816765,1.47017,55.3786,55.6844,56.2401,0.986015,57.5341,0.204189,0,0,0,0,05ACA005,286557,2026-06-05 00:31:20,11014086.0,BABU        ,13616.0,104339022021,104319220151,160HP Z101  ,AUTOMODE,BV141B,31,2.0,297704.0,OK,,,,00200045104311520066-7261480489A,OK,OK,,OK,OK,286711,2026-06-05 00:32:46,11014086.0,BABU        ,13616,104339022021,104319220151,,AUTOMODE,BV141D,35,2,297704,OK,CA13,,,0020007910431251065004261496331A,,0,145.4,4.2,-113.55,50.1,134,19.6,-223.09,59.6,-216.052,-106.71,0.314129,1.30533,45.0,40.0,5.0,18.908,52.329,52.3322,0,0,0,0,0,0,0,0,0,0,0,3.45,0,20.0,0,354862
5098323,1,0020007910431251065004261496974C,2026-06-29 03:14:25,318215, , ,104319220140,0,0,0,0,57000,110000,0,0,120000,0,0,0,0,0:01,1002,513,0         ,0,"4,21      ",348,0         ,0,"0,52      ",208,0         ,0,0         ,0,0,0,0,0,0         ,0,0         ,0,0         ,0,0         ,0,0         ,0,0         ,0,0,0,0,0,0,0,0,0,0,0,0,0,UCX31_x0001_|_x0007_:, ,0         ,0         ,0         ,13,"4,33      ",94,0         ,0:37      ,3,2026-06-26 13:49:09,11014981.0,MAREESWARAN ,1,104339022020,104319220140,,AUTOMODE_TS1,BV141E,41,1,,OK,,0,0,0020007910431251065004261496974C,1.17674,1.17193,1.17434,5,5,3.4625,3.95,6.4975,1,1.2,1.2,1.2,1,1.2,0.5,12,0.5,12,0.5,12,308433,2026-06-26 13:46:57,11014981,MAREESWARAN ,13616,104339022020,104319220140,140HPW501   ,,AUTOMODE,BV141C,20,1,320216,OK,,0,0,9003102010431351065904261690200A,0020007910431251065004261496974C,00200045104311520066-7261682105A,OK,OK,OK,OK,309829,2026-06-26 13:45:49,11014981.0,MAREESWARAN ,13616,104339022020,104319220140,140HPW501   ,AUTOMODE,BV141A,21,1,320216,OK,CA1,0,0,300050104312999991395364110336,OK,OK,0.39,0.45,0.5,0.39,0.463,0.5,OK,,00200045104311520066-7261682105A,OK,OK,202.9,145.2,52.6,146.3,0.0,2.12358,52.0302,53.3602,0.163353,2.36861,55.5157,55.9259,56.2401,1.95355,57.5667,0.367542,0,0,0,0,05ACA005,310565,2026-06-26 13:46:25,11014981.0,MAREESWARAN ,13616.0,104339022020,104319220140,140HPW501   ,AUTOMODE,BV141B,29,1.0,320216.0,OK,,,,00200045104311520066-7261682105A,OK,OK,,OK,OK,310614,2026-06-26 13:48:05,11014981.0,MAREESWARAN ,13616,104339022020,104319220140,,AUTOMODE,BV141D,35,1,320216,OK,CA14,,,0020007910431251065004261496974C,,0,147.2,6.1,-113.55,50.1,134,19.6,-223.35,59.6,-223.35,-113.71,1.50037,3.16884,45.0,40.0,5.0,25.0976,51.9452,52.0853,0,0,0,0,0,0,0,0,0,0,0,1.63,0,20.0,0,385570
5093726,1,0020007910431251065004261497253C,2026-06-27 11:17:08,318215, , ,104319220140,0,0,0,0,57000,110000,0,0,120000,0,0,0,0,0:01,1002,513,0         ,0,"2,72      ",357,0         ,0,"5,49      ",45,0         ,0,0         ,0,0,0,0,0,0         ,0,0         ,0,0         ,0,0         ,0,0         ,0,0         ,0,0,0,0,0,0,0,0,0,0,0,0,0,UCX31_x0001_|_x0007_:, ,0         ,0         ,0         ,13,"4,9       ",94,0         ,1:32      ,3,2026-06-28 13:04:25,11014981.0,MAREESWARAN ,1,104339022020,104319220140,,AUTOMODE_TS1,BV141E2,34,1,,OK,,0,0,0020007910431251065004261497253C,1.15208,1.16415,1.15094,5,5,2.17006,7.42874,4.38084,1,1.2,1.2,1.2,1,1.2,0.5,12,0.5,12,0.5,12,313149,2026-06-28 13:01:55,11014086,BABU        ,13616,104339022020,104319220140,140HPW501   ,,AUTOMODE,BV141C,22,1,322462,OK,,0,0,9003102010431351065904261771092A,0020007910431251065004261497253C,00200045104311520066-7261761297A,OK,OK,OK,OK,314553,2026-06-28 13:00:23,11014086.0,BABU        ,13616,104339022020,104319220140,140HPW501   ,AUTOMODE,BV141A,22,1,322462,OK,CA1,0,0,300050104312999991395364110336,OK,OK,0.39,0.453,0.5,0.39,0.437,0.5,OK,,00200045104311520066-7261761297A,OK,OK,202.9,145.2,52.6,146.3,0.0,1.63352,52.0331,52.9528,0.122513,2.00106,55.1185,55.6332,57.6919,7.06498,57.2817,0.285866,0,0,0,0,05ACA006,314320,2026-06-28 13:00:57,11014086.0,BABU        ,13616.0,104339022020,104319220140,140HPW501   ,AUTOMODE,BV141B,26,1.0,322462.0,OK,,,,00200045104311520066-7261761297A,OK,OK,,OK,OK,315361,2026-06-28 13:03:23,11014086.0,BABU        ,13616,104339022020,104319220140,,AUTOMODE,BV141D,38,1,322462,OK,CA13,,,0020007910431251065004261497253C,,0,147.3,8.6,-113.55,50.1,134,19.6,-223.35,59.6,-223.35,-113.71,0.838482,1.74146,45.0,40.0,5.0,24.502,51.912,52.0243,0,0,0,0,0,0,0,0,0,0,0,1.75,0,20.0,0,391041
5015899,1,0020007910431251065004261497554B,2026-06-04 02:03:49,306217, , ,104319220140,0,0,0,0,57000,110000,0,0,120000,0,0,0,0,0:01,1002,513,0         ,0,"6,39      ",38,0         ,0,"2,97      ",60,0         ,0,0         ,0,0,0,0,0,0         ,0,0         ,0,0         ,0,0         ,0,0         ,0,0         ,0,0,0,0,0,0,0,0,0,0,0,0,0,UCX31_x0001_|_x0007_:, ,0         ,0         ,0         ,14,"3,55      ",93,0         ,0:38      ,3,2026-06-12 17:55:39,11014981.0,MAREESWARAN ,1,104339022021,104319220151,,AUTOMODE_TS1,BV141E2,38,1,,OK,,0,0,0020007910431251065004261497554B,1.15535,1.15447,1.15635,5,5,2.75689,6.63713,3.60719,1,1.2,1.2,1.2,1,1.2,0.5,12,0.5,12,0.5,12,293561,2026-06-12 17:53:09,11014981,MAREESWARAN ,13616,104339022021,104319220151,160HP Z101  ,,AUTOMODE,BV141C,21,1,305780,OK,,0,0,9003102010431351065904261604456A,0020007910431251065004261497554B,00200045104311520066-7261613102C,OK,OK,OK,OK,294858,2026-06-12 17:51:53,11014981.0,MAREESWARAN ,13616,104339022021,104319220151,160HP Z101  ,AUTOMODE,BV141A,21,1,305780,OK,CA1,0,0,1020104313020080004674879488,OK,OK,0.39,0.432,0.5,0.39,0.417,0.5,OK,,00200045104311520066-7261613102C,OK,OK,202.9,145.2,52.6,146.3,-0.0408401,2.24609,52.033,53.6764,0.163349,2.03513,55.7452,56.2401,56.2599,2.08274,57.5924,0.408379,0,0,0,0,05ACA003,295452,2026-06-12 17:52:35,11014981.0,MAREESWARAN ,13616.0,104339022021,104319220151,160HP Z101  ,AUTOMODE,BV141B,28,1.0,305780.0,OK,,,,00200045104311520066-7261613102C,OK,OK,,OK,OK,295567,2026-06-12 17:54:31,11014981.0,MAREESWARAN ,13616,104339022021,104319220151,,AUTOMODE,BV141D,32,1,305780,OK,CA13,,,0020007910431251065004261497554B,,0,145.1,4.5,-113.55,50.1,134,19.6,-223.2,59.6,-223.2,-113.71,0.176831,0.557892,45.0,40.1822,5.0,26.2586,51.805,51.9431,0,0,0,0,0,0,0,0,0,0,0,3.31,0,21.0,0,366237
5097514,1,0020007910431251065004261498061C,2026-06-28 15:21:51,318215, , ,104319220140,0,0,0,0,57000,110000,0,0,120000,0,0,0,0,0:01,1002,513,0         ,0,"7,6       ",224,0         ,0,"4,93      ",238,0         ,0,0         ,0,0,0,0,0,0         ,0,0         ,0,0         ,0,0         ,0,0         ,0,0         ,0,0,0,0,0,0,0,0,0,0,0,0,0,UCX31_x0001_|_x0007_:, ,0         ,0         ,0         ,13,"3,77      ",94,0         ,5:17      ,3,2026-06-27 09:48:42,11014981.0,MAREESWARAN ,1,104339022020,104319220140,,AUTOMODE_TS1,BV141E,40,1,,OK,,0,0,0020007910431251065004261498061C,1.17762,1.17838,1.17788,5,5,5.5175,6.36,7.4575,1,1.2,1.2,1.2,1,1.2,0.5,12,0.5,12,0.5,12,309382,2026-06-27 09:46:00,11014981,MAREESWARAN ,13616,104339022020,104319220140,140HPW501   ,,AUTOMODE,BV141C,20,1,321188,OK,,0,0,9003102010431351065904261757084A,0020007910431251065004261498061C,00200045104311520066-7261692591C,OK,OK,OK,OK,310771,2026-06-27 09:44:02,11014981.0,MAREESWARAN ,13616,104339022020,104319220140,140HPW501   ,AUTOMODE,BV141A,22,1,321188,OK,CA1,0,0,300050104312999991395364110336,OK,OK,0.39,0.472,0.5,0.39,0.46,0.5,OK,,00200045104311520066-7261692591C,OK,OK,202.9,145.2,52.6,146.3,-0.0408363,1.30682,52.1215,53.1432,0.0816765,1.83771,55.1943,55.7115,57.7676,10.4137,57.3599,0.326706,0,0,0,0,05ACA002,311522,2026-06-27 09:44:46,11014981.0,MAREESWARAN ,13616.0,104339022020,104319220140,140HPW501   ,AUTOMODE,BV141B,30,1.0,321188.0,OK,,,,00200045104311520066-7261692591C,OK,OK,,OK,OK,311566,2026-06-27 09:47:36,11014981.0,MAREESWARAN ,13616,104339022020,104319220140,,AUTOMODE,BV141D,37,1,321188,OK,CA13,,,0020007910431251065004261498061C,,0,147.2,9.3,-113.55,50.1,134,19.6,-223.35,59.6,-223.35,-113.71,0.662608,2.86949,45.0,40.0,5.0,24.6679,51.9016,52.0325,0,0,0,0,0,0,0,0,0,0,0,1.69,0,20.0,0,386815
5098303,1,0020007910431251065004261507885A,2026-06-29 02:45:18,318215, , ,104319220140,0,0,0,0,57000,110000,0,0,120000,0,0,0,0,0:01,1002,513,0         ,0,"20,31     ",201,0         ,0,0         ,0,0         ,0,0         ,0,0,0,0,0,0         ,0,0         ,0,0         ,0,0         ,0,0         ,0,0         ,0,0,0,0,0,0,0,0,0,0,0,0,0,UCX31_x0001_|_x0007_:, ,0         ,0         ,0         ,13,"4,28      ",94,0         ,5:37      ,3,2026-06-26 13:42:47,11014981.0,MAREESWARAN ,1,104339022020,104319220140,,AUTOMODE_TS1,BV141E,41,1,,OK,,0,0,0020007910431251065004261507885A,1.17307,1.17358,1.17269,5,5,5.1575,5.79,6.78,1,1.2,1.2,1.2,1,1.2,0.5,12,0.5,12,0.5,12,308426,2026-06-26 13:39:57,11014981,MAREESWARAN ,13616,104339022020,104319220140,140HPW501   ,,AUTOMODE,BV141C,19,1,320209,OK,,0,0,9003102010431351065904261690277A,0020007910431251065004261507885A,00200045104311520066-7261682303B,OK,OK,OK,OK,309822,2026-06-26 13:37:15,11014981.0,MAREESWARAN ,13616,104339022020,104319220140,140HPW501   ,AUTOMODE,BV141A,26,1,320209,OK,CA1,0,0,300050104312999991395364110336,OK,OK,0.39,0.457,0.5,0.39,0.433,0.5,OK,,00200045104311520066-7261682303B,OK,OK,202.9,145.2,52.6,146.3,-0.0408363,2.12358,52.2135,53.2428,0.163353,2.0419,55.5104,55.9206,57.6735,2.73615,57.4697,0.326706,0,0,0,0,05ACA001,310558,2026-06-26 13:38:01,11014981.0,MAREESWARAN ,13616.0,104339022020,104319220140,140HPW501   ,AUTOMODE,BV141B,28,1.0,320209.0,OK,,,,00200045104311520066-7261682303B,OK,OK,,OK,OK,310607,2026-06-26 13:41:43,11014981.0,MAREESWARAN ,13616,104339022020,104319220140,,AUTOMODE,BV141D,35,1,320209,OK,CA14,,,0020007910431251065004261507885A,,0,147.1,6.1,-113.55,50.1,134,19.6,-223.35,59.6,-223.35,-113.71,1.18231,3.07887,45.0,40.0,5.0,25.3012,51.7757,51.8389,0,0,0,0,0,0,0,0,0,0,0,1.64,0,20.0,0,385563
5097235,1,0020007910431251065004261508140B,2026-06-28 13:37:49,318215, , ,104319220140,0,0,0,0,57000,110000,0,0,120000,0,0,0,0,0:01,1002,513,0         ,0,"4,5       ",149,0         ,0,"2,61      ",182,0         ,0,0         ,0,0,0,0,0,0         ,0,0         ,0,0         ,0,0         ,0,0         ,0,0         ,0,0,0,0,0,0,0,0,0,0,0,0,0,UCX31_x0001_|_x0007_:, ,0         ,0         ,0         ,13,"4,42      ",94,0         ,0:37      ,3,2026-06-28 09:36:39,11014981.0,MAREESWARAN ,1,104339022020,104319220140,,AUTOMODE_TS1,BV141E2,34,1,,OK,,0,0,0020007910431251065004261508140B,1.1605,1.14541,1.14805,5,5,3.40479,8.36048,7.36287,1,1.2,1.2,1.2,1,1.2,0.5,12,0.5,12,0.5,12,312995,2026-06-28 09:33:49,11014086,BABU        ,13616,104339022020,104319220140,140HPW501   ,,AUTOMODE,BV141C,28,1,322300,OK,,0,0,9003102010431351065904261758398B,0020007910431251065004261508140B,00200045104311520066-7261712261B,OK,OK,OK,OK,314395,2026-06-28 09:31:01,11014086.0,BABU        ,13616,104339022020,104319220140,140HPW501   ,AUTOMODE,BV141A,23,1,322300,OK,CA1,0,0,300050104312999991395364110336,OK,OK,0.39,0.447,0.5,0.39,0.45,0.5,OK,,00200045104311520066-7261712261B,OK,OK,202.9,145.2,52.6,146.3,0.0,1.30682,52.0766,53.2028,0.0816765,1.87855,55.4704,55.7761,57.6157,3.02202,57.4118,0.326706,0,0,0,0,05ACA001,314159,2026-06-28 09:31:41,11014086.0,BABU        ,13616.0,104339022020,104319220140,140HPW501   ,AUTOMODE,BV141B,26,1.0,322300.0,OK,,,,00200045104311520066-7261712261B,OK,OK,,OK,OK,315201,2026-06-28 09:35:35,11014086.0,BABU        ,13616,104339022020,104319220140,,AUTOMODE,BV141D,37,1,322300,OK,CA13,,,0020007910431251065004261508140B,,0,147.0,8.0,-113.55,50.1,134,19.6,-223.35,59.6,-223.35,-113.71,1.36148,2.22788,45.0,40.0,5.0,26.4999,51.4056,51.6756,0,0,0,0,0,0,0,0,0,0,0,1.66,0,20.0,0,390828
5093396,1,0020007910431251065004261508191B,2026-06-27 08:46:37,314116, , ,104319220140,0,0,0,0,57000,110000,0,0,120000,0,0,0,0,0:07,1002,513,0         ,0,0         ,0,0         ,0,0         ,0,0         ,0,0         ,0,0,0,0,0,0         ,0,0         ,0,0         ,0,0         ,0,0         ,0,0         ,0,0,0,0,0,0,0,0,0,0,0,0,0,UCX31_x0001_|_x0007_:, ,0         ,0         ,0         ,3,"4,67      ",93,0         ,1:49      ,3,2026-06-28 11:29:56,11014981.0,MAREESWARAN ,1,104339022020,104319220140,,AUTOMODE_TS1,BV141E2,34,1,,OK,,0,0,0020007910431251065004261508191B,1.15333,1.15723,1.1517,5,5,2.76287,7.67784,4.89102,1,1.2,1.2,1.2,1,1.2,0.5,12,0.5,12,0.5,12,313085,2026-06-28 11:27:16,11014086,BABU        ,13616,104339022020,104319220140,140HPW501   ,,AUTOMODE,BV141C,30,1,322398,OK,,0,0,9003102010431351065904261758840B,0020007910431251065004261508191B,00200045104311520066-7261761374B,OK,OK,OK,OK,314489,2026-06-28 11:25:14,11014086.0,BABU        ,13616,104339022020,104319220140,140HPW501   ,AUTOMODE,BV141A,21,1,322398,OK,CA1,0,0,300050104312999991395364110336,OK,OK,0.39,0.454,0.5,0.39,0.469,0.5,OK,,00200045104311520066-7261761374B,OK,OK,202.9,145.2,52.6,146.3,0.0,1.51101,52.0274,53.574,0.163349,2.22813,55.6301,56.2401,56.2467,2.24609,57.6862,0.408379,0,0,0,0,05ACA010,314256,2026-06-28 11:25:48,11014086.0,BABU        ,13616.0,104339022020,104319220140,140HPW501   ,AUTOMODE,BV141B,26,1.0,322398.0,OK,,,,00200045104311520066-7261761374B,OK,OK,,OK,OK,315297,2026-06-28 11:28:52,11014086.0,BABU        ,13616,104339022020,104319220140,,AUTOMODE,BV141D,37,1,322398,OK,CA13,,,0020007910431251065004261508191B,,0,148.1,8.5,-113.55,50.1,134,19.6,-223.35,59.6,-223.35,-113.71,0.123949,0.804238,45.0,40.0,5.0,25.6253,51.881,52.3754,0,0,0,0,0,0,0,0,0,0,0,1.91,0,20.0,0,390977
5104066,1,0020007910431251065004261508501B,2026-06-30 21:18:31,318215, , ,104319220151,0,0,0,0,57000,110000,0,0,120000,0,0,0,0,0:01,1002,513,0         ,0,"1,67      ",16,0         ,0,"0,78      ",60,0         ,0,0         ,0,0,0,0,0,0         ,0,0         ,0,0         ,0,0         ,0,0         ,0,0         ,0,0,0,0,0,0,0,0,0,0,0,0,0,UCX31_x0001_|_x0007_:, ,0         ,0         ,0         ,13,"4,06      ",93,0         ,0:37      ,3,2026-06-27 03:29:12,11014981.0,MAREESWARAN ,1,104339022021,104319220151,,AUTOMODE_TS1,BV141E,44,2,,OK,,0,0,0020007910431251065004261508501B,1.17724,1.17686,1.17585,5,5,4.8175,5.105,7.15,1,1.2,1.2,1.2,1,1.2,0.5,12,0.5,12,0.5,12,309142,2026-06-27 03:26:46,11014981,MAREESWARAN ,13616,104339022021,104319220151,160HP Z101  ,,AUTOMODE,BV141C,32,2,320927,OK,,0,0,9003102010431351065904261746012B,0020007910431251065004261508501B,00200045104311520066-7261660664B,OK,OK,OK,OK,310520,2026-06-27 03:25:12,11014981.0,MAREESWARAN ,13616,104339022021,104319220151,160HP Z101  ,AUTOMODE,BV141A,21,2,320927,OK,CA1,0,0,1020104313020080004674879488,OK,OK,0.39,0.466,0.5,0.39,0.465,0.5,OK,,00200045104311520066-7261660664B,OK,OK,202.9,145.2,52.6,146.3,-0.0408401,1.87855,52.0354,53.0596,0.0816727,1.67436,55.424,55.7298,57.4802,2.5728,57.3782,0.245026,0,0,0,0,05ACA002,311265,2026-06-27 03:25:52,11014981.0,MAREESWARAN ,13616.0,104339022021,104319220151,160HP Z101  ,AUTOMODE,BV141B,29,2.0,320927.0,OK,,,,00200045104311520066-7261660664B,OK,OK,,OK,OK,311311,2026-06-27 03:28:00,11014981.0,MAREESWARAN ,13616,104339022021,104319220151,,AUTOMODE,BV141D,36,2,320927,OK,CA13,,,0020007910431251065004261508501B,,0,147.7,6.4,-113.55,50.1,134,19.6,-223.2,59.6,-223.2,-113.71,0.497692,1.67161,45.0,40.0,5.0,26.2058,51.5526,51.6304,0,0,0,0,0,0,0,0,0,0,0,3.48,0,20.0,0,386478
5099556,1,0020007910431251065004261531834C,2026-06-29 14:43:24,318215, , ,104319220140,0,0,0,0,57000,110000,0,0,120000,0,0,0,0,0:01,1002,513,0         ,0,"3,29      ",307,0         ,0,"1,44      ",325,0         ,0,0         ,0,0,0,0,0,0         ,0,0         ,0,0         ,0,0         ,0,0         ,0,0         ,0,0,0,0,0,0,0,0,0,0,0,0,0,UCX31_x0001_|_x0007_:, ,0         ,0         ,0         ,13,"4,87      ",94,0         ,0:37      ,3,2026-06-29 09:07:22,11014086.0,BABU        ,1,104339022020,104319220140,,AUTOMODE_TS1,BV141E2,34,1,,OK,,0,0,0020007910431251065004261531834C,1.15887,1.15698,1.15497,5,5,3.02275,8.01437,4.49222,1,1.2,1.2,1.2,1,1.2,0.5,12,0.5,12,0.5,12,313486,2026-06-29 09:04:52,11014086,BABU        ,13616,104339022020,104319220140,140HPW501   ,,AUTOMODE,BV141C,25,1,322819,OK,,0,0,9003102010431351065904261758305B,0020007910431251065004261531834C,00200045104311520066-7261750599A,OK,OK,OK,OK,314899,2026-06-29 09:03:08,11014086.0,BABU        ,13616,104339022020,104319220140,140HPW501   ,AUTOMODE,BV141A,22,1,322819,OK,CA1,0,0,300050104312999991395364110336,OK,OK,0.39,0.423,0.5,0.39,0.444,0.5,OK,,00200045104311520066-7261750599A,OK,OK,202.9,145.2,52.6,146.3,0.0,1.10263,52.0815,53.1109,0.122517,2.45029,55.1619,55.6766,57.7302,3.30788,57.3225,0.367542,0,0,0,0,05ACA001,314672,2026-06-29 09:03:46,11014086.0,BABU        ,13616.0,104339022020,104319220140,140HPW501   ,AUTOMODE,BV141B,25,1.0,322819.0,OK,,,,00200045104311520066-7261750599A,OK,OK,,OK,OK,315711,2026-06-29 09:06:22,11014086.0,BABU        ,13616,104339022020,104319220140,,AUTOMODE,BV141D,37,1,322819,OK,CA13,,,0020007910431251065004261531834C,,0,147.1,10.5,-113.55,50.1,134,19.6,-223.35,59.6,-223.35,-113.71,0.91071,2.00123,45.0,40.0,5.0,25.9571,51.6119,51.725,0,0,0,0,0,0,0,0,0,0,0,1.62,0,20.0,0,391460
5104650,1,0020007910431251065004261532096C,2026-07-01 00:35:11,318215, , ,104319220151,0,0,0,0,57000,110000,0,0,120000,0,0,0,0,0:01,1002,513,0         ,0,"1,74      ",70,0         ,0,"1,59      ",189,0         ,0,0         ,0,0,0,0,0,0         ,0,0         ,0,0         ,0,0         ,0,0         ,0,0         ,0,0,0,0,0,0,0,0,0,0,0,0,0,UCX31_x0001_|_x0007_:, ,0         ,0         ,0         ,13,"4,49      ",94,0         ,0:37      ,3,2026-06-29 13:26:02,11014086.0,BABU        ,1,104339022021,104319220151,,AUTOMODE_TS1,BV141E2,38,1,,OK,,0,0,0020007910431251065004261532096C,1.1473,1.16805,1.14969,5,5,2.60719,7.52934,4.19641,1,1.2,1.2,1.2,1,1.2,0.5,12,0.5,12,0.5,12,313704,2026-06-29 13:22:54,11014086,BABU        ,13616,104339022021,104319220151,160HP Z101  ,,AUTOMODE,BV141C,19,1,323050,OK,,0,0,9003102010431351065904261760208B,0020007910431251065004261532096C,00200045104311520066-7261722299A,OK,OK,OK,OK,315122,2026-06-29 13:21:12,11014086.0,BABU        ,13616,104339022021,104319220151,160HP Z101  ,AUTOMODE,BV141A,23,1,323050,OK,CA1,0,0,1020104313020080004674879488,OK,OK,0.39,0.44,0.5,0.39,0.446,0.5,OK,,00200045104311520066-7261722299A,OK,OK,202.9,145.2,52.6,146.3,-0.0408401,1.83771,52.1117,53.0289,0.0816765,2.08274,55.3882,55.694,57.7501,12.3331,57.4418,0.285866,0,0,0,0,05ACA002,314899,2026-06-29 13:21:52,11014086.0,BABU        ,13616.0,104339022021,104319220151,160HP Z101  ,AUTOMODE,BV141B,26,1.0,323050.0,OK,,,,00200045104311520066-7261722299A,OK,OK,,OK,OK,315937,2026-06-29 13:24:56,11014086.0,BABU        ,13616,104339022021,104319220151,,AUTOMODE,BV141D,37,1,323050,OK,CA13,,,0020007910431251065004261532096C,,0,147.7,11.0,-113.55,50.1,134,19.6,-223.2,59.6,-223.2,-113.71,0.829355,1.86969,45.0,40.043,5.0,26.3039,51.8518,52.2918,0,0,0,0,0,0,0,0,0,0,0,3.34,0,20.0,0,391709
5099348,1,0020007910431251065004261532207C,2026-06-29 13:29:11,318215, , ,104319220140,0,0,0,0,57000,110000,0,0,120000,0,0,0,0,0:01,1002,513,0         ,0,"1,46      ",180,0         ,0,"1,11      ",193,0         ,0,0         ,0,0,0,0,0,0         ,0,0         ,0,0         ,0,0         ,0,0         ,0,0         ,0,0,0,0,0,0,0,0,0,0,0,0,0,UCX31_x0001_|_x0007_:, ,0         ,0         ,0         ,13,"3,75      ",94,0         ,2:42      ,3,2026-06-29 08:47:36,11014086.0,BABU        ,1,104339022020,104319220140,,AUTOMODE_TS1,BV141E2,34,1,,OK,,0,0,0020007910431251065004261532207C,1.15358,1.15836,1.17019,5,5,2.02275,8.67665,4.81916,1,1.2,1.2,1.2,1,1.2,0.5,12,0.5,12,0.5,12,313462,2026-06-29 08:44:48,11014086,BABU        ,13616,104339022020,104319220140,140HPW501   ,,AUTOMODE,BV141C,17,1,322794,OK,,0,0,9003102010431351065904261760126B,0020007910431251065004261532207C,00200045104311520066-7261752111A,OK,OK,OK,OK,314875,2026-06-29 08:43:12,11014086.0,BABU        ,13616,104339022020,104319220140,140HPW501   ,AUTOMODE,BV141A,21,1,322794,OK,CA1,0,0,300050104312999991395364110336,OK,OK,0.39,0.422,0.5,0.39,0.427,0.5,OK,,00200045104311520066-7261752111A,OK,OK,202.9,145.2,52.6,146.3,0.0,1.47017,52.3514,53.2737,0.122513,2.20525,55.3273,55.7401,57.5873,3.06285,57.2815,0.367542,0,0,0,0,05ACA004,314647,2026-06-29 08:43:46,11014086.0,BABU        ,13616.0,104339022020,104319220140,140HPW501   ,AUTOMODE,BV141B,27,1.0,322794.0,OK,,,,00200045104311520066-7261752111A,OK,OK,,OK,OK,315687,2026-06-29 08:46:34,11014086.0,BABU        ,13616,104339022020,104319220140,,AUTOMODE,BV141D,37,1,322794,OK,CA13,,,0020007910431251065004261532207C,,0,148.1,10.3,-113.55,50.1,134,19.6,-223.35,59.6,-223.35,-113.71,0.192487,0.833239,45.0,40.0,5.0,24.306,51.8314,52.3251,0,0,0,0,0,0,0,0,0,0,0,1.79,0,20.0,0,391436
5104613,1,0020007910431251065004261533798A,2026-07-01 00:24:31,318215, , ,104319220151,0,0,0,0,57000,110000,0,0,120000,0,0,0,0,0:01,1002,513,0         ,0,"2,62      ",307,0         ,0,"1,33      ",221,0         ,0,0         ,0,0,0,0,0,0         ,0,0         ,0,0         ,0,0         ,0,0         ,0,0         ,0,0,0,0,0,0,0,0,0,0,0,0,0,UCX31_x0001_|_x0007_:, ,0         ,0         ,0         ,13,"4,57      ",94,0         ,0:37      ,3,2026-06-29 13:23:32,11014086.0,BABU        ,1,104339022021,104319220151,,AUTOMODE_TS1,BV141E,44,1,,OK,,0,0,0020007910431251065004261533798A,1.16991,1.17446,1.1737,5,5,6.5975,9.6225,7.76,1,1.2,1.2,1.2,1,1.2,0.5,12,0.5,12,0.5,12,313701,2026-06-29 13:20:30,11014086,BABU        ,13616,104339022021,104319220151,160HP Z101  ,,AUTOMODE,BV141C,17,1,323047,OK,,0,0,9003102010431351065904261769691A,0020007910431251065004261533798A,00200045104311520066-7261672534B,OK,OK,OK,OK,315119,2026-06-29 13:18:30,11014086.0,BABU        ,13616,104339022021,104319220151,160HP Z101  ,AUTOMODE,BV141A,22,1,323047,OK,CA1,0,0,1020104313020080004674879488,OK,OK,0.39,0.443,0.5,0.39,0.445,0.5,OK,,00200045104311520066-7261672534B,OK,OK,202.9,145.2,52.6,146.3,-0.0408401,0.980114,52.1168,53.1462,0.0816765,1.51101,55.0953,55.7119,57.6635,6.41157,57.3552,0.245026,0,0,0,0,05ACA006,314896,2026-06-29 13:19:04,11014086.0,BABU        ,13616.0,104339022021,104319220151,160HP Z101  ,AUTOMODE,BV141B,26,1.0,323047.0,OK,,,,00200045104311520066-7261672534B,OK,OK,,OK,OK,315934,2026-06-29 13:22:24,11014086.0,BABU        ,13616,104339022021,104319220151,,AUTOMODE,BV141D,42,1,323047,OK,CA13,,,0020007910431251065004261533798A,,0,147.3,10.9,-113.55,50.1,134,19.6,-223.2,59.6,-223.2,-113.71,0.178253,0.926045,45.0,40.0,5.0,25.3464,51.5392,51.6409,0,0,0,0,0,0,0,0,0,0,0,3.33,0,20.0,0,391706
5097829,1,0020007910431251065004261542403A,2026-06-28 18:04:27,318215, , ,104319220140,0,0,0,0,57000,110000,0,0,120000,0,0,0,0,0:08,1002,513,0         ,0,0         ,0,0         ,0,0         ,0,0         ,0,0         ,0,0,0,0,0,0         ,0,0         ,0,0         ,0,0         ,0,0         ,0,0         ,0,0,0,0,0,0,0,0,0,0,0,0,0,UCX31_x0001_|_x0007_:, ,0         ,0         ,0         ,13,"3,97      ",94,0         ,0:44      ,3,2026-06-28 17:01:29,11014981.0,MAREESWARAN ,1,104339022020,104319220140,,AUTOMODE_TS1,BV141E,41,1,,OK,,0,0,0020007910431251065004261542403A,1.17547,1.1775,1.17535,5,5,4.0575,4.555,6.92,1,1.2,1.2,1.2,1,1.2,0.5,12,0.5,12,0.5,12,313330,2026-06-28 16:58:09,11014086,BABU        ,13616,104339022020,104319220140,140HPW501   ,,AUTOMODE,BV141C,20,1,322653,OK,,0,0,9003102010431351065904261760310B,0020007910431251065004261542403A,00200045104311520066-7261702363C,OK,OK,OK,OK,314739,2026-06-28 16:56:01,11014086.0,BABU        ,13616,104339022020,104319220140,140HPW501   ,AUTOMODE,BV141A,23,1,322653,OK,CA1,0,0,300050104312999991395364110336,OK,OK,0.39,0.419,0.5,0.39,0.408,0.5,OK,,00200045104311520066-7261702363C,OK,OK,202.9,145.2,52.6,146.3,0.0,1.59269,52.3127,53.235,0.122517,2.5728,55.3905,55.6988,57.5537,2.8995,57.2479,0.490059,0,0,0,0,05ACA001,314511,2026-06-28 16:56:39,11014086.0,BABU        ,13616.0,104339022020,104319220140,140HPW501   ,AUTOMODE,BV141B,27,1.0,322653.0,OK,,,,00200045104311520066-7261702363C,OK,OK,,OK,OK,315551,2026-06-28 17:00:23,11014086.0,BABU        ,13616,104339022020,104319220140,,AUTOMODE,BV141D,37,1,322653,OK,CA13,,,0020007910431251065004261542403A,,0,147.0,8.0,-113.55,50.1,134,19.6,-223.35,59.6,-223.35,-113.71,0.380223,0.912228,45.0,40.7388,5.0,24.9845,51.6969,51.8057,0,0,0,0,0,0,0,0,0,0,0,1.51,0,20.0,0,391276
5097743,1,0020007910431251065004261542552A,2026-06-28 16:43:18,318215, , ,104319220140,0,0,0,0,57000,110000,0,0,120000,0,0,0,0,0:01,1002,513,0         ,0,"5,3       ",95,0         ,0,"1,16      ",121,0         ,0,0         ,0,0,0,0,0,0         ,0,0         ,0,0         ,0,0         ,0,0         ,0,0         ,0,0,0,0,0,0,0,0,0,0,0,0,0,UCX31_x0001_|_x0007_:, ,0         ,0         ,0         ,13,"3,61      ",94,0         ,0:37      ,3,2026-06-28 11:55:38,11014981.0,MAREESWARAN ,1,104339022020,104319220140,,AUTOMODE_TS1,BV141E2,34,1,,OK,,0,0,0020007910431251065004261542552A,1.15887,1.14943,1.15459,5,5,3.58084,8.04431,5.83832,1,1.2,1.2,1.2,1,1.2,0.5,12,0.5,12,0.5,12,313116,2026-06-28 11:53:02,11014086,BABU        ,13616,104339022020,104319220140,140HPW501   ,,AUTOMODE,BV141C,35,1,322429,OK,,0,0,9003102010431351065904261768858A,0020007910431251065004261542552A,00200045104311520066-7261682961C,OK,OK,OK,OK,314520,2026-06-28 11:50:40,11014086.0,BABU        ,13616,104339022020,104319220140,140HPW501   ,AUTOMODE,BV141A,22,1,322429,OK,CA1,0,0,300050104312999991395364110336,OK,OK,0.39,0.461,0.5,0.39,0.483,0.5,OK,,00200045104311520066-7261682961C,OK,OK,202.9,145.2,52.6,146.3,0.0,1.02095,52.0813,53.6253,0.0816765,1.34821,55.9846,56.2401,56.2904,1.38849,57.7299,0.285866,0,0,0,0,05ACA003,314287,2026-06-28 11:51:16,11014086.0,BABU        ,13616.0,104339022020,104319220140,140HPW501   ,AUTOMODE,BV141B,26,1.0,322429.0,OK,,,,00200045104311520066-7261682961C,OK,OK,,OK,OK,315328,2026-06-28 11:54:38,11014086.0,BABU        ,13616,104339022020,104319220140,,AUTOMODE,BV141D,37,1,322429,OK,CA13,,,0020007910431251065004261542552A,,0,147.1,8.6,-113.55,50.1,134,19.6,-223.35,59.6,-223.35,-113.71,0.0603142,0.271408,44.648,40.8251,5.0,24.977,51.9597,52.0293,0,0,0,0,0,0,0,0,0,0,0,1.52,0,20.0,0,391008
5097750,1,0020007910431251065004261542553A,2026-06-28 16:46:42,318215, , ,104319220140,0,0,0,0,57000,110000,0,0,120000,0,0,0,0,0:01,1002,513,0         ,0,"5,5       ",169,0         ,0,"2,34      ",176,0         ,0,0         ,0,0,0,0,0,0         ,0,0         ,0,0         ,0,0         ,0,0         ,0,0         ,0,0,0,0,0,0,0,0,0,0,0,0,0,UCX31_x0001_|_x0007_:, ,0         ,0         ,0         ,13,"4,98      ",93,0         ,0:37      ,3,2026-06-28 11:53:22,11014981.0,MAREESWARAN ,1,104339022020,104319220140,,AUTOMODE_TS1,BV141E,40,1,,OK,,0,0,0020007910431251065004261542553A,1.17383,1.17396,1.17547,5,5,4.2,4.195,7.875,1,1.2,1.2,1.2,1,1.2,0.5,12,0.5,12,0.5,12,313113,2026-06-28 11:50:36,11014086,BABU        ,13616,104339022020,104319220140,140HPW501   ,,AUTOMODE,BV141C,30,1,322426,OK,,0,0,9003102010431351065904261758165B,0020007910431251065004261542553A,00200045104311520066-7261752004A,OK,OK,OK,OK,314517,2026-06-28 11:48:38,11014086.0,BABU        ,13616,104339022020,104319220140,140HPW501   ,AUTOMODE,BV141A,21,1,322426,OK,CA1,0,0,300050104312999991395364110336,OK,OK,0.39,0.465,0.5,0.39,0.458,0.5,OK,,00200045104311520066-7261752004A,OK,OK,202.9,145.2,52.6,146.3,-0.0408363,1.75604,52.1072,53.4499,0.122513,2.12358,55.6105,56.1226,56.2401,1.88193,57.6564,0.326706,0,0,0,0,05ACA010,314284,2026-06-28 11:49:12,11014086.0,BABU        ,13616.0,104339022020,104319220140,140HPW501   ,AUTOMODE,BV141B,26,1.0,322426.0,OK,,,,00200045104311520066-7261752004A,OK,OK,,OK,OK,315325,2026-06-28 11:52:10,11014086.0,BABU        ,13616,104339022020,104319220140,,AUTOMODE,BV141D,37,1,322426,OK,CA13,,,0020007910431251065004261542553A,,0,147.3,8.5,-113.55,50.1,134,19.6,-223.35,59.6,-223.35,-113.71,0.345589,1.28165,45.0,40.0981,5.0,24.5699,52.3875,52.4613,0,0,0,0,0,0,0,0,0,0,0,1.69,0,20.0,0,391005
5097719,1,0020007910431251065004261542611A,2026-06-28 16:31:25,318215, , ,104319220140,0,0,0,0,57000,110000,0,0,120000,0,0,0,0,0:01,1002,513,0         ,0,"4,62      ",247,0         ,0,"1,53      ",214,0         ,0,0         ,0,0,0,0,0,0         ,0,0         ,0,0         ,0,0         ,0,0         ,0,0         ,0,0,0,0,0,0,0,0,0,0,0,0,0,UCX31_x0001_|_x0007_:, ,0         ,0         ,0         ,13,"4,24      ",94,0         ,0:37      ,3,2026-06-28 11:54:00,11014981.0,MAREESWARAN ,1,104339022020,104319220140,,AUTOMODE_TS1,BV141E2,34,1,,OK,,0,0,0020007910431251065004261542611A,1.15799,1.15396,1.16755,5,5,2.62515,8.05629,5.6012,1,1.2,1.2,1.2,1,1.2,0.5,12,0.5,12,0.5,12,313114,2026-06-28 11:51:12,11014086,BABU        ,13616,104339022020,104319220140,140HPW501   ,,AUTOMODE,BV141C,21,1,322427,OK,,0,0,9003102010431351065904261758346B,0020007910431251065004261542611A,00200045104311520066-7261752173A,OK,OK,OK,OK,314518,2026-06-28 11:49:18,11014086.0,BABU        ,13616,104339022020,104319220140,140HPW501   ,AUTOMODE,BV141A,22,1,322427,OK,CA1,0,0,300050104312999991395364110336,OK,OK,0.39,0.462,0.5,0.39,0.441,0.5,OK,,00200045104311520066-7261752173A,OK,OK,202.9,145.2,52.6,146.3,0.0,1.26598,52.0941,52.9145,0.0816765,1.83771,55.1719,55.5847,57.7402,11.598,57.1236,0.326702,0,0,0,0,05ACA006,314285,2026-06-28 11:49:52,11014086.0,BABU        ,13616.0,104339022020,104319220140,140HPW501   ,AUTOMODE,BV141B,26,1.0,322427.0,OK,,,,00200045104311520066-7261752173A,OK,OK,,OK,OK,315326,2026-06-28 11:52:58,11014086.0,BABU        ,13616,104339022020,104319220140,,AUTOMODE,BV141D,37,1,322427,OK,CA13,,,0020007910431251065004261542611A,,0,147.0,7.8,-113.55,50.1,134,19.6,-223.35,59.6,-223.35,-113.71,0.675726,2.0124,45.0,40.0,5.0,26.1455,51.3965,51.5182,0,0,0,0,0,0,0,0,0,0,0,1.8,0,20.0,0,391006
5097591,1,0020007910431251065004261542624A,2026-06-28 15:48:45,318215, , ,104319220140,0,0,0,0,57000,110000,0,0,120000,0,0,0,0,0:01,1002,513,0         ,0,"4,08      ",1,0         ,0,"1,48      ",49,0         ,0,0         ,0,0,0,0,0,0         ,0,0         ,0,0         ,0,0         ,0,0         ,0,0         ,0,0,0,0,0,0,0,0,0,0,0,0,0,UCX31_x0001_|_x0007_:, ,0         ,0         ,0         ,13,"4,32      ",94,0         ,0:37      ,3,2026-06-28 12:49:43,11014981.0,MAREESWARAN ,1,104339022020,104319220140,,AUTOMODE_TS1,BV141E2,34,1,,OK,,0,0,0020007910431251065004261542624A,1.15044,1.14767,1.16969,5,5,2.16527,7.52455,4.65269,1,1.2,1.2,1.2,1,1.2,0.5,12,0.5,12,0.5,12,313131,2026-06-28 12:47:15,11014086,BABU        ,13616,104339022020,104319220140,140HPW501   ,,AUTOMODE,BV141C,24,1,322444,OK,,0,0,9003102010431351065904261770904A,0020007910431251065004261542624A,00200045104311520066-7261761265A,OK,OK,OK,OK,314535,2026-06-28 12:45:19,11014086.0,BABU        ,13616,104339022020,104319220140,140HPW501   ,AUTOMODE,BV141A,21,1,322444,OK,CA1,0,0,300050104312999991395364110336,OK,OK,0.39,0.458,0.5,0.39,0.433,0.5,OK,,00200045104311520066-7261761265A,OK,OK,202.9,145.2,52.6,146.3,-0.0408363,2.53196,52.142,53.0643,0.163353,2.36861,55.3243,55.63,57.6811,6.94247,57.4772,0.285866,0,0,0,0,05ACA002,314302,2026-06-28 12:45:53,11014086.0,BABU        ,13616.0,104339022020,104319220140,140HPW501   ,AUTOMODE,BV141B,26,1.0,322444.0,OK,,,,00200045104311520066-7261761265A,OK,OK,,OK,OK,315343,2026-06-28 12:48:39,11014086.0,BABU        ,13616,104339022020,104319220140,,AUTOMODE,BV141D,37,1,322444,OK,CA13,,,0020007910431251065004261542624A,,0,147.0,8.3,-113.55,50.1,134,19.6,-223.35,59.6,-223.35,-113.71,2.5859,4.1741,40.5864,45.0,5.0,26.809,45.9954,51.694,0,0,0,0,0,0,0,0,0,0,0,1.63,0,20.0,0,391023
5099440,1,0020007910431251065004261542833A,2026-06-29 13:59:35,318215, , ,104319220140,0,0,0,0,57000,110000,0,0,120000,0,0,0,0,0:08,1002,513,0         ,0,0         ,0,0         ,0,0         ,0,0         ,0,0         ,0,0,0,0,0,0         ,0,0         ,0,0         ,0,0         ,0,0         ,0,0         ,0,0,0,0,0,0,0,0,0,0,0,0,0,UCX31_x0001_|_x0007_:, ,0         ,0         ,0         ,13,"4,32      ",94,0         ,0:43      ,3,2026-06-29 08:53:28,11014086.0,BABU        ,1,104339022020,104319220140,,AUTOMODE_TS1,BV141E,40,1,,OK,,0,0,0020007910431251065004261542833A,1.17927,1.17472,1.17573,5,5,5.035,5.2725,8.685,1,1.2,1.2,1.2,1,1.2,0.5,12,0.5,12,0.5,12,313469,2026-06-29 08:50:38,11014086,BABU        ,13616,104339022020,104319220140,140HPW501   ,,AUTOMODE,BV141C,19,1,322801,OK,,0,0,9003102010431351065904261758280B,0020007910431251065004261542833A,00200045104311520066-7261752151A,OK,OK,OK,OK,314882,2026-06-29 08:48:00,11014086.0,BABU        ,13616,104339022020,104319220140,140HPW501   ,AUTOMODE,BV141A,22,1,322801,OK,CA1,0,0,300050104312999991395364110336,OK,OK,0.39,0.421,0.5,0.39,0.432,0.5,OK,,00200045104311520066-7261752151A,OK,OK,202.9,145.2,52.6,146.3,0.0,1.14347,52.0861,53.2122,0.0816765,1.75604,55.3652,55.8773,57.8239,4.20632,57.6201,0.245029,0,0,0,0,05ACA004,314654,2026-06-29 08:48:44,11014086.0,BABU        ,13616.0,104339022020,104319220140,140HPW501   ,AUTOMODE,BV141B,26,1.0,322801.0,OK,,,,00200045104311520066-7261752151A,OK,OK,,OK,OK,315694,2026-06-29 08:52:22,11014086.0,BABU        ,13616,104339022020,104319220140,,AUTOMODE,BV141D,37,1,322801,OK,CA13,,,0020007910431251065004261542833A,,0,147.0,10.7,-113.55,50.1,134,19.6,-223.35,59.6,-223.35,-113.71,0.148746,0.708675,45.0,40.4167,5.0,24.0044,52.2055,52.3123,0,0,0,0,0,0,0,0,0,0,0,1.75,0,20.0,0,391443
5104184,1,0020007910431251065004261543149B,2026-06-30 21:55:30,304212, , ,104319220151,0,0,0,0,57000,110000,0,0,120000,0,0,0,3,3:33,1002,513,"21,46     ",10,"64,82     ",287,"12,86     ",17,"22,36     ",247,0         ,0,0         ,0,0,0,0,0,"7,88      ",353,0         ,0,"5,57      ",316,0         ,0,"1,63      ",270,0         ,0,0,0,0,0,0,0,0,0,0,0,0,0,UCX31_x0001_|_x0007_:, ,"1,61      ","4,91      ","45,6      ",14,"3,78      ",94,"65,05     ",9:15      ,3,2026-06-27 05:35:57,11014981.0,MAREESWARAN ,1,104339022021,104319220151,,AUTOMODE_TS1,BV141E2,38,2,,OK,,0,0,0020007910431251065004261543149B,1.15031,1.15824,1.16893,5,5,1.62036,6.25748,3.69341,1,1.2,1.2,1.2,1,1.2,0.5,12,0.5,12,0.5,12,309180,2026-06-27 05:33:46,11014981,MAREESWARAN ,13616,104339022021,104319220151,160HP Z101  ,,AUTOMODE,BV141C,20,2,320973,OK,,0,0,9003102010431351065904261745593A,0020007910431251065004261543149B,00200045104311520066-7261672123A,OK,OK,OK,OK,310560,2026-06-27 05:32:04,11014981.0,MAREESWARAN ,13616,104339022021,104319220151,160HP Z101  ,AUTOMODE,BV141A,26,2,320973,OK,CA1,0,0,1020104313020080004674879488,OK,OK,0.39,0.465,0.5,0.39,0.467,0.5,OK,,00200045104311520066-7261672123A,OK,OK,202.9,145.2,52.6,146.3,0.0,1.30682,52.1118,53.2354,0.122513,2.0419,55.5004,55.9081,57.7502,2.32777,57.6483,0.245026,0,0,0,0,05ACA005,311310,2026-06-27 05:32:44,11014981.0,MAREESWARAN ,13616.0,104339022021,104319220151,160HP Z101  ,AUTOMODE,BV141B,29,2.0,320973.0,OK,,,,00200045104311520066-7261672123A,OK,OK,,OK,OK,311355,2026-06-27 05:34:52,11014981.0,MAREESWARAN ,13616,104339022021,104319220151,,AUTOMODE,BV141D,36,2,320973,OK,CA13,,,0020007910431251065004261543149B,,0,147.1,6.0,-113.55,50.1,134,19.6,-223.2,59.6,-223.2,-113.71,1.8149,2.57823,45.0,40.0,5.0,26.4848,51.8445,52.0649,0,0,0,0,0,0,0,0,0,0,0,3.49,0,20.0,0,386548
5100540,1,0020007910431251065004261543480B,2026-06-29 21:47:09,318215, , ,104319220151,0,0,0,0,57000,110000,0,0,120000,0,0,0,0,0:01,1002,513,0         ,0,"4,14      ",52,0         ,0,"3,93      ",31,0         ,0,0         ,0,0,0,0,0,0         ,0,0         ,0,0         ,0,0         ,0,0         ,0,0         ,0,0,0,0,0,0,0,0,0,0,0,0,0,UCX31_x0001_|_x0007_:, ,0         ,0         ,0         ,13,"4,04      ",93,0         ,18:47     ,3,2026-06-30 21:19:01,10001376.0,DEEPAN.M    ,1,104339022020,104319220140,,AUTOMODE_TS1,BV141E2,34,2,,OK,,0,0,0020007910431251065004261543480B,1.1483,1.14792,1.14755,5,5,2.48982,6.93413,3.99401,1,1.2,1.2,1.2,1,1.2,0.5,12,0.5,12,0.5,12,314905,2026-06-30 21:16:45,11014981,MAREESWARAN ,13616,104339022020,104319220140,140HPW501   ,,AUTOMODE,BV141C,21,2,324345,OK,,0,0,9003102010431351065904261782627A,0020007910431251065004261543480B,00200045104311520066-7261772069A,OK,OK,OK,OK,316389,2026-06-30 21:15:21,11014981.0,MAREESWARAN ,13616,104339022020,104319220140,140HPW501   ,AUTOMODE,BV141A,22,2,324345,OK,CA1,0,0,300050104312999991395364110336,OK,OK,0.39,0.431,0.5,0.39,0.424,0.5,OK,,00200045104311520066-7261772069A,OK,OK,202.9,145.2,52.6,146.3,0.0,1.87855,52.0656,53.5026,0.122513,2.45028,55.6606,56.0734,57.6148,2.73615,57.5129,0.449219,0,0,0,0,05ACA003,316179,2026-06-30 21:16:01,11014981.0,MAREESWARAN ,13616.0,104339022020,104319220140,140HPW501   ,AUTOMODE,BV141B,26,2.0,324345.0,OK,,,,00200045104311520066-7261772069A,OK,OK,,OK,OK,317212,2026-06-30 21:17:57,11014981.0,MAREESWARAN ,13616,104339022020,104319220140,,AUTOMODE,BV141D,35,2,324345,OK,CA13,,,0020007910431251065004261543480B,,0,147.5,7.7,-113.55,50.1,134,19.6,-223.35,59.6,-223.35,-113.71,1.00639,2.52231,45.0,40.0,5.0,25.1956,51.9727,52.037,0,0,0,0,0,0,0,0,0,0,0,1.59,0,20.0,0,394033
5098010,1,0020007910431251065004261591888B,2026-06-28 21:25:03,318215, , ,104319220140,0,0,0,0,57000,110000,0,0,120000,0,0,0,0,0:01,1002,513,0         ,0,"3,13      ",337,0         ,0,"1,35      ",40,0         ,0,0         ,0,0,0,0,0,0         ,0,0         ,0,0         ,0,0         ,0,0         ,0,0         ,0,0,0,0,0,0,0,0,0,0,0,0,0,UCX31_x0001_|_x0007_:, ,0         ,0         ,0         ,13,"4,47      ",94,0         ,0:37      ,3,2026-06-28 01:16:49,11014981.0,MAREESWARAN ,1,104339022020,104319220140,,AUTOMODE_TS1,BV141E2,34,2,,OK,,0,0,0020007910431251065004261591888B,1.15057,1.14855,1.14692,5,5,3.01198,7.24192,3.62994,1,1.2,1.2,1.2,1,1.2,0.5,12,0.5,12,0.5,12,312626,2026-06-28 01:15:01,11014981,MAREESWARAN ,13616,104339022020,104319220140,140HPW501   ,,AUTOMODE,BV141C,40,2,321921,OK,,0,0,9003102010431351065904261758137B,0020007910431251065004261591888B,00200045104311520066-7261752433B,OK,OK,OK,OK,314021,2026-06-28 01:13:11,11014981.0,MAREESWARAN ,13616,104339022020,104319220140,140HPW501   ,AUTOMODE,BV141A,34,2,321921,OK,CA1,0,0,300050104312999991395364110336,OK,OK,0.39,0.44,0.5,0.39,0.435,0.5,OK,,00200045104311520066-7261752433B,OK,OK,202.9,145.2,52.6,146.3,0.0,2.08274,52.1455,53.1774,0.163349,2.08274,55.5469,55.8552,57.6973,4.85973,57.4935,0.326702,0,0,0,0,05ACA002,313783,2026-06-28 01:13:51,11014981.0,MAREESWARAN ,13616.0,104339022020,104319220140,140HPW501   ,AUTOMODE,BV141B,28,2.0,321921.0,OK,,,,00200045104311520066-7261752433B,OK,OK,,OK,OK,314825,2026-06-28 01:15:43,11014981.0,MAREESWARAN ,13616,104339022020,104319220140,,AUTOMODE,BV141D,31,2,321921,OK,CA13,,,0020007910431251065004261591888B,,0,147.5,3.6,-113.55,50.1,134,19.6,-223.35,59.6,-223.35,-113.71,0.500277,1.85891,45.0,40.0,5.0,25.6706,51.5406,51.653,0,0,0,0,0,0,0,0,0,0,0,1.65,0,20.0,0,390175
5098165,1,0020007910431251065004261591934C,2026-06-29 00:04:57,318215, , ,104319220140,0,0,0,0,57000,110000,0,0,120000,0,0,0,0,0:01,1002,513,0         ,0,"15,64     ",355,0         ,0,"16,83     ",18,0         ,0,0         ,0,0,0,0,0,0         ,0,0         ,0,0         ,0,0         ,0,0         ,0,0         ,0,0,0,0,0,0,0,0,0,0,0,0,0,UCX31_x0001_|_x0007_:, ,0         ,0         ,0         ,13,"4,6       ",94,0         ,5:00      ,3,2026-06-28 02:03:16,11014981.0,MAREESWARAN ,1,104339022020,104319220140,,AUTOMODE_TS1,BV141E2,34,2,,OK,,0,0,0020007910431251065004261591934C,1.15069,1.1483,1.15145,5,5,3.31856,7.9497,5.54611,1,1.2,1.2,1.2,1,1.2,0.5,12,0.5,12,0.5,12,312644,2026-06-28 02:00:42,11014981,MAREESWARAN ,13616,104339022020,104319220140,140HPW501   ,,AUTOMODE,BV141C,21,2,321939,OK,,0,0,9003102010431351065904261758077B,0020007910431251065004261591934C,00200045104311520066-7261750706B,OK,OK,OK,OK,314039,2026-06-28 01:59:18,11014981.0,MAREESWARAN ,13616,104339022020,104319220140,140HPW501   ,AUTOMODE,BV141A,24,2,321939,OK,CA1,0,0,300050104312999991395364110336,OK,OK,0.39,0.441,0.5,0.39,0.427,0.5,OK,,00200045104311520066-7261750706B,OK,OK,202.9,145.2,52.6,146.3,0.0,1.59269,52.1122,52.8307,0.122513,1.87855,55.0958,55.6079,57.6615,9.43359,57.1443,0.326706,0,0,0,0,05ACA006,313801,2026-06-28 01:59:56,11014981.0,MAREESWARAN ,13616.0,104339022020,104319220140,140HPW501   ,AUTOMODE,BV141B,28,2.0,321939.0,OK,,,,00200045104311520066-7261750706B,OK,OK,,OK,OK,314843,2026-06-28 02:02:16,11014981.0,MAREESWARAN ,13616,104339022020,104319220140,,AUTOMODE,BV141D,32,2,321939,OK,CA13,,,0020007910431251065004261591934C,,0,147.2,4.0,-113.55,50.1,134,19.6,-223.35,59.6,-223.35,-113.71,0.417209,1.43124,45.0,40.0,5.0,23.8989,51.9274,52.0216,0,0,0,0,0,0,0,0,0,0,0,1.63,0,20.0,0,390193
5098214,1,0020007910431251065004261591941C,2026-06-29 00:44:19,318215, , ,104319220140,0,0,0,0,57000,110000,0,0,120000,0,0,0,0,0:01,1002,513,0         ,0,"3,29      ",178,0         ,0,"1,6       ",94,0         ,0,0         ,0,0,0,0,0,0         ,0,0         ,0,0         ,0,0         ,0,0         ,0,0         ,0,0,0,0,0,0,0,0,0,0,0,0,0,UCX31_x0001_|_x0007_:, ,0         ,0         ,0         ,13,"4,45      ",94,0         ,1:01      ,3,2026-06-28 02:02:38,11014981.0,MAREESWARAN ,1,104339022020,104319220140,,AUTOMODE_TS1,BV141E,40,2,,OK,,0,0,0020007910431251065004261591941C,1.17611,1.17396,1.17674,5,5,4.88,5.955,7.3525,1,1.2,1.2,1.2,1,1.2,0.5,12,0.5,12,0.5,12,312643,2026-06-28 02:00:06,11014981,MAREESWARAN ,13616,104339022020,104319220140,140HPW501   ,,AUTOMODE,BV141C,21,2,321938,OK,,0,0,9003102010431351065904261758109B,0020007910431251065004261591941C,00200045104311520066-7261750529A,OK,OK,OK,OK,314038,2026-06-28 01:58:40,11014981.0,MAREESWARAN ,13616,104339022020,104319220140,140HPW501   ,AUTOMODE,BV141A,22,2,321938,OK,CA1,0,0,300050104312999991395364110336,OK,OK,0.39,0.422,0.5,0.39,0.441,0.5,OK,,00200045104311520066-7261750529A,OK,OK,202.9,145.2,52.6,146.3,-0.0408363,2.0419,52.2194,53.2462,0.163353,2.49112,55.6182,55.9291,56.2401,1.8731,57.575,0.367542,0,0,0,0,05ACA010,313800,2026-06-28 01:59:16,11014981.0,MAREESWARAN ,13616.0,104339022020,104319220140,140HPW501   ,AUTOMODE,BV141B,29,2.0,321938.0,OK,,,,00200045104311520066-7261750529A,OK,OK,,OK,OK,314842,2026-06-28 02:01:32,11014981.0,MAREESWARAN ,13616,104339022020,104319220140,,AUTOMODE,BV141D,31,2,321938,OK,CA13,,,0020007910431251065004261591941C,,0,147.1,3.5,-113.55,50.1,134,19.6,-223.35,59.6,-223.35,-113.71,0.5337,2.29733,45.0,40.0,5.0,26.1154,51.8938,51.991,0,0,0,0,0,0,0,0,0,0,0,1.7,0,20.0,0,390192
5098212,1,0020007910431251065004261591948C,2026-06-29 00:43:17,318215, , ,104319220140,0,0,0,0,57000,110000,0,0,120000,0,0,0,0,0:01,1002,513,0         ,0,"3,29      ",178,0         ,0,"1,6       ",94,0         ,0,0         ,0,0,0,0,0,0         ,0,0         ,0,0         ,0,0         ,0,0         ,0,0         ,0,0,0,0,0,0,0,0,0,0,0,0,0,UCX31_x0001_|_x0007_:, ,0         ,0         ,0         ,13,"4,5       ",94,0         ,4:13      ,3,2026-06-28 01:09:01,11014981.0,MAREESWARAN ,1,104339022020,104319220140,,AUTOMODE_TS1,BV141E2,34,2,,OK,,0,0,0020007910431251065004261591948C,1.16101,1.16868,1.16453,5,5,3.45629,8.02515,6.98443,1,1.2,1.2,1.2,1,1.2,0.5,12,0.5,12,0.5,12,312616,2026-06-28 01:07:07,11014981,MAREESWARAN ,13616,104339022020,104319220140,140HPW501   ,,AUTOMODE,BV141C,24,2,321911,OK,,0,0,9003102010431351065904261757753A,0020007910431251065004261591948C,00200045104311520066-7261752437B,OK,OK,OK,OK,314011,2026-06-28 01:05:47,11014981.0,MAREESWARAN ,13616,104339022020,104319220140,140HPW501   ,AUTOMODE,BV141A,23,2,321911,OK,CA1,0,0,300050104312999991395364110336,OK,OK,0.39,0.436,0.5,0.39,0.41,0.5,OK,,00200045104311520066-7261752437B,OK,OK,202.9,145.2,52.6,146.3,0.0,1.55185,52.1376,52.9605,0.122513,2.08274,55.2128,55.623,57.5773,8.20845,57.1696,0.367542,0,0,0,0,05ACA006,313773,2026-06-28 01:06:27,11014981.0,MAREESWARAN ,13616.0,104339022020,104319220140,140HPW501   ,AUTOMODE,BV141B,28,2.0,321911.0,OK,,,,00200045104311520066-7261752437B,OK,OK,,OK,OK,314815,2026-06-28 01:07:55,11014981.0,MAREESWARAN ,13616,104339022020,104319220140,,AUTOMODE,BV141D,31,2,321911,OK,CA13,,,0020007910431251065004261591948C,,0,147.1,3.8,-113.55,50.1,134,19.6,-223.35,59.6,-223.35,-113.71,0.290761,1.49998,45.0,40.0,5.0,22.0443,52.0147,52.0747,0,0,0,0,0,0,0,0,0,0,0,1.67,0,20.0,0,390165
5098141,1,0020007910431251065004261591954C,2026-06-28 23:43:32,318215, , ,104319220140,0,0,0,0,57000,110000,0,0,120000,0,0,0,0,0:01,1002,513,0         ,0,"2,81      ",352,0         ,0,"1,11      ",260,0         ,0,0         ,0,0,0,0,0,0         ,0,0         ,0,0         ,0,0         ,0,0         ,0,0         ,0,0,0,0,0,0,0,0,0,0,0,0,0,UCX31_x0001_|_x0007_:, ,0         ,0         ,0         ,13,"4,61      ",94,0         ,0:57      ,3,2026-06-28 01:06:29,11014981.0,MAREESWARAN ,1,104339022020,104319220140,,AUTOMODE_TS1,BV141E2,34,2,,OK,,0,0,0020007910431251065004261591954C,1.14868,1.14931,1.15119,5,5,3.21437,8.40838,5.17365,1,1.2,1.2,1.2,1,1.2,0.5,12,0.5,12,0.5,12,312613,2026-06-28 01:04:23,11014981,MAREESWARAN ,13616,104339022020,104319220140,140HPW501   ,,AUTOMODE,BV141C,23,2,321908,OK,,0,0,9003102010431351065904261757990B,0020007910431251065004261591954C,00200045104311520066-7261760855C,OK,OK,OK,OK,314008,2026-06-28 01:03:05,11014981.0,MAREESWARAN ,13616,104339022020,104319220140,140HPW501   ,AUTOMODE,BV141A,71,2,321908,OK,CA1,0,0,300050104312999991395364110336,OK,OK,0.39,0.453,0.5,0.39,0.457,0.5,OK,,00200045104311520066-7261760855C,OK,OK,202.9,145.2,52.6,146.3,-0.0408363,2.28693,52.0943,53.3275,0.163353,2.12358,55.4906,55.9034,57.7557,3.71626,57.5518,0.285866,0,0,0,0,05ACA004,313770,2026-06-28 01:03:47,11014981.0,MAREESWARAN ,13616.0,104339022020,104319220140,140HPW501   ,AUTOMODE,BV141B,30,2.0,321908.0,OK,,,,00200045104311520066-7261760855C,OK,OK,,OK,OK,314812,2026-06-28 01:05:25,11014981.0,MAREESWARAN ,13616,104339022020,104319220140,,AUTOMODE,BV141D,31,2,321908,OK,CA13,,,0020007910431251065004261591954C,,0,147.1,3.9,-113.55,50.1,134,19.6,-223.35,59.6,-223.35,-113.71,0.506026,1.93117,45.0,40.0,5.0,25.4293,52.2668,52.3951,0,0,0,0,0,0,0,0,0,0,0,1.65,0,20.0,0,390162
5098142,1,0020007910431251065004261591967C,2026-06-28 23:44:49,318215, , ,104319220140,0,0,0,0,57000,110000,0,0,120000,0,0,0,0,0:01,1002,513,0         ,0,"2,81      ",352,0         ,0,"1,11      ",260,0         ,0,0         ,0,0,0,0,0,0         ,0,0         ,0,0         ,0,0         ,0,0         ,0,0         ,0,0,0,0,0,0,0,0,0,0,0,0,0,UCX31_x0001_|_x0007_:, ,0         ,0         ,0         ,13,"4,78      ",94,0         ,1:16      ,3,2026-06-28 01:09:45,11014981.0,MAREESWARAN ,1,104339022020,104319220140,,AUTOMODE_TS1,BV141E,40,2,,OK,,0,0,0020007910431251065004261591967C,1.17699,1.17585,1.17762,5,5,5.32,4.8875,7.735,1,1.2,1.2,1.2,1,1.2,0.5,12,0.5,12,0.5,12,312617,2026-06-28 01:07:45,11014981,MAREESWARAN ,13616,104339022020,104319220140,140HPW501   ,,AUTOMODE,BV141C,25,2,321912,OK,,0,0,9003102010431351065904261758128B,0020007910431251065004261591967C,00200045104311520066-7261752353B,OK,OK,OK,OK,314012,2026-06-28 01:06:27,11014981.0,MAREESWARAN ,13616,104339022020,104319220140,140HPW501   ,AUTOMODE,BV141A,23,2,321912,OK,CA1,0,0,300050104312999991395364110336,OK,OK,0.39,0.437,0.5,0.39,0.405,0.5,OK,,00200045104311520066-7261752353B,OK,OK,202.9,145.2,52.6,146.3,0.0408363,2.36861,52.1225,53.1442,0.245026,2.8995,55.3073,55.7201,57.6768,2.5728,57.473,0.449219,0,0,0,0,05ACA001,313774,2026-06-28 01:07:05,11014981.0,MAREESWARAN ,13616.0,104339022020,104319220140,140HPW501   ,AUTOMODE,BV141B,28,2.0,321912.0,OK,,,,00200045104311520066-7261752353B,OK,OK,,OK,OK,314816,2026-06-28 01:08:37,11014981.0,MAREESWARAN ,13616,104339022020,104319220140,,AUTOMODE,BV141D,31,2,321912,OK,CA13,,,0020007910431251065004261591967C,,0,147.4,3.8,-113.55,50.1,134,19.6,-223.35,59.6,-223.35,-113.71,0.792189,2.14417,45.0,40.0,5.0,25.9872,51.6352,51.7165,0,0,0,0,0,0,0,0,0,0,0,1.58,0,20.0,0,390166
5102053,1,0020007910431251065004261615147B,2026-06-30 08:20:57,318215, , ,104319220151,0,0,0,0,57000,110000,0,0,120000,0,0,0,0,0:01,1002,513,0         ,0,"13,27     ",261,0         ,0,"4,23      ",279,0         ,0,0         ,0,0,0,0,0,0         ,0,0         ,0,0         ,0,0         ,0,0         ,0,0         ,0,0,0,0,0,0,0,0,0,0,0,0,0,UCX31_x0001_|_x0007_:, ,0         ,0         ,0         ,13,"4,08      ",94,0         ,24:06     ,3,2026-06-30 00:52:01,11014086.0,BABU        ,1,104339022021,104319220151,,AUTOMODE_TS1,BV141E,44,2,,OK,,0,0,0020007910431251065004261615147B,1.17509,1.17421,1.17193,5,5,7.0725,7.6375,9.52,1,1.2,1.2,1.2,1,1.2,0.5,12,0.5,12,0.5,12,314238,2026-06-30 00:50:03,11014086,BABU        ,13616,104339022021,104319220151,160HP Z101  ,,AUTOMODE,BV141C,24,2,323616,OK,,0,0,9003102010431351065904261769981B,0020007910431251065004261615147B,00200045104311520066-7261772200A,OK,OK,OK,OK,315677,2026-06-30 00:43:34,11014086.0,BABU        ,13616,104339022021,104319220151,160HP Z101  ,AUTOMODE,BV141A,22,2,323616,OK,CA1,0,0,1020104313020080004674879488,OK,OK,0.39,0.444,0.5,0.39,0.439,0.5,OK,,00200045104311520066-7261772200A,OK,OK,202.9,145.2,52.6,146.3,0.0,2.12358,52.0808,53.3114,0.163353,2.28693,55.5612,55.8695,57.7141,6.16655,57.4084,0.408382,0,0,0,0,05ACA004,315460,2026-06-30 00:44:22,11014086.0,BABU        ,13616.0,104339022021,104319220151,160HP Z101  ,AUTOMODE,BV141B,26,2.0,323616.0,OK,,,,00200045104311520066-7261772200A,OK,OK,,OK,OK,316496,2026-06-30 00:50:49,11014086.0,BABU        ,13616,104339022021,104319220151,,AUTOMODE,BV141D,37,2,323616,OK,CA13,,,0020007910431251065004261615147B,,0,147.0,6.5,-113.55,50.1,134,19.6,-223.2,59.6,-223.2,-113.71,0.672028,2.74843,45.0,40.0,5.0,22.7153,52.3498,52.4029,0,0,0,0,0,0,0,0,0,0,0,3.39,0,20.0,0,392512
5097785,1,0020007910431251065004261615151B,2026-06-28 17:22:32,318215, , ,104319220140,0,0,0,0,57000,110000,0,0,120000,0,0,0,0,0:01,1002,513,0         ,0,"0,56      ",198,0         ,0,"0,61      ",158,0         ,0,0         ,0,0,0,0,0,0         ,0,0         ,0,0         ,0,0         ,0,0         ,0,0         ,0,0,0,0,0,0,0,0,0,0,0,0,0,UCX31_x0001_|_x0007_:, ,0         ,0         ,0         ,13,"4,2       ",94,0         ,0:37      ,3,2026-06-28 13:06:03,11014981.0,MAREESWARAN ,1,104339022020,104319220140,,AUTOMODE_TS1,BV141E2,34,1,,OK,,0,0,0020007910431251065004261615151B,1.14189,1.16314,1.15094,5,5,2.19162,6.52096,4.17006,1,1.2,1.2,1.2,1,1.2,0.5,12,0.5,12,0.5,12,313151,2026-06-28 13:03:39,11014086,BABU        ,13616,104339022020,104319220140,140HPW501   ,,AUTOMODE,BV141C,21,1,322464,OK,,0,0,9003102010431351065904261770917A,0020007910431251065004261615151B,00200045104311520066-7261682809C,OK,OK,OK,OK,314555,2026-06-28 13:01:41,11014086.0,BABU        ,13616,104339022020,104319220140,140HPW501   ,AUTOMODE,BV141A,21,1,322464,OK,CA1,0,0,300050104312999991395364110336,OK,OK,0.39,0.499,0.5,0.39,0.45,0.5,OK,,00200045104311520066-7261682809C,OK,OK,202.9,145.2,52.6,146.3,0.0,1.83771,52.1119,53.4496,0.122513,1.87855,55.8063,56.1121,56.2401,1.8367,57.7555,0.285866,0,0,0,0,05ACA003,314322,2026-06-28 13:02:13,11014086.0,BABU        ,13616.0,104339022020,104319220140,140HPW501   ,AUTOMODE,BV141B,26,1.0,322464.0,OK,,,,00200045104311520066-7261682809C,OK,OK,,OK,OK,315363,2026-06-28 13:04:59,11014086.0,BABU        ,13616,104339022020,104319220140,,AUTOMODE,BV141D,37,1,322464,OK,CA13,,,0020007910431251065004261615151B,,0,147.1,8.5,-113.55,50.1,134,19.6,-223.35,59.6,-223.35,-113.71,0.118957,0.527737,45.0,40.0143,5.0,25.7987,51.8681,51.9378,0,0,0,0,0,0,0,0,0,0,0,1.66,0,20.0,0,391043
5098290,1,0020007910431251065004261615208B,2026-06-29 02:24:24,314116, , ,104319220140,0,0,0,0,57000,110000,0,0,120000,0,0,0,0,0:07,1002,513,0         ,0,0         ,0,0         ,0,0         ,0,0         ,0,0         ,0,0,0,0,0,0         ,0,0         ,0,0         ,0,0         ,0,0         ,0,0         ,0,0,0,0,0,0,0,0,0,0,0,0,0,UCX31_x0001_|_x0007_:, ,0         ,0         ,0         ,3,"4,35      ",93,0         ,0:38      ,3,2026-06-29 18:15:40,11014086.0,BABU        ,1,104339022021,104319220151,,AUTOMODE_TS1,BV141E,45,1,,OK,,0,0,0020007910431251065004261615208B,1.17611,1.17332,1.17206,5,5,5.2425,6.5,7.9825,1,1.2,1.2,1.2,1,1.2,0.5,12,0.5,12,0.5,12,313941,2026-06-29 18:12:26,11014086,BABU        ,13616,104339022021,104319220151,160HP Z101  ,,AUTOMODE,BV141C,22,1,323301,OK,,0,0,9003102010431351065904261769988B,0020007910431251065004261615208B,00200045104311520066-7261750318A,OK,OK,OK,OK,315368,2026-06-29 18:10:54,11014086.0,BABU        ,13616,104339022021,104319220151,160HP Z101  ,AUTOMODE,BV141A,23,1,323301,OK,CA1,0,0,1020104313020080004674879488,OK,OK,0.39,0.446,0.5,0.39,0.431,0.5,OK,,00200045104311520066-7261750318A,OK,OK,202.9,145.2,52.6,146.3,0.0,2.0419,52.0224,52.9447,0.122513,2.32777,55.3091,55.6174,57.5564,8.08593,57.2506,0.367542,0,0,0,0,05ACA006,315149,2026-06-29 18:11:32,11014086.0,BABU        ,13616.0,104339022021,104319220151,160HP Z101  ,AUTOMODE,BV141B,27,1.0,323301.0,OK,,,,00200045104311520066-7261750318A,OK,OK,,OK,OK,316186,2026-06-29 18:14:30,11014086.0,BABU        ,13616,104339022021,104319220151,,AUTOMODE,BV141D,43,1,323301,OK,CA13,,,0020007910431251065004261615208B,,0,147.1,11.0,-113.55,50.1,134,19.6,-223.2,59.6,-223.2,-113.71,0.382915,1.62302,45.0,40.0,5.0,22.18,52.0246,52.0424,0,0,0,0,0,0,0,0,0,0,0,3.36,0,20.0,0,392056
5097552,1,0020007910431251065004261615223B,2026-06-28 15:35:48,318215, , ,104319220140,0,0,0,0,57000,110000,0,0,120000,0,0,0,0,0:08,1002,513,0         ,0,0         ,0,0         ,0,0         ,0,0         ,0,0         ,0,0,0,0,0,0         ,0,0         ,0,0         ,0,0         ,0,0         ,0,0         ,0,0,0,0,0,0,0,0,0,0,0,0,0,UCX31_x0001_|_x0007_:, ,0         ,0         ,0         ,13,"4,76      ",94,0         ,1:47      ,3,2026-06-28 12:50:33,11014981.0,MAREESWARAN ,1,104339022020,104319220140,,AUTOMODE_TS1,BV141E,41,1,,OK,,0,0,0020007910431251065004261615223B,1.17623,1.17611,1.1799,5,5,4.14,4.29,8.8625,1,1.2,1.2,1.2,1,1.2,0.5,12,0.5,12,0.5,12,313132,2026-06-28 12:48:21,11014086,BABU        ,13616,104339022020,104319220140,140HPW501   ,,AUTOMODE,BV141C,28,1,322445,OK,,0,0,9003102010431351065904261770918A,0020007910431251065004261615223B,00200045104311520066-7261752321C,OK,OK,OK,OK,314536,2026-06-28 12:45:59,11014086.0,BABU        ,13616,104339022020,104319220140,140HPW501   ,AUTOMODE,BV141A,22,1,322445,OK,CA1,0,0,300050104312999991395364110336,OK,OK,0.39,0.452,0.5,0.39,0.471,0.5,OK,,00200045104311520066-7261752321C,OK,OK,202.9,145.2,52.6,146.3,0.0,1.10263,52.091,53.1178,0.0816765,1.96022,55.3727,55.7854,57.6275,2.69531,57.4237,0.285866,0,0,0,0,05ACA004,314303,2026-06-28 12:46:35,11014086.0,BABU        ,13616.0,104339022020,104319220140,140HPW501   ,AUTOMODE,BV141B,26,1.0,322445.0,OK,,,,00200045104311520066-7261752321C,OK,OK,,OK,OK,315344,2026-06-28 12:49:27,11014086.0,BABU        ,13616,104339022020,104319220140,,AUTOMODE,BV141D,37,1,322445,OK,CA13,,,0020007910431251065004261615223B,,0,147.8,8.2,-113.55,50.1,134,19.6,-223.35,59.6,-223.35,-113.71,0.193909,0.610668,45.0,40.0271,5.0,26.0852,51.815,51.8972,0,0,0,0,0,0,0,0,0,0,0,1.66,0,20.0,0,391024
5097781,1,0020007910431251065004261615266B,2026-06-28 17:19:09,318215, , ,104319220140,0,0,0,0,57000,110000,0,0,120000,0,0,0,0,0:01,1002,513,0         ,0,"5,18      ",313,0         ,0,"4,4       ",270,0         ,0,0         ,0,0,0,0,0,0         ,0,0         ,0,0         ,0,0         ,0,0         ,0,0         ,0,0,0,0,0,0,0,0,0,0,0,0,0,UCX31_x0001_|_x0007_:, ,0         ,0         ,0         ,13,"4,82      ",94,0         ,1:45      ,3,2026-06-28 13:12:33,11014981.0,MAREESWARAN ,1,104339022020,104319220140,,AUTOMODE_TS1,BV141E2,34,1,,OK,,0,0,0020007910431251065004261615266B,1.14704,1.15535,1.16038,5,5,2.4024,7.09461,3.61916,1,1.2,1.2,1.2,1,1.2,0.5,12,0.5,12,0.5,12,313159,2026-06-28 13:10:19,11014086,BABU        ,13616,104339022020,104319220140,140HPW501   ,,AUTOMODE,BV141C,20,1,322473,OK,,0,0,9003102010431351065904261771088A,0020007910431251065004261615266B,00200045104311520066-7261752220A,OK,OK,OK,OK,314563,2026-06-28 13:09:09,11014086.0,BABU        ,13616,104339022020,104319220140,140HPW501   ,AUTOMODE,BV141A,23,1,322473,OK,CA1,0,0,300050104312999991395364110336,OK,OK,0.39,0.458,0.5,0.39,0.447,0.5,OK,,00200045104311520066-7261752220A,OK,OK,202.9,145.2,52.6,146.3,0.0,1.26598,52.0458,53.0726,0.0816765,1.59268,55.4319,55.7428,57.7887,8.65767,57.3811,0.245026,0,0,0,0,05ACA002,314331,2026-06-28 13:09:49,11014086.0,BABU        ,13616.0,104339022020,104319220140,140HPW501   ,AUTOMODE,BV141B,26,1.0,322473.0,OK,,,,00200045104311520066-7261752220A,OK,OK,,OK,OK,315371,2026-06-28 13:11:31,11014086.0,BABU        ,13616,104339022020,104319220140,,AUTOMODE,BV141D,37,1,322473,OK,CA13,,,0020007910431251065004261615266B,,0,147.5,7.8,-113.55,50.1,134,19.6,-223.35,59.6,-223.35,-113.71,0.187641,0.799141,45.0,40.0368,5.0,26.138,51.5212,51.6248,0,0,0,0,0,0,0,0,0,0,0,1.55,0,20.0,0,391051
5102159,1,0020007910431251065004261615351C,2026-06-30 09:04:25,318215, , ,104319220151,0,0,0,0,57000,110000,0,0,120000,0,0,0,0,0:01,1002,513,0         ,0,"3,01      ",24,0         ,0,"1,35      ",143,0         ,0,0         ,0,0,0,0,0,0         ,0,0         ,0,0         ,0,0         ,0,0         ,0,0         ,0,0,0,0,0,0,0,0,0,0,0,0,0,UCX31_x0001_|_x0007_:, ,0         ,0         ,0         ,13,"4,25      ",94,0         ,0:37      ,3,2026-06-30 00:43:06,11014086.0,BABU        ,1,104339022021,104319220151,,AUTOMODE_TS1,BV141E,45,2,,OK,,0,0,0020007910431251065004261615351C,1.17408,1.17459,1.17421,5,5,5.86,5.6625,8.9675,1,1.2,1.2,1.2,1,1.2,0.5,12,0.5,12,0.5,12,314232,2026-06-30 00:40:32,11014086,BABU        ,13616,104339022021,104319220151,160HP Z101  ,,AUTOMODE,BV141C,38,2,323610,OK,,0,0,9003102010431351065904261771995B,0020007910431251065004261615351C,00200045104311520066-7261772288A,OK,OK,OK,OK,315671,2026-06-30 00:38:04,11014086.0,BABU        ,13616,104339022021,104319220151,160HP Z101  ,AUTOMODE,BV141A,22,2,323610,OK,CA1,0,0,1020104313020080004674879488,OK,OK,0.39,0.425,0.5,0.39,0.406,0.5,OK,,00200045104311520066-7261772288A,OK,OK,202.9,145.2,52.6,146.3,0.0,1.30682,52.048,52.5627,0.122517,2.08274,54.629,55.2481,57.7093,12.2514,56.8915,0.326706,0,0,0,0,05ACA008,315454,2026-06-30 00:38:44,11014086.0,BABU        ,13616.0,104339022021,104319220151,160HP Z101  ,AUTOMODE,BV141B,26,2.0,323610.0,OK,,,,00200045104311520066-7261772288A,OK,OK,,OK,OK,316490,2026-06-30 00:41:56,11014086.0,BABU        ,13616,104339022021,104319220151,,AUTOMODE,BV141D,38,2,323610,OK,CA13,,,0020007910431251065004261615351C,,0,147.1,7.7,-113.55,50.1,134,19.6,-223.2,59.6,-223.2,-113.71,0.464436,1.54799,45.0,40.0,5.0,23.8235,52.0267,52.131,0,0,0,0,0,0,0,0,0,0,0,3.34,0,20.0,0,392506
5102692,1,0020007910431251065004261670500A,2026-06-30 11:57:51,318215, , ,104319220151,0,0,0,0,57000,110000,0,0,120000,0,0,0,0,0:01,1002,513,0         ,0,"2,7       ",22,0         ,0,"5,34      ",125,0         ,0,0         ,0,0,0,0,0,0         ,0,0         ,0,0         ,0,0         ,0,0         ,0,0         ,0,0,0,0,0,0,0,0,0,0,0,0,0,UCX31_x0001_|_x0007_:, ,0         ,0         ,0         ,13,"3,91      ",94,0         ,0:37      ,3,2026-06-30 08:36:40,11014086.0,BABU        ,1,104339022021,104319220151,,AUTOMODE_TS1,BV141E,44,1,,OK,,0,0,0020007910431251065004261670500A,1.17699,1.17067,1.17472,5,5,5.815,7.03,7.225,1,1.2,1.2,1.2,1,1.2,0.5,12,0.5,12,0.5,12,314493,2026-06-30 08:34:40,11014086,BABU        ,13616,104339022021,104319220151,160HP Z101  ,,AUTOMODE,BV141C,37,1,323896,OK,,0,0,9003102010431351065904261772122B,0020007910431251065004261670500A,00200045104311520066-7261770371A,OK,OK,OK,OK,315950,2026-06-30 08:32:26,11014086.0,BABU        ,13616,104339022021,104319220151,160HP Z101  ,AUTOMODE,BV141A,21,1,323896,OK,CA1,0,0,1020104313020080004674879488,OK,OK,0.39,0.466,0.5,0.39,0.465,0.5,OK,,00200045104311520066-7261770371A,OK,OK,202.9,145.2,52.6,146.3,-0.0408401,2.08274,53.0168,53.4296,0.163349,2.28693,55.6844,56.0946,56.2401,1.95975,57.6284,0.367542,0,0,0,0,05ACA003,315738,2026-06-30 08:33:02,11014086.0,BABU        ,13616.0,104339022021,104319220151,160HP Z101  ,AUTOMODE,BV141B,27,1.0,323896.0,OK,,,,00200045104311520066-7261770371A,OK,OK,,OK,OK,316772,2026-06-30 08:35:32,11014086.0,BABU        ,13616,104339022021,104319220151,,AUTOMODE,BV141D,40,1,323896,OK,CA13,,,0020007910431251065004261670500A,,0,147.3,8.8,-113.55,50.1,134,19.6,-223.2,59.6,-223.2,-113.71,0.378626,1.28506,45.0,40.0,5.0,25.6178,51.9555,52.0165,0,0,0,0,0,0,0,0,0,0,0,3.41,0,20.0,0,393121
5102228,1,0020007910431251065004261670517A,2026-06-30 09:25:58,318215, , ,104319220151,0,0,0,0,57000,110000,0,0,120000,0,0,0,0,0:08,1002,513,0         ,0,0         ,0,0         ,0,0         ,0,0         ,0,0         ,0,0,0,0,0,0         ,0,0         ,0,0         ,0,0         ,0,0         ,0,0         ,0,0,0,0,0,0,0,0,0,0,0,0,0,UCX31_x0001_|_x0007_:, ,0         ,0         ,0         ,13,"4,23      ",94,0         ,0:44      ,3,2026-06-30 00:36:30,11014086.0,BABU        ,1,104339022021,104319220151,,AUTOMODE_TS1,BV141E,44,2,,OK,,0,0,0020007910431251065004261670517A,1.1775,1.17421,1.17484,5,5,5.74,6.045,7.78,1,1.2,1.2,1.2,1,1.2,0.5,12,0.5,12,0.5,12,314224,2026-06-30 00:33:32,11014086,BABU        ,13616,104339022021,104319220151,160HP Z101  ,,AUTOMODE,BV141C,27,2,323602,OK,,0,0,9003102010431351065904261772036B,0020007910431251065004261670517A,00200045104311520066-7261772328B,OK,OK,OK,OK,315663,2026-06-30 00:31:50,11014086.0,BABU        ,13616,104339022021,104319220151,160HP Z101  ,AUTOMODE,BV141A,22,2,323602,OK,CA1,0,0,1020104313020080004674879488,OK,OK,0.39,0.43,0.5,0.39,0.437,0.5,OK,,00200045104311520066-7261772328B,OK,OK,202.9,145.2,52.6,146.3,0.0,1.83772,52.458,53.0771,0.122517,2.28693,55.3345,55.7447,57.704,4.49219,57.3957,0.367542,0,0,0,0,05ACA004,315446,2026-06-30 00:32:28,11014086.0,BABU        ,13616.0,104339022021,104319220151,160HP Z101  ,AUTOMODE,BV141B,26,2.0,323602.0,OK,,,,00200045104311520066-7261772328B,OK,OK,,OK,OK,316482,2026-06-30 00:35:18,11014086.0,BABU        ,13616,104339022021,104319220151,,AUTOMODE,BV141D,37,2,323602,OK,CA13,,,0020007910431251065004261670517A,,0,147.0,7.2,-113.55,50.1,134,19.6,-223.2,59.6,-223.2,-113.71,0.334257,1.04039,45.0,40.042,5.0,25.6027,51.8954,51.9579,0,0,0,0,0,0,0,0,0,0,0,3.29,0,20.0,0,392498
5101771,1,0020007910431251065004261670551A,2026-06-30 06:19:02,318215, , ,104319220151,0,0,0,0,57000,110000,0,0,120000,0,0,0,0,0:01,1002,513,0         ,0,"3,81      ",157,0         ,0,"1,43      ",169,0         ,0,0         ,0,0,0,0,0,0         ,0,0         ,0,0         ,0,0         ,0,0         ,0,0         ,0,0,0,0,0,0,0,0,0,0,0,0,0,UCX31_x0001_|_x0007_:, ,0         ,0         ,0         ,13,"4,46      ",93,0         ,1:38      ,3,2026-06-30 19:00:50,10001376.0,DEEPAN.M    ,1,104339022020,104319220140,,AUTOMODE_TS1,BV141E,40,1,,OK,,0,0,0020007910431251065004261670551A,1.17686,1.17497,1.17762,5,5,6.5,5.94,9.16,1,1.2,1.2,1.2,1,1.2,0.5,12,0.5,12,0.5,12,314819,2026-06-30 18:58:22,11014981,MAREESWARAN ,13616,104339022020,104319220140,140HPW501   ,,AUTOMODE,BV141C,24,1,324254,OK,,0,0,9003102010431351065904261772061B,0020007910431251065004261670551A,00200045104311520066-7261762164B,OK,OK,OK,OK,316301,2026-06-30 18:57:10,11014981.0,MAREESWARAN ,13616,104339022020,104319220140,140HPW501   ,AUTOMODE,BV141A,25,1,324254,OK,CA1,0,0,300050104312999991395364110336,OK,OK,0.39,0.429,0.5,0.39,0.425,0.5,OK,,00200045104311520066-7261762164B,OK,OK,202.9,145.2,52.6,146.3,-0.0408363,2.36861,52.0223,53.258,0.163353,2.85867,55.4212,55.8314,57.676,4.69638,57.3677,0.490055,0,0,0,0,05ACA004,316090,2026-06-30 18:57:44,11014981.0,MAREESWARAN ,13616.0,104339022020,104319220140,140HPW501   ,AUTOMODE,BV141B,26,1.0,324254.0,OK,,,,00200045104311520066-7261762164B,OK,OK,,OK,OK,317123,2026-06-30 18:59:44,11014981.0,MAREESWARAN ,13616,104339022020,104319220140,,AUTOMODE,BV141D,39,1,324254,OK,CA14,,,0020007910431251065004261670551A,,0,147.0,9.9,-113.55,50.1,134,19.6,-223.35,59.6,-223.35,-113.71,1.01569,2.33803,45.0,40.0,5.0,25.8666,51.8813,51.9661,0,0,0,0,0,0,0,0,0,0,0,1.64,0,20.0,0,393934
5102099,1,0020007910431251065004261670627A,2026-06-30 08:43:07,318215, , ,104319220151,0,0,0,0,57000,110000,0,0,120000,0,0,0,0,0:01,1002,513,0         ,0,"3,74      ",21,0         ,0,"1,22      ",318,0         ,0,0         ,0,0,0,0,0,0         ,0,0         ,0,0         ,0,0         ,0,0         ,0,0         ,0,0,0,0,0,0,0,0,0,0,0,0,0,UCX31_x0001_|_x0007_:, ,0         ,0         ,0         ,13,"4,41      ",93,0         ,0:37      ,3,2026-06-30 00:37:14,11014086.0,BABU        ,1,104339022021,104319220151,,AUTOMODE_TS1,BV141E2,38,2,,OK,,0,0,0020007910431251065004261670627A,1.15019,1.16528,1.14943,5,5,1.90659,7.48623,4.48743,1,1.2,1.2,1.2,1,1.2,0.5,12,0.5,12,0.5,12,314225,2026-06-30 00:34:56,11014086,BABU        ,13616,104339022021,104319220151,160HP Z101  ,,AUTOMODE,BV141C,20,2,323603,OK,,0,0,9003102010431351065904261769986B,0020007910431251065004261670627A,00200045104311520066-7261772270A,OK,OK,OK,OK,315664,2026-06-30 00:32:32,11014086.0,BABU        ,13616,104339022021,104319220151,160HP Z101  ,AUTOMODE,BV141A,22,2,323603,OK,CA1,0,0,1020104313020080004674879488,OK,OK,0.39,0.45,0.5,0.39,0.434,0.5,OK,,00200045104311520066-7261772270A,OK,OK,202.9,145.2,52.6,146.3,0.0,1.63352,52.0456,52.6673,0.122517,2.00106,54.9374,55.3451,57.8012,11.4755,57.3884,0.163353,0,0,0,0,05ACA008,315447,2026-06-30 00:33:12,11014086.0,BABU        ,13616.0,104339022021,104319220151,160HP Z101  ,AUTOMODE,BV141B,26,2.0,323603.0,OK,,,,00200045104311520066-7261772270A,OK,OK,,OK,OK,316483,2026-06-30 00:36:08,11014086.0,BABU        ,13616,104339022021,104319220151,,AUTOMODE,BV141D,38,2,323603,OK,CA13,,,0020007910431251065004261670627A,,0,147.5,7.6,-113.55,50.1,134,19.6,-223.2,59.6,-223.2,-113.71,0.368285,2.01372,45.0,40.0,5.0,25.6781,51.4836,51.5665,0,0,0,0,0,0,0,0,0,0,0,3.45,0,20.0,0,392499
5101768,1,0020007910431251065004261670698A,2026-06-30 06:17:23,318215, , ,104319220151,0,0,0,0,57000,110000,0,0,120000,0,0,0,0,0:01,1002,513,0         ,0,"3,81      ",157,0         ,0,"1,43      ",169,0         ,0,0         ,0,0,0,0,0,0         ,0,0         ,0,0         ,0,0         ,0,0         ,0,0         ,0,0,0,0,0,0,0,0,0,0,0,0,0,UCX31_x0001_|_x0007_:, ,0         ,0         ,0         ,13,4         ,94,0         ,0:37      ,3,2026-06-30 00:18:58,11014086.0,BABU        ,1,104339022021,104319220151,,AUTOMODE_TS1,BV141E2,38,2,,OK,,0,0,0020007910431251065004261670698A,1.15421,1.15182,1.14604,5,5,2.7521,7.70778,5.05509,1,1.2,1.2,1.2,1,1.2,0.5,12,0.5,12,0.5,12,314203,2026-06-30 00:16:32,11014086,BABU        ,13616,104339022021,104319220151,160HP Z101  ,,AUTOMODE,BV141C,22,2,323580,OK,,0,0,9003102010431351065904261760219B,0020007910431251065004261670698A,00200045104311520066-7261770056C,OK,OK,OK,OK,315642,2026-06-30 00:14:34,11014086.0,BABU        ,13616,104339022021,104319220151,160HP Z101  ,AUTOMODE,BV141A,25,2,323580,OK,CA1,0,0,1020104313020080004674879488,OK,OK,0.39,0.438,0.5,0.39,0.43,0.5,OK,,00200045104311520066-7261770056C,OK,OK,202.9,145.2,52.6,146.3,0.0,2.77699,52.3691,53.3908,0.245029,2.24609,55.4444,55.954,57.6942,2.81783,57.4903,0.367542,0,0,0,0,05ACA004,315425,2026-06-30 00:15:14,11014086.0,BABU        ,13616.0,104339022021,104319220151,160HP Z101  ,AUTOMODE,BV141B,26,2.0,323580.0,OK,,,,00200045104311520066-7261770056C,OK,OK,,OK,OK,316461,2026-06-30 00:17:50,11014086.0,BABU        ,13616,104339022021,104319220151,,AUTOMODE,BV141D,38,2,323580,OK,CA13,,,0020007910431251065004261670698A,,0,147.3,7.6,-113.55,50.1,134,19.6,-223.2,59.6,-223.2,-113.71,0.578383,1.9614,45.0,40.0,5.0,25.0674,52.2856,52.3547,0,0,0,0,0,0,0,0,0,0,0,3.39,0,20.0,0,392477
5097919,1,0020007910431251065004261682729B,2026-06-28 19:49:17,318215, , ,104319220140,0,0,0,0,57000,110000,0,0,120000,0,0,0,0,0:01,1002,513,0         ,0,"1,4       ",141,0         ,0,"1,72      ",168,0         ,0,0         ,0,0,0,0,0,0         ,0,0         ,0,0         ,0,0         ,0,0         ,0,0         ,0,0,0,0,0,0,0,0,0,0,0,0,0,UCX31_x0001_|_x0007_:, ,0         ,0         ,0         ,13,"3,97      ",94,0         ,0:36      ,3,2026-06-28 17:17:09,11014981.0,MAREESWARAN ,1,104339022020,104319220140,,AUTOMODE_TS1,BV141E2,34,1,,OK,,0,0,0020007910431251065004261682729B,1.15975,1.1483,1.14881,5,5,3.82036,8.95808,4.79521,1,1.2,1.2,1.2,1,1.2,0.5,12,0.5,12,0.5,12,313351,2026-06-28 17:14:25,11014086,BABU        ,13616,104339022020,104319220140,140HPW501   ,,AUTOMODE,BV141C,21,1,322675,OK,,0,0,9003102010431351065904261771047A,0020007910431251065004261682729B,00200045104311520066-7261761505B,OK,OK,OK,OK,314760,2026-06-28 17:12:33,11014086.0,BABU        ,13616,104339022020,104319220140,140HPW501   ,AUTOMODE,BV141A,21,1,322675,OK,CA1,0,0,300050104312999991395364110336,OK,OK,0.39,0.426,0.5,0.39,0.44,0.5,OK,,00200045104311520066-7261761505B,OK,OK,202.9,145.2,52.6,146.3,-0.0408363,2.0419,52.2904,53.1083,0.163353,2.40945,55.4625,55.7682,57.6129,2.0419,57.4091,0.408382,0,0,0,0,05ACA001,314532,2026-06-28 17:13:07,11014086.0,BABU        ,13616.0,104339022020,104319220140,140HPW501   ,AUTOMODE,BV141B,26,1.0,322675.0,OK,,,,00200045104311520066-7261761505B,OK,OK,,OK,OK,315572,2026-06-28 17:16:07,11014086.0,BABU        ,13616,104339022020,104319220140,,AUTOMODE,BV141D,37,1,322675,OK,CA13,,,0020007910431251065004261682729B,,0,147.0,8.3,-113.55,50.1,134,19.6,-223.35,59.6,-223.35,-113.71,0.642441,1.97203,45.0,40.0,5.0,26.0475,51.5946,51.7122,0,0,0,0,0,0,0,0,0,0,0,1.64,0,20.0,0,391297
5097957,1,0020007910431251065004261682753B,2026-06-28 20:35:51,318215, , ,104319220140,0,0,0,0,57000,110000,0,0,120000,0,0,0,0,0:01,1002,513,0         ,0,"3,44      ",133,0         ,0,"3,41      ",135,0         ,0,0         ,0,0,0,0,0,0         ,0,0         ,0,0         ,0,0         ,0,0         ,0,0         ,0,0,0,0,0,0,0,0,0,0,0,0,0,UCX31_x0001_|_x0007_:, ,0         ,0         ,0         ,13,"4,01      ",94,0         ,0:37      ,3,2026-06-28 17:24:27,11014981.0,MAREESWARAN ,1,104339022020,104319220140,,AUTOMODE_TS1,BV141E,41,1,,OK,,0,0,0020007910431251065004261682753B,1.17585,1.17611,1.17105,5,5,5.9525,6.005,8.66,1,1.2,1.2,1.2,1,1.2,0.5,12,0.5,12,0.5,12,313358,2026-06-28 17:20:53,11014086,BABU        ,13616,104339022020,104319220140,140HPW501   ,,AUTOMODE,BV141C,19,1,322683,OK,,0,0,9003102010431351065904261760357B,0020007910431251065004261682753B,00200045104311520066-7261762205B,OK,OK,OK,OK,314768,2026-06-28 17:19:33,11014086.0,BABU        ,13616,104339022020,104319220140,140HPW501   ,AUTOMODE,BV141A,35,1,322683,OK,CA1,0,0,300050104312999991395364110336,OK,OK,0.39,0.423,0.5,0.39,0.415,0.5,OK,,00200045104311520066-7261762205B,OK,OK,202.9,145.2,52.6,146.3,-0.0408363,2.20526,52.1043,53.34,0.163353,2.40945,55.7146,56.1223,57.6765,3.10369,57.5746,0.449219,0,0,0,0,05ACA003,314540,2026-06-28 17:20:07,11014086.0,BABU        ,13616.0,104339022020,104319220140,140HPW501   ,AUTOMODE,BV141B,26,1.0,322683.0,OK,,,,00200045104311520066-7261762205B,OK,OK,,OK,OK,315580,2026-06-28 17:23:23,11014086.0,BABU        ,13616,104339022020,104319220140,,AUTOMODE,BV141D,37,1,322683,OK,CA13,,,0020007910431251065004261682753B,,0,147.0,8.2,-113.55,50.1,134,19.6,-223.35,59.6,-223.35,-113.71,0.405903,1.28918,45.0,40.0676,5.0,24.1251,52.3521,52.4385,0,0,0,0,0,0,0,0,0,0,0,1.83,0,20.0,0,391308
5101404,1,0020007910431251065004261682969C,2026-06-30 03:36:12,318215, , ,104319220151,0,0,0,0,57000,110000,0,0,120000,0,0,0,0,0:01,1002,513,0         ,0,"2,53      ",341,0         ,0,"0,94      ",275,0         ,0,0         ,0,0,0,0,0,0         ,0,0         ,0,0         ,0,0         ,0,0         ,0,0         ,0,0,0,0,0,0,0,0,0,0,0,0,0,UCX31_x0001_|_x0007_:, ,0         ,0         ,0         ,13,"3,92      ",94,0         ,0:37      ,3,2026-06-30 02:23:57,11014086.0,BABU        ,1,104339022021,104319220151,,AUTOMODE_TS1,BV141E2,38,2,,OK,,0,0,0020007910431251065004261682969C,1.14843,1.15132,1.14478,5,5,2.89222,7.01916,4.16407,1,1.2,1.2,1.2,1,1.2,0.5,12,0.5,12,0.5,12,314312,2026-06-30 18:57:38,11014981,MAREESWARAN ,13616,104339022020,104319220140,140HPW501   ,,AUTOMODE,BV141C,24,1,324253,OK,,0,0,9003102010431351065904261771939B,0020007910431251065004261682969C,00200045104311520066-7261762195B,OK,OK,OK,OK,316300,2026-06-30 18:56:26,11014981.0,MAREESWARAN ,13616,104339022020,104319220140,140HPW501   ,AUTOMODE,BV141A,24,1,324253,OK,CA1,0,0,300050104312999991395364110336,OK,OK,0.39,0.437,0.5,0.39,0.428,0.5,OK,,00200045104311520066-7261762195B,OK,OK,202.9,145.2,52.6,146.3,0.0,1.75603,52.104,53.0366,0.122513,2.73615,55.3092,55.722,57.7781,12.7006,57.3705,0.408379,0,0,0,0,05ACA002,316089,2026-06-30 18:57:02,11014981.0,MAREESWARAN ,13616.0,104339022020,104319220140,140HPW501   ,AUTOMODE,BV141B,26,1.0,324253.0,OK,,,,00200045104311520066-7261762195B,OK,OK,,OK,OK,317122,2026-06-30 18:58:42,11014981.0,MAREESWARAN ,13616,104339022020,104319220140,,AUTOMODE,BV141D,52,1,324253,NOTOK,CA14,,,0020007910431251065004261682969C,,0,147.0,10.2,-113.55,50.1,134,19.6,-223.35,59.6,-223.35,-113.71,0.138064,0.804164,45.0,40.0,5.0,20.8757,52.0796,52.0879,0,0,0,0,0,0,0,0,0,0,0,1.38,0,20.0,3,393931
5020402,1,0020007910431251065202260940047C,2026-06-05 11:38:26,314116, , ,104319220141,0,0,0,0,57000,110000,0,0,120000,0,0,0,0,0:02,1002,513,0         ,0,"0,99      ",346,0         ,0,"0,14      ",154,0         ,0,0         ,0,0,0,0,0,0         ,0,0         ,0,0         ,0,0         ,0,0         ,0,0         ,0,0,0,0,0,0,0,0,0,0,0,0,0,UCX31_x0001_|_x0007_:, ,0         ,0         ,0         ,3,"4,78      ",93,0         ,0:33      ,3,2026-06-06 09:11:02,11014086.0,BABU        ,1,104339022046,104319220141,,AUTOMODE_TS1,BV141E2,38,1,,OK,,0,0,0020007910431251065202260940047C,1.1634,1.15509,1.15761,5,5,4.33413,8.56168,5.79042,1,1.2,1.2,1.2,1,1.2,0.5,12,0.5,12,0.5,12,286544,2026-06-06 09:09:14,11014086,BABU        ,13616,104339022046,104319220141,140HPW501   ,,AUTOMODE,BV141C,44,1,299452,OK,,0,0,9002102010431351067303261203637A,0020007910431251065202260940047C,0020004510431152006711261540313A,OK,OK,OK,OK,287725,2026-06-06 09:07:36,11014086.0,BABU        ,13616,104339022046,104319220141,140HPW501   ,AUTOMODE,BV141A,21,1,299452,OK,CA1,0,0,1020104313020080004674879488,OK,OK,0.39,0.456,0.5,0.39,0.451,0.5,OK,,0020004510431152006711261540313A,OK,OK,202.9,145.2,52.6,146.3,0.0,2.16442,52.2172,53.3459,0.204189,2.32777,55.6033,56.0161,57.7665,3.06285,57.5626,0.408379,0,0,0,0,05ACA005,288256,2026-06-06 09:08:14,11014086.0,BABU        ,13616.0,104339022046,104319220141,140HPW501   ,AUTOMODE,BV141B,29,1.0,299452.0,OK,,,,0020004510431152006711261540313A,OK,OK,,OK,OK,288404,2026-06-06 09:09:58,11014086.0,BABU        ,13616,104339022046,104319220141,,AUTOMODE,BV141D,32,1,299452,OK,CA14,,,0020007910431251065202260940047C,,0,145.6,5.1,-113.55,50.0,134,18.6,-222.95,59.6,-216.052,-106.71,0.545741,1.50027,45.0,40.6824,5.0,17.4077,52.288,52.2857,0,0,0,0,0,0,0,0,0,0,0,1.79,0,20.0,0,356656
5027692,1,0020007910431251065202260950508B,2026-06-07 09:48:39,314116, , ,104319220141,0,0,0,0,57000,110000,0,0,120000,0,0,0,0,0:02,1002,513,0         ,0,6         ,105,0         ,0,"2,12      ",215,0         ,0,0         ,0,0,0,0,0,0         ,0,0         ,0,0         ,0,0         ,0,0         ,0,0         ,0,0,0,0,0,0,0,0,0,0,0,0,0,UCX31_x0001_|_x0007_:, ,0         ,0         ,0         ,3,"4,82      ",93,0         ,3:44      ,3,2026-06-09 06:56:07,11014981.0,MAREESWARAN ,1,104339022046,104319220141,,AUTOMODE_TS1,BV141E,45,2,,OK,,0,0,0020007910431251065202260950508B,1.17952,1.17219,1.17345,5,5,4.1225,4.26,4.9625,1,1.2,1.2,1.2,1,1.2,0.5,12,0.5,12,0.5,12,289769,2026-06-09 06:53:25,11014086,BABU        ,13616,104339022046,104319220141,140HPW501   ,,AUTOMODE,BV141C,19,2,301799,OK,,0,0,9002102010431351067303261203557A,0020007910431251065202260950508B,0020004510431152006711261540575C,OK,OK,OK,OK,290967,2026-06-09 06:52:05,11014086.0,BABU        ,13616,104339022046,104319220141,140HPW501   ,AUTOMODE,BV141A,22,2,301799,OK,CA1,0,0,1020104313020080004674879488,OK,OK,0.39,0.413,0.5,0.39,0.422,0.5,OK,,0020004510431152006711261540575C,OK,OK,202.9,145.2,52.6,146.3,0.0,1.67436,52.0478,53.179,0.163353,2.53196,55.2428,55.7575,57.6047,3.10369,57.4008,0.408382,0,0,0,0,05ACA004,291511,2026-06-09 06:52:49,11014086.0,BABU        ,13616.0,104339022046,104319220141,140HPW501   ,AUTOMODE,BV141B,28,2.0,301799.0,OK,,,,0020004510431152006711261540575C,OK,OK,,OK,OK,291649,2026-06-09 06:54:59,11014086.0,BABU        ,13616,104339022046,104319220141,,AUTOMODE,BV141D,32,2,301799,OK,CA14,,,0020007910431251065202260950508B,,0,145.5,4.6,-113.55,50.0,134,18.6,-222.95,59.6,-222.95,-113.71,0.632447,2.3853,45.0,40.0,5.0,18.2144,52.037,52.0599,0,0,0,0,0,0,0,0,0,0,0,1.92,0,20.0,0,360395
5021576,1,0020007910431251065202260951014B,2026-06-05 19:12:39,314116, , ,104319220141,0,0,0,0,57000,110000,0,0,120000,0,0,0,0,0:03,1002,513,0         ,0,"3,69      ",192,0         ,0,"2,09      ",237,0         ,0,0         ,0,0,0,0,0,0         ,0,0         ,0,0         ,0,0         ,0,0         ,0,0         ,0,0,0,0,0,0,0,0,0,0,0,0,0,UCX31_x0001_|_x0007_:, ,0         ,0         ,0         ,3,"4,26      ",93,0         ,0:34      ,3,2026-06-06 09:19:32,11014086.0,BABU        ,1,104339022046,104319220141,,AUTOMODE_TS1,BV141E2,38,1,,OK,,0,0,0020007910431251065202260951014B,1.14881,1.16038,1.14767,5,5,3.66587,8.03952,3.98323,1,1.2,1.2,1.2,1,1.2,0.5,12,0.5,12,0.5,12,286553,2026-06-06 09:17:36,11014086,BABU        ,13616,104339022046,104319220141,140HPW501   ,,AUTOMODE,BV141C,23,1,299461,OK,,0,0,9002102010431351067303261203621A,0020007910431251065202260951014B,0020004510431152006711261540523C,OK,OK,OK,OK,287734,2026-06-06 09:15:12,11014086.0,BABU        ,13616,104339022046,104319220141,140HPW501   ,AUTOMODE,BV141A,32,1,299461,OK,CA1,0,0,1020104313020080004674879488,OK,OK,0.39,0.478,0.5,0.39,0.429,0.5,OK,,0020004510431152006711261540523C,OK,OK,202.9,145.2,52.6,146.3,0.0,1.51101,52.184,53.2159,0.122513,1.79688,55.4759,55.8886,57.7384,11.2713,57.4326,0.326702,0,0,0,0,05ACA002,288265,2026-06-06 09:15:56,11014086.0,BABU        ,13616.0,104339022046,104319220141,140HPW501   ,AUTOMODE,BV141B,30,1.0,299461.0,OK,,,,0020004510431152006711261540523C,OK,OK,,OK,OK,288413,2026-06-06 09:18:26,11014086.0,BABU        ,13616,104339022046,104319220141,,AUTOMODE,BV141D,33,1,299461,OK,CA14,,,0020007910431251065202260951014B,,0,146.0,5.6,-113.55,50.0,134,18.6,-222.95,59.6,-216.052,-106.71,0.216507,1.18059,45.0,40.0,5.0,17.7168,51.9372,51.9381,0,0,0,0,0,0,0,0,0,0,0,1.88,0,20.0,0,356665
5034302,1,0020007910431251065202260951113C,2026-06-09 15:59:21,314116, , ,104319220141,0,0,0,0,57000,110000,0,0,120000,0,0,0,0,0:03,1002,513,0         ,0,"1,9       ",350,0         ,0,"2,79      ",43,0         ,0,0         ,0,0,0,0,0,0         ,0,0         ,0,0         ,0,0         ,0,0         ,0,0         ,0,0,0,0,0,0,0,0,0,0,0,0,0,UCX31_x0001_|_x0007_:, ,0         ,0         ,0         ,3,"3,88      ",93,0         ,3:05      ,3,2026-06-10 21:09:06,11014981.0,MAREESWARAN ,1,104339022046,104319220141,,AUTOMODE_TS1,BV141E2,38,2,,OK,,0,0,0020007910431251065202260951113C,1.16843,1.1561,1.15057,5,5,3.51138,7.31617,3.11976,1,1.2,1.2,1.2,1,1.2,0.5,12,0.5,12,0.5,12,291548,2026-06-10 21:07:08,10001033,SAKTHI VIJAY,13616,104339022046,104319220141,140HPW501   ,,AUTOMODE,BV141C,23,2,303655,OK,,0,0,9002102010431351067303261499993A,0020007910431251065202260951113C,0020004510431152006711261490275C,OK,OK,OK,OK,292778,2026-06-10 21:04:34,10001033.0,SAKTHI VIJAY,13616,104339022046,104319220141,140HPW501   ,AUTOMODE,BV141A,22,2,303655,OK,CA1,0,0,1020104313020080004674879488,OK,OK,0.39,0.412,0.5,0.39,0.428,0.5,OK,,0020004510431152006711261490275C,OK,OK,202.9,145.2,52.6,146.3,-0.0408401,1.79687,52.0349,53.0643,0.122513,2.61364,55.4236,55.7344,57.5842,6.28906,57.3803,0.408379,0,0,0,0,05ACA002,293341,2026-06-10 21:05:12,10001033.0,SAKTHI VIJAY,13616.0,104339022046,104319220141,140HPW501   ,AUTOMODE,BV141B,30,2.0,303655.0,OK,,,,0020004510431152006711261490275C,OK,OK,,OK,OK,293470,2026-06-10 21:08:00,10001033.0,SAKTHI VIJAY,13616,104339022046,104319220141,,AUTOMODE,BV141D,34,2,303655,OK,CA14,,,0020007910431251065202260951113C,,0,145.9,5.3,-113.55,50.0,134,18.6,-222.95,59.6,-222.95,-113.71,2.01002,4.79635,45.0,40.0,5.0,20.3857,51.8869,51.9108,0,0,0,0,0,0,0,0,0,0,0,1.69,0,20.0,0,362946
5022797,1,0020007910431251065202260951133C,2026-06-06 02:41:33,314116, , ,104319220141,0,0,0,0,57000,110000,0,0,120000,0,0,0,0,0:02,1002,513,0         ,0,"1,1       ",103,0         ,0,"2,76      ",31,0         ,0,0         ,0,0,0,0,0,0         ,0,0         ,0,0         ,0,0         ,0,0         ,0,0         ,0,0,0,0,0,0,0,0,0,0,0,0,0,UCX31_x0001_|_x0007_:, ,0         ,0         ,0         ,3,"3,93      ",93,0         ,0:33      ,3,2026-06-10 19:17:54,11014981.0,MAREESWARAN ,1,104339022046,104319220141,,AUTOMODE_TS1,BV141E2,38,1,,OK,,0,0,0020007910431251065202260951133C,1.16704,1.15321,1.14704,5,5,3.90419,8.08982,3.9509,1,1.2,1.2,1.2,1,1.2,0.5,12,0.5,12,0.5,12,291525,2026-06-10 19:14:46,11014981,MAREESWARAN ,13616,104339022046,104319220141,140HPW501   ,,AUTOMODE,BV141C,22,1,303624,OK,,0,0,9002102010431351067303261499997A,0020007910431251065202260951133C,0020004510431152006711261530338B,OK,OK,OK,OK,292747,2026-06-10 19:13:34,11014981.0,MAREESWARAN ,13616,104339022046,104319220141,140HPW501   ,AUTOMODE,BV141A,22,1,303624,OK,CA1,0,0,1020104313020080004674879488,OK,OK,0.39,0.417,0.5,0.39,0.433,0.5,OK,,0020004510431152006711261530338B,OK,OK,202.9,145.2,52.6,146.3,-0.0408401,1.38849,52.0966,52.9196,0.0816765,1.38849,54.9884,55.5031,57.5643,9.47443,57.256,0.163353,0,0,0,0,05ACA006,293310,2026-06-10 19:14:14,11014981.0,MAREESWARAN ,13616.0,104339022046,104319220141,140HPW501   ,AUTOMODE,BV141B,30,1.0,303624.0,OK,,,,0020004510431152006711261530338B,OK,OK,,OK,OK,293439,2026-06-10 19:16:50,11014981.0,MAREESWARAN ,13616,104339022046,104319220141,,AUTOMODE,BV141D,31,1,303624,OK,CA13,,,0020007910431251065202260951133C,,0,145.3,5.4,-113.55,50.0,134,18.6,-222.95,59.6,-223.2,-113.71,0.801029,2.98026,45.0,40.0,5.0,20.7476,51.861,51.9461,0,0,0,0,0,0,0,0,0,0,0,1.63,0,20.0,0,362632
5023197,1,0020007910431251065202260951163C,2026-06-06 05:19:44,314116, , ,104319220141,0,0,0,0,57000,110000,0,0,120000,0,0,0,0,0:02,1002,513,0         ,0,"4,01      ",27,0         ,0,"1,51      ",101,0         ,0,0         ,0,0,0,0,0,0         ,0,0         ,0,0         ,0,0         ,0,0         ,0,0         ,0,0,0,0,0,0,0,0,0,0,0,0,0,UCX31_x0001_|_x0007_:, ,0         ,0         ,0         ,3,"4,68      ",93,0         ,0:33      ,3,2026-06-09 08:52:40,11014981.0,MAREESWARAN ,1,104339022046,104319220141,,AUTOMODE_TS1,BV141E,45,1,,OK,,0,0,0020007910431251065202260951163C,1.17649,1.17585,1.17446,5,5,4.665,5.35,5.7125,1,1.2,1.2,1.2,1,1.2,0.5,12,0.5,12,0.5,12,289816,2026-06-09 08:50:42,11014086,BABU        ,13616,104339022046,104319220141,140HPW501   ,,AUTOMODE,BV141C,22,1,301846,OK,,0,0,9002102010431351067303261203647A,0020007910431251065202260951163C,0020004510431152006711261530075B,OK,OK,OK,OK,291014,2026-06-09 08:48:26,11014086.0,BABU        ,13616,104339022046,104319220141,140HPW501   ,AUTOMODE,BV141A,32,1,301846,OK,CA1,0,0,1020104313020080004674879488,OK,OK,0.39,0.429,0.5,0.39,0.447,0.5,OK,,0020004510431152006711261530075B,OK,OK,202.9,145.2,52.6,146.3,0.0,1.14347,52.0994,53.0217,0.0408401,1.47017,55.5823,55.7862,57.6359,2.94034,57.4321,0.285866,0,0,0,0,05ACA001,291558,2026-06-09 08:49:08,11014086.0,BABU        ,13616.0,104339022046,104319220141,140HPW501   ,AUTOMODE,BV141B,28,1.0,301846.0,OK,,,,0020004510431152006711261530075B,OK,OK,,OK,OK,291696,2026-06-09 08:51:34,11014086.0,BABU        ,13616,104339022046,104319220141,,AUTOMODE,BV141D,37,1,301846,OK,CA14,,,0020007910431251065202260951163C,,0,145.1,8.3,-113.55,50.0,134,18.6,-222.95,59.6,-222.95,-113.71,0.717348,1.99031,45.0,40.0779,5.0,26.4622,52.0582,52.5429,0,0,0,0,0,0,0,0,0,0,0,2.05,0,20.0,0,360449
5027745,1,0020007910431251065202260951430C,2026-06-07 10:14:49,314116, , ,104319220141,0,0,0,0,57000,110000,0,0,120000,0,0,0,0,0:02,1002,513,0         ,0,"3,69      ",11,0         ,0,"0,27      ",194,0         ,0,0         ,0,0,0,0,0,0         ,0,0         ,0,0         ,0,0         ,0,0         ,0,0         ,0,0,0,0,0,0,0,0,0,0,0,0,0,UCX31_x0001_|_x0007_:, ,0         ,0         ,0         ,3,"5,02      ",93,0         ,0:33      ,3,2026-06-13 15:48:53,11014981.0,MAREESWARAN ,1,104339022046,104319220141,,AUTOMODE_TS1,BV141E,44,1,,OK,,0,0,0020007910431251065202260951430C,1.17535,1.17636,1.17459,5,5,4.2425,4.78,4.53,1,1.2,1.2,1.2,1,1.2,0.5,12,0.5,12,0.5,12,294622,2026-06-13 15:46:05,11014981,MAREESWARAN ,13616,104339022046,104319220141,140HPW501   ,,AUTOMODE,BV141C,29,1,306881,OK,,0,0,9002102010431351067303261542906B,0020007910431251065202260951430C,0020004510431152006711261580185A,OK,OK,OK,OK,295929,2026-06-13 15:44:03,11014981.0,MAREESWARAN ,13616,104339022046,104319220141,140HPW501   ,AUTOMODE,BV141A,21,1,306881,OK,CA1,0,0,1020104313020080004674879488,OK,OK,0.39,0.415,0.5,0.39,0.426,0.5,OK,,0020004510431152006711261580185A,OK,OK,202.9,145.2,52.6,146.3,0.0,2.85866,52.3234,53.5489,0.285866,2.69531,55.6025,56.1171,56.2401,2.44048,57.4497,0.571732,0,0,0,0,05ACA005,296537,2026-06-13 15:44:45,11014981.0,MAREESWARAN ,13616.0,104339022046,104319220141,140HPW501   ,AUTOMODE,BV141B,29,1.0,306881.0,OK,,,,0020004510431152006711261580185A,OK,OK,,OK,OK,296648,2026-06-13 15:47:43,11014981.0,MAREESWARAN ,13616,104339022046,104319220141,,AUTOMODE,BV141D,36,1,306881,OK,CA13,,,0020007910431251065202260951430C,,0,145.9,6.0,-113.55,50.0,134,18.6,-222.95,59.6,-223.35,-113.71,1.29504,3.30045,45.0,40.0,5.0,23.0997,52.0797,52.2708,0,0,0,0,0,0,0,0,0,0,0,2.06,0,20.0,0,367958
5026570,1,0020007910431251065202260962119B,2026-06-07 01:51:14,314116, , ,104319220141,0,0,0,0,57000,110000,0,0,120000,0,0,0,0,0:02,1002,513,0         ,0,"0,75      ",79,0         ,0,"1,28      ",1,0         ,0,0         ,0,0,0,0,0,0         ,0,0         ,0,0         ,0,0         ,0,0         ,0,0         ,0,0,0,0,0,0,0,0,0,0,0,0,0,UCX31_x0001_|_x0007_:, ,0         ,0         ,0         ,3,"4,94      ",93,0         ,0:33      ,3,2026-06-09 07:15:41,11014981.0,MAREESWARAN ,1,104339022046,104319220141,,AUTOMODE_TS1,BV141E,45,2,,OK,,0,0,0020007910431251065202260962119B,1.17484,1.17269,1.17446,5,5,4.7,5.385,5.5375,1,1.2,1.2,1.2,1,1.2,0.5,12,0.5,12,0.5,12,289786,2026-06-09 07:13:27,11014086,BABU        ,13616,104339022046,104319220141,140HPW501   ,,AUTOMODE,BV141C,18,2,301816,OK,,0,0,9002102010431351067303261203539A,0020007910431251065202260962119B,0020004510431152006711261550009A,OK,OK,OK,OK,290984,2026-06-09 07:07:43,11014086.0,BABU        ,13616,104339022046,104319220141,140HPW501   ,AUTOMODE,BV141A,40,2,301816,OK,CA1,0,0,1020104313020080004674879488,OK,OK,0.39,0.435,0.5,0.39,0.408,0.5,OK,,0020004510431152006711261550009A,OK,OK,202.9,145.2,52.6,146.3,-0.0408401,1.26598,52.0228,53.4623,0.0816765,2.11819,55.7299,56.2401,56.242,2.12358,57.8828,0.245026,0,0,0,0,05ACA010,291528,2026-06-09 07:08:23,11014086.0,BABU        ,13616.0,104339022046,104319220141,140HPW501   ,AUTOMODE,BV141B,28,2.0,301816.0,OK,,,,0020004510431152006711261550009A,OK,OK,,OK,OK,291666,2026-06-09 07:14:33,11014086.0,BABU        ,13616,104339022046,104319220141,,AUTOMODE,BV141D,32,2,301816,OK,CA14,,,0020007910431251065202260962119B,,0,145.1,4.5,-113.55,50.0,134,18.6,-222.95,59.6,-222.95,-113.71,0.401144,1.78953,45.0,40.0,5.0,17.7018,52.2548,52.2558,0,0,0,0,0,0,0,0,0,0,0,1.94,0,20.0,0,360412
5036251,1,0020007910431251065202260962125B,2026-06-10 04:15:24,314116, , ,104319220141,0,0,0,0,57000,110000,0,0,120000,0,0,0,0,0:03,1002,513,0         ,0,"2,44      ",3,0         ,0,"3,01      ",149,0         ,0,0         ,0,0,0,0,0,0         ,0,0         ,0,0         ,0,0         ,0,0         ,0,0         ,0,0,0,0,0,0,0,0,0,0,0,0,0,UCX31_x0001_|_x0007_:, ,0         ,0         ,0         ,3,"4,32      ",94,0         ,0:39      ,3,2026-06-11 02:19:28,11014086.0,BABU        ,1,104339022046,104319220141,,AUTOMODE_TS1,BV141E2,38,2,,OK,,0,0,0020007910431251065202260962125B,1.16239,1.15962,1.16566,5,5,3.42635,7.41198,3.45629,1,1.2,1.2,1.2,1,1.2,0.5,12,0.5,12,0.5,12,291795,2026-06-11 02:17:38,11014086,BABU        ,13616,104339022046,104319220141,140HPW501   ,,AUTOMODE,BV141C,26,2,303915,OK,,0,0,9002102010431351067303261499987A,0020007910431251065202260962125B,0020004510431152006711261380024B,OK,OK,OK,OK,293031,2026-06-11 02:14:30,11014086.0,BABU        ,13616,104339022046,104319220141,140HPW501   ,AUTOMODE,BV141A,27,2,303915,OK,CA1,0,0,1020104313020080004674879488,OK,OK,0.39,0.419,0.5,0.39,0.428,0.5,OK,,0020004510431152006711261380024B,OK,OK,202.9,145.2,52.6,146.3,0.0,0.490055,52.043,53.0749,0.0408363,1.26598,55.3298,55.6432,57.7986,12.7006,57.2865,0.245029,0,0,0,0,05ACA006,293598,2026-06-11 02:15:12,11014086.0,BABU        ,13616.0,104339022046,104319220141,140HPW501   ,AUTOMODE,BV141B,28,2.0,303915.0,OK,,,,0020004510431152006711261380024B,OK,OK,,OK,OK,293726,2026-06-11 02:18:22,11014086.0,BABU        ,13616,104339022046,104319220141,,AUTOMODE,BV141D,33,2,303915,OK,CA14,,,0020007910431251065202260962125B,,0,145.0,4.7,-113.55,50.0,134,18.6,-222.95,59.6,-222.95,-113.71,0.132209,0.876151,45.0,40.0,5.0,19.285,51.9762,52.0372,0,0,0,0,0,0,0,0,0,0,0,1.81,0,20.0,0,363260
5051264,1,0020007910431251065202260974458C,2026-06-14 03:22:31,314116, , ,104319220141,0,0,0,0,57000,110000,0,0,120000,0,0,0,0,0:03,1002,513,0         ,0,"3,05      ",25,0         ,0,"2,27      ",278,0         ,0,0         ,0,0,0,0,0,0         ,0,0         ,0,0         ,0,0         ,0,0         ,0,0         ,0,0,0,0,0,0,0,0,0,0,0,0,0,UCX31_x0001_|_x0007_:, ,0         ,0         ,0         ,3,"4,3       ",94,0         ,2:57      ,3,2026-06-15 15:41:18,11014981.0,MAREESWARAN ,1,104339022046,104319220141,,AUTOMODE_TS1,BV141E2,38,1,,OK,,0,0,0020007910431251065202260974458C,1.15635,1.15447,1.1483,5,5,3.05269,6.83593,2.96407,1,1.2,1.2,1.2,1,1.2,0.5,12,0.5,12,0.5,12,296928,2026-06-15 15:39:00,11014981,MAREESWARAN ,13616,104339022046,104319220141,140HPW501   ,,AUTOMODE,BV141C,21,1,308426,OK,,0,0,9002102010431351067303261553893A,0020007910431251065202260974458C,0020004510431152006711261580019A,OK,OK,OK,OK,298251,2026-06-15 15:37:44,11014981.0,MAREESWARAN ,13616,104339022046,104319220141,140HPW501   ,AUTOMODE,BV141A,22,1,308426,OK,CA1,0,0,1020104313020080004674879488,OK,OK,0.39,0.445,0.5,0.39,0.421,0.5,OK,,0020004510431152006711261580019A,OK,OK,202.9,145.2,52.6,146.3,-0.0408363,1.51101,52.0914,53.531,0.0816765,1.87855,55.7935,56.0992,57.7477,4.41051,57.6458,0.326706,0,0,0,0,05ACA010,298871,2026-06-15 15:38:22,11014981.0,MAREESWARAN ,13616.0,104339022046,104319220141,140HPW501   ,AUTOMODE,BV141B,29,1.0,308426.0,OK,,,,0020004510431152006711261580019A,OK,OK,,OK,OK,298977,2026-06-15 15:40:10,11014981.0,MAREESWARAN ,13616,104339022046,104319220141,,AUTOMODE,BV141D,32,1,308426,OK,CA13,,,0020007910431251065202260974458C,,0,145.1,4.3,-113.55,50.0,134,18.6,-222.95,59.6,-223.35,-113.71,1.00737,2.64045,45.0,40.0,5.0,19.0739,52.2991,52.325,0,0,0,0,0,0,0,0,0,0,0,1.94,0,20.0,0,371397
5023460,1,0020007910431251065202261320236A,2026-06-06 07:35:05,314116, , ,104319220141,0,0,0,0,57000,110000,0,0,120000,0,0,0,0,0:02,1002,513,0         ,0,"1,84      ",75,0         ,0,"1,84      ",110,0         ,0,0         ,0,0,0,0,0,0         ,0,0         ,0,0         ,0,0         ,0,0         ,0,0         ,0,0,0,0,0,0,0,0,0,0,0,0,0,UCX31_x0001_|_x0007_:, ,0         ,0         ,0         ,3,"4,52      ",93,0         ,0:34      ,3,2026-06-09 08:57:52,11014981.0,MAREESWARAN ,1,104339022046,104319220141,,AUTOMODE_TS1,BV141E,44,1,,OK,,0,0,0020007910431251065202261320236A,1.17788,1.17269,1.17408,5,5,5.535,5.945,5.73,1,1.2,1.2,1.2,1,1.2,0.5,12,0.5,12,0.5,12,289822,2026-06-09 08:55:46,11014086,BABU        ,13616,104339022046,104319220141,140HPW501   ,,AUTOMODE,BV141C,22,1,301852,OK,,0,0,9002102010431351067303261203587A,0020007910431251065202261320236A,0020004510431152006711261540277A,OK,OK,OK,OK,291020,2026-06-09 08:53:16,11014086.0,BABU        ,13616,104339022046,104319220141,140HPW501   ,AUTOMODE,BV141A,38,1,301852,OK,CA1,0,0,1020104313020080004674879488,OK,OK,0.39,0.427,0.5,0.39,0.431,0.5,OK,,0020004510431152006711261540277A,OK,OK,202.9,145.2,52.6,146.3,0.0,1.75604,52.117,53.1463,0.163353,2.32777,55.2152,55.6229,57.7707,12.864,57.3631,0.367542,0,0,0,0,05ACA002,291564,2026-06-09 08:54:14,11014086.0,BABU        ,13616.0,104339022046,104319220141,140HPW501   ,AUTOMODE,BV141B,28,1.0,301852.0,OK,,,,0020004510431152006711261540277A,OK,OK,,OK,OK,291702,2026-06-09 08:56:44,11014086.0,BABU        ,13616,104339022046,104319220141,,AUTOMODE,BV141D,37,1,301852,OK,CA14,,,0020007910431251065202261320236A,,0,145.2,8.8,-113.55,50.0,134,18.6,-222.95,59.6,-222.95,-113.71,0.890188,1.58321,45.0,40.5837,5.0,24.3362,51.8858,51.9633,0,0,0,0,0,0,0,0,0,0,0,1.86,0,20.0,0,360455
5023455,1,0020007910431251065202261320284B,2026-06-06 07:33:48,314116, , ,104319220141,0,0,0,0,57000,110000,0,0,120000,0,0,0,0,0:03,1002,513,0         ,0,"1,84      ",75,0         ,0,"1,84      ",110,0         ,0,0         ,0,0,0,0,0,0         ,0,0         ,0,0         ,0,0         ,0,0         ,0,0         ,0,0,0,0,0,0,0,0,0,0,0,0,0,UCX31_x0001_|_x0007_:, ,0         ,0         ,0         ,3,"4,58      ",93,0         ,3:55      ,3,2026-06-05 22:04:04,11014086.0,BABU        ,1,104339022046,104319220141,,AUTOMODE_TS1,BV141E2,38,2,,OK,,0,0,0020007910431251065202261320284B,1.15044,1.1561,1.14805,5,5,3.78204,8.08263,4.93054,1,1.2,1.2,1.2,1,1.2,0.5,12,0.5,12,0.5,12,285953,2026-06-05 22:01:38,11014086,BABU        ,13616,104339022046,104319220141,140HPW501   ,,AUTOMODE,BV141C,24,2,298829,OK,,0,0,9002102010431351067303261479015A,0020007910431251065202261320284B,0020004510431152006711261530252B,OK,OK,OK,OK,287142,2026-06-05 22:00:22,11014086.0,BABU        ,13616,104339022046,104319220141,140HPW501   ,AUTOMODE,BV141A,21,2,298829,OK,CA1,0,0,1020104313020080004674879488,OK,OK,0.39,0.422,0.5,0.39,0.422,0.5,OK,,0020004510431152006711261530252B,OK,OK,202.9,145.2,52.6,146.3,0.0,2.53196,52.1095,53.4446,0.245026,2.81783,55.5899,56.0027,57.6435,3.67543,57.4397,0.571732,0,0,0,0,05ACA003,287668,2026-06-05 22:01:00,11014086.0,BABU        ,13616.0,104339022046,104319220141,140HPW501   ,AUTOMODE,BV141B,29,2.0,298829.0,OK,,,,0020004510431152006711261530252B,OK,OK,,OK,OK,287817,2026-06-05 22:02:58,,,13616,104339022046,104319220141,,AUTOMODE,BV141D,38,2,298829,OK,CA13,,,0020007910431251065202261320284B,,0,145.4,9.6,-113.55,50.0,134,18.6,-222.95,59.6,-216.052,-106.71,0.5813,0.919765,45.0,41.0593,5.0,26.4622,52.1085,53.4225,0,0,0,0,0,0,0,0,0,0,0,1.63,0,20.0,0,356044
5028061,1,0020007910431251065202261320664B,2026-06-07 11:41:03,314116, , ,104319220141,0,0,0,0,57000,110000,0,0,120000,0,0,0,0,0:02,1002,513,0         ,0,"3,75      ",57,0         ,0,"0,63      ",204,0         ,0,0         ,0,0,0,0,0,0         ,0,0         ,0,0         ,0,0         ,0,0         ,0,0         ,0,0,0,0,0,0,0,0,0,0,0,0,0,UCX31_x0001_|_x0007_:, ,0         ,0         ,0         ,3,"4,32      ",94,0         ,0:33      ,3,2026-06-09 11:09:23,11014981.0,MAREESWARAN ,1,104339022046,104319220141,,AUTOMODE_TS1,BV141E2,38,1,,OK,,0,0,0020007910431251065202261320664B,1.16478,1.15358,1.14868,5,5,3.52455,8.04671,4.51617,1,1.2,1.2,1.2,1,1.2,0.5,12,0.5,12,0.5,12,289954,2026-06-09 11:07:07,11014086,BABU        ,13616,104339022046,104319220141,140HPW501   ,,AUTOMODE,BV141C,55,1,301987,OK,,0,0,9002102010431351067303261500257A,0020007910431251065202261320664B,0020004510431152006711261540671B,OK,OK,OK,OK,291153,2026-06-09 11:05:15,11014086.0,BABU        ,13616,104339022046,104319220141,140HPW501   ,AUTOMODE,BV141A,23,1,301987,OK,CA1,0,0,1020104313020080004674879488,OK,OK,0.39,0.445,0.5,0.39,0.419,0.5,OK,,0020004510431152006711261540671B,OK,OK,202.9,145.2,52.6,146.3,0.0,1.42933,52.0456,53.4749,0.122513,1.87855,55.6304,56.0432,56.2401,1.5629,57.6942,0.285866,0,0,0,0,05ACA005,291699,2026-06-09 11:05:55,11014086.0,BABU        ,13616.0,104339022046,104319220141,140HPW501   ,AUTOMODE,BV141B,29,1.0,301987.0,OK,,,,0020004510431152006711261540671B,OK,OK,,OK,OK,291837,2026-06-09 11:08:13,11014086.0,BABU        ,13616,104339022046,104319220141,,AUTOMODE,BV141D,34,1,301987,OK,CA14,,,0020007910431251065202261320664B,,0,145.3,5.3,-113.55,50.0,134,18.6,-222.95,59.6,-222.95,-113.71,1.14731,3.37751,45.0,40.002,5.0,18.5009,52.226,52.2611,0,0,0,0,0,0,0,0,0,0,0,1.68,0,20.0,0,360588
5103789,1,0020007910431251065202261320670B,2026-06-30 18:59:55,314116, , ,104319220141,0,0,0,0,57000,110000,0,0,120000,0,0,0,0,0:01,1002,513,0         ,0,"4,62      ",223,0         ,0,"1,05      ",262,0         ,0,0         ,0,0,0,0,0,0         ,0,0         ,0,0         ,0,0         ,0,0         ,0,0         ,0,0,0,0,0,0,0,0,0,0,0,0,0,UCX31_x0001_|_x0007_:, ,0         ,0         ,0         ,3,"4,27      ",93,0         ,2:44      ,3,2026-06-26 02:47:50,11014981.0,MAREESWARAN ,1,104339022046,104319220141,,AUTOMODE_TS1,BV141E2,38,2,,OK,,0,0,0020007910431251065202261320670B,1.15019,1.15836,1.15119,5,5,2.36886,6.79162,2.4982,1,1.2,1.2,1.2,1,1.2,0.5,12,0.5,12,0.5,12,307927,2026-06-26 02:45:46,11014981,MAREESWARAN ,13616,104339022046,104319220141,140HPW501   ,,AUTOMODE,BV141C,27,2,319676,OK,,0,0,9002102010431351067303261574886A,0020007910431251065202261320670B,0020004510431152006711261740202A,OK,OK,OK,OK,309303,2026-06-26 02:43:54,11014981.0,MAREESWARAN ,13616,104339022046,104319220141,140HPW501   ,AUTOMODE,BV141A,22,2,319676,OK,CA1,0,0,1020104313020080004674879488,OK,OK,0.39,0.412,0.5,0.39,0.422,0.5,OK,,0020004510431152006711261740202A,OK,OK,202.9,145.2,52.6,146.3,-0.122513,2.20526,52.1114,53.342,0.0816765,2.32777,55.5077,55.9179,56.2401,1.65205,57.4619,0.285866,0,0,0,0,05ACA005,310030,2026-06-26 02:44:40,11014981.0,MAREESWARAN ,13616.0,104339022046,104319220141,140HPW501   ,AUTOMODE,BV141B,29,2.0,319676.0,OK,,,,0020004510431152006711261740202A,OK,OK,,OK,OK,310083,2026-06-26 02:46:46,11014981.0,MAREESWARAN ,13616,104339022046,104319220141,,AUTOMODE,BV141D,31,2,319676,OK,CA13,,,0020007910431251065202261320670B,,0,148.2,3.5,-113.55,50.0,134,18.6,-222.95,59.6,-223.35,-113.71,0.433233,1.96929,45.0,40.0,5.0,24.8111,51.9425,52.0725,0,0,0,0,0,0,0,0,0,0,0,1.92,0,20.0,0,384957
5022031,1,0020007910431251065202261320699B,2026-06-05 22:01:32,314116, , ,104319220141,0,0,0,0,57000,110000,0,0,120000,0,0,0,0,0:02,1002,513,0         ,0,"15,19     ",215,0         ,0,"5,25      ",305,0         ,0,0         ,0,0,0,0,0,0         ,0,0         ,0,0         ,0,0         ,0,0         ,0,0         ,0,0,0,0,0,0,0,0,0,0,0,0,0,UCX31_x0001_|_x0007_:, ,0         ,0         ,0         ,3,"4,65      ",93,0         ,0:39      ,3,2026-06-06 09:07:48,11014086.0,BABU        ,1,104339022046,104319220141,,AUTOMODE_TS1,BV141E2,38,1,,OK,,0,0,0020007910431251065202261320699B,1.14981,1.14679,1.16604,5,5,3.22994,7.27186,4.16647,1,1.2,1.2,1.2,1,1.2,0.5,12,0.5,12,0.5,12,286540,2026-06-06 09:05:00,11014086,BABU        ,13616,104339022046,104319220141,140HPW501   ,,AUTOMODE,BV141C,23,1,299448,OK,,0,0,9002102010431351067303261203697A,0020007910431251065202261320699B,0020004510431152006711261540382A,OK,OK,OK,OK,287721,2026-06-06 09:02:50,11014086.0,BABU        ,13616,104339022046,104319220141,140HPW501   ,AUTOMODE,BV141A,21,1,299448,OK,CA1,0,0,1020104313020080004674879488,OK,OK,0.39,0.437,0.5,0.39,0.452,0.5,OK,,0020004510431152006711261540382A,OK,OK,202.9,145.2,52.6,146.3,-0.0408363,1.1843,52.0541,53.3841,0.0816765,2.0419,55.5396,55.9498,57.69,3.87962,57.4861,0.285866,0,0,0,0,05ACA004,288252,2026-06-06 09:03:30,11014086.0,BABU        ,13616.0,104339022046,104319220141,140HPW501   ,AUTOMODE,BV141B,29,1.0,299448.0,OK,,,,0020004510431152006711261540382A,OK,OK,,OK,OK,288400,2026-06-06 09:06:44,11014086.0,BABU        ,13616,104339022046,104319220141,,AUTOMODE,BV141D,33,1,299448,OK,CA14,,,0020007910431251065202261320699B,,0,145.1,5.2,-113.55,50.0,134,18.6,-222.95,59.6,-216.052,-106.71,0.555318,1.2741,45.0,40.7543,5.0,18.7723,52.1371,52.1466,0,0,0,0,0,0,0,0,0,0,0,1.85,0,20.0,0,356652
5006733,1,0020007910431251065202261320755C,2026-06-01 08:21:40,306217, , ,104319220141,0,0,0,0,57000,110000,0,0,120000,0,0,0,0,0:02,1002,513,0         ,0,"6,94      ",152,0         ,0,"5,67      ",128,0         ,0,0         ,0,0,0,0,0,0         ,0,0         ,0,0         ,0,0         ,0,0         ,0,0         ,0,0,0,0,0,0,0,0,0,0,0,0,0,UCX31_x0001_|_x0007_:, ,0         ,0         ,0         ,14,"4,07      ",93,0         ,3:46      ,3,2026-06-04 06:55:52,11014086.0,BABU        ,1,104339022046,104319220141,,AUTOMODE_TS1,BV141E,45,2,,OK,,0,0,0020007910431251065202261320755C,1.17977,1.17472,1.17383,5,5,5.7125,5.47,5.99,1,1.2,1.2,1.2,1,1.2,0.5,12,0.5,12,0.5,12,284018,2026-06-04 06:53:28,11014981,MAREESWARAN ,13616,104339022046,104319220141,140HPW501   ,,AUTOMODE,BV141C,23,2,296810,OK,,0,0,9002102010431351067303261500409A,0020007910431251065202261320755C,0020004510431152006711261530167B,OK,OK,OK,OK,285176,2026-06-04 06:51:56,11014981.0,MAREESWARAN ,13616,104339022046,104319220141,140HPW501   ,AUTOMODE,BV141A,23,2,296810,OK,CA1,0,0,1020104313020080004674879488,OK,OK,0.39,0.423,0.5,0.39,0.443,0.5,OK,,0020004510431152006711261530167B,OK,OK,202.9,145.2,52.6,146.3,-0.0408363,1.91939,52.1784,53.3046,0.122513,2.08274,55.562,55.8703,57.6079,2.0419,57.506,0.326706,0,0,0,0,05ACA001,285700,2026-06-04 06:52:40,11014981.0,MAREESWARAN ,13616.0,104339022046,104319220141,140HPW501   ,AUTOMODE,BV141B,29,2.0,296810.0,OK,,,,0020004510431152006711261530167B,OK,OK,,OK,OK,285855,2026-06-04 06:54:42,11014981.0,MAREESWARAN ,13616,104339022046,104319220141,,AUTOMODE,BV141D,35,2,296810,OK,CA13,,,0020007910431251065202261320755C,,0,145.1,5.9,-113.55,50.0,134,18.6,-222.95,59.6,-216.052,-106.71,0.884756,2.20117,45.0,40.0,5.0,21.7502,52.0284,52.1006,0,0,0,0,0,0,0,0,0,0,0,1.61,0,20.0,0,353830
5021462,1,0020007910431251065202261331408A,2026-06-05 18:30:39,314116, , ,104319220141,0,0,0,0,57000,110000,0,0,120000,0,0,0,0,0:03,1002,513,0         ,0,"2,05      ",18,0         ,0,"0,56      ",272,0         ,0,0         ,0,0,0,0,0,0         ,0,0         ,0,0         ,0,0         ,0,0         ,0,0         ,0,0,0,0,0,0,0,0,0,0,0,0,0,UCX31_x0001_|_x0007_:, ,0         ,0         ,0         ,3,"4,15      ",93,0         ,0:34      ,3,2026-06-06 09:11:52,11014086.0,BABU        ,1,104339022046,104319220141,,AUTOMODE_TS1,BV141E,45,1,,OK,,0,0,0020007910431251065202261331408A,1.17623,1.17143,1.16979,5,5,4.8,5.02,4.9325,1,1.2,1.2,1.2,1,1.2,0.5,12,0.5,12,0.5,12,286545,2026-06-06 09:09:48,11014086,BABU        ,13616,104339022046,104319220141,140HPW501   ,,AUTOMODE,BV141C,22,1,299453,OK,,0,0,9002102010431351067303261203679A,0020007910431251065202261331408A,0020004510431152006711261540418C,OK,OK,OK,OK,287726,2026-06-06 09:08:14,11014086.0,BABU        ,13616,104339022046,104319220141,140HPW501   ,AUTOMODE,BV141A,21,1,299453,OK,CA1,0,0,1020104313020080004674879488,OK,OK,0.39,0.45,0.5,0.39,0.455,0.5,OK,,0020004510431152006711261540418C,OK,OK,202.9,145.2,52.6,146.3,-0.0408363,1.79688,52.0946,53.3252,0.122517,2.08274,55.3763,55.7865,57.6311,4.98224,57.4273,0.326706,0,0,0,0,05ACA002,288257,2026-06-06 09:08:52,11014086.0,BABU        ,13616.0,104339022046,104319220141,140HPW501   ,AUTOMODE,BV141B,29,1.0,299453.0,OK,,,,0020004510431152006711261540418C,OK,OK,,OK,OK,288405,2026-06-06 09:10:42,11014086.0,BABU        ,13616,104339022046,104319220141,,AUTOMODE,BV141D,33,1,299453,OK,CA14,,,0020007910431251065202261331408A,,0,145.4,5.3,-113.55,50.0,134,18.6,-222.95,59.6,-216.052,-106.71,0.300028,1.67322,45.0,40.0,5.0,17.4907,51.9112,51.915,0,0,0,0,0,0,0,0,0,0,0,1.77,0,20.0,0,356657
5020624,1,0020007910431251065202261331475A,2026-06-05 13:12:04,314116, , ,104319220141,0,0,0,0,57000,110000,0,0,120000,0,0,0,0,0:02,1002,513,0         ,0,"2,49      ",61,0         ,0,"1,24      ",331,0         ,0,0         ,0,0,0,0,0,0         ,0,0         ,0,0         ,0,0         ,0,0         ,0,0         ,0,0,0,0,0,0,0,0,0,0,0,0,0,UCX31_x0001_|_x0007_:, ,0         ,0         ,0         ,3,"4,59      ",93,0         ,0:33      ,3,2026-06-06 09:07:24,11014086.0,BABU        ,1,104339022046,104319220141,,AUTOMODE_TS1,BV141E,45,1,,OK,,0,0,0020007910431251065202261331475A,1.17396,1.17092,1.17686,5,5,5.65,7.7025,6.39,1,1.2,1.2,1.2,1,1.2,0.5,12,0.5,12,0.5,12,286539,2026-06-06 09:04:12,11014086,BABU        ,13616,104339022046,104319220141,140HPW501   ,,AUTOMODE,BV141C,22,1,299447,OK,,0,0,9002102010431351067303261203657A,0020007910431251065202261331475A,0020004510431152006711261540342A,OK,OK,OK,OK,287720,2026-06-06 09:02:12,11014086.0,BABU        ,13616,104339022046,104319220141,140HPW501   ,AUTOMODE,BV141A,22,1,299447,OK,CA1,0,0,1020104313020080004674879488,OK,OK,0.39,0.447,0.5,0.39,0.47,0.5,OK,,0020004510431152006711261540342A,OK,OK,202.9,145.2,52.6,146.3,-0.0408363,1.91939,52.1355,53.3712,0.163353,2.32777,55.4273,55.9394,57.6898,3.47124,57.3841,0.408382,0,0,0,0,05ACA001,288251,2026-06-06 09:02:50,11014086.0,BABU        ,13616.0,104339022046,104319220141,140HPW501   ,AUTOMODE,BV141B,29,1.0,299447.0,OK,,,,0020004510431152006711261540342A,OK,OK,,OK,OK,288399,2026-06-06 09:06:00,11014086.0,BABU        ,13616,104339022046,104319220141,,AUTOMODE,BV141D,34,1,299447,OK,CA14,,,0020007910431251065202261331475A,,0,145.3,5.2,-113.55,50.0,134,18.6,-222.95,59.6,-216.052,-106.71,0.41643,1.90541,45.0,40.0,5.0,20.5289,52.0788,52.1112,0,0,0,0,0,0,0,0,0,0,0,1.68,0,20.0,0,356651
5008874,1,0020007910431251065202261331640A,2026-06-01 22:29:43,314116, , ,104319220141,0,0,0,0,57000,110000,0,0,120000,0,0,0,0,0:03,1002,513,0         ,0,"1,67      ",98,0         ,0,"1,14      ",4,0         ,0,0         ,0,0,0,0,0,0         ,0,0         ,0,0         ,0,0         ,0,0         ,0,0         ,0,0,0,0,0,0,0,0,0,0,0,0,0,UCX31_x0001_|_x0007_:, ,0         ,0         ,0         ,3,"5,49      ",93,0         ,4:12      ,3,2026-06-04 21:41:09,11014086.0,BABU        ,1,104339022046,104319220141,,AUTOMODE_TS1,BV141E,45,2,,OK,,0,0,0020007910431251065202261331640A,1.17459,1.17156,1.17345,5,5,4.6625,5.205,5.0025,1,1.2,1.2,1.2,1,1.2,0.5,12,0.5,12,0.5,12,284710,2026-06-04 21:38:02,11014086,BABU        ,13616,104339022046,104319220141,140HPW501   ,,AUTOMODE,BV141C,24,2,297535,OK,,0,0,9002102010431351067303261500445A,0020007910431251065202261331640A,0020004510431152006711261540164A,OK,OK,OK,OK,285867,2026-06-04 21:36:02,11014086.0,BABU        ,13616,104339022046,104319220141,140HPW501   ,AUTOMODE,BV141A,24,2,297535,OK,CA1,0,0,1020104313020080004674879488,OK,OK,0.39,0.416,0.5,0.39,0.425,0.5,OK,,0020004510431152006711261540164A,OK,OK,202.9,145.2,52.6,146.3,0.0,1.55185,52.0662,53.1898,0.122517,1.91939,55.5567,55.9644,57.7122,3.18537,57.302,0.449219,0,0,0,0,05ACA010,286393,2026-06-04 21:36:40,11014086.0,BABU        ,13616.0,104339022046,104319220141,140HPW501   ,AUTOMODE,BV141B,30,2.0,297535.0,OK,,,,0020004510431152006711261540164A,OK,OK,,OK,OK,286548,2026-06-04 21:39:56,11014086.0,BABU        ,13616,104339022046,104319220141,,AUTOMODE,BV141D,38,2,297535,OK,CA13,,,0020007910431251065202261331640A,,0,145.2,9.1,-113.55,50.0,134,18.6,-222.95,59.6,-216.052,-106.71,1.28798,2.18633,45.0,40.8331,5.0,21.1622,52.2219,52.2712,0,0,0,0,0,0,0,0,0,0,0,1.63,0,20.0,0,354675
5006070,1,0020007910431251065202261331650A,2026-05-31 20:53:16,314116, , ,104319220141,0,0,0,0,57000,110000,0,0,120000,0,0,0,0,0:03,1002,513,0         ,0,"5,29      ",230,0         ,0,"1,09      ",167,0         ,0,0         ,0,0,0,0,0,0         ,0,0         ,0,0         ,0,0         ,0,0         ,0,0         ,0,0,0,0,0,0,0,0,0,0,0,0,0,UCX31_x0001_|_x0007_:, ,0         ,0         ,0         ,3,"5,35      ",93,0         ,5:41      ,3,2026-06-04 22:20:25,11014086.0,BABU        ,1,104339022046,104319220141,,AUTOMODE_TS1,BV141E,44,2,,OK,,0,0,0020007910431251065202261331650A,1.17257,1.17282,1.17345,5,5,4.9525,5.2075,5.225,1,1.2,1.2,1.2,1,1.2,0.5,12,0.5,12,0.5,12,284753,2026-06-04 22:17:13,11014086,BABU        ,13616,104339022046,104319220141,140HPW501   ,,AUTOMODE,BV141C,21,2,297579,OK,,0,0,9002102010431351067303261478812A,0020007910431251065202261331650A,0020004510431152006711261530251B,OK,OK,OK,OK,285910,2026-06-04 22:15:11,11014086.0,BABU        ,13616,104339022046,104319220141,140HPW501   ,AUTOMODE,BV141A,22,2,297579,OK,CA1,0,0,1020104313020080004674879488,OK,OK,0.39,0.412,0.5,0.39,0.42,0.5,OK,,0020004510431152006711261530251B,OK,OK,202.9,145.2,52.6,146.3,0.0,1.06179,52.1045,53.3326,0.0816765,1.55185,55.4907,56.0053,57.5544,1.96023,57.348,0.326706,0,0,0,0,05ACA003,286436,2026-06-04 22:15:51,11014086.0,BABU        ,13616.0,104339022046,104319220141,140HPW501   ,AUTOMODE,BV141B,29,2.0,297579.0,OK,,,,0020004510431152006711261530251B,OK,OK,,OK,OK,286591,2026-06-04 22:19:11,11014086.0,BABU        ,13616,104339022046,104319220141,,AUTOMODE,BV141D,38,2,297579,OK,CA13,,,0020007910431251065202261331650A,,0,145.3,9.3,-113.55,50.0,134,18.6,-222.95,59.6,-216.052,-106.71,1.10512,1.65106,45.0,41.0566,5.0,24.7056,52.0925,52.3269,0,0,0,0,0,0,0,0,0,0,0,1.81,0,20.0,0,354729
5023849,1,0020007910431251065202261331956B,2026-06-06 10:07:27,314116, , ,104319220141,0,0,0,0,57000,110000,0,0,120000,0,0,0,0,0:02,1002,513,0         ,0,"3,7       ",116,0         ,0,"0,6       ",154,0         ,0,0         ,0,0,0,0,0,0         ,0,0         ,0,0         ,0,0         ,0,0         ,0,0         ,0,0,0,0,0,0,0,0,0,0,0,0,0,UCX31_x0001_|_x0007_:, ,0         ,0         ,0         ,3,"4,49      ",94,0         ,0:33      ,3,2026-06-09 08:57:00,11014981.0,MAREESWARAN ,1,104339022046,104319220141,,AUTOMODE_TS1,BV141E2,38,1,,OK,,0,0,0020007910431251065202261331956B,1.15296,1.15371,1.14365,5,5,2.48982,5.88383,2.96287,1,1.2,1.2,1.2,1,1.2,0.5,12,0.5,12,0.5,12,289821,2026-06-09 08:55:02,11014086,BABU        ,13616,104339022046,104319220141,140HPW501   ,,AUTOMODE,BV141C,41,1,301851,OK,,0,0,9002102010431351067303261203613A,0020007910431251065202261331956B,0020004510431152006711261530133B,OK,OK,OK,OK,291019,2026-06-09 08:52:16,11014086.0,BABU        ,13616,104339022046,104319220141,140HPW501   ,AUTOMODE,BV141A,22,1,301851,OK,CA1,0,0,1020104313020080004674879488,OK,OK,0.39,0.419,0.5,0.39,0.431,0.5,OK,,0020004510431152006711261530133B,OK,OK,202.9,145.2,52.6,146.3,-0.0408363,1.10263,52.2341,53.0545,0.0816765,1.42933,55.2253,56.0431,57.684,2.24609,57.582,0.204193,0,0,0,0,05ACA005,291563,2026-06-09 08:53:16,11014086.0,BABU        ,13616.0,104339022046,104319220141,140HPW501   ,AUTOMODE,BV141B,28,1.0,301851.0,OK,,,,0020004510431152006711261530133B,OK,OK,,OK,OK,291701,2026-06-09 08:55:56,11014086.0,BABU        ,13616,104339022046,104319220141,,AUTOMODE,BV141D,37,1,301851,OK,CA14,,,0020007910431251065202261331956B,,0,145.1,8.5,-113.55,50.0,134,18.6,-222.95,59.6,-222.95,-113.71,0.750996,1.28164,40.0,42.203,5.0,22.7906,52.3075,52.2888,0,0,0,0,0,0,0,0,0,0,0,1.95,0,20.0,0,360454
5009920,1,0020007910431251065202261332052B,2026-06-02 07:31:06,314116, , ,104319220141,0,0,0,0,57000,110000,0,0,120000,0,0,0,0,0:03,1002,513,0         ,0,"4,41      ",254,0         ,0,"1,2       ",11,0         ,0,0         ,0,0,0,0,0,0         ,0,0         ,0,0         ,0,0         ,0,0         ,0,0         ,0,0,0,0,0,0,0,0,0,0,0,0,0,UCX31_x0001_|_x0007_:, ,0         ,0         ,0         ,3,"4,82      ",93,0         ,0:34      ,3,2026-06-04 07:50:30,11014086.0,BABU        ,1,104339022046,104319220141,,AUTOMODE_TS1,BV141E2,38,2,,OK,,0,0,0020007910431251065202261332052B,1.1522,1.15283,1.16755,5,5,2.43473,6.08503,2.77365,1,1.2,1.2,1.2,1,1.2,0.5,12,0.5,12,0.5,12,284081,2026-06-04 07:48:20,11014981,MAREESWARAN ,13616,104339022046,104319220141,140HPW501   ,,AUTOMODE,BV141C,27,2,296874,OK,,0,0,9002102010431351067303261500444A,0020007910431251065202261332052B,0020004510431152006711261530206B,OK,OK,OK,OK,285240,2026-06-04 07:46:56,11014981.0,MAREESWARAN ,13616,104339022046,104319220141,140HPW501   ,AUTOMODE,BV141A,23,2,296874,OK,CA1,0,0,1020104313020080004674879488,OK,OK,0.39,0.421,0.5,0.39,0.424,0.5,OK,,0020004510431152006711261530206B,OK,OK,202.9,145.2,52.6,146.3,-0.0408363,2.36861,52.1581,53.1874,0.163353,1.96023,55.45,55.8576,56.2401,1.39207,57.6997,0.204189,0,0,0,0,05ACA008,285764,2026-06-04 07:47:40,11014981.0,MAREESWARAN ,13616.0,104339022046,104319220141,140HPW501   ,AUTOMODE,BV141B,30,2.0,296874.0,OK,,,,0020004510431152006711261530206B,OK,OK,,OK,OK,285919,2026-06-04 07:49:24,11014981.0,MAREESWARAN ,13616,104339022046,104319220141,,AUTOMODE,BV141D,34,2,296874,OK,CA13,,,0020007910431251065202261332052B,,0,145.5,5.8,-113.55,50.0,134,18.6,-222.95,59.6,-216.052,-106.71,2.16006,4.26138,45.0,40.0,5.0,22.8359,52.3082,52.4564,0,0,0,0,0,0,0,0,0,0,0,1.7,0,20.0,0,353896
5021817,1,0020007910431251065202261332327C,2026-06-05 20:49:19,314116, , ,104319220141,0,0,0,0,57000,110000,0,0,120000,0,0,0,0,0:03,1002,513,0         ,0,"4,52      ",314,0         ,0,"1,02      ",199,0         ,0,0         ,0,0,0,0,0,0         ,0,0         ,0,0         ,0,0         ,0,0         ,0,0         ,0,0,0,0,0,0,0,0,0,0,0,0,0,UCX31_x0001_|_x0007_:, ,0         ,0         ,0         ,3,"5,36      ",93,0         ,0:33      ,3,2026-06-06 09:08:38,11014086.0,BABU        ,1,104339022046,104319220141,,AUTOMODE_TS1,BV141E,44,1,,OK,,0,0,0020007910431251065202261332327C,1.17269,1.17143,1.1756,5,5,5.645,6.045,7.0375,1,1.2,1.2,1.2,1,1.2,0.5,12,0.5,12,0.5,12,286541,2026-06-06 09:06:02,11014086,BABU        ,13616,104339022046,104319220141,140HPW501   ,,AUTOMODE,BV141C,26,1,299449,OK,,0,0,9002102010431351067303261203666A,0020007910431251065202261332327C,0020004510431152006711261540588C,OK,OK,OK,OK,287722,2026-06-06 09:03:32,11014086.0,BABU        ,13616,104339022046,104319220141,140HPW501   ,AUTOMODE,BV141A,21,1,299449,OK,CA1,0,0,1020104313020080004674879488,OK,OK,0.39,0.437,0.5,0.39,0.442,0.5,OK,,0020004510431152006711261540588C,OK,OK,202.9,145.2,52.6,146.3,-0.0408363,1.51101,52.0973,53.226,0.122517,2.20526,55.5904,56.1,56.2401,2.0879,57.537,0.449219,0,0,0,0,05ACA010,288253,2026-06-06 09:04:14,11014086.0,BABU        ,13616.0,104339022046,104319220141,140HPW501   ,AUTOMODE,BV141B,29,1.0,299449.0,OK,,,,0020004510431152006711261540588C,OK,OK,,OK,OK,288401,2026-06-06 09:07:28,11014086.0,BABU        ,13616,104339022046,104319220141,,AUTOMODE,BV141D,33,1,299449,OK,CA14,,,0020007910431251065202261332327C,,0,145.6,5.2,-113.55,50.0,134,18.6,-222.95,59.6,-216.052,-106.71,0.772303,2.21911,45.0,40.0,5.0,18.5688,52.304,52.3216,0,0,0,0,0,0,0,0,0,0,0,1.89,0,20.0,0,356653
5054652,1,0020007910431251065202261332695C,2026-06-15 21:48:56,314116, , ,104319220141,0,0,0,0,57000,110000,0,0,120000,0,0,0,0,0:03,1002,513,0         ,0,"2,15      ",285,0         ,0,"1,9       ",247,0         ,0,0         ,0,0,0,0,0,0         ,0,0         ,0,0         ,0,0         ,0,0         ,0,0         ,0,0,0,0,0,0,0,0,0,0,0,0,0,UCX31_x0001_|_x0007_:, ,0         ,0         ,0         ,3,"4,48      ",93,0         ,0:33      ,3,2026-06-17 14:33:55,11014086.0,BABU        ,1,104339022046,104319220141,,AUTOMODE_TS1,BV141E,45,1,,OK,,0,0,0020007910431251065202261332695C,1.17295,1.1756,1.17535,5,5,4.2375,4.0575,4.5725,1,1.2,1.2,1.2,1,1.2,0.5,12,0.5,12,0.5,12,299296,2026-06-17 14:31:55,11014981,MAREESWARAN ,13616,104339022046,104319220141,140HPW501   ,,AUTOMODE,BV141C,30,1,310851,OK,,0,0,9002102010431351067303261542451A,0020007910431251065202261332695C,0020004510431152006711261652159C,OK,OK,OK,OK,300648,2026-06-17 14:29:45,11014981.0,MAREESWARAN ,13616,104339022046,104319220141,140HPW501   ,AUTOMODE,BV141A,22,1,310851,OK,CA1,0,0,1020104313020080004674879488,OK,OK,0.39,0.456,0.5,0.39,0.44,0.5,OK,,0020004510431152006711261652159C,OK,OK,202.9,145.2,52.6,146.3,0.0,1.51101,52.0405,53.0673,0.0816765,1.87855,55.4291,55.6355,57.6942,9.80114,57.2865,0.326706,0,0,0,0,05ACA006,301284,2026-06-17 14:30:27,11014981.0,MAREESWARAN ,13616.0,104339022046,104319220141,140HPW501   ,AUTOMODE,BV141B,31,1.0,310851.0,OK,,,,0020004510431152006711261652159C,OK,OK,,OK,OK,301382,2026-06-17 14:32:47,11014981.0,MAREESWARAN ,13616,104339022046,104319220141,,AUTOMODE,BV141D,32,1,310851,OK,CA13,,,0020007910431251065202261332695C,,0,145.3,4.2,-113.55,50.0,134,18.6,-222.95,59.6,-223.35,-113.71,0.213724,1.04861,45.0,40.0,5.0,18.8326,52.0026,52.0476,0,0,0,0,0,0,0,0,0,0,0,1.81,0,20.0,0,374525
5006384,1,0020007910431251065202261342978A,2026-06-01 03:22:12,314116, , ,104319220141,0,0,0,0,57000,110000,0,0,120000,0,0,0,0,0:03,1002,513,0         ,0,"49,51     ",241,0         ,0,"19,25     ",224,0         ,0,0         ,0,0,0,0,0,0         ,0,0         ,0,0         ,0,0         ,0,0         ,0,0         ,0,0,0,0,0,0,0,0,0,0,0,0,0,UCX31_x0001_|_x0007_:, ,0         ,0         ,0         ,3,"5,21      ",93,0         ,1:05      ,3,2026-06-04 22:16:07,11014086.0,BABU        ,1,104339022046,104319220141,,AUTOMODE_TS1,BV141E2,38,2,,OK,,0,0,0020007910431251065202261342978A,1.15233,1.16352,1.14742,5,5,3.03114,7.87066,4.11138,1,1.2,1.2,1.2,1,1.2,0.5,12,0.5,12,0.5,12,284748,2026-06-04 22:13:23,11014086,BABU        ,13616,104339022046,104319220141,140HPW501   ,,AUTOMODE,BV141C,27,2,297574,OK,,0,0,9002102010431351067303261479061A,0020007910431251065202261342978A,0020004510431152006711261530319B,OK,OK,OK,OK,285905,2026-06-04 22:11:51,11014086.0,BABU        ,13616,104339022046,104319220141,140HPW501   ,AUTOMODE,BV141A,23,2,297574,OK,CA1,0,0,1020104313020080004674879488,OK,OK,0.39,0.416,0.5,0.39,0.411,0.5,OK,,0020004510431152006711261530319B,OK,OK,202.9,145.2,52.6,146.3,-0.0408401,0.980114,52.1936,53.2204,0.0408363,2.0419,55.2841,56.0026,57.7428,4.57386,57.4371,0.367542,0,0,0,0,05ACA001,286431,2026-06-04 22:12:31,11014086.0,BABU        ,13616.0,104339022046,104319220141,140HPW501   ,AUTOMODE,BV141B,30,2.0,297574.0,OK,,,,0020004510431152006711261530319B,OK,OK,,OK,OK,286586,2026-06-04 22:15:01,11014086.0,BABU        ,13616,104339022046,104319220141,,AUTOMODE,BV141D,38,2,297574,OK,CA13,,,0020007910431251065202261342978A,,0,145.1,9.5,-113.55,50.0,134,18.6,-222.95,59.6,-216.052,-106.71,0.535275,0.882072,40.0909,41.4533,5.0,24.9619,51.9771,52.1491,0,0,0,0,0,0,0,0,0,0,0,2.4,0,20.0,0,354724
5006235,1,0020007910431251065202261343049A,2026-06-01 00:06:01,314116, , ,104319220141,0,0,0,0,57000,110000,0,0,120000,0,0,0,0,0:03,1002,513,0         ,0,"4,18      ",34,0         ,0,"1,77      ",358,0         ,0,0         ,0,0,0,0,0,0         ,0,0         ,0,0         ,0,0         ,0,0         ,0,0         ,0,0,0,0,0,0,0,0,0,0,0,0,0,UCX31_x0001_|_x0007_:, ,0         ,0         ,0         ,3,"5,44      ",93,0         ,0:39      ,3,2026-06-04 22:18:41,11014086.0,BABU        ,1,104339022046,104319220141,,AUTOMODE_TS1,BV141E,45,2,,OK,,0,0,0020007910431251065202261343049A,1.17231,1.17396,1.17446,5,5,4.8,5.355,6.1875,1,1.2,1.2,1.2,1,1.2,0.5,12,0.5,12,0.5,12,284751,2026-06-04 22:15:35,11014086,BABU        ,13616,104339022046,104319220141,140HPW501   ,,AUTOMODE,BV141C,22,2,297577,OK,,0,0,9002102010431351067303261479042A,0020007910431251065202261343049A,0020004510431152006711261540118A,OK,OK,OK,OK,285908,2026-06-04 22:13:51,11014086.0,BABU        ,13616,104339022046,104319220141,140HPW501   ,AUTOMODE,BV141A,23,2,297577,OK,CA1,0,0,1020104313020080004674879488,OK,OK,0.39,0.396,0.5,0.39,0.396,0.5,OK,,0020004510431152006711261540118A,OK,OK,202.9,145.2,52.6,146.3,-0.0408363,2.0419,52.3618,53.2867,0.163353,2.08274,55.3377,55.8524,57.7072,9.67862,57.4015,0.326706,0,0,0,0,05ACA002,286434,2026-06-04 22:14:29,11014086.0,BABU        ,13616.0,104339022046,104319220141,140HPW501   ,AUTOMODE,BV141B,29,2.0,297577.0,OK,,,,0020004510431152006711261540118A,OK,OK,,OK,OK,286589,2026-06-04 22:17:31,11014086.0,BABU        ,13616,104339022046,104319220141,,AUTOMODE,BV141D,38,2,297577,OK,CA13,,,0020007910431251065202261343049A,,0,145.6,9.2,-113.55,50.0,134,18.6,-222.95,59.6,-216.052,-106.71,0.426826,0.949924,40.0,42.3328,5.0,23.537,51.8596,51.9153,0,0,0,0,0,0,0,0,0,0,0,2.18,0,20.0,0,354727
5047796,1,0020007910431251065202261343084A,2026-06-13 05:31:55,314116, , ,104319220141,0,0,0,0,57000,110000,0,0,120000,0,0,0,0,0:03,1002,513,0         ,0,"1,43      ",154,0         ,0,"0,7       ",158,0         ,0,0         ,0,0,0,0,0,0         ,0,0         ,0,0         ,0,0         ,0,0         ,0,0         ,0,0,0,0,0,0,0,0,0,0,0,0,0,UCX31_x0001_|_x0007_:, ,0         ,0         ,0         ,3,"4,8       ",93,0         ,0:34      ,3,2026-06-13 15:53:55,11014981.0,MAREESWARAN ,1,104339022046,104319220141,,AUTOMODE_TS1,BV141E2,39,1,,OK,,0,0,0020007910431251065202261343084A,1.16252,1.15962,1.15182,5,5,2.68024,6.71018,2.75329,1,1.2,1.2,1.2,1,1.2,0.5,12,0.5,12,0.5,12,294628,2026-06-13 15:51:15,11014981,MAREESWARAN ,13616,104339022046,104319220141,140HPW501   ,,AUTOMODE,BV141C,23,1,306888,OK,,0,0,9002102010431351067303261542894B,0020007910431251065202261343084A,0020004510431152006711261580178C,OK,OK,OK,OK,295935,2026-06-13 15:49:35,11014981.0,MAREESWARAN ,13616,104339022046,104319220141,140HPW501   ,AUTOMODE,BV141A,22,1,306888,OK,CA1,0,0,1020104313020080004674879488,OK,OK,0.39,0.395,0.5,0.39,0.421,0.5,OK,,0020004510431152006711261580178C,OK,OK,202.9,145.2,52.6,146.3,-0.0408363,2.73615,52.1069,53.3477,0.245029,2.36861,55.5057,56.0204,57.6663,2.61364,57.4625,0.490059,0,0,0,0,05ACA005,296544,2026-06-13 15:50:19,11014981.0,MAREESWARAN ,13616.0,104339022046,104319220141,140HPW501   ,AUTOMODE,BV141B,29,1.0,306888.0,OK,,,,0020004510431152006711261580178C,OK,OK,,OK,OK,296655,2026-06-13 15:52:47,11014981.0,MAREESWARAN ,13616,104339022046,104319220141,,AUTOMODE,BV141D,35,1,306888,OK,CA13,,,0020007910431251065202261343084A,,0,145.2,5.8,-113.55,50.0,134,18.6,-222.95,59.6,-223.35,-113.71,0.73221,1.66614,45.0,40.378,5.0,21.4185,52.3184,52.355,0,0,0,0,0,0,0,0,0,0,0,1.75,0,20.0,0,367964
5057976,1,0020007910431251065202261343162A,2026-06-16 20:14:13,314116, , ,104319220141,0,0,0,0,57000,110000,0,0,120000,0,0,0,0,0:02,1002,513,0         ,0,"1,86      ",5,0         ,0,"1,69      ",283,0         ,0,0         ,0,0,0,0,0,0         ,0,0         ,0,0         ,0,0         ,0,0         ,0,0         ,0,0,0,0,0,0,0,0,0,0,0,0,0,UCX31_x0001_|_x0007_:, ,0         ,0         ,0         ,3,"4,63      ",94,0         ,0:33      ,3,2026-06-19 21:12:29,11014981.0,MAREESWARAN ,1,104339022046,104319220141,,AUTOMODE_TS1,BV141E2,38,2,,OK,,0,0,0020007910431251065202261343162A,1.14088,1.14553,1.14742,5,5,2.49461,6.83952,3.4012,1,1.2,1.2,1.2,1,1.2,0.5,12,0.5,12,0.5,12,301324,2026-06-19 21:10:13,11014981,MAREESWARAN ,13616,104339022046,104319220141,140HPW501   ,,AUTOMODE,BV141C,21,2,312835,OK,,0,0,9002102010431351067303261521164A,0020007910431251065202261343162A,0020004510431152006711261652116C,OK,OK,OK,OK,302607,2026-06-19 21:08:59,11014981.0,MAREESWARAN ,13616,104339022046,104319220141,140HPW501   ,AUTOMODE,BV141A,22,2,312835,OK,CA1,0,0,1020104313020080004674879488,OK,OK,0.39,0.444,0.5,0.39,0.429,0.5,OK,,0020004510431152006711261652116C,OK,OK,202.9,145.2,52.6,146.3,0.0,0.816761,52.5117,53.3321,0.122513,1.42933,55.3831,55.7933,57.6354,2.73615,57.3297,0.285866,0,0,0,0,05ACA003,303256,2026-06-19 21:09:41,11014981.0,MAREESWARAN ,13616.0,104339022046,104319220141,140HPW501   ,AUTOMODE,BV141B,30,2.0,312835.0,OK,,,,0020004510431152006711261652116C,OK,OK,,OK,OK,303357,2026-06-19 21:11:25,11014981.0,MAREESWARAN ,13616,104339022046,104319220141,,AUTOMODE,BV141D,34,2,312835,OK,CA14,,,0020007910431251065202261343162A,,0,145.2,6.3,-113.55,50.0,134,18.6,-222.95,59.6,-223.35,-113.71,1.24999,2.23157,45.0,40.6045,5.0,22.4288,52.3403,52.378,0,0,0,0,0,0,0,0,0,0,0,1.81,0,20.0,0,377375
5051760,1,0020007910431251065202261343305B,2026-06-14 08:42:21,314116, , ,104319220141,0,0,0,0,57000,110000,0,0,120000,0,0,0,0,0:02,1002,513,0         ,0,"1,73      ",318,0         ,0,"2,19      ",183,0         ,0,0         ,0,0,0,0,0,0         ,0,0         ,0,0         ,0,0         ,0,0         ,0,0         ,0,0,0,0,0,0,0,0,0,0,0,0,0,UCX31_x0001_|_x0007_:, ,0         ,0         ,0         ,3,"4,2       ",94,0         ,0:33      ,3,2026-06-17 14:18:27,11014086.0,BABU        ,1,104339022046,104319220141,,AUTOMODE_TS1,BV141E2,38,1,,OK,,0,0,0020007910431251065202261343305B,1.14805,1.14818,1.16868,5,5,2.08623,5.01437,2.59401,1,1.2,1.2,1.2,1,1.2,0.5,12,0.5,12,0.5,12,299275,2026-06-17 14:15:51,11014981,MAREESWARAN ,13616,104339022046,104319220141,140HPW501   ,,AUTOMODE,BV141C,18,1,310830,OK,,0,0,9002102010431351067303261542439A,0020007910431251065202261343305B,0020004510431152006711261652297C,OK,OK,OK,OK,300627,2026-06-17 14:13:43,11014981.0,MAREESWARAN ,13616,104339022046,104319220141,140HPW501   ,AUTOMODE,BV141A,22,1,310830,OK,CA1,0,0,1020104313020080004674879488,OK,OK,0.39,0.457,0.5,0.39,0.45,0.5,OK,,0020004510431152006711261652297C,OK,OK,202.9,145.2,52.6,146.3,-0.0408363,1.51101,52.0434,53.0702,0.0816765,1.67436,55.4269,55.6308,57.6792,2.81783,57.5773,0.204193,0,0,0,0,05ACA006,301263,2026-06-17 14:14:35,11014981.0,MAREESWARAN ,13616.0,104339022046,104319220141,140HPW501   ,AUTOMODE,BV141B,29,1.0,310830.0,OK,,,,0020004510431152006711261652297C,OK,OK,,OK,OK,301361,2026-06-17 14:17:21,11014981.0,MAREESWARAN ,13616,104339022046,104319220141,,AUTOMODE,BV141D,32,1,310830,OK,CA13,,,0020007910431251065202261343305B,,0,145.3,4.3,-113.55,50.0,134,18.6,-222.95,59.6,-223.35,-113.71,1.04007,2.53934,45.0,40.0,5.0,22.572,51.9464,52.0218,0,0,0,0,0,0,0,0,0,0,0,1.83,0,20.0,0,374504
5053185,1,0020007910431251065202261343883C,2026-06-15 11:14:05,314116, , ,104319220141,0,0,0,0,57000,110000,0,0,120000,0,0,0,0,0:02,1002,513,0         ,0,"2,2       ",99,0         ,0,"0,72      ",177,0         ,0,0         ,0,0,0,0,0,0         ,0,0         ,0,0         ,0,0         ,0,0         ,0,0         ,0,0,0,0,0,0,0,0,0,0,0,0,0,UCX31_x0001_|_x0007_:, ,0         ,0         ,0         ,3,"4,23      ",93,0         ,0:33      ,3,2026-06-17 14:33:09,11014086.0,BABU        ,1,104339022046,104319220141,,AUTOMODE_TS1,BV141E2,38,1,,OK,,0,0,0020007910431251065202261343883C,1.15358,1.1556,1.14742,5,5,2.38204,6.10539,2.63832,1,1.2,1.2,1.2,1,1.2,0.5,12,0.5,12,0.5,12,299295,2026-06-17 14:31:01,11014981,MAREESWARAN ,13616,104339022046,104319220141,140HPW501   ,,AUTOMODE,BV141C,19,1,310850,OK,,0,0,9002102010431351067303261531733B,0020007910431251065202261343883C,0020004510431152006711261652194C,OK,OK,OK,OK,300647,2026-06-17 14:29:07,11014981.0,MAREESWARAN ,13616,104339022046,104319220141,140HPW501   ,AUTOMODE,BV141A,22,1,310850,OK,CA1,0,0,1020104313020080004674879488,OK,OK,0.39,0.451,0.5,0.39,0.467,0.5,OK,,0020004510431152006711261652194C,OK,OK,202.9,145.2,52.6,146.3,0.0,1.79688,52.7846,53.1923,0.163353,1.47017,55.5618,56.0739,57.7173,3.96129,57.5134,0.326706,0,0,0,0,05ACA010,301283,2026-06-17 14:29:45,11014981.0,MAREESWARAN ,13616.0,104339022046,104319220141,140HPW501   ,AUTOMODE,BV141B,30,1.0,310850.0,OK,,,,0020004510431152006711261652194C,OK,OK,,OK,OK,301381,2026-06-17 14:32:03,11014981.0,MAREESWARAN ,13616,104339022046,104319220141,,AUTOMODE,BV141D,32,1,310850,OK,CA13,,,0020007910431251065202261343883C,,0,145.5,4.3,-113.55,50.0,134,18.6,-222.95,59.6,-223.35,-113.71,2.07014,5.36111,45.0,40.0,5.0,16.9177,52.3629,52.4287,0,0,0,0,0,0,0,0,0,0,0,1.61,0,20.0,0,374524
5052888,1,0020007910431251065202261343919C,2026-06-15 09:28:45,314116, , ,104319220141,0,0,0,0,57000,110000,0,0,120000,0,0,0,0,0:02,1002,513,0         ,0,"4,35      ",308,0         ,0,"0,4       ",93,0         ,0,0         ,0,0,0,0,0,0         ,0,0         ,0,0         ,0,0         ,0,0         ,0,0         ,0,0,0,0,0,0,0,0,0,0,0,0,0,UCX31_x0001_|_x0007_:, ,0         ,0         ,0         ,3,"4,63      ",93,0         ,2:41      ,3,2026-06-17 14:28:01,11014086.0,BABU        ,1,104339022046,104319220141,,AUTOMODE_TS1,BV141E,44,1,,OK,,0,0,0020007910431251065202261343919C,1.17737,1.17472,1.17484,5,5,3.91,5.0975,4.9975,1,1.2,1.2,1.2,1,1.2,0.5,12,0.5,12,0.5,12,299288,2026-06-17 14:26:07,11014981,MAREESWARAN ,13616,104339022046,104319220141,140HPW501   ,,AUTOMODE,BV141C,68,1,310843,OK,,0,0,9002102010431351067303261542435A,0020007910431251065202261343919C,0020004510431152006711261630192C,OK,OK,OK,OK,300640,2026-06-17 14:23:39,11014981.0,MAREESWARAN ,13616,104339022046,104319220141,140HPW501   ,AUTOMODE,BV141A,31,1,310843,OK,CA1,0,0,1020104313020080004674879488,OK,OK,0.39,0.439,0.5,0.39,0.425,0.5,OK,,0020004510431152006711261630192C,OK,OK,202.9,145.2,52.6,146.3,-0.0408363,1.51101,52.1176,53.2488,0.0816765,1.91939,55.4935,56.1075,57.7509,3.4304,57.5471,0.326706,0,0,0,0,05ACA010,301276,2026-06-17 14:24:23,11014981.0,MAREESWARAN ,13616.0,104339022046,104319220141,140HPW501   ,AUTOMODE,BV141B,29,1.0,310843.0,OK,,,,0020004510431152006711261630192C,OK,OK,,OK,OK,301374,2026-06-17 14:26:53,11014981.0,MAREESWARAN ,13616,104339022046,104319220141,,AUTOMODE,BV141D,32,1,310843,OK,CA13,,,0020007910431251065202261343919C,,0,145.4,4.3,-113.55,50.0,134,18.6,-222.95,59.6,-223.35,-113.71,2.82207,4.26125,45.0,40.0,5.0,20.8833,51.2191,52.4822,0,0,0,0,0,0,0,0,0,0,0,1.89,0,20.0,0,374517
5053389,1,0020007910431251065202261344018C,2026-06-15 12:34:09,314116, , ,104319220141,0,0,0,0,57000,110000,0,0,120000,0,0,0,0,0:02,1002,513,0         ,0,"2,13      ",161,0         ,0,"1,52      ",105,0         ,0,0         ,0,0,0,0,0,0         ,0,0         ,0,0         ,0,0         ,0,0         ,0,0         ,0,0,0,0,0,0,0,0,0,0,0,0,0,UCX31_x0001_|_x0007_:, ,0         ,0         ,0         ,3,"4,73      ",93,0         ,0:33      ,3,2026-06-17 14:29:31,11014086.0,BABU        ,1,104339022046,104319220141,,AUTOMODE_TS1,BV141E,45,1,,OK,,0,0,0020007910431251065202261344018C,1.17522,1.17762,1.17636,5,5,3.95,4.3675,5.2575,1,1.2,1.2,1.2,1,1.2,0.5,12,0.5,12,0.5,12,299290,2026-06-17 14:27:27,11014981,MAREESWARAN ,13616,104339022046,104319220141,140HPW501   ,,AUTOMODE,BV141C,19,1,310845,OK,,0,0,9002102010431351067303261542492A,0020007910431251065202261344018C,0020004510431152006711261652149C,OK,OK,OK,OK,300642,2026-06-17 14:25:05,11014981.0,MAREESWARAN ,13616,104339022046,104319220141,140HPW501   ,AUTOMODE,BV141A,24,1,310845,OK,CA1,0,0,1020104313020080004674879488,OK,OK,0.39,0.459,0.5,0.39,0.449,0.5,OK,,0020004510431152006711261652149C,OK,OK,202.9,145.2,52.6,146.3,0.0,1.63352,52.0481,53.1794,0.122513,1.67436,55.4444,55.8572,57.6025,1.87855,57.3986,0.326702,0,0,0,0,05ACA005,301278,2026-06-17 14:25:43,11014981.0,MAREESWARAN ,13616.0,104339022046,104319220141,140HPW501   ,AUTOMODE,BV141B,29,1.0,310845.0,OK,,,,0020004510431152006711261652149C,OK,OK,,OK,OK,301376,2026-06-17 14:28:21,11014981.0,MAREESWARAN ,13616,104339022046,104319220141,,AUTOMODE,BV141D,32,1,310845,OK,CA13,,,0020007910431251065202261344018C,,0,145.2,4.2,-113.55,50.0,134,18.6,-222.95,59.6,-223.35,-113.71,1.16555,2.55214,45.0,40.0,5.0,22.6474,52.3005,52.4466,0,0,0,0,0,0,0,0,0,0,0,1.81,0,20.0,0,374519
5052156,1,0020007910431251065202261344023C,2026-06-14 12:55:58,314116, , ,104319220141,0,0,0,0,57000,110000,0,0,120000,0,0,0,0,0:02,1002,513,0         ,0,"2,79      ",75,0         ,0,"1,66      ",88,0         ,0,0         ,0,0,0,0,0,0         ,0,0         ,0,0         ,0,0         ,0,0         ,0,0         ,0,0,0,0,0,0,0,0,0,0,0,0,0,UCX31_x0001_|_x0007_:, ,0         ,0         ,0         ,3,"4,23      ",93,0         ,0:33      ,3,2026-06-17 03:38:22,11014086.0,BABU        ,1,104339022046,104319220141,,AUTOMODE_TS1,BV141E2,38,2,,OK,,0,0,0020007910431251065202261344023C,1.16101,1.1517,1.14843,5,5,2.82275,6.73174,3.58323,1,1.2,1.2,1.2,1,1.2,0.5,12,0.5,12,0.5,12,298761,2026-06-17 03:35:36,11014981,MAREESWARAN ,13616,104339022046,104319220141,140HPW501   ,,AUTOMODE,BV141C,21,2,310309,OK,,0,0,9002102010431351067303261500603A,0020007910431251065202261344023C,0020004510431152006711261652139A,OK,OK,OK,OK,300110,2026-06-17 03:33:28,11014981.0,MAREESWARAN ,13616,104339022046,104319220141,140HPW501   ,AUTOMODE,BV141A,22,2,310309,OK,CA1,0,0,1020104313020080004674879488,OK,OK,0.39,0.45,0.5,0.39,0.445,0.5,OK,,0020004510431152006711261652139A,OK,OK,202.9,145.2,52.6,146.3,0.0,1.10263,52.1203,53.1522,0.122517,1.91939,55.2083,55.7204,57.774,10.7813,57.1574,0.367542,0,0,0,0,05ACA006,300743,2026-06-17 03:34:10,11014981.0,MAREESWARAN ,13616.0,104339022046,104319220141,140HPW501   ,AUTOMODE,BV141B,30,2.0,310309.0,OK,,,,0020004510431152006711261652139A,OK,OK,,OK,OK,300843,2026-06-17 03:37:18,11014981.0,MAREESWARAN ,13616,104339022046,104319220141,,AUTOMODE,BV141D,34,2,310309,OK,CA13,,,0020007910431251065202261344023C,,0,145.7,6.1,-113.55,50.0,134,18.6,-222.95,59.6,-223.35,-113.71,1.44801,3.06425,45.0,40.0,5.0,21.019,51.9561,51.986,0,0,0,0,0,0,0,0,0,0,0,1.52,0,20.0,0,373958
5049079,1,0020007910431251065202261344109C,2026-06-13 14:22:31,314116, , ,104319220141,0,0,0,0,57000,110000,0,0,120000,0,0,0,0,0:02,1002,513,0         ,0,"1,97      ",94,0         ,0,"2,99      ",255,0         ,0,0         ,0,0,0,0,0,0         ,0,0         ,0,0         ,0,0         ,0,0         ,0,0         ,0,0,0,0,0,0,0,0,0,0,0,0,0,UCX31_x0001_|_x0007_:, ,0         ,0         ,0         ,3,"4,33      ",93,0         ,0:33      ,3,2026-06-15 15:33:54,11014981.0,MAREESWARAN ,1,104339022046,104319220141,,AUTOMODE_TS1,BV141E2,38,1,,OK,,0,0,0020007910431251065202261344109C,1.14994,1.15748,1.15547,5,5,2.84192,6.13413,2.9988,1,1.2,1.2,1.2,1,1.2,0.5,12,0.5,12,0.5,12,296918,2026-06-15 15:31:44,11014981,MAREESWARAN ,13616,104339022046,104319220141,140HPW501   ,,AUTOMODE,BV141C,22,1,308416,OK,,0,0,9002102010431351067303261553975A,0020007910431251065202261344109C,0020004510431152006711261580180C,OK,OK,OK,OK,298241,2026-06-15 15:30:30,11014981.0,MAREESWARAN ,13616,104339022046,104319220141,140HPW501   ,AUTOMODE,BV141A,22,1,308416,OK,CA1,0,0,1020104313020080004674879488,OK,OK,0.39,0.443,0.5,0.39,0.436,0.5,OK,,0020004510431152006711261580180C,OK,OK,202.9,145.2,52.6,146.3,0.0408363,1.42933,52.247,53.07,0.122513,1.63352,55.4344,56.0535,57.6944,3.67543,57.4905,0.326702,0,0,0,0,05ACA001,298861,2026-06-15 15:31:10,11014981.0,MAREESWARAN ,13616.0,104339022046,104319220141,140HPW501   ,AUTOMODE,BV141B,31,1.0,308416.0,OK,,,,0020004510431152006711261580180C,OK,OK,,OK,OK,298967,2026-06-15 15:32:46,11014981.0,MAREESWARAN ,13616,104339022046,104319220141,,AUTOMODE,BV141D,32,1,308416,OK,CA13,,,0020007910431251065202261344109C,,0,145.0,4.2,-113.55,50.0,134,18.6,-222.95,59.6,-223.35,-113.71,2.04309,3.66856,44.6943,40.0,5.0,21.8633,50.6338,52.0299,0,0,0,0,0,0,0,0,0,0,0,1.79,0,20.0,0,371387
5087549,1,0020007910431251065202261354314A,2026-06-25 17:13:34,314116, , ,104319220141,0,0,0,0,57000,110000,0,0,120000,0,0,0,0,0:01,1002,513,0         ,0,"5,2       ",254,0         ,0,"1,61      ",307,0         ,0,0         ,0,0,0,0,0,0         ,0,0         ,0,0         ,0,0         ,0,0         ,0,0         ,0,0,0,0,0,0,0,0,0,0,0,0,0,UCX31_x0001_|_x0007_:, ,0         ,0         ,0         ,3,"4,26      ",93,0         ,0:32      ,3,2026-06-24 06:11:40,11014981.0,MAREESWARAN ,1,104339022046,104319220141,,AUTOMODE_TS1,BV141E,45,2,,OK,,0,0,0020007910431251065202261354314A,1.17446,1.17345,1.17927,5,5,4.69,5.645,5.2,1,1.2,1.2,1.2,1,1.2,0.5,12,0.5,12,0.5,12,305685,2026-06-24 06:07:58,11014981,MAREESWARAN ,13616,104339022046,104319220141,140HPW501   ,,AUTOMODE,BV141C,19,2,317364,OK,,0,0,9002102010431351067303261574417A,0020007910431251065202261354314A,0020004510431152006711261740568C,OK,OK,OK,OK,307036,2026-06-24 06:05:12,11014981.0,MAREESWARAN ,13616,104339022046,104319220141,140HPW501   ,AUTOMODE,BV141A,23,2,317364,OK,CA1,0,0,1020104313020080004674879488,OK,OK,0.39,0.404,0.5,0.39,0.416,0.5,OK,,0020004510431152006711261740568C,OK,OK,202.9,145.2,52.6,146.3,-0.0408401,1.91939,52.1076,53.3357,0.122513,2.0419,55.6976,56.0033,56.2401,1.58597,57.555,0.367542,0,0,0,0,05ACA003,307735,2026-06-24 06:06:40,11014981.0,MAREESWARAN ,13616.0,104339022046,104319220141,140HPW501   ,AUTOMODE,BV141B,30,2.0,317364.0,OK,CA4,,,0020004510431152006711261740568C,OK,OK,,OK,OK,307808,2026-06-24 06:09:06,11014981.0,MAREESWARAN ,13616,104339022046,104319220141,,AUTOMODE,BV141D,36,2,317364,OK,CA13,,,0020007910431251065202261354314A,,0,145.1,8.8,-113.55,50.0,134,18.6,-222.95,59.6,-223.35,-113.71,1.62802,3.50257,45.0,40.0,5.0,23.341,52.3794,52.4233,0,0,0,0,0,0,0,0,0,0,0,1.75,0,20.0,0,382398
5103713,1,0020007910431251065202261354333A,2026-06-30 18:32:46,314116, , ,104319220141,0,0,0,0,57000,110000,0,0,120000,0,0,0,0,0:01,1002,513,0         ,0,"3,2       ",322,0         ,0,"1,41      ",342,0         ,0,0         ,0,0,0,0,0,0         ,0,0         ,0,0         ,0,0         ,0,0         ,0,0         ,0,0,0,0,0,0,0,0,0,0,0,0,0,UCX31_x0001_|_x0007_:, ,0         ,0         ,0         ,3,"4,42      ",93,0         ,0:32      ,3,2026-06-26 03:04:48,11014981.0,MAREESWARAN ,1,104339022046,104319220141,,AUTOMODE_TS1,BV141E,45,2,,OK,,0,0,0020007910431251065202261354333A,1.17434,1.1713,1.17686,5,5,4.8725,8.82,6.1625,1,1.2,1.2,1.2,1,1.2,0.5,12,0.5,12,0.5,12,307947,2026-06-26 03:02:42,11014981,MAREESWARAN ,13616,104339022046,104319220141,140HPW501   ,,AUTOMODE,BV141C,42,2,319697,OK,,0,0,9002102010431351067303261574923A,0020007910431251065202261354333A,0020004510431152006711261740714C,OK,OK,OK,OK,309323,2026-06-26 03:00:30,11014981.0,MAREESWARAN ,13616,104339022046,104319220141,140HPW501   ,AUTOMODE,BV141A,22,2,319697,OK,CA1,0,0,1020104313020080004674879488,OK,OK,0.39,0.426,0.5,0.39,0.406,0.5,OK,,0020004510431152006711261740714C,OK,OK,202.9,145.2,52.6,146.3,0.0,2.94034,52.3407,53.0567,0.285866,2.98118,55.123,55.6351,57.5817,9.06605,57.0695,0.612572,0,0,0,0,05ACA006,310051,2026-06-26 03:01:14,11014981.0,MAREESWARAN ,13616.0,104339022046,104319220141,140HPW501   ,AUTOMODE,BV141B,29,2.0,319697.0,OK,,,,0020004510431152006711261740714C,OK,OK,,OK,OK,310103,2026-06-26 03:03:24,11014981.0,MAREESWARAN ,13616,104339022046,104319220141,,AUTOMODE,BV141D,31,2,319697,OK,CA13,,,0020007910431251065202261354333A,,0,147.1,3.4,-113.55,50.0,134,18.6,-222.95,59.6,-223.35,-113.71,0.452121,1.94723,45.0,40.0,5.0,19.4207,51.9314,51.9832,0,0,0,0,0,0,0,0,0,0,0,1.91,0,20.0,0,384977
5045074,1,0020007910431251065202261354353A,2026-06-12 14:12:00,314116, , ,104319220141,0,0,0,0,57000,110000,0,0,120000,0,0,0,0,0:02,1002,513,0         ,0,"52,21     ",344,0         ,0,23        ,325,0         ,0,0         ,0,0,0,0,0,0         ,0,0         ,0,0         ,0,0         ,0,0         ,0,0         ,0,0,0,0,0,0,0,0,0,0,0,0,0,UCX31_x0001_|_x0007_:, ,0         ,0         ,0         ,3,5         ,93,0         ,1:32      ,3,2026-06-13 09:15:32,11014890.0,SUDALAI     ,1,104339022046,104319220141,,AUTOMODE_TS1,BV141E,45,1,,OK,,0,0,0020007910431251065202261354353A,1.1775,1.17269,1.17484,5,5,4.2275,4.305,4.5825,1,1.2,1.2,1.2,1,1.2,0.5,12,0.5,12,0.5,12,294275,2026-06-13 09:13:24,11014890,SUDALAI     ,13616,104339022046,104319220141,140HPW501   ,,AUTOMODE,BV141C,32,1,306522,OK,,0,0,9002102010431351067303261478991A,0020007910431251065202261354353A,0020004510431152006711261590053A,OK,OK,OK,OK,295579,2026-06-13 09:10:44,11014890.0,SUDALAI     ,13616,104339022046,104319220141,140HPW501   ,AUTOMODE,BV141A,33,1,306522,OK,CA1,0,0,1020104313020080004674879488,OK,OK,0.39,0.404,0.5,0.39,0.413,0.5,OK,,0020004510431152006711261590053A,OK,OK,202.9,145.2,52.6,146.3,0.0,1.02095,52.0715,53.3021,0.0408363,1.34766,55.6614,55.7659,57.6131,2.73615,57.3048,0.245026,0,0,0,0,05ACA010,296183,2026-06-13 09:11:26,11014890.0,SUDALAI     ,13616.0,104339022046,104319220141,140HPW501   ,AUTOMODE,BV141B,29,1.0,306522.0,OK,,,,0020004510431152006711261590053A,OK,OK,,OK,OK,296296,2026-06-13 09:14:20,11014890.0,SUDALAI     ,13616,104339022046,104319220141,,AUTOMODE,BV141D,35,1,306522,OK,CA13,,,0020007910431251065202261354353A,,0,145.4,5.8,-113.55,50.0,134,18.6,-222.95,59.6,-222.95,-113.71,0.187822,1.08268,45.0,40.0,5.0,19.7222,52.3081,52.2912,0,0,0,0,0,0,0,0,0,0,0,1.68,0,20.0,0,367594
5103492,1,0020007910431251065202261354471A,2026-06-30 17:20:32,314116, , ,104319220141,0,0,0,0,57000,110000,0,0,120000,0,0,0,0,0:01,1002,513,0         ,0,"3,31      ",63,0         ,0,"3,14      ",109,0         ,0,0         ,0,0,0,0,0,0         ,0,0         ,0,0         ,0,0         ,0,0         ,0,0         ,0,0,0,0,0,0,0,0,0,0,0,0,0,UCX31_x0001_|_x0007_:, ,0         ,0         ,0         ,3,"4,38      ",94,0         ,0:32      ,3,2026-06-26 03:13:37,11014981.0,MAREESWARAN ,1,104339022046,104319220141,,AUTOMODE_TS1,BV141E2,38,2,,OK,,0,0,0020007910431251065202261354471A,1.14868,1.14491,1.16667,5,5,3.04431,7.21198,3.52216,1,1.2,1.2,1.2,1,1.2,0.5,12,0.5,12,0.5,12,307960,2026-06-26 03:11:43,11014981,MAREESWARAN ,13616,104339022046,104319220141,140HPW501   ,,AUTOMODE,BV141C,26,2,319710,OK,,0,0,9002102010431351067303261574942A,0020007910431251065202261354471A,0020004510431152006711261740551C,OK,OK,OK,OK,309336,2026-06-26 03:09:38,11014981.0,MAREESWARAN ,13616,104339022046,104319220141,140HPW501   ,AUTOMODE,BV141A,24,2,319710,OK,CA1,0,0,1020104313020080004674879488,OK,OK,0.39,0.424,0.5,0.39,0.416,0.5,OK,,0020004510431152006711261740551C,OK,OK,202.9,145.2,52.6,146.3,-0.0408363,2.5728,52.0581,53.3957,0.204193,2.5728,55.6582,56.0685,57.6176,2.73615,57.5156,0.490059,0,0,0,0,05ACA010,310064,2026-06-26 03:10:19,11014981.0,MAREESWARAN ,13616.0,104339022046,104319220141,140HPW501   ,AUTOMODE,BV141B,29,2.0,319710.0,OK,,,,0020004510431152006711261740551C,OK,OK,,OK,OK,310116,2026-06-26 03:12:33,11014981.0,MAREESWARAN ,13616,104339022046,104319220141,,AUTOMODE,BV141D,31,2,319710,OK,CA13,,,0020007910431251065202261354471A,,0,147.5,3.3,-113.55,50.0,134,18.6,-222.95,59.6,-223.35,-113.71,1.30294,3.08409,45.0,40.0,5.0,22.7906,52.2879,52.3747,0,0,0,0,0,0,0,0,0,0,0,1.77,0,20.0,0,384990
5086189,1,0020007910431251065202261354486A,2026-06-25 07:48:32,314116, , ,104319220141,0,0,0,0,57000,110000,0,0,120000,0,0,0,0,0:01,1002,513,0         ,0,"5,3       ",154,0         ,0,"5,44      ",115,0         ,0,0         ,0,0,0,0,0,0         ,0,0         ,0,0         ,0,0         ,0,0         ,0,0         ,0,0,0,0,0,0,0,0,0,0,0,0,0,UCX31_x0001_|_x0007_:, ,0         ,0         ,0         ,3,"4,44      ",93,0         ,0:32      ,3,2026-06-24 09:43:58,11014981.0,MAREESWARAN ,1,104339022046,104319220141,,AUTOMODE_TS1,BV141E,45,1,,OK,,0,0,0020007910431251065202261354486A,1.17977,1.17231,1.17573,5,5,4.9075,4.995,5.13,1,1.2,1.2,1.2,1,1.2,0.5,12,0.5,12,0.5,12,305880,2026-06-24 09:41:10,11014981,MAREESWARAN ,13616,104339022046,104319220141,140HPW501   ,,AUTOMODE,BV141C,20,1,317561,OK,,0,0,9002102010431351067303261575519B,0020007910431251065202261354486A,0020004510431152006711261730029A,OK,OK,OK,OK,307231,2026-06-24 09:39:50,11014981.0,MAREESWARAN ,13616,104339022046,104319220141,140HPW501   ,AUTOMODE,BV141A,22,1,317561,OK,CA1,0,0,1020104313020080004674879488,OK,OK,0.39,0.408,0.5,0.39,0.408,0.5,OK,,0020004510431152006711261730029A,OK,OK,202.9,145.2,52.6,146.3,-0.0408363,2.81783,52.0634,53.294,0.245029,2.65448,55.5463,55.852,57.6967,2.36861,57.5922,0.408382,0,0,0,0,05ACA001,307931,2026-06-24 09:40:32,11014981.0,MAREESWARAN ,13616.0,104339022046,104319220141,140HPW501   ,AUTOMODE,BV141B,31,1.0,317561.0,OK,,,,0020004510431152006711261730029A,OK,OK,,OK,OK,308003,2026-06-24 09:42:48,11014981.0,MAREESWARAN ,13616,104339022046,104319220141,,AUTOMODE,BV141D,37,1,317561,OK,CA13,,,0020007910431251065202261354486A,,0,145.2,8.4,-113.55,50.0,134,18.6,-222.95,59.6,-223.35,-113.71,1.30726,3.10316,45.0,40.0,5.0,25.4067,51.9956,52.1946,0,0,0,0,0,0,0,0,0,0,0,1.69,0,20.0,0,382596
5086443,1,0020007910431251065202261354524A,2026-06-25 09:44:40,314116, , ,104319220141,0,0,0,0,57000,110000,0,0,120000,0,0,0,0,0:01,1002,513,0         ,0,"3,3       ",202,0         ,0,"1,57      ",16,0         ,0,0         ,0,0,0,0,0,0         ,0,0         ,0,0         ,0,0         ,0,0         ,0,0         ,0,0,0,0,0,0,0,0,0,0,0,0,0,UCX31_x0001_|_x0007_:, ,0         ,0         ,0         ,3,"4,57      ",93,0         ,0:32      ,3,2026-06-24 09:31:02,11014981.0,MAREESWARAN ,1,104339022046,104319220141,,AUTOMODE_TS1,BV141E,45,1,,OK,,0,0,0020007910431251065202261354524A,1.17901,1.17535,1.17611,5,5,4.655,5.265,5.2525,1,1.2,1.2,1.2,1,1.2,0.5,12,0.5,12,0.5,12,305865,2026-06-24 09:28:34,11014981,MAREESWARAN ,13616,104339022046,104319220141,140HPW501   ,,AUTOMODE,BV141C,29,1,317546,OK,,0,0,9002102010431351067303261575234B,0020007910431251065202261354524A,0020004510431152006711261730410B,OK,OK,OK,OK,307216,2026-06-24 09:26:02,11014981.0,MAREESWARAN ,13616,104339022046,104319220141,140HPW501   ,AUTOMODE,BV141A,22,1,317546,OK,CA1,0,0,1020104313020080004674879488,OK,OK,0.39,0.415,0.5,0.39,0.407,0.5,OK,,0020004510431152006711261730410B,OK,OK,202.9,145.2,52.6,146.3,-0.0408363,2.61364,52.3948,53.2127,0.204189,2.16442,55.4828,55.893,57.6332,2.45028,57.5313,0.326706,0,0,0,0,05ACA005,307916,2026-06-24 09:26:46,11014981.0,MAREESWARAN ,13616.0,104339022046,104319220141,140HPW501   ,AUTOMODE,BV141B,30,1.0,317546.0,OK,,,,0020004510431152006711261730410B,OK,OK,,OK,OK,307988,2026-06-24 09:29:52,11014981.0,MAREESWARAN ,13616,104339022046,104319220141,,AUTOMODE,BV141D,37,1,317546,OK,CA13,,,0020007910431251065202261354524A,,0,145.8,8.5,-113.55,50.0,134,18.6,-222.95,59.6,-223.35,-113.71,1.49143,4.0461,45.0,40.0,5.0,20.3329,52.3437,52.4134,0,0,0,0,0,0,0,0,0,0,0,1.74,0,20.0,0,382581
5085762,1,0020007910431251065202261354527A,2026-06-25 04:08:30,314116, , ,104319220141,0,0,0,0,57000,110000,0,0,120000,0,0,0,0,0:03,1002,513,0         ,0,"4,76      ",202,0         ,0,"1,21      ",126,0         ,0,0         ,0,0,0,0,0,0         ,0,0         ,0,0         ,0,0         ,0,0         ,0,0         ,0,0,0,0,0,0,0,0,0,0,0,0,0,UCX31_x0001_|_x0007_:, ,0         ,0         ,0         ,3,"4,56      ",93,0         ,0:34      ,3,2026-06-25 20:57:58,11014981.0,MAREESWARAN ,1,104339022046,104319220141,,AUTOMODE_TS1,BV141E,45,2,,OK,,0,0,0020007910431251065202261354527A,1.17686,1.17585,1.17661,5,5,5.1475,6.2475,4.825,1,1.2,1.2,1.2,1,1.2,0.5,12,0.5,12,0.5,12,307587,2026-06-25 20:55:44,11014981,MAREESWARAN ,13616,104339022046,104319220141,140HPW501   ,,AUTOMODE,BV141C,23,2,319318,OK,,0,0,9002102010431351067303261574794A,0020007910431251065202261354527A,0020004510431152006711261730281B,OK,OK,OK,OK,308961,2026-06-25 20:54:10,11014981.0,MAREESWARAN ,13616,104339022046,104319220141,140HPW501   ,AUTOMODE,BV141A,22,2,319318,OK,CA1,0,0,1020104313020080004674879488,OK,OK,0.39,0.446,0.5,0.39,0.407,0.5,OK,,0020004510431152006711261730281B,OK,OK,202.9,145.2,52.6,146.3,-0.0408363,2.12358,52.4401,53.3649,0.163353,2.98118,55.5255,55.9383,57.6785,3.34872,57.4746,0.571732,0,0,0,0,05ACA001,309680,2026-06-25 20:54:54,11014981.0,MAREESWARAN ,13616.0,104339022046,104319220141,140HPW501   ,AUTOMODE,BV141B,31,2.0,319318.0,OK,,,,0020004510431152006711261730281B,OK,OK,,OK,OK,309741,2026-06-25 20:56:50,11014981.0,MAREESWARAN ,13616,104339022046,104319220141,,AUTOMODE,BV141D,37,2,319318,OK,CA13,,,0020007910431251065202261354527A,,0,145.3,9.6,-113.55,50.0,134,18.6,-222.95,59.6,-223.35,-113.71,0.660325,2.04178,45.0,40.0,5.0,25.6706,51.8751,52.1918,0,0,0,0,0,0,0,0,0,0,0,1.79,0,20.0,0,384612
5087068,1,0020007910431251065202261354549A,2026-06-25 14:10:30,314116, , ,104319220141,0,0,0,0,57000,110000,0,0,120000,0,0,0,0,0:01,1002,513,0         ,0,"3,18      ",73,0         ,0,"1,77      ",289,0         ,0,0         ,0,0,0,0,0,0         ,0,0         ,0,0         ,0,0         ,0,0         ,0,0         ,0,0,0,0,0,0,0,0,0,0,0,0,0,UCX31_x0001_|_x0007_:, ,0         ,0         ,0         ,3,"4,43      ",93,0         ,0:32      ,3,2026-06-24 07:38:07,11014981.0,MAREESWARAN ,1,104339022046,104319220141,,AUTOMODE_TS1,BV141E2,38,2,,OK,,0,0,0020007910431251065202261354549A,1.14918,1.15157,1.1561,5,5,2.91377,6.5509,3.05988,1,1.2,1.2,1.2,1,1.2,0.5,12,0.5,12,0.5,12,305769,2026-06-24 07:35:21,11014981,MAREESWARAN ,13616,104339022046,104319220141,140HPW501   ,,AUTOMODE,BV141C,25,2,317449,OK,,0,0,9002102010431351067303261575048A,0020007910431251065202261354549A,0020004510431152006711261730342B,OK,OK,OK,OK,307120,2026-06-24 07:33:17,11014981.0,MAREESWARAN ,13616,104339022046,104319220141,140HPW501   ,AUTOMODE,BV141A,21,2,317449,OK,CA1,0,0,1020104313020080004674879488,OK,OK,0.39,0.412,0.5,0.39,0.401,0.5,OK,,0020004510431152006711261730342B,OK,OK,202.9,145.2,52.6,146.3,-0.0408401,2.12358,52.3135,53.5492,0.122513,2.28693,55.9086,56.2169,56.2401,2.24148,57.6538,0.408379,0,0,0,0,05ACA003,307820,2026-06-24 07:33:57,11014981.0,MAREESWARAN ,13616.0,104339022046,104319220141,140HPW501   ,AUTOMODE,BV141B,30,2.0,317449.0,OK,,,,0020004510431152006711261730342B,OK,OK,,OK,OK,307892,2026-06-24 07:37:03,11014981.0,MAREESWARAN ,13616,104339022046,104319220141,,AUTOMODE,BV141D,36,2,317449,OK,CA13,,,0020007910431251065202261354549A,,0,145.1,8.7,-113.55,50.0,134,18.6,-222.95,59.6,-223.35,-113.71,1.29214,3.20643,45.0,40.0,5.0,25.2408,52.2583,52.4741,0,0,0,0,0,0,0,0,0,0,0,1.8,0,20.0,0,382485
5086193,1,0020007910431251065202261354582A,2026-06-25 07:49:17,314116, , ,104319220141,0,0,0,0,57000,110000,0,0,120000,0,0,0,0,0:01,1002,513,0         ,0,"5,3       ",154,0         ,0,"5,44      ",115,0         ,0,0         ,0,0,0,0,0,0         ,0,0         ,0,0         ,0,0         ,0,0         ,0,0         ,0,0,0,0,0,0,0,0,0,0,0,0,0,UCX31_x0001_|_x0007_:, ,0         ,0         ,0         ,3,"4,57      ",94,0         ,0:45      ,3,2026-06-24 09:43:06,11014981.0,MAREESWARAN ,1,104339022046,104319220141,,AUTOMODE_TS1,BV141E2,38,1,,OK,,0,0,0020007910431251065202261354582A,1.14893,1.1517,1.15182,5,5,2.83473,7.23593,3.2479,1,1.2,1.2,1.2,1,1.2,0.5,12,0.5,12,0.5,12,305879,2026-06-24 09:40:20,11014981,MAREESWARAN ,13616,104339022046,104319220141,140HPW501   ,,AUTOMODE,BV141C,19,1,317560,OK,,0,0,9002102010431351067303261575404B,0020007910431251065202261354582A,0020004510431152006711261730253B,OK,OK,OK,OK,307230,2026-06-24 09:39:10,11014981.0,MAREESWARAN ,13616,104339022046,104319220141,140HPW501   ,AUTOMODE,BV141A,24,1,317560,OK,CA1,0,0,1020104313020080004674879488,OK,OK,0.39,0.408,0.5,0.39,0.401,0.5,OK,,0020004510431152006711261730253B,OK,OK,202.9,145.2,52.6,146.3,0.0,2.77699,52.0732,53.5025,0.285866,2.69531,55.5485,56.0631,57.7116,3.71626,57.6097,0.571735,0,0,0,0,05ACA005,307930,2026-06-24 09:39:52,11014981.0,MAREESWARAN ,13616.0,104339022046,104319220141,140HPW501   ,AUTOMODE,BV141B,30,1.0,317560.0,OK,,,,0020004510431152006711261730253B,OK,OK,,OK,OK,308002,2026-06-24 09:42:00,11014981.0,MAREESWARAN ,13616,104339022046,104319220141,,AUTOMODE,BV141D,37,1,317560,OK,CA13,,,0020007910431251065202261354582A,,0,145.5,8.3,-113.55,50.0,134,18.6,-222.95,59.6,-223.35,-113.71,0.435864,2.78777,45.0,40.0,5.0,17.8525,52.4204,52.4591,0,0,0,0,0,0,0,0,0,0,0,1.85,0,20.0,0,382595
5084522,1,0020007910431251065202261354784A,2026-06-24 19:38:15,314116, , ,104319220141,0,0,0,0,57000,110000,0,0,120000,0,0,0,0,0:03,1002,513,0         ,0,"3,46      ",234,0         ,0,"0,64      ",45,0         ,0,0         ,0,0,0,0,0,0         ,0,0         ,0,0         ,0,0         ,0,0         ,0,0         ,0,0,0,0,0,0,0,0,0,0,0,0,0,UCX31_x0001_|_x0007_:, ,0         ,0         ,0         ,3,"4,1       ",94,0         ,0:34      ,3,2026-06-25 18:23:55,11014981.0,MAREESWARAN ,1,104339022046,104319220141,,AUTOMODE_TS1,BV141E2,38,1,,OK,,0,0,0020007910431251065202261354784A,1.15799,1.15975,1.1639,5,5,2.70898,7.19521,3.81198,1,1.2,1.2,1.2,1,1.2,0.5,12,0.5,12,0.5,12,307498,2026-06-25 18:20:48,11014981,MAREESWARAN ,13616,104339022046,104319220141,140HPW501   ,,AUTOMODE,BV141C,20,1,319226,OK,,0,0,9002102010431351067303261574171A,0020007910431251065202261354784A,0020004510431152006711261740772C,OK,OK,OK,OK,308871,2026-06-25 18:18:18,11014981.0,MAREESWARAN ,13616,104339022046,104319220141,140HPW501   ,AUTOMODE,BV141A,23,1,319226,OK,CA1,0,0,1020104313020080004674879488,OK,OK,0.39,0.431,0.5,0.39,0.432,0.5,OK,,0020004510431152006711261740772C,OK,OK,202.9,145.2,52.6,146.3,0.0,2.00106,52.1114,53.2376,0.163353,2.49112,55.5077,55.9179,57.6632,4.24716,57.3575,0.490055,0,0,0,0,05ACA001,309589,2026-06-25 18:19:06,11014981.0,MAREESWARAN ,13616.0,104339022046,104319220141,140HPW501   ,AUTOMODE,BV141B,29,1.0,319226.0,OK,,,,0020004510431152006711261740772C,OK,OK,,OK,OK,309650,2026-06-25 18:22:54,11014981.0,MAREESWARAN ,13616,104339022046,104319220141,,AUTOMODE,BV141D,41,1,319226,OK,CA13,,,0020007910431251065202261354784A,,0,145.3,12.2,-113.55,50.0,134,18.6,-222.95,59.6,-223.35,-113.71,0.748437,1.5229,45.0,40.7671,5.0,24.4643,51.7721,52.1238,0,0,0,0,0,0,0,0,0,0,0,1.97,0,20.0,0,384500
5083342,1,0020007910431251065202261354800A,2026-06-24 11:25:34,314116, , ,104319220141,0,0,0,0,57000,110000,0,0,120000,0,0,0,0,0:02,1002,513,0         ,0,"5,89      ",269,0         ,0,"4,05      ",250,0         ,0,0         ,0,0,0,0,0,0         ,0,0         ,0,0         ,0,0         ,0,0         ,0,0         ,0,0,0,0,0,0,0,0,0,0,0,0,0,UCX31_x0001_|_x0007_:, ,0         ,0         ,0         ,3,"4,39      ",94,0         ,3:31      ,3,2026-06-25 19:01:19,11014981.0,MAREESWARAN ,1,104339022046,104319220141,,AUTOMODE_TS1,BV141E2,38,1,,OK,,0,0,0020007910431251065202261354800A,1.14742,1.16377,1.16365,5,5,2.52335,8.03114,3.70419,1,1.2,1.2,1.2,1,1.2,0.5,12,0.5,12,0.5,12,307512,2026-06-25 18:58:05,11014981,MAREESWARAN ,13616,104339022046,104319220141,140HPW501   ,,AUTOMODE,BV141C,19,1,319241,OK,,0,0,9002102010431351067303261574758A,0020007910431251065202261354800A,0020004510431152006711261740773C,OK,OK,OK,OK,308885,2026-06-25 18:56:33,11014981.0,MAREESWARAN ,13616,104339022046,104319220141,140HPW501   ,AUTOMODE,BV141A,26,1,319241,OK,CA1,0,0,1020104313020080004674879488,OK,OK,0.39,0.447,0.5,0.39,0.441,0.5,OK,,0020004510431152006711261740773C,OK,OK,202.9,145.2,52.6,146.3,0.0,1.67436,52.122,53.3527,0.163353,2.98118,55.5081,56.0203,56.2401,2.66471,57.5617,0.530895,0,0,0,0,05ACA003,309604,2026-06-25 18:57:13,11014981.0,MAREESWARAN ,13616.0,104339022046,104319220141,140HPW501   ,AUTOMODE,BV141B,29,1.0,319241.0,OK,,,,0020004510431152006711261740773C,OK,OK,,OK,OK,309665,2026-06-25 19:00:17,11014981.0,MAREESWARAN ,13616,104339022046,104319220141,,AUTOMODE,BV141D,42,1,319241,OK,CA13,,,0020007910431251065202261354800A,,0,145.2,13.0,-113.55,50.0,134,18.6,-222.95,59.6,-223.35,-113.71,0.528446,1.67349,45.0,40.0,5.0,22.5946,52.3263,52.3191,0,0,0,0,0,0,0,0,0,0,0,1.88,0,20.0,0,384514
5083598,1,0020007910431251065202261354847A,2026-06-24 13:04:48,314116, , ,104319220141,0,0,0,0,57000,110000,0,0,120000,0,0,0,0,0:02,1002,513,0         ,0,"2,06      ",241,0         ,0,"1,52      ",154,0         ,0,0         ,0,0,0,0,0,0         ,0,0         ,0,0         ,0,0         ,0,0         ,0,0         ,0,0,0,0,0,0,0,0,0,0,0,0,0,UCX31_x0001_|_x0007_:, ,0         ,0         ,0         ,3,"4,49      ",93,0         ,0:33      ,3,2026-06-24 11:17:08,11014981.0,MAREESWARAN ,1,104339022046,104319220141,,AUTOMODE_TS1,BV141E2,38,1,,OK,,0,0,0020007910431251065202261354847A,1.15333,1.14843,1.16818,5,5,3.1006,6.42515,3.31257,1,1.2,1.2,1.2,1,1.2,0.5,12,0.5,12,0.5,12,305962,2026-06-24 11:15:02,11014981,MAREESWARAN ,13616,104339022046,104319220141,140HPW501   ,,AUTOMODE,BV141C,20,1,317643,OK,,0,0,9002102010431351067303261596900A,0020007910431251065202261354847A,0020004510431152006711261730082A,OK,OK,OK,OK,307313,2026-06-24 11:13:30,11014981.0,MAREESWARAN ,13616,104339022046,104319220141,140HPW501   ,AUTOMODE,BV141A,22,1,317643,OK,CA1,0,0,1020104313020080004674879488,OK,OK,0.39,0.401,0.5,0.39,0.408,0.5,OK,,0020004510431152006711261730082A,OK,OK,202.9,145.2,52.6,146.3,-0.0408363,1.59269,52.2775,53.1973,0.122517,2.40945,55.4496,56.0636,56.2401,2.13757,57.6025,0.367542,0,0,0,0,05ACA010,308013,2026-06-24 11:14:16,11014981.0,MAREESWARAN ,13616.0,104339022046,104319220141,140HPW501   ,AUTOMODE,BV141B,32,1.0,317643.0,OK,,,,0020004510431152006711261730082A,OK,OK,,OK,OK,308085,2026-06-24 11:16:02,11014981.0,MAREESWARAN ,13616,104339022046,104319220141,,AUTOMODE,BV141D,37,1,317643,OK,CA13,,,0020007910431251065202261354847A,,0,145.6,8.6,-113.55,50.0,134,18.6,-222.95,59.6,-223.35,-113.71,0.642085,2.47346,45.0,40.0,5.0,19.2397,52.3396,52.3218,0,0,0,0,0,0,0,0,0,0,0,1.69,0,20.0,0,382678
5086767,1,0020007910431251065202261354886B,2026-06-25 12:23:04,314116, , ,104319220141,0,0,0,0,57000,110000,0,0,120000,0,0,0,0,0:01,1002,513,0         ,0,"2,6       ",343,0         ,0,"0,75      ",15,0         ,0,0         ,0,0,0,0,0,0         ,0,0         ,0,0         ,0,0         ,0,0         ,0,0         ,0,0,0,0,0,0,0,0,0,0,0,0,0,UCX31_x0001_|_x0007_:, ,0         ,0         ,0         ,3,"3,97      ",93,0         ,0:32      ,3,2026-06-24 10:51:12,11014981.0,MAREESWARAN ,1,104339022046,104319220141,,AUTOMODE_TS1,BV141E2,38,1,,OK,,0,0,0020007910431251065202261354886B,1.15182,1.15069,1.16478,5,5,1.70299,5.20479,2.1497,1,1.2,1.2,1.2,1,1.2,0.5,12,0.5,12,0.5,12,305932,2026-06-24 10:48:42,11014981,MAREESWARAN ,13616,104339022046,104319220141,140HPW501   ,,AUTOMODE,BV141C,19,1,317613,OK,,0,0,9002102010431351067303261575522B,0020007910431251065202261354886B,0020004510431152006711261730267B,OK,OK,OK,OK,307283,2026-06-24 10:46:20,11014981.0,MAREESWARAN ,13616,104339022046,104319220141,140HPW501   ,AUTOMODE,BV141A,22,1,317613,OK,CA1,0,0,1020104313020080004674879488,OK,OK,0.39,0.413,0.5,0.39,0.415,0.5,OK,,0020004510431152006711261730267B,OK,OK,202.9,145.2,52.6,146.3,-0.0408363,1.30682,52.0256,52.8434,0.0408401,1.47017,55.3098,55.6181,57.7736,11.5163,57.3659,0.204189,0,0,0,0,05ACA006,307983,2026-06-24 10:47:38,11014981.0,MAREESWARAN ,13616.0,104339022046,104319220141,140HPW501   ,AUTOMODE,BV141B,30,1.0,317613.0,OK,,,,0020004510431152006711261730267B,OK,OK,,OK,OK,308055,2026-06-24 10:50:08,11014981.0,MAREESWARAN ,13616,104339022046,104319220141,,AUTOMODE,BV141D,37,1,317613,OK,CA13,,,0020007910431251065202261354886B,,0,145.2,8.7,-113.55,50.0,134,18.6,-222.95,59.6,-223.35,-113.71,0.651725,1.95906,45.0,40.0,5.0,23.6727,51.8479,51.9609,0,0,0,0,0,0,0,0,0,0,0,1.6,0,20.0,0,382648
5087019,1,0020007910431251065202261354891B,2026-06-25 13:50:25,314116, , ,104319220141,0,0,0,0,57000,110000,0,0,120000,0,0,0,0,0:01,1002,513,0         ,0,"3,31      ",125,0         ,0,"0,95      ",111,0         ,0,0         ,0,0,0,0,0,0         ,0,0         ,0,0         ,0,0         ,0,0         ,0,0         ,0,0,0,0,0,0,0,0,0,0,0,0,0,UCX31_x0001_|_x0007_:, ,0         ,0         ,0         ,3,"4,27      ",93,0         ,0:33      ,3,2026-06-24 10:56:36,11014981.0,MAREESWARAN ,1,104339022046,104319220141,,AUTOMODE_TS1,BV141E2,38,1,,OK,,0,0,0020007910431251065202261354891B,1.14843,1.15069,1.16365,5,5,3.41317,7.61557,3.60838,1,1.2,1.2,1.2,1,1.2,0.5,12,0.5,12,0.5,12,305939,2026-06-24 10:53:56,11014981,MAREESWARAN ,13616,104339022046,104319220141,140HPW501   ,,AUTOMODE,BV141C,18,1,317620,OK,,0,0,9002102010431351067303261596893A,0020007910431251065202261354891B,0020004510431152006711261730255B,OK,OK,OK,OK,307290,2026-06-24 10:51:42,11014981.0,MAREESWARAN ,13616,104339022046,104319220141,140HPW501   ,AUTOMODE,BV141A,21,1,317620,OK,CA1,0,0,1020104313020080004674879488,OK,OK,0.39,0.425,0.5,0.39,0.421,0.5,OK,,0020004510431152006711261730255B,OK,OK,202.9,145.2,52.6,146.3,0.0,2.00106,52.0305,53.1617,0.163353,2.24609,55.4191,55.73,57.6867,10.2912,57.3784,0.408379,0,0,0,0,05ACA002,307990,2026-06-24 10:52:24,11014981.0,MAREESWARAN ,13616.0,104339022046,104319220141,140HPW501   ,AUTOMODE,BV141B,30,1.0,317620.0,OK,,,,0020004510431152006711261730255B,OK,OK,,OK,OK,308062,2026-06-24 10:55:34,11014981.0,MAREESWARAN ,13616,104339022046,104319220141,,AUTOMODE,BV141D,35,1,317620,OK,CA13,,,0020007910431251065202261354891B,,0,146.0,8.7,-113.55,50.0,134,18.6,-222.95,59.6,-223.35,-113.71,1.24074,3.00936,45.0,40.0,5.0,24.1854,51.9609,51.9481,0,0,0,0,0,0,0,0,0,0,0,1.73,0,20.0,0,382655
5104099,1,0020007910431251065202261354990B,2026-06-30 21:22:34,314116, , ,104319220141,0,0,0,0,57000,110000,0,0,120000,0,0,0,0,0:01,1002,513,0         ,0,"3,15      ",11,0         ,0,"1,78      ",155,0         ,0,0         ,0,0,0,0,0,0         ,0,0         ,0,0         ,0,0         ,0,0         ,0,0         ,0,0,0,0,0,0,0,0,0,0,0,0,0,UCX31_x0001_|_x0007_:, ,0         ,0         ,0         ,3,"5,2       ",93,0         ,0:33      ,3,2026-06-25 22:16:18,11014981.0,MAREESWARAN ,1,104339022046,104319220141,,AUTOMODE_TS1,BV141E,45,2,,OK,,0,0,0020007910431251065202261354990B,1.17598,1.17623,1.17712,5,5,3.5925,4.055,5.655,1,1.2,1.2,1.2,1,1.2,0.5,12,0.5,12,0.5,12,307671,2026-06-25 22:13:52,11014981,MAREESWARAN ,13616,104339022046,104319220141,140HPW501   ,,AUTOMODE,BV141C,33,2,319408,OK,,0,0,9002102010431351067303261574225A,0020007910431251065202261354990B,0020004510431152006711261740041A,OK,OK,OK,OK,309045,2026-06-25 22:11:08,11014981.0,MAREESWARAN ,13616,104339022046,104319220141,140HPW501   ,AUTOMODE,BV141A,23,2,319408,OK,CA1,0,0,1020104313020080004674879488,OK,OK,0.39,0.393,0.5,0.39,0.407,0.5,OK,,0020004510431152006711261740041A,OK,OK,202.9,145.2,52.6,146.3,0.0,2.81783,52.0712,53.3095,0.204189,2.61364,55.6713,55.9771,57.7249,3.06285,57.5185,0.449219,0,0,0,0,05ACA001,309766,2026-06-25 22:11:52,11014981.0,MAREESWARAN ,13616.0,104339022046,104319220141,140HPW501   ,AUTOMODE,BV141B,29,2.0,319408.0,OK,,,,0020004510431152006711261740041A,OK,OK,,OK,OK,309825,2026-06-25 22:15:10,11014981.0,MAREESWARAN ,13616,104339022046,104319220141,,AUTOMODE,BV141D,62,2,319408,OK,CA13,,,0020007910431251065202261354990B,,0,146.3,3.3,-113.55,50.0,134,18.6,-222.95,59.6,-223.35,-113.71,4.15194,8.78628,40.0,44.6323,9.70204,25.0825,45.0555,48.7306,0,0,0,0,0,0,0,0,0,0,0,2.23,0,20.0,1,384696
5105034,1,0020007910431251065202261355148B,2026-07-01 03:43:04,314116, , ,104319220141,0,0,0,0,57000,110000,0,0,120000,0,0,0,0,0:01,1002,513,0         ,0,"4,37      ",296,0         ,0,"0,65      ",97,0         ,0,0         ,0,0,0,0,0,0         ,0,0         ,0,0         ,0,0         ,0,0         ,0,0         ,0,0,0,0,0,0,0,0,0,0,0,0,0,UCX31_x0001_|_x0007_:, ,0         ,0         ,0         ,3,"4,03      ",93,0         ,0:33      ,3,2026-06-26 01:02:32,11014981.0,MAREESWARAN ,1,104339022046,104319220141,,AUTOMODE_TS1,BV141E,45,2,,OK,,0,0,0020007910431251065202261355148B,1.17509,1.17282,1.17206,5,5,4.465,6.675,6.63,1,1.2,1.2,1.2,1,1.2,0.5,12,0.5,12,0.5,12,307828,2026-06-26 01:00:32,11014981,MAREESWARAN ,13616,104339022046,104319220141,140HPW501   ,,AUTOMODE,BV141C,22,2,319573,OK,,0,0,9002102010431351067303261574422A,0020007910431251065202261355148B,0020004510431152006711261740715C,OK,OK,OK,OK,309203,2026-06-26 00:59:04,11014981.0,MAREESWARAN ,13616,104339022046,104319220141,140HPW501   ,AUTOMODE,BV141A,23,2,319573,OK,CA1,0,0,1020104313020080004674879488,OK,OK,0.39,0.403,0.5,0.39,0.416,0.5,OK,,0020004510431152006711261740715C,OK,OK,202.9,145.2,52.6,146.3,0.122517,4.08381,52.6011,53.4215,0.530895,4.53303,55.177,55.9974,56.2401,4.31291,57.4395,2.61364,0,0,0,0,05ACA010,309929,2026-06-26 00:59:46,11014981.0,MAREESWARAN ,13616.0,104339022046,104319220141,140HPW501   ,AUTOMODE,BV141B,29,2.0,319573.0,OK,,,,0020004510431152006711261740715C,OK,OK,,OK,OK,309983,2026-06-26 01:01:22,11014981.0,MAREESWARAN ,13616,104339022046,104319220141,,AUTOMODE,BV141D,30,2,319573,OK,CA13,,,0020007910431251065202261355148B,,0,147.1,3.2,-113.55,50.0,134,18.6,-222.95,59.6,-223.35,-113.71,0.223362,0.595589,45.0,40.1035,5.0,22.3383,52.2772,52.3752,0,0,0,0,0,0,0,0,0,0,0,1.78,0,20.0,0,384853
5085129,1,0020007910431251065202261355169B,2026-06-24 23:22:23,314116, , ,104319220141,0,0,0,0,57000,110000,0,0,120000,0,0,0,0,0:03,1002,513,0         ,0,"3,3       ",25,0         ,0,"2,46      ",5,0         ,0,0         ,0,0,0,0,0,0         ,0,0         ,0,0         ,0,0         ,0,0         ,0,0         ,0,0,0,0,0,0,0,0,0,0,0,0,0,UCX31_x0001_|_x0007_:, ,0         ,0         ,0         ,3,"4,38      ",94,0         ,0:34      ,3,2026-06-25 21:05:36,11014981.0,MAREESWARAN ,1,104339022046,104319220141,,AUTOMODE_TS1,BV141E,45,2,,OK,,0,0,0020007910431251065202261355169B,1.17623,1.17497,1.17547,5,5,3.0775,3.75,4.0925,1,1.2,1.2,1.2,1,1.2,0.5,12,0.5,12,0.5,12,307593,2026-06-25 21:03:08,11014981,MAREESWARAN ,13616,104339022046,104319220141,140HPW501   ,,AUTOMODE,BV141C,21,2,319325,OK,,0,0,9002102010431351067303261574782A,0020007910431251065202261355169B,0020004510431152006711261730431B,OK,OK,OK,OK,308967,2026-06-25 21:01:56,11014981.0,MAREESWARAN ,13616,104339022046,104319220141,140HPW501   ,AUTOMODE,BV141A,22,2,319325,OK,CA1,0,0,1020104313020080004674879488,OK,OK,0.39,0.426,0.5,0.39,0.414,0.5,OK,,0020004510431152006711261730431B,OK,OK,202.9,145.2,52.6,146.3,-0.0408363,2.36861,52.6823,53.3983,0.204189,2.08274,55.5614,56.0761,56.2401,1.75918,57.508,0.408379,0,0,0,0,05ACA005,309686,2026-06-25 21:02:34,11014981.0,MAREESWARAN ,13616.0,104339022046,104319220141,140HPW501   ,AUTOMODE,BV141B,30,2.0,319325.0,OK,,,,0020004510431152006711261730431B,OK,OK,,OK,OK,309747,2026-06-25 21:04:26,11014981.0,MAREESWARAN ,13616,104339022046,104319220141,,AUTOMODE,BV141D,37,2,319325,OK,CA13,,,0020007910431251065202261355169B,,0,145.9,9.5,-113.55,50.0,134,18.6,-222.95,59.6,-223.35,-113.71,1.90092,3.8806,45.0,40.0,5.0,23.929,52.1389,52.3853,0,0,0,0,0,0,0,0,0,0,0,1.8,0,20.0,0,384618
5085147,1,0020007910431251065202261355172B,2026-06-24 23:32:25,314116, , ,104319220141,0,0,0,0,57000,110000,0,0,120000,0,0,0,0,0:03,1002,513,0         ,0,"5,1       ",241,0         ,0,"3,66      ",183,0         ,0,0         ,0,0,0,0,0,0         ,0,0         ,0,0         ,0,0         ,0,0         ,0,0         ,0,0,0,0,0,0,0,0,0,0,0,0,0,UCX31_x0001_|_x0007_:, ,0         ,0         ,0         ,3,"4,77      ",93,0         ,1:04      ,3,2026-06-25 21:04:44,11014981.0,MAREESWARAN ,1,104339022046,104319220141,,AUTOMODE_TS1,BV141E2,38,2,,OK,,0,0,0020007910431251065202261355172B,1.15497,1.17006,1.15597,5,5,2.0515,6.86826,2.7497,1,1.2,1.2,1.2,1,1.2,0.5,12,0.5,12,0.5,12,307592,2026-06-25 21:02:32,11014981,MAREESWARAN ,13616,104339022046,104319220141,140HPW501   ,,AUTOMODE,BV141C,22,2,319324,OK,,0,0,9002102010431351067303261574761A,0020007910431251065202261355172B,0020004510431152006711261730465B,OK,OK,OK,OK,308966,2026-06-25 21:01:16,11014981.0,MAREESWARAN ,13616,104339022046,104319220141,140HPW501   ,AUTOMODE,BV141A,24,2,319324,OK,CA1,0,0,1020104313020080004674879488,OK,OK,0.39,0.429,0.5,0.39,0.433,0.5,OK,,0020004510431152006711261730465B,OK,OK,202.9,145.2,52.6,146.3,0.0,1.87855,52.1088,52.9266,0.163353,2.36861,55.0796,55.5942,57.6478,12.0472,57.2351,0.326706,0,0,0,0,05ACA006,309685,2026-06-25 21:01:54,11014981.0,MAREESWARAN ,13616.0,104339022046,104319220141,140HPW501   ,AUTOMODE,BV141B,31,2.0,319324.0,OK,,,,0020004510431152006711261730465B,OK,OK,,OK,OK,309746,2026-06-25 21:03:38,11014981.0,MAREESWARAN ,13616,104339022046,104319220141,,AUTOMODE,BV141D,37,2,319324,OK,CA13,,,0020007910431251065202261355172B,,0,145.1,9.6,-113.55,50.0,134,18.6,-222.95,59.6,-223.35,-113.71,1.19643,2.74622,45.0,40.0,5.0,23.635,51.8592,51.9585,0,0,0,0,0,0,0,0,0,0,0,1.83,0,20.0,0,384617
5104942,1,0020007910431251065202261355188B,2026-07-01 02:55:26,314116, , ,104319220141,0,0,0,0,57000,110000,0,0,120000,0,0,0,0,0:01,1002,513,0         ,0,"0,84      ",8,0         ,0,"1,07      ",258,0         ,0,0         ,0,0,0,0,0,0         ,0,0         ,0,0         ,0,0         ,0,0         ,0,0         ,0,0,0,0,0,0,0,0,0,0,0,0,0,UCX31_x0001_|_x0007_:, ,0         ,0         ,0         ,3,"4,09      ",93,0         ,2:52      ,3,2026-06-26 00:51:51,11014981.0,MAREESWARAN ,1,104339022046,104319220141,,AUTOMODE_TS1,BV141E2,38,2,,OK,,0,0,0020007910431251065202261355188B,1.15912,1.14616,1.15409,5,5,3.67186,7.99162,3.5485,1,1.2,1.2,1.2,1,1.2,0.5,12,0.5,12,0.5,12,307813,2026-06-26 00:50:05,11014981,MAREESWARAN ,13616,104339022046,104319220141,140HPW501   ,,AUTOMODE,BV141C,20,2,319558,OK,,0,0,9002102010431351067303261575264B,0020007910431251065202261355188B,0020004510431152006711261740655C,OK,OK,OK,OK,309188,2026-06-26 00:46:53,11014981.0,MAREESWARAN ,13616,104339022046,104319220141,140HPW501   ,AUTOMODE,BV141A,22,2,319558,OK,CA1,0,0,1020104313020080004674879488,OK,OK,0.39,0.414,0.5,0.39,0.415,0.5,OK,,0020004510431152006711261740655C,OK,OK,202.9,145.2,52.6,146.3,-0.0408363,1.26598,52.076,52.7945,0.0816765,1.91939,54.95,55.4621,57.7246,10.5362,57.4163,0.204193,0,0,0,0,05ACA008,309914,2026-06-26 00:48:41,11014981.0,MAREESWARAN ,13616.0,104339022046,104319220141,140HPW501   ,AUTOMODE,BV141B,30,2.0,319558.0,OK,,,,0020004510431152006711261740655C,OK,OK,,OK,OK,309968,2026-06-26 00:50:47,11014981.0,MAREESWARAN ,13616,104339022046,104319220141,,AUTOMODE,BV141D,30,2,319558,OK,CA13,,,0020007910431251065202261355188B,,0,147.4,3.2,-113.55,50.0,134,18.6,-222.95,59.6,-223.35,-113.71,2.11514,4.00803,45.0,40.0,5.0,22.0217,51.8726,51.9759,0,0,0,0,0,0,0,0,0,0,0,1.76,0,20.0,0,384838
5105092,1,0020007910431251065202261355212B,2026-07-01 04:24:48,314116, , ,104319220141,0,0,0,0,57000,110000,0,0,120000,0,0,0,0,0:01,1002,513,0         ,0,"4,76      ",252,0         ,0,"1,67      ",317,0         ,0,0         ,0,0,0,0,0,0         ,0,0         ,0,0         ,0,0         ,0,0         ,0,0         ,0,0,0,0,0,0,0,0,0,0,0,0,0,UCX31_x0001_|_x0007_:, ,0         ,0         ,0         ,3,"5,04      ",93,0         ,3:25      ,3,2026-06-26 00:58:50,11014981.0,MAREESWARAN ,1,104339022046,104319220141,,AUTOMODE_TS1,BV141E2,38,2,,OK,,0,0,0020007910431251065202261355212B,1.14692,1.16566,1.14742,5,5,2.54371,6.98443,2.5018,1,1.2,1.2,1.2,1,1.2,0.5,12,0.5,12,0.5,12,307823,2026-06-26 00:56:53,11014981,MAREESWARAN ,13616,104339022046,104319220141,140HPW501   ,,AUTOMODE,BV141C,26,2,319568,OK,,0,0,9002102010431351067303261574445A,0020007910431251065202261355212B,0020004510431152006711261740751C,OK,OK,OK,OK,309198,2026-06-26 00:55:21,11014981.0,MAREESWARAN ,13616,104339022046,104319220141,140HPW501   ,AUTOMODE,BV141A,22,2,319568,OK,CA1,0,0,1020104313020080004674879488,OK,OK,0.39,0.416,0.5,0.39,0.427,0.5,OK,,0020004510431152006711261740751C,OK,OK,202.9,145.2,52.6,146.3,0.0,2.20525,52.0815,53.2077,0.163353,2.32777,55.5772,55.9874,57.7276,4.00213,57.5238,0.408379,0,0,0,0,05ACA005,309924,2026-06-26 00:56:05,11014981.0,MAREESWARAN ,13616.0,104339022046,104319220141,140HPW501   ,AUTOMODE,BV141B,29,2.0,319568.0,OK,,,,0020004510431152006711261740751C,OK,OK,,OK,OK,309978,2026-06-26 00:57:47,11014981.0,MAREESWARAN ,13616,104339022046,104319220141,,AUTOMODE,BV141D,31,2,319568,OK,CA13,,,0020007910431251065202261355212B,,0,147.8,3.4,-113.55,50.0,134,18.6,-222.95,59.6,-223.35,-113.71,0.317206,1.72718,45.0,40.0,5.0,20.9134,52.252,52.3448,0,0,0,0,0,0,0,0,0,0,0,1.86,0,20.0,0,384848
5084103,1,0020007910431251065202261355241B,2026-06-24 16:16:12,314116, , ,104319220141,0,0,0,0,57000,110000,0,0,120000,0,0,0,0,0:02,1002,513,0         ,0,"3,44      ",176,0         ,0,"2,07      ",339,0         ,0,0         ,0,0,0,0,0,0         ,0,0         ,0,0         ,0,0         ,0,0         ,0,0         ,0,0,0,0,0,0,0,0,0,0,0,0,0,UCX31_x0001_|_x0007_:, ,0         ,0         ,0         ,3,"4,49      ",93,0         ,0:33      ,3,2026-06-25 19:14:15,11014981.0,MAREESWARAN ,1,104339022046,104319220141,,AUTOMODE_TS1,BV141E2,38,1,,OK,,0,0,0020007910431251065202261355241B,1.16855,1.16818,1.15296,5,5,2.78922,7.32575,3.18563,1,1.2,1.2,1.2,1,1.2,0.5,12,0.5,12,0.5,12,307526,2026-06-25 19:10:59,11014981,MAREESWARAN ,13616,104339022046,104319220141,140HPW501   ,,AUTOMODE,BV141C,22,1,319255,OK,,0,0,9002102010431351067303261574318A,0020007910431251065202261355241B,0020004510431152006711261740482C,OK,OK,OK,OK,308899,2026-06-25 19:08:27,11014981.0,MAREESWARAN ,13616,104339022046,104319220141,140HPW501   ,AUTOMODE,BV141A,22,1,319255,OK,CA1,0,0,1020104313020080004674879488,OK,OK,0.39,0.452,0.5,0.39,0.439,0.5,OK,,0020004510431152006711261740482C,OK,OK,202.9,145.2,52.6,146.3,0.0,1.87855,52.0767,53.4066,0.163353,2.28693,55.5672,56.0819,56.2401,1.93685,57.5189,0.408379,0,0,0,0,05ACA003,309618,2026-06-25 19:09:21,11014981.0,MAREESWARAN ,13616.0,104339022046,104319220141,140HPW501   ,AUTOMODE,BV141B,29,1.0,319255.0,OK,,,,0020004510431152006711261740482C,OK,OK,,OK,OK,309679,2026-06-25 19:13:11,11014981.0,MAREESWARAN ,13616,104339022046,104319220141,,AUTOMODE,BV141D,41,1,319255,OK,CA13,,,0020007910431251065202261355241B,,0,145.1,12.6,-113.55,50.0,134,18.6,-222.95,59.6,-223.35,-113.71,1.90612,4.13133,45.0,40.0,5.0,25.5273,52.2695,52.424,0,0,0,0,0,0,0,0,0,0,0,1.68,0,20.0,0,384528
5104878,1,0020007910431251065202261355273B,2026-07-01 02:27:48,314116, , ,104319220141,0,0,0,0,57000,110000,0,0,120000,0,0,0,0,0:01,1002,513,0         ,0,"3,92      ",24,0         ,0,"0,65      ",116,0         ,0,0         ,0,0,0,0,0,0         ,0,0         ,0,0         ,0,0         ,0,0         ,0,0         ,0,0,0,0,0,0,0,0,0,0,0,0,0,UCX31_x0001_|_x0007_:, ,0         ,0         ,0         ,3,"4,43      ",93,0         ,0:32      ,3,2026-06-26 00:05:57,11014981.0,MAREESWARAN ,1,104339022046,104319220141,,AUTOMODE_TS1,BV141E,45,2,,OK,,0,0,0020007910431251065202261355273B,1.17522,1.17484,1.17686,5,5,4.93,6.5725,5.7575,1,1.2,1.2,1.2,1,1.2,0.5,12,0.5,12,0.5,12,307762,2026-06-26 00:03:51,11014981,MAREESWARAN ,13616,104339022046,104319220141,140HPW501   ,,AUTOMODE,BV141C,21,2,319506,OK,,0,0,9002102010431351067303261553857A,0020007910431251065202261355273B,0020004510431152006711261740268A,OK,OK,OK,OK,309137,2026-06-25 23:57:49,11014981.0,MAREESWARAN ,13616,104339022046,104319220141,140HPW501   ,AUTOMODE,BV141A,22,2,319506,OK,CA1,0,0,1020104313020080004674879488,OK,OK,0.39,0.416,0.5,0.39,0.413,0.5,OK,,0020004510431152006711261740268A,OK,OK,202.9,145.2,52.6,146.3,0.0,1.22514,52.122,53.2482,0.0816765,1.30682,55.6101,56.1222,56.2401,1.16598,57.6687,0.245029,0,0,0,0,05ACA003,309862,2026-06-25 23:58:33,11014981.0,MAREESWARAN ,13616.0,104339022046,104319220141,140HPW501   ,AUTOMODE,BV141B,29,2.0,319506.0,OK,,,,0020004510431152006711261740268A,OK,OK,,OK,OK,309917,2026-06-26 00:04:33,11014981.0,MAREESWARAN ,13616,104339022046,104319220141,,AUTOMODE,BV141D,31,2,319506,OK,CA13,,,0020007910431251065202261355273B,,0,147.0,3.4,-113.55,50.0,134,18.6,-222.95,59.6,-223.35,-113.71,1.0545,3.29785,45.0,40.0,5.0,23.6124,52.1771,52.2862,0,0,0,0,0,0,0,0,0,0,0,2.01,0,20.0,0,384787
5104984,1,0020007910431251065202261355332C,2026-07-01 03:15:16,314116, , ,104319220141,0,0,0,0,57000,110000,0,0,120000,0,0,0,0,0:01,1002,513,0         ,0,"3,55      ",298,0         ,0,"0,67      ",78,0         ,0,0         ,0,0,0,0,0,0         ,0,0         ,0,0         ,0,0         ,0,0         ,0,0         ,0,0,0,0,0,0,0,0,0,0,0,0,0,UCX31_x0001_|_x0007_:, ,0         ,0         ,0         ,3,"4,65      ",93,0         ,2:33      ,3,2026-06-26 00:44:49,11014981.0,MAREESWARAN ,1,104339022046,104319220141,,AUTOMODE_TS1,BV141E2,38,2,,OK,,0,0,0020007910431251065202261355332C,1.16629,1.15925,1.15811,5,5,4.59281,8.83114,4.36048,1,1.2,1.2,1.2,1,1.2,0.5,12,0.5,12,0.5,12,307806,2026-06-26 00:43:01,11014981,MAREESWARAN ,13616,104339022046,104319220141,140HPW501   ,,AUTOMODE,BV141C,19,2,319551,OK,,0,0,9002102010431351067303261574655A,0020007910431251065202261355332C,0020004510431152006711261740741C,OK,OK,OK,OK,309181,2026-06-26 00:41:45,11014981.0,MAREESWARAN ,13616,104339022046,104319220141,140HPW501   ,AUTOMODE,BV141A,22,2,319551,OK,CA1,0,0,1020104313020080004674879488,OK,OK,0.39,0.422,0.5,0.39,0.419,0.5,OK,,0020004510431152006711261740741C,OK,OK,202.9,145.2,52.6,146.3,-0.0408363,1.67436,52.3133,52.9273,0.122517,1.79688,55.0828,55.493,57.8447,13.8441,57.3351,0.204193,0,0,0,0,05ACA008,309907,2026-06-26 00:42:25,11014981.0,MAREESWARAN ,13616.0,104339022046,104319220141,140HPW501   ,AUTOMODE,BV141B,29,2.0,319551.0,OK,,,,0020004510431152006711261740741C,OK,OK,,OK,OK,309961,2026-06-26 00:43:45,11014981.0,MAREESWARAN ,13616,104339022046,104319220141,,AUTOMODE,BV141D,30,2,319551,OK,CA13,,,0020007910431251065202261355332C,,0,147.0,3.3,-113.55,50.0,134,18.6,-222.95,59.6,-223.35,-113.71,1.73515,3.52862,45.0,40.0,5.0,24.5397,51.9065,52.045,0,0,0,0,0,0,0,0,0,0,0,1.82,0,20.0,0,384831
5104896,1,0020007910431251065202261355346C,2026-07-01 02:35:39,314116, , ,104319220141,0,0,0,0,57000,110000,0,0,120000,0,0,0,0,0:01,1002,513,0         ,0,"3,34      ",312,0         ,0,"1,57      ",186,0         ,0,0         ,0,0,0,0,0,0         ,0,0         ,0,0         ,0,0         ,0,0         ,0,0         ,0,0,0,0,0,0,0,0,0,0,0,0,0,UCX31_x0001_|_x0007_:, ,0         ,0         ,0         ,3,"4,45      ",93,0         ,0:32      ,3,2026-06-26 00:12:21,11014981.0,MAREESWARAN ,1,104339022046,104319220141,,AUTOMODE_TS1,BV141E2,38,2,,OK,,0,0,0020007910431251065202261355346C,1.16792,1.15182,1.14994,5,5,7.17126,9.94012,7.09581,1,1.2,1.2,1.2,1,1.2,0.5,12,0.5,12,0.5,12,307766,2026-06-26 00:10:27,11014981,MAREESWARAN ,13616,104339022046,104319220141,140HPW501   ,,AUTOMODE,BV141C,20,2,319510,OK,,0,0,9002102010431351067303261553855A,0020007910431251065202261355346C,0020004510431152006711261740185A,OK,OK,OK,OK,309141,2026-06-26 00:07:25,11014981.0,MAREESWARAN ,13616,104339022046,104319220141,140HPW501   ,AUTOMODE,BV141A,22,2,319510,OK,CA1,0,0,1020104313020080004674879488,OK,OK,0.39,0.406,0.5,0.39,0.414,0.5,OK,,0020004510431152006711261740185A,OK,OK,202.9,145.2,52.6,146.3,0.0,1.63352,52.0709,53.0977,0.163353,2.08274,55.2583,55.7678,57.717,12.6598,57.2074,0.408379,0,0,0,0,05ACA006,309866,2026-06-26 00:08:07,11014981.0,MAREESWARAN ,13616.0,104339022046,104319220141,140HPW501   ,AUTOMODE,BV141B,29,2.0,319510.0,OK,,,,0020004510431152006711261740185A,OK,OK,,OK,OK,309921,2026-06-26 00:11:17,11014981.0,MAREESWARAN ,13616,104339022046,104319220141,,AUTOMODE,BV141D,31,2,319510,OK,CA13,,,0020007910431251065202261355346C,,0,147.3,3.4,-113.55,50.0,134,18.6,-222.95,59.6,-223.35,-113.71,1.29138,2.72075,45.0,40.0,5.0,24.2683,51.826,51.9684,0,0,0,0,0,0,0,0,0,0,0,2.0,0,20.0,0,384791
5052000,1,0020007910431251065202261355449C,2026-06-14 11:14:52,314116, , ,104319220141,0,0,0,0,57000,110000,0,0,120000,0,0,0,0,0:02,1002,513,0         ,0,"2,46      ",219,0         ,0,"2,76      ",275,0         ,0,0         ,0,0,0,0,0,0         ,0,0         ,0,0         ,0,0         ,0,0         ,0,0         ,0,0,0,0,0,0,0,0,0,0,0,0,0,UCX31_x0001_|_x0007_:, ,0         ,0         ,0         ,3,"3,96      ",93,0         ,3:11      ,3,2026-06-19 21:33:23,11014981.0,MAREESWARAN ,1,104339022046,104319220141,,AUTOMODE_TS1,BV141E,45,2,,OK,,0,0,0020007910431251065202261355449C,1.17712,1.1737,1.17547,5,5,4.225,5.1025,4.73,1,1.2,1.2,1.2,1,1.2,0.5,12,0.5,12,0.5,12,301349,2026-06-19 21:31:31,11014981,MAREESWARAN ,13616,104339022046,104319220141,140HPW501   ,,AUTOMODE,BV141C,26,2,312860,OK,,0,0,9002102010431351067303261531447B,0020007910431251065202261355449C,0020004510431152006711261692183B,OK,OK,OK,OK,302632,2026-06-19 21:30:13,11014981.0,MAREESWARAN ,13616,104339022046,104319220141,140HPW501   ,AUTOMODE,BV141A,62,2,312860,OK,CA1,0,0,1020104313020080004674879488,OK,OK,0.39,0.448,0.5,0.39,0.445,0.5,OK,,0020004510431152006711261692183B,OK,OK,202.9,145.2,52.6,146.3,-0.0408363,2.28693,52.1217,53.2555,0.204189,2.65448,55.3066,55.8187,57.6608,10.0053,57.355,0.408382,0,0,0,0,05ACA002,303281,2026-06-19 21:30:51,11014981.0,MAREESWARAN ,13616.0,104339022046,104319220141,140HPW501   ,AUTOMODE,BV141B,31,2.0,312860.0,OK,,,,0020004510431152006711261692183B,OK,OK,,OK,OK,303382,2026-06-19 21:32:15,11014981.0,MAREESWARAN ,13616,104339022046,104319220141,,AUTOMODE,BV141D,31,2,312860,OK,CA14,,,0020007910431251065202261355449C,,0,145.2,6.1,-113.55,50.0,134,18.6,-222.95,59.6,-223.35,-113.71,0.961873,2.05417,45.0,40.0,5.0,23.8989,51.9867,52.0578,0,0,0,0,0,0,0,0,0,0,0,1.77,0,20.0,0,377400
5043904,1,0020007910431251065202261355452C,2026-06-12 06:43:09,314116, , ,104319220141,0,0,0,0,57000,110000,0,0,120000,0,0,0,0,0:02,1002,513,0         ,0,"1,81      ",55,0         ,0,"0,43      ",58,0         ,0,0         ,0,0,0,0,0,0         ,0,0         ,0,0         ,0,0         ,0,0         ,0,0         ,0,0,0,0,0,0,0,0,0,0,0,0,0,UCX31_x0001_|_x0007_:, ,0         ,0         ,0         ,3,"4,08      ",93,0         ,0:33      ,3,2026-06-13 10:24:18,11014890.0,SUDALAI     ,1,104339022046,104319220141,,AUTOMODE_TS1,BV141E,45,1,,OK,,0,0,0020007910431251065202261355452C,1.17535,1.17282,1.17573,5,5,4.745,4.8525,5.17,1,1.2,1.2,1.2,1,1.2,0.5,12,0.5,12,0.5,12,294314,2026-06-13 10:22:04,11014981,MAREESWARAN ,13616,104339022046,104319220141,140HPW501   ,,AUTOMODE,BV141C,20,1,306564,OK,,0,0,9002102010431351067303261479316B,0020007910431251065202261355452C,0020004510431152006711261080556C,OK,OK,OK,OK,295619,2026-06-13 10:19:22,11014981.0,MAREESWARAN ,13616,104339022046,104319220141,140HPW501   ,AUTOMODE,BV141A,23,1,306564,OK,CA1,0,0,1020104313020080004674879488,OK,OK,0.39,0.406,0.5,0.39,0.419,0.5,OK,,0020004510431152006711261080556C,OK,OK,202.9,145.2,52.6,146.3,0.0,1.75603,52.0871,53.0068,0.122513,2.20525,55.1572,55.5674,57.7153,8.3718,57.1038,0.408379,0,0,0,0,05ACA004,296224,2026-06-13 10:20:00,11014981.0,MAREESWARAN ,13616.0,104339022046,104319220141,140HPW501   ,AUTOMODE,BV141B,30,1.0,306564.0,OK,,,,0020004510431152006711261080556C,OK,OK,,OK,OK,296336,2026-06-13 10:23:06,11014981.0,MAREESWARAN ,13616,104339022046,104319220141,,AUTOMODE,BV141D,51,1,306564,OK,CA13,,,0020007910431251065202261355452C,,0,145.1,5.9,-113.55,50.0,134,18.6,-222.95,59.6,-223.35,-113.71,1.49087,3.87917,45.0,40.0,5.0,22.1197,51.9771,52.0447,0,0,0,0,0,0,0,0,0,0,0,1.65,0,20.0,1,367635
5045517,1,0020007910431251065202261355495C,2026-06-12 16:34:47,314116, , ,104319220141,0,0,0,0,57000,110000,0,0,120000,0,0,0,0,0:02,1002,513,0         ,0,"4,51      ",11,0         ,0,"1,13      ",63,0         ,0,0         ,0,0,0,0,0,0         ,0,0         ,0,0         ,0,0         ,0,0         ,0,0         ,0,0,0,0,0,0,0,0,0,0,0,0,0,UCX31_x0001_|_x0007_:, ,0         ,0         ,0         ,3,"4,84      ",93,0         ,0:33      ,3,2026-06-13 09:13:56,11014890.0,SUDALAI     ,1,104339022046,104319220141,,AUTOMODE_TS1,BV141E,44,1,,OK,,0,0,0020007910431251065202261355495C,1.17585,1.1713,1.17307,5,5,5.0925,5.3425,5.3275,1,1.2,1.2,1.2,1,1.2,0.5,12,0.5,12,0.5,12,294273,2026-06-13 09:10:50,11014890,SUDALAI     ,13616,104339022046,104319220141,140HPW501   ,,AUTOMODE,BV141C,32,1,306520,OK,,0,0,9002102010431351067303261478974A,0020007910431251065202261355495C,0020004510431152006711253580051A,OK,OK,OK,OK,295577,2026-06-13 09:08:42,11014890.0,SUDALAI     ,13616,104339022046,104319220141,140HPW501   ,AUTOMODE,BV141A,22,1,306520,OK,CA1,0,0,1020104313020080004674879488,OK,OK,0.39,0.396,0.5,0.39,0.406,0.5,OK,,0020004510431152006711253580051A,OK,OK,202.9,145.2,52.6,146.3,-0.0408401,0.898438,52.5298,53.1413,0.0408363,1.47017,55.6153,56.0255,56.2401,1.21215,57.5669,0.245026,0,0,0,0,05ACA007,296181,2026-06-13 09:09:28,11014890.0,SUDALAI     ,13616.0,104339022046,104319220141,140HPW501   ,AUTOMODE,BV141B,29,1.0,306520.0,OK,,,,0020004510431152006711253580051A,OK,OK,,OK,OK,296294,2026-06-13 09:12:44,11014890.0,SUDALAI     ,13616,104339022046,104319220141,,AUTOMODE,BV141D,61,1,306520,OK,CA13,,,0020007910431251065202261355495C,,0,145.1,6.0,-113.55,50.0,134,18.6,-222.95,59.6,-222.95,-113.71,-0.00753784,0.0,40.0273,42.6911,5.0,16.5784,52.2914,52.2533,0,0,0,0,0,0,0,0,0,0,0,1.62,0,20.0,1,367592
5047300,1,0020007910431251065202261355517C,2026-06-13 01:46:24,314116, , ,104319220141,0,0,0,0,57000,110000,0,0,120000,0,0,0,0,0:02,1002,513,0         ,0,"2,79      ",213,0         ,0,"2,48      ",120,0         ,0,0         ,0,0,0,0,0,0         ,0,0         ,0,0         ,0,0         ,0,0         ,0,0         ,0,0,0,0,0,0,0,0,0,0,0,0,0,UCX31_x0001_|_x0007_:, ,0         ,0         ,0         ,3,"4,68      ",93,0         ,0:33      ,3,2026-06-13 15:53:13,11014981.0,MAREESWARAN ,1,104339022046,104319220141,,AUTOMODE_TS1,BV141E,45,1,,OK,,0,0,0020007910431251065202261355517C,1.17219,1.17547,1.17661,5,5,3.9275,4.2275,4.75,1,1.2,1.2,1.2,1,1.2,0.5,12,0.5,12,0.5,12,294627,2026-06-13 15:50:39,11014981,MAREESWARAN ,13616,104339022046,104319220141,140HPW501   ,,AUTOMODE,BV141C,24,1,306887,OK,,0,0,9002102010431351067303261543015B,0020007910431251065202261355517C,0020004510431152006711261580256C,OK,OK,OK,OK,295934,2026-06-13 15:48:29,11014981.0,MAREESWARAN ,13616,104339022046,104319220141,140HPW501   ,AUTOMODE,BV141A,22,1,306887,OK,CA1,0,0,1020104313020080004674879488,OK,OK,0.39,0.407,0.5,0.39,0.414,0.5,OK,,0020004510431152006711261580256C,OK,OK,202.9,145.2,52.6,146.3,0.0,2.16442,52.1045,53.3326,0.245026,2.53196,55.5008,56.013,57.6614,2.69531,57.2487,0.653408,0,0,0,0,05ACA003,296543,2026-06-13 15:49:13,11014981.0,MAREESWARAN ,13616.0,104339022046,104319220141,140HPW501   ,AUTOMODE,BV141B,29,1.0,306887.0,OK,,,,0020004510431152006711261580256C,OK,OK,,OK,OK,296654,2026-06-13 15:52:01,11014981.0,MAREESWARAN ,13616,104339022046,104319220141,,AUTOMODE,BV141D,35,1,306887,OK,CA13,,,0020007910431251065202261355517C,,0,145.0,6.0,-113.55,50.0,134,18.6,-222.95,59.6,-223.35,-113.71,1.8481,4.24171,45.0,40.0,5.0,21.411,52.1547,52.154,0,0,0,0,0,0,0,0,0,0,0,1.62,0,20.0,0,367963
5048198,1,0020007910431251065202261355540C,2026-06-13 08:46:44,314116, , ,104319220141,0,0,0,0,57000,110000,0,0,120000,0,0,0,0,0:02,1002,513,0         ,0,"3,18      ",163,0         ,0,"0,86      ",7,0         ,0,0         ,0,0,0,0,0,0         ,0,0         ,0,0         ,0,0         ,0,0         ,0,0         ,0,0,0,0,0,0,0,0,0,0,0,0,0,UCX31_x0001_|_x0007_:, ,0         ,0         ,0         ,3,"4,43      ",93,0         ,0:33      ,3,2026-06-15 15:39:08,11014981.0,MAREESWARAN ,1,104339022046,104319220141,,AUTOMODE_TS1,BV141E,44,1,,OK,,0,0,0020007910431251065202261355540C,1.18066,1.17724,1.17649,5,5,4.77,4.55,4.8125,1,1.2,1.2,1.2,1,1.2,0.5,12,0.5,12,0.5,12,296925,2026-06-15 15:36:58,11014981,MAREESWARAN ,13616,104339022046,104319220141,140HPW501   ,,AUTOMODE,BV141C,25,1,308423,OK,,0,0,9002102010431351067303261553963A,0020007910431251065202261355540C,0020004510431152006711261580124C,OK,OK,OK,OK,298248,2026-06-15 15:35:40,11014981.0,MAREESWARAN ,13616,104339022046,104319220141,140HPW501   ,AUTOMODE,BV141A,21,1,308423,OK,CA1,0,0,1020104313020080004674879488,OK,OK,0.39,0.426,0.5,0.39,0.431,0.5,OK,,0020004510431152006711261580124C,OK,OK,202.9,145.2,52.6,146.3,0.0,1.10263,52.1172,53.144,0.0816765,1.59269,55.1924,55.6077,57.567,2.16442,57.4651,0.204189,0,0,0,0,05ACA001,298868,2026-06-15 15:36:20,11014981.0,MAREESWARAN ,13616.0,104339022046,104319220141,140HPW501   ,AUTOMODE,BV141B,29,1.0,308423.0,OK,,,,0020004510431152006711261580124C,OK,OK,,OK,OK,298974,2026-06-15 15:37:58,11014981.0,MAREESWARAN ,13616,104339022046,104319220141,,AUTOMODE,BV141D,32,1,308423,OK,CA13,,,0020007910431251065202261355540C,,0,145.0,4.1,-113.55,50.0,134,18.6,-222.95,59.6,-223.35,-113.71,0.547134,1.74573,45.0,40.0,5.0,25.3238,52.0233,52.1649,0,0,0,0,0,0,0,0,0,0,0,2.03,0,20.0,0,371394
5044118,1,0020007910431251065202261355546C,2026-06-12 07:58:09,314116, , ,104319220141,0,0,0,0,57000,110000,0,0,120000,0,0,0,0,0:02,1002,513,0         ,0,"2,88      ",135,0         ,0,"1,56      ",126,0         ,0,0         ,0,0,0,0,0,0         ,0,0         ,0,0         ,0,0         ,0,0         ,0,0         ,0,0,0,0,0,0,0,0,0,0,0,0,0,UCX31_x0001_|_x0007_:, ,0         ,0         ,0         ,3,"4,22      ",94,0         ,0:33      ,3,2026-06-17 14:23:37,11014086.0,BABU        ,1,104339022046,104319220141,,AUTOMODE_TS1,BV141E,44,1,,OK,,0,0,0020007910431251065202261355546C,1.17699,1.17307,1.17193,5,5,4.28,4.3425,4.55,1,1.2,1.2,1.2,1,1.2,0.5,12,0.5,12,0.5,12,299282,2026-06-17 14:21:15,11014981,MAREESWARAN ,13616,104339022046,104319220141,140HPW501   ,,AUTOMODE,BV141C,20,1,310837,OK,,0,0,9002102010431351067303261542448A,0020007910431251065202261355546C,0020004510431152006711261580128A,OK,OK,OK,OK,300634,2026-06-17 14:19:11,11014981.0,MAREESWARAN ,13616,104339022046,104319220141,140HPW501   ,AUTOMODE,BV141A,24,1,310837,OK,CA1,0,0,1020104313020080004674879488,OK,OK,0.39,0.454,0.5,0.39,0.448,0.5,OK,,0020004510431152006711261580128A,OK,OK,202.9,145.2,52.6,146.3,-0.0408363,0.816765,52.0331,53.0599,0.0816765,1.30682,55.0115,55.623,57.5772,9.96449,57.167,0.204193,0,0,0,0,05ACA006,301270,2026-06-17 14:19:51,11014981.0,MAREESWARAN ,13616.0,104339022046,104319220141,140HPW501   ,AUTOMODE,BV141B,29,1.0,310837.0,OK,,,,0020004510431152006711261580128A,OK,OK,,OK,OK,301368,2026-06-17 14:22:29,11014981.0,MAREESWARAN ,13616,104339022046,104319220141,,AUTOMODE,BV141D,32,1,310837,OK,CA13,,,0020007910431251065202261355546C,,0,145.1,4.4,-113.55,50.0,134,18.6,-222.95,59.6,-223.35,-113.71,1.32726,2.3145,45.0,40.3118,5.0,20.9059,51.9366,51.9888,0,0,0,0,0,0,0,0,0,0,0,2.02,0,20.0,0,374511
5047932,1,0020007910431251065202261355614C,2026-06-13 07:01:40,314116, , ,104319220141,0,0,0,0,57000,110000,0,0,120000,0,0,0,0,0:03,1002,513,0         ,0,"13,58     ",259,0         ,0,"11,3      ",236,0         ,0,0         ,0,0,0,0,0,0         ,0,0         ,0,0         ,0,0         ,0,0         ,0,0         ,0,0,0,0,0,0,0,0,0,0,0,0,0,UCX31_x0001_|_x0007_:, ,0         ,0         ,0         ,3,"5,2       ",93,0         ,2:07      ,3,2026-06-13 18:03:08,11014981.0,MAREESWARAN ,1,104339022046,104319220141,,AUTOMODE_TS1,BV141E2,38,1,,OK,,0,0,0020007910431251065202261355614C,1.15346,1.14918,1.16101,5,5,2.9988,6.96287,3.28743,1,1.2,1.2,1.2,1,1.2,0.5,12,0.5,12,0.5,12,294773,2026-06-13 18:00:20,11014981,MAREESWARAN ,13616,104339022046,104319220141,140HPW501   ,,AUTOMODE,BV141C,26,1,307035,OK,,0,0,9002102010431351067303261542464A,0020007910431251065202261355614C,0020004510431152006711261540661B,OK,OK,OK,OK,296080,2026-06-13 17:58:04,11014981.0,MAREESWARAN ,13616,104339022046,104319220141,140HPW501   ,AUTOMODE,BV141A,28,1,307035,OK,CA1,0,0,1020104313020080004674879488,OK,OK,0.39,0.433,0.5,0.39,0.44,0.5,OK,,0020004510431152006711261540661B,OK,OK,202.9,145.2,52.6,146.3,-0.0408363,1.1843,52.049,52.9738,0.0816765,2.8995,54.9255,55.6414,57.7944,14.5384,57.1804,0.530895,0,0,0,0,05ACA006,296689,2026-06-13 17:58:54,11014981.0,MAREESWARAN ,13616.0,104339022046,104319220141,140HPW501   ,AUTOMODE,BV141B,29,1.0,307035.0,OK,,,,0020004510431152006711261540661B,OK,OK,,OK,OK,296800,2026-06-13 18:02:00,11014981.0,MAREESWARAN ,13616,104339022046,104319220141,,AUTOMODE,BV141D,35,1,307035,OK,CA13,,,0020007910431251065202261355614C,,0,145.0,6.1,-113.55,50.0,134,18.6,-222.95,59.6,-223.35,-113.71,0.155925,0.78615,45.0,40.0,5.0,21.9689,51.8044,51.8721,0,0,0,0,0,0,0,0,0,0,0,1.71,0,20.0,0,368109
5045403,1,0020007910431251065202261355644C,2026-06-12 16:06:29,314116, , ,104319220141,0,0,0,0,57000,110000,0,0,120000,0,0,0,0,0:02,1002,513,0         ,0,1         ,203,0         ,0,"0,66      ",59,0         ,0,0         ,0,0,0,0,0,0         ,0,0         ,0,0         ,0,0         ,0,0         ,0,0         ,0,0,0,0,0,0,0,0,0,0,0,0,0,UCX31_x0001_|_x0007_:, ,0         ,0         ,0         ,3,"4,03      ",93,0         ,0:33      ,3,2026-06-13 09:24:06,11014890.0,SUDALAI     ,1,104339022046,104319220141,,AUTOMODE_TS1,BV141E,44,1,,OK,,0,0,0020007910431251065202261355644C,1.17282,1.17345,1.17383,5,5,4.49,4.8,4.9775,1,1.2,1.2,1.2,1,1.2,0.5,12,0.5,12,0.5,12,294282,2026-06-13 09:22:08,11014890,SUDALAI     ,13616,104339022046,104319220141,140HPW501   ,,AUTOMODE,BV141C,22,1,306530,OK,,0,0,9002102010431351067303261478986A,0020007910431251065202261355644C,0020004510431152006711261550895C,OK,OK,OK,OK,295586,2026-06-13 09:19:48,11014890.0,SUDALAI     ,13616,104339022046,104319220141,140HPW501   ,AUTOMODE,BV141A,33,1,306530,OK,CA1,0,0,1020104313020080004674879488,OK,OK,0.39,0.396,0.5,0.39,0.411,0.5,OK,,0020004510431152006711261550895C,OK,OK,202.9,145.2,52.6,146.3,-0.0408401,0.0,52.4308,52.1251,-0.0408401,1.10263,54.4793,55.4042,57.7661,13.3132,57.2565,0.122513,0,0,0,0,05ACA006,296191,2026-06-13 09:21:34,11014890.0,SUDALAI     ,13616.0,104339022046,104319220141,140HPW501   ,AUTOMODE,BV141B,31,1.0,306530.0,OK,,,,0020004510431152006711261550895C,OK,OK,,OK,OK,296303,2026-06-13 09:22:56,11014890.0,SUDALAI     ,13616,104339022046,104319220141,,AUTOMODE,BV141D,35,1,306530,OK,CA13,,,0020007910431251065202261355644C,,0,145.1,5.9,-113.55,50.0,134,18.6,-222.95,59.6,-222.95,-113.71,1.00859,2.48036,45.0,40.3572,5.0,20.7249,51.7944,51.8359,0,0,0,0,0,0,0,0,0,0,0,1.7,0,20.0,0,367601
5047927,1,0020007910431251065202261355645C,2026-06-13 06:59:33,314116, , ,104319220141,0,0,0,0,57000,110000,0,0,120000,0,0,0,0,0:02,1002,513,0         ,0,"13,58     ",259,0         ,0,"11,3      ",236,0         ,0,0         ,0,0,0,0,0,0         ,0,0         ,0,0         ,0,0         ,0,0         ,0,0         ,0,0,0,0,0,0,0,0,0,0,0,0,0,UCX31_x0001_|_x0007_:, ,0         ,0         ,0         ,3,"4,85      ",93,0         ,1:29      ,3,2026-06-15 15:38:22,11014981.0,MAREESWARAN ,1,104339022046,104319220141,,AUTOMODE_TS1,BV141E2,38,1,,OK,,0,0,0020007910431251065202261355645C,1.16403,1.15333,1.15384,5,5,3.53533,7.54012,3.26946,1,1.2,1.2,1.2,1,1.2,0.5,12,0.5,12,0.5,12,296924,2026-06-15 15:36:08,11014981,MAREESWARAN ,13616,104339022046,104319220141,140HPW501   ,,AUTOMODE,BV141C,23,1,308422,OK,,0,0,9002102010431351067303261542690A,0020007910431251065202261355645C,0020004510431152006711261570045B,OK,OK,OK,OK,298247,2026-06-15 15:34:56,11014981.0,MAREESWARAN ,13616,104339022046,104319220141,140HPW501   ,AUTOMODE,BV141A,21,1,308422,OK,CA1,0,0,1020104313020080004674879488,OK,OK,0.39,0.431,0.5,0.39,0.424,0.5,OK,,0020004510431152006711261570045B,OK,OK,202.9,145.2,52.6,146.3,-0.0408363,1.3885,52.3133,53.3401,0.0816765,2.16442,55.5949,56.209,56.2401,2.10202,57.5415,0.408382,0,0,0,0,05ACA003,298867,2026-06-15 15:35:34,11014981.0,MAREESWARAN ,13616.0,104339022046,104319220141,140HPW501   ,AUTOMODE,BV141B,29,1.0,308422.0,OK,,,,0020004510431152006711261570045B,OK,OK,,OK,OK,298973,2026-06-15 15:37:14,11014981.0,MAREESWARAN ,13616,104339022046,104319220141,,AUTOMODE,BV141D,33,1,308422,OK,CA13,,,0020007910431251065202261355645C,,0,145.2,4.4,-113.55,50.0,134,18.6,-222.95,59.6,-223.35,-113.71,0.262249,1.43469,45.0,40.0,5.0,18.0636,52.3019,52.2947,0,0,0,0,0,0,0,0,0,0,0,1.78,0,20.0,0,371393
5050898,1,0020007910431251065202261355701C,2026-06-14 00:51:36,314116, , ,104319220141,0,0,0,0,57000,110000,0,0,120000,0,0,0,0,0:02,1002,513,0         ,0,"4,6       ",357,0         ,0,"0,84      ",237,0         ,0,0         ,0,0,0,0,0,0         ,0,0         ,0,0         ,0,0         ,0,0         ,0,0         ,0,0,0,0,0,0,0,0,0,0,0,0,0,UCX31_x0001_|_x0007_:, ,0         ,0         ,0         ,3,"4,04      ",93,0         ,2:56      ,3,2026-06-15 15:42:06,11014981.0,MAREESWARAN ,1,104339022046,104319220141,,AUTOMODE_TS1,BV141E,45,1,,OK,,0,0,0020007910431251065202261355701C,1.17826,1.17649,1.1775,5,5,3.5825,3.875,3.7325,1,1.2,1.2,1.2,1,1.2,0.5,12,0.5,12,0.5,12,296929,2026-06-15 15:39:38,11014981,MAREESWARAN ,13616,104339022046,104319220141,140HPW501   ,,AUTOMODE,BV141C,23,1,308427,OK,,0,0,9002102010431351067303261542749A,0020007910431251065202261355701C,0020004510431152006711261580066A,OK,OK,OK,OK,298252,2026-06-15 15:38:24,11014981.0,MAREESWARAN ,13616,104339022046,104319220141,140HPW501   ,AUTOMODE,BV141A,22,1,308427,OK,CA1,0,0,1020104313020080004674879488,OK,OK,0.39,0.436,0.5,0.39,0.437,0.5,OK,,0020004510431152006711261580066A,OK,OK,202.9,145.2,52.6,146.3,0.0,0.857597,52.1043,53.0266,0.0816765,2.16442,54.9782,55.6967,57.651,8.49432,57.2433,0.408379,0,0,0,0,05ACA006,298872,2026-06-15 15:39:04,11014981.0,MAREESWARAN ,13616.0,104339022046,104319220141,140HPW501   ,AUTOMODE,BV141B,31,1.0,308427.0,OK,,,,0020004510431152006711261580066A,OK,OK,,OK,OK,298978,2026-06-15 15:40:54,11014981.0,MAREESWARAN ,13616,104339022046,104319220141,,AUTOMODE,BV141D,32,1,308427,OK,CA13,,,0020007910431251065202261355701C,,0,146.3,4.3,-113.55,50.0,134,18.6,-222.95,59.6,-223.35,-113.71,1.44984,3.15501,45.0,40.0,5.0,23.5822,51.8794,52.0097,0,0,0,0,0,0,0,0,0,0,0,1.88,0,20.0,0,371398
5033189,1,0020007910431251065202261355742C,2026-06-09 09:46:49,314116, , ,104319220141,0,0,0,0,57000,110000,0,0,120000,0,0,0,0,0:03,1002,513,0         ,0,"3,49      ",18,0         ,0,"2,2       ",164,0         ,0,0         ,0,0,0,0,0,0         ,0,0         ,0,0         ,0,0         ,0,0         ,0,0         ,0,0,0,0,0,0,0,0,0,0,0,0,0,UCX31_x0001_|_x0007_:, ,0         ,0         ,0         ,3,"4,45      ",93,0         ,0:33      ,3,2026-06-10 22:01:14,11014981.0,MAREESWARAN ,1,104339022046,104319220141,,AUTOMODE_TS1,BV141E2,38,2,,OK,,0,0,0020007910431251065202261355742C,1.15031,1.15421,1.15157,5,5,1.68383,4.70898,2.0515,1,1.2,1.2,1.2,1,1.2,0.5,12,0.5,12,0.5,12,291580,2026-06-10 21:59:22,11014086,BABU        ,13616,104339022046,104319220141,140HPW501   ,,AUTOMODE,BV141C,31,2,303692,OK,,0,0,9002102010431351067303261500800B,0020007910431251065202261355742C,0020004510431152006711261550834C,OK,OK,OK,OK,292813,2026-06-10 21:56:12,11014086.0,BABU        ,13616,104339022046,104319220141,140HPW501   ,AUTOMODE,BV141A,22,2,303692,OK,CA1,0,0,1020104313020080004674879488,OK,OK,0.39,0.425,0.5,0.39,0.41,0.5,OK,,0020004510431152006711261550834C,OK,OK,202.9,145.2,52.6,146.3,-0.0408401,1.63352,52.0563,53.1875,0.0816727,1.75603,55.4398,55.85,57.7992,12.3331,57.4934,0.245026,0,0,0,0,05ACA002,293376,2026-06-10 21:56:52,11014086.0,BABU        ,13616.0,104339022046,104319220141,140HPW501   ,AUTOMODE,BV141B,28,2.0,303692.0,OK,,,,0020004510431152006711261550834C,OK,OK,,OK,OK,293505,2026-06-10 22:00:08,11014086.0,BABU        ,13616,104339022046,104319220141,,AUTOMODE,BV141D,33,2,303692,OK,CA14,,,0020007910431251065202261355742C,,0,145.0,5.4,-113.55,50.0,134,18.6,-222.95,59.6,-222.95,-113.71,1.11048,2.58078,45.0,40.0,5.0,24.0271,51.9278,52.0532,0,0,0,0,0,0,0,0,0,0,0,1.68,0,20.0,0,363008
5036554,1,0020007910431251065202261365822A,2026-06-10 07:04:47,314116, , ,104319220141,0,0,0,0,57000,110000,0,0,120000,0,0,0,0,0:03,1002,513,0         ,0,"1,46      ",136,0         ,0,"2,44      ",48,0         ,0,0         ,0,0,0,0,0,0         ,0,0         ,0,0         ,0,0         ,0,0         ,0,0         ,0,0,0,0,0,0,0,0,0,0,0,0,0,UCX31_x0001_|_x0007_:, ,0         ,0         ,0         ,3,"4,22      ",93,0         ,0:34      ,3,2026-06-11 02:07:00,11014086.0,BABU        ,1,104339022046,104319220141,,AUTOMODE_TS1,BV141E2,38,2,,OK,,0,0,0020007910431251065202261365822A,1.15547,1.14717,1.16604,5,5,3.29701,7.45749,3.47186,1,1.2,1.2,1.2,1,1.2,0.5,12,0.5,12,0.5,12,291781,2026-06-11 02:05:00,11014086,BABU        ,13616,104339022046,104319220141,140HPW501   ,,AUTOMODE,BV141C,22,2,303901,OK,,0,0,9002102010431351067303261500656B,0020007910431251065202261365822A,0020004510431152006711261550969C,OK,OK,OK,OK,293017,2026-06-11 02:01:58,11014086.0,BABU        ,13616,104339022046,104319220141,140HPW501   ,AUTOMODE,BV141A,26,2,303901,OK,CA1,0,0,1020104313020080004674879488,OK,OK,0.39,0.427,0.5,0.39,0.429,0.5,OK,,0020004510431152006711261550969C,OK,OK,202.9,145.2,52.6,146.3,0.0,1.42933,52.107,52.9249,0.122513,1.59269,55.1848,55.595,57.6537,11.0671,57.0371,0.326706,0,0,0,0,05ACA006,293584,2026-06-11 02:03:40,11014086.0,BABU        ,13616.0,104339022046,104319220141,140HPW501   ,AUTOMODE,BV141B,29,2.0,303901.0,OK,,,,0020004510431152006711261550969C,OK,OK,,OK,OK,293712,2026-06-11 02:05:54,11014086.0,BABU        ,13616,104339022046,104319220141,,AUTOMODE,BV141D,33,2,303901,OK,CA14,,,0020007910431251065202261365822A,,0,145.5,5.0,-113.55,50.0,134,18.6,-222.95,59.6,-222.95,-113.71,1.60926,3.44195,45.0,40.0,5.0,20.8606,51.8946,51.9383,0,0,0,0,0,0,0,0,0,0,0,1.64,0,20.0,0,363246
5048836,1,0020007910431251065202261365842A,2026-06-13 12:56:43,314116, , ,104319220141,0,0,0,0,57000,110000,0,0,120000,0,0,0,0,0:02,1002,513,0         ,0,"3,79      ",113,0         ,0,"4,25      ",233,0         ,0,0         ,0,0,0,0,0,0         ,0,0         ,0,0         ,0,0         ,0,0         ,0,0         ,0,0,0,0,0,0,0,0,0,0,0,0,0,UCX31_x0001_|_x0007_:, ,0         ,0         ,0         ,3,"4,15      ",93,0         ,0:51      ,3,2026-06-13 18:04:30,11014981.0,MAREESWARAN ,1,104339022046,104319220141,,AUTOMODE_TS1,BV141E2,38,1,,OK,,0,0,0020007910431251065202261365842A,1.14881,1.1561,1.16465,5,5,2.41796,6.9497,3.66707,1,1.2,1.2,1.2,1,1.2,0.5,12,0.5,12,0.5,12,294775,2026-06-13 18:01:54,11014981,MAREESWARAN ,13616,104339022046,104319220141,140HPW501   ,,AUTOMODE,BV141C,24,1,307037,OK,,0,0,9002102010431351067303261542457A,0020007910431251065202261365842A,0020004510431152006711261540755B,OK,OK,OK,OK,296082,2026-06-13 17:59:36,11014981.0,MAREESWARAN ,13616,104339022046,104319220141,140HPW501   ,AUTOMODE,BV141A,26,1,307037,OK,CA1,0,0,1020104313020080004674879488,OK,OK,0.39,0.412,0.5,0.39,0.412,0.5,OK,,0020004510431152006711261540755B,OK,OK,202.9,145.2,52.6,146.3,-0.0408363,2.12358,52.8642,53.3738,0.122513,2.20526,55.5344,56.0465,57.6924,3.30788,57.4886,0.408382,0,0,0,0,05ACA005,296691,2026-06-13 18:00:28,11014981.0,MAREESWARAN ,13616.0,104339022046,104319220141,140HPW501   ,AUTOMODE,BV141B,29,1.0,307037.0,OK,,,,0020004510431152006711261540755B,OK,OK,,OK,OK,296802,2026-06-13 18:03:26,11014981.0,MAREESWARAN ,13616,104339022046,104319220141,,AUTOMODE,BV141D,34,1,307037,OK,CA13,,,0020007910431251065202261365842A,,0,145.5,6.0,-113.55,50.0,134,18.6,-222.95,59.6,-223.35,-113.71,0.477277,1.91918,45.0,40.0,5.0,22.7303,52.2779,52.3671,0,0,0,0,0,0,0,0,0,0,0,1.79,0,20.0,0,368111
5034564,1,0020007910431251065202261366016A,2026-06-09 17:24:18,314116, , ,104319220141,0,0,0,0,57000,110000,0,0,120000,0,0,0,0,0:02,1002,513,0         ,0,"2,86      ",128,0         ,0,"0,87      ",314,0         ,0,0         ,0,0,0,0,0,0         ,0,0         ,0,0         ,0,0         ,0,0         ,0,0         ,0,0,0,0,0,0,0,0,0,0,0,0,0,UCX31_x0001_|_x0007_:, ,0         ,0         ,0         ,3,"4,2       ",93,0         ,0:33      ,3,2026-06-10 21:22:10,11014981.0,MAREESWARAN ,1,104339022046,104319220141,,AUTOMODE_TS1,BV141E,45,2,,OK,,0,0,0020007910431251065202261366016A,1.17737,1.178,1.17826,5,5,4.11,4.5725,4.3775,1,1.2,1.2,1.2,1,1.2,0.5,12,0.5,12,0.5,12,291558,2026-06-10 21:18:46,10001033,SAKTHI VIJAY,13616,104339022046,104319220141,140HPW501   ,,AUTOMODE,BV141C,24,2,303665,OK,,0,0,9002102010431351067303261500582B,0020007910431251065202261366016A,0020004510431152006711261540478B,OK,OK,OK,OK,292788,2026-06-10 21:17:10,10001033.0,SAKTHI VIJAY,13616,104339022046,104319220141,140HPW501   ,AUTOMODE,BV141A,22,2,303665,OK,CA1,0,0,1020104313020080004674879488,OK,OK,0.39,0.426,0.5,0.39,0.424,0.5,OK,,0020004510431152006711261540478B,OK,OK,202.9,145.2,52.6,146.3,0.0,2.36861,52.1088,53.3344,0.163353,2.20526,55.709,56.1166,57.7651,4.45135,57.6632,0.408382,0,0,0,0,05ACA010,293351,2026-06-10 21:17:48,10001033.0,SAKTHI VIJAY,13616.0,104339022046,104319220141,140HPW501   ,AUTOMODE,BV141B,28,2.0,303665.0,OK,,,,0020004510431152006711261540478B,OK,OK,,OK,OK,293480,2026-06-10 21:21:00,10001033.0,SAKTHI VIJAY,13616,104339022046,104319220141,,AUTOMODE,BV141D,99,2,303665,OK,CA14,,,0020007910431251065202261366016A,,0,145.0,5.4,-113.55,50.0,134,18.6,-222.95,59.6,-222.95,-113.71,1.60454,3.38224,45.0,40.0,5.0,21.4487,52.2921,52.3328,0,0,0,0,0,0,0,0,0,0,0,1.59,0,20.0,2,362956
5035409,1,0020007910431251065202261366032A,2026-06-09 22:23:48,314116, , ,104319220141,0,0,0,0,57000,110000,0,0,120000,0,0,0,0,0:03,1002,513,0         ,0,"3,04      ",240,0         ,0,"1,35      ",70,0         ,0,0         ,0,0,0,0,0,0         ,0,0         ,0,0         ,0,0         ,0,0         ,0,0         ,0,0,0,0,0,0,0,0,0,0,0,0,0,UCX31_x0001_|_x0007_:, ,0         ,0         ,0         ,3,"4,38      ",93,0         ,0:34      ,3,2026-06-10 21:01:12,11014981.0,MAREESWARAN ,1,104339022046,104319220141,,AUTOMODE_TS1,BV141E2,38,2,,OK,,0,0,0020007910431251065202261366032A,1.16239,1.15648,1.1483,5,5,1.84431,5.76407,2.29581,1,1.2,1.2,1.2,1,1.2,0.5,12,0.5,12,0.5,12,291540,2026-06-10 20:58:20,10001033,SAKTHI VIJAY,13616,104339022046,104319220141,140HPW501   ,,AUTOMODE,BV141C,22,2,303647,OK,,0,0,9002102010431351067303261490017B,0020007910431251065202261366032A,0020004510431152006711261460176A,OK,OK,OK,OK,292770,2026-06-10 20:57:02,10001033.0,SAKTHI VIJAY,13616,104339022046,104319220141,140HPW501   ,AUTOMODE,BV141A,22,2,303647,OK,CA1,0,0,1020104313020080004674879488,OK,OK,0.39,0.411,0.5,0.39,0.428,0.5,OK,,0020004510431152006711261460176A,OK,OK,202.9,145.2,52.6,146.3,0.0,1.10263,52.0936,53.2172,0.0816727,2.00106,55.174,55.9995,57.7422,3.06285,57.4365,0.449219,0,0,0,0,05ACA005,293333,2026-06-10 20:57:46,10001033.0,SAKTHI VIJAY,13616.0,104339022046,104319220141,140HPW501   ,AUTOMODE,BV141B,29,2.0,303647.0,OK,,,,0020004510431152006711261460176A,OK,OK,,OK,OK,293462,2026-06-10 20:59:06,10001033.0,SAKTHI VIJAY,13616,104339022046,104319220141,,AUTOMODE,BV141D,34,2,303647,OK,CA14,,,0020007910431251065202261366032A,,0,145.1,5.3,-113.55,50.0,134,18.6,-222.95,59.6,-222.95,-113.71,1.65576,4.00966,45.0,40.0,5.0,21.6598,52.0397,52.1777,0,0,0,0,0,0,0,0,0,0,0,1.73,0,20.0,0,362935
5035396,1,0020007910431251065202261366045A,2026-06-09 22:18:55,314116, , ,104319220141,0,0,0,0,57000,110000,0,0,120000,0,0,0,0,0:03,1002,513,0         ,0,"3,38      ",286,0         ,0,"0,5       ",276,0         ,0,0         ,0,0,0,0,0,0         ,0,0         ,0,0         ,0,0         ,0,0         ,0,0         ,0,0,0,0,0,0,0,0,0,0,0,0,0,UCX31_x0001_|_x0007_:, ,0         ,0         ,0         ,3,"4,32      ",93,0         ,0:34      ,3,2026-06-10 22:00:28,11014981.0,MAREESWARAN ,1,104339022046,104319220141,,AUTOMODE_TS1,BV141E,45,2,,OK,,0,0,0020007910431251065202261366045A,1.17674,1.17598,1.17509,5,5,3.7375,3.8,4.13,1,1.2,1.2,1.2,1,1.2,0.5,12,0.5,12,0.5,12,291579,2026-06-10 21:58:32,11014086,BABU        ,13616,104339022046,104319220141,140HPW501   ,,AUTOMODE,BV141C,84,2,303691,OK,,0,0,9002102010431351067303261500801B,0020007910431251065202261366045A,0020004510431152006711261530293B,OK,OK,OK,OK,292812,2026-06-10 21:55:30,11014086.0,BABU        ,13616,104339022046,104319220141,140HPW501   ,AUTOMODE,BV141A,22,2,303691,OK,CA1,0,0,1020104313020080004674879488,OK,OK,0.39,0.418,0.5,0.39,0.442,0.5,OK,,0020004510431152006711261530293B,OK,OK,202.9,145.2,52.6,146.3,0.0126133,1.47017,52.0212,53.3274,0.122513,1.59269,55.5848,55.9924,57.6307,1.67436,57.5288,0.285866,0,0,0,0,05ACA005,293375,2026-06-10 21:56:08,11014086.0,BABU        ,13616.0,104339022046,104319220141,140HPW501   ,AUTOMODE,BV141B,28,2.0,303691.0,OK,,,,0020004510431152006711261530293B,OK,OK,,OK,OK,293504,2026-06-10 21:59:16,,,13616,104339022046,104319220141,,AUTOMODE,BV141D,33,2,303691,OK,CA14,,,0020007910431251065202261366045A,,0,145.1,5.4,-113.55,50.0,134,18.6,-222.95,59.6,-222.95,-113.71,0.942235,3.73712,45.0,40.0,5.0,16.2467,52.2221,52.2385,0,0,0,0,0,0,0,0,0,0,0,1.69,0,20.0,0,363007
5051992,1,0020007910431251065202261366174A,2026-06-14 11:11:41,314116, , ,104319220141,0,0,0,0,57000,110000,0,0,120000,0,0,0,0,0:02,1002,513,0         ,0,"2,46      ",219,0         ,0,"2,76      ",275,0         ,0,0         ,0,0,0,0,0,0         ,0,0         ,0,0         ,0,0         ,0,0         ,0,0         ,0,0,0,0,0,0,0,0,0,0,0,0,0,UCX31_x0001_|_x0007_:, ,0         ,0         ,0         ,3,"4,58      ",93,0         ,2:15      ,3,2026-06-19 21:32:01,11014981.0,MAREESWARAN ,1,104339022046,104319220141,,AUTOMODE_TS1,BV141E2,38,2,,OK,,0,0,0020007910431251065202261366174A,1.14516,1.15208,1.14868,5,5,3.82994,8.1018,4.31497,1,1.2,1.2,1.2,1,1.2,0.5,12,0.5,12,0.5,12,301348,2026-06-19 21:30:09,11014981,MAREESWARAN ,13616,104339022046,104319220141,140HPW501   ,,AUTOMODE,BV141C,23,2,312859,OK,,0,0,9002102010431351067303261531320B,0020007910431251065202261366174A,0020004510431152006711261692188B,OK,OK,OK,OK,302631,2026-06-19 21:28:55,11014981.0,MAREESWARAN ,13616,104339022046,104319220141,140HPW501   ,AUTOMODE,BV141A,21,2,312859,OK,CA1,0,0,1020104313020080004674879488,OK,OK,0.39,0.446,0.5,0.39,0.441,0.5,OK,,0020004510431152006711261692188B,OK,OK,202.9,145.2,52.6,146.3,-0.0408363,2.24609,52.0763,53.205,0.163353,1.83772,55.4726,55.8803,57.6256,3.26704,57.2154,0.408382,0,0,0,0,05ACA003,303280,2026-06-19 21:29:35,11014981.0,MAREESWARAN ,13616.0,104339022046,104319220141,140HPW501   ,AUTOMODE,BV141B,32,2.0,312859.0,OK,,,,0020004510431152006711261692188B,OK,OK,,OK,OK,303381,2026-06-19 21:30:57,11014981.0,MAREESWARAN ,13616,104339022046,104319220141,,AUTOMODE,BV141D,34,2,312859,OK,CA14,,,0020007910431251065202261366174A,,0,146.1,6.3,-113.55,50.0,134,18.6,-222.95,59.6,-223.35,-113.71,0.592398,1.8198,45.0,40.0,5.0,25.5349,52.3672,52.4844,0,0,0,0,0,0,0,0,0,0,0,1.77,0,20.0,0,377399
5042653,1,0020007910431251065202261366195A,2026-06-11 21:51:41,314116, , ,104319220141,0,0,0,0,57000,110000,0,0,120000,0,0,0,0,0:02,1002,513,0         ,0,"1,51      ",357,0         ,0,"2,88      ",326,0         ,0,0         ,0,0,0,0,0,0         ,0,0         ,0,0         ,0,0         ,0,0         ,0,0         ,0,0,0,0,0,0,0,0,0,0,0,0,0,UCX31_x0001_|_x0007_:, ,0         ,0         ,0         ,3,"4,35      ",93,0         ,4:00      ,3,2026-06-13 11:30:05,11014890.0,SUDALAI     ,1,104339022046,104319220141,,AUTOMODE_TS1,BV141E2,38,1,,OK,,0,0,0020007910431251065202261366195A,1.15421,1.15019,1.15535,5,5,3.17844,6.63952,2.77245,1,1.2,1.2,1.2,1,1.2,0.5,12,0.5,12,0.5,12,294386,2026-06-13 11:27:31,11014981,MAREESWARAN ,13616,104339022046,104319220141,140HPW501   ,,AUTOMODE,BV141C,23,1,306639,OK,,0,0,9002102010431351067303261500417B,0020007910431251065202261366195A,0020004510431152006711261590301B,OK,OK,OK,OK,295691,2026-06-13 11:26:17,11014981.0,MAREESWARAN ,13616,104339022046,104319220141,140HPW501   ,AUTOMODE,BV141A,99,1,306639,OK,CA1,0,0,1020104313020080004674879488,OK,OK,0.39,0.411,0.5,0.39,0.418,0.5,OK,,0020004510431152006711261590301B,OK,OK,202.9,145.2,52.6,146.3,-0.0408401,1.59268,52.8971,53.101,0.122513,2.40944,55.2539,55.9749,57.6183,2.08274,57.5164,0.408379,0,0,0,0,05ACA003,296298,2026-06-13 11:26:55,11014981.0,MAREESWARAN ,13616.0,104339022046,104319220141,140HPW501   ,AUTOMODE,BV141B,31,1.0,306639.0,OK,,,,0020004510431152006711261590301B,OK,OK,,OK,OK,296409,2026-06-13 11:28:59,11014981.0,MAREESWARAN ,13616,104339022046,104319220141,,AUTOMODE,BV141D,35,1,306639,OK,CA13,,,0020007910431251065202261366195A,,0,145.9,6.0,-113.55,50.0,134,18.6,-222.95,59.6,-223.35,-113.71,1.43282,3.10648,45.0,40.0,5.0,25.9269,52.0477,52.2201,0,0,0,0,0,0,0,0,0,0,0,1.64,0,20.0,0,367713
5034488,1,0020007910431251065202261366536B,2026-06-09 16:48:11,314116, , ,104319220141,0,0,0,0,57000,110000,0,0,120000,0,0,0,0,0:03,1002,513,0         ,0,"1,74      ",215,0         ,0,"1,58      ",50,0         ,0,0         ,0,0,0,0,0,0         ,0,0         ,0,0         ,0,0         ,0,0         ,0,0         ,0,0,0,0,0,0,0,0,0,0,0,0,0,UCX31_x0001_|_x0007_:, ,0         ,0         ,0         ,3,"4,04      ",93,0         ,0:34      ,3,2026-06-10 21:58:36,11014981.0,MAREESWARAN ,1,104339022046,104319220141,,AUTOMODE_TS1,BV141E,45,2,,OK,,0,0,0020007910431251065202261366536B,1.1756,1.17358,1.17358,5,5,5.0325,4.8875,4.785,1,1.2,1.2,1.2,1,1.2,0.5,12,0.5,12,0.5,12,291578,2026-06-10 21:56:40,11014086,BABU        ,13616,104339022046,104319220141,140HPW501   ,,AUTOMODE,BV141C,59,2,303690,OK,,0,0,9002102010431351067303261500637B,0020007910431251065202261366536B,0020004510431152006711261540514C,OK,OK,OK,OK,292811,2026-06-10 21:54:50,11014086.0,BABU        ,13616,104339022046,104319220141,140HPW501   ,AUTOMODE,BV141A,22,2,303690,OK,CA1,0,0,1020104313020080004674879488,OK,OK,0.39,0.426,0.5,0.39,0.423,0.5,OK,,0020004510431152006711261540514C,OK,OK,202.9,145.2,52.6,146.3,0.0,1.22514,52.0836,53.2073,0.122513,1.59269,55.1666,55.7806,57.6303,2.8995,57.2201,0.367542,0,0,0,0,05ACA003,293374,2026-06-10 21:55:26,11014086.0,BABU        ,13616.0,104339022046,104319220141,140HPW501   ,AUTOMODE,BV141B,29,2.0,303690.0,OK,,,,0020004510431152006711261540514C,OK,OK,,OK,OK,293503,2026-06-10 21:57:26,11014086.0,BABU        ,13616,104339022046,104319220141,,AUTOMODE,BV141D,34,2,303690,OK,CA14,,,0020007910431251065202261366536B,,0,145.3,5.5,-113.55,50.0,134,18.6,-222.95,59.6,-222.95,-113.71,1.23764,2.88745,45.0,40.0,5.0,21.8106,52.2075,52.2259,0,0,0,0,0,0,0,0,0,0,0,1.75,0,20.0,0,363006
5079474,1,0020007910431251065202261366538B,2026-06-23 09:47:00,314116, , ,104319220141,0,0,0,0,57000,110000,0,0,120000,0,0,0,0,0:02,1002,513,0         ,0,"2,8       ",173,0         ,0,"1,01      ",193,0         ,0,0         ,0,0,0,0,0,0         ,0,0         ,0,0         ,0,0         ,0,0         ,0,0         ,0,0,0,0,0,0,0,0,0,0,0,0,0,UCX31_x0001_|_x0007_:, ,0         ,0         ,0         ,3,"4,26      ",93,0         ,0:33      ,3,2026-06-20 20:44:30,11014981.0,MAREESWARAN ,1,104339022046,104319220141,,AUTOMODE_TS1,BV141E,45,2,,OK,,0,0,0020007910431251065202261366538B,1.17775,1.17472,1.17472,5,5,5.4575,6.615,5.555,1,1.2,1.2,1.2,1,1.2,0.5,12,0.5,12,0.5,12,302482,2026-06-20 20:41:34,11014981,MAREESWARAN ,13616,104339022046,104319220141,140HPW501   ,,AUTOMODE,BV141C,20,2,314025,OK,,0,0,9002102010431351067303261520824A,0020007910431251065202261366538B,0020004510431152006711261702112B,OK,OK,OK,OK,303777,2026-06-20 20:39:38,11014981.0,MAREESWARAN ,13616,104339022046,104319220141,140HPW501   ,AUTOMODE,BV141A,22,2,314025,OK,CA1,0,0,1020104313020080004674879488,OK,OK,0.39,0.445,0.5,0.39,0.435,0.5,OK,,0020004510431152006711261702112B,OK,OK,202.9,145.2,52.6,146.3,-0.0408401,1.55185,52.1502,52.9706,0.122513,2.0419,55.2254,55.735,57.7911,12.2106,57.3835,0.285866,0,0,0,0,05ACA006,304435,2026-06-20 20:40:20,11014981.0,MAREESWARAN ,13616.0,104339022046,104319220141,140HPW501   ,AUTOMODE,BV141B,30,2.0,314025.0,OK,,,,0020004510431152006711261702112B,OK,OK,,OK,OK,304534,2026-06-20 20:43:22,11014981.0,MAREESWARAN ,13616,104339022046,104319220141,,AUTOMODE,BV141D,59,2,314025,OK,CA13,,,0020007910431251065202261366538B,,0,145.0,8.1,-113.55,50.0,134,18.6,-222.95,59.6,-223.35,-113.71,0.0,0.256329,40.0119,40.9676,5.0,20.069,51.9593,51.9456,0,0,0,0,0,0,0,0,0,0,0,1.81,0,20.0,1,378658
5048835,1,0020007910431251065202261366560B,2026-06-13 12:55:52,314116, , ,104319220141,0,0,0,0,57000,110000,0,0,120000,0,0,0,0,0:02,1002,513,0         ,0,"3,79      ",113,0         ,0,"4,25      ",233,0         ,0,0         ,0,0,0,0,0,0         ,0,0         ,0,0         ,0,0         ,0,0         ,0,0         ,0,0,0,0,0,0,0,0,0,0,0,0,0,UCX31_x0001_|_x0007_:, ,0         ,0         ,0         ,3,"4,44      ",94,0         ,0:33      ,3,2026-06-13 18:03:54,11014981.0,MAREESWARAN ,1,104339022046,104319220141,,AUTOMODE_TS1,BV141E,45,1,,OK,,0,0,0020007910431251065202261366560B,1.17535,1.17408,1.17459,5,5,4.73,5.9975,6.0575,1,1.2,1.2,1.2,1,1.2,0.5,12,0.5,12,0.5,12,294774,2026-06-13 18:01:04,11014981,MAREESWARAN ,13616,104339022046,104319220141,140HPW501   ,,AUTOMODE,BV141C,23,1,307036,OK,,0,0,9002102010431351067303261542468A,0020007910431251065202261366560B,0020004510431152006711261580107A,OK,OK,OK,OK,296081,2026-06-13 17:58:50,11014981.0,MAREESWARAN ,13616,104339022046,104319220141,140HPW501   ,AUTOMODE,BV141A,23,1,307036,OK,CA1,0,0,1020104313020080004674879488,OK,OK,0.39,0.417,0.5,0.39,0.406,0.5,OK,,0020004510431152006711261580107A,OK,OK,202.9,145.2,52.6,146.3,0.0,1.59268,52.0461,53.1722,0.122513,1.67436,55.529,55.9367,57.5724,2.36861,57.2667,0.367542,0,0,0,0,05ACA003,296690,2026-06-13 17:59:40,11014981.0,MAREESWARAN ,13616.0,104339022046,104319220141,140HPW501   ,AUTOMODE,BV141B,29,1.0,307036.0,OK,,,,0020004510431152006711261580107A,OK,OK,,OK,OK,296801,2026-06-13 18:02:44,11014981.0,MAREESWARAN ,13616,104339022046,104319220141,,AUTOMODE,BV141D,33,1,307036,OK,CA13,,,0020007910431251065202261366560B,,0,145.7,6.1,-113.55,50.0,134,18.6,-222.95,59.6,-223.35,-113.71,0.624535,2.33257,45.0,40.0,5.0,20.0313,52.2149,52.1692,0,0,0,0,0,0,0,0,0,0,0,1.83,0,20.0,0,368110
5048731,1,0020007910431251065202261366606B,2026-06-13 12:20:22,314116, , ,104319220141,0,0,0,0,57000,110000,0,0,120000,0,0,0,0,0:02,1002,513,0         ,0,"4,1       ",159,0         ,0,"0,12      ",249,0         ,0,0         ,0,0,0,0,0,0         ,0,0         ,0,0         ,0,0         ,0,0         ,0,0         ,0,0,0,0,0,0,0,0,0,0,0,0,0,UCX31_x0001_|_x0007_:, ,0         ,0         ,0         ,3,"4,45      ",93,0         ,0:33      ,3,2026-06-13 18:05:14,11014981.0,MAREESWARAN ,1,104339022046,104319220141,,AUTOMODE_TS1,BV141E,45,1,,OK,,0,0,0020007910431251065202261366606B,1.17788,1.1775,1.17459,5,5,4.205,5.455,5.7625,1,1.2,1.2,1.2,1,1.2,0.5,12,0.5,12,0.5,12,294776,2026-06-13 18:02:32,11014981,MAREESWARAN ,13616,104339022046,104319220141,140HPW501   ,,AUTOMODE,BV141C,20,1,307038,OK,,0,0,9002102010431351067303261542609A,0020007910431251065202261366606B,0020004510431152006711261540760B,OK,OK,OK,OK,296083,2026-06-13 18:00:26,11014981.0,MAREESWARAN ,13616,104339022046,104319220141,140HPW501   ,AUTOMODE,BV141A,30,1,307038,OK,CA1,0,0,1020104313020080004674879488,OK,OK,0.39,0.405,0.5,0.39,0.409,0.5,OK,,0020004510431152006711261540760B,OK,OK,202.9,145.2,52.6,146.3,0.0,2.0419,52.0584,53.2916,0.163349,2.20525,55.4446,55.8548,57.7096,4.20632,57.5032,0.367542,0,0,0,0,05ACA001,296692,2026-06-13 18:01:12,11014981.0,MAREESWARAN ,13616.0,104339022046,104319220141,140HPW501   ,AUTOMODE,BV141B,29,1.0,307038.0,OK,,,,0020004510431152006711261540760B,OK,OK,,OK,OK,296803,2026-06-13 18:04:06,11014981.0,MAREESWARAN ,13616,104339022046,104319220141,,AUTOMODE,BV141D,33,1,307038,OK,CA13,,,0020007910431251065202261366606B,,0,145.7,5.8,-113.55,50.0,134,18.6,-222.95,59.6,-223.35,-113.71,0.515132,2.0754,45.0,40.0,5.0,23.8838,51.8566,52.1286,0,0,0,0,0,0,0,0,0,0,0,1.77,0,20.0,0,368112
5045623,1,0020007910431251065202261366615B,2026-06-12 17:10:00,314116, , ,104319220141,0,0,0,0,57000,110000,0,0,120000,0,0,0,0,0:02,1002,513,0         ,0,"3,05      ",134,0         ,0,"0,9       ",233,0         ,0,0         ,0,0,0,0,0,0         ,0,0         ,0,0         ,0,0         ,0,0         ,0,0         ,0,0,0,0,0,0,0,0,0,0,0,0,0,UCX31_x0001_|_x0007_:, ,0         ,0         ,0         ,3,"4,34      ",93,0         ,0:33      ,3,2026-06-13 09:16:14,11014890.0,SUDALAI     ,1,104339022046,104319220141,,AUTOMODE_TS1,BV141E2,38,1,,OK,,0,0,0020007910431251065202261366615B,1.15597,1.15409,1.15094,5,5,2.72575,6.57725,3.29222,1,1.2,1.2,1.2,1,1.2,0.5,12,0.5,12,0.5,12,294276,2026-06-13 09:14:10,11014890,SUDALAI     ,13616,104339022046,104319220141,140HPW501   ,,AUTOMODE,BV141C,26,1,306523,OK,,0,0,9002102010431351067303261478981A,0020007910431251065202261366615B,0020004510431152006711261590183A,OK,OK,OK,OK,295580,2026-06-13 09:12:08,11014890.0,SUDALAI     ,13616,104339022046,104319220141,140HPW501   ,AUTOMODE,BV141A,28,1,306523,OK,CA1,0,0,1020104313020080004674879488,OK,OK,0.39,0.394,0.5,0.39,0.424,0.5,OK,,0020004510431152006711261590183A,OK,OK,202.9,145.2,52.6,146.3,-0.0408363,1.22514,52.0766,52.9938,0.0408363,1.59269,55.2563,55.6665,57.5137,5.39062,57.3099,0.204189,0,0,0,0,05ACA006,296184,2026-06-13 09:12:52,11014890.0,SUDALAI     ,13616.0,104339022046,104319220141,140HPW501   ,AUTOMODE,BV141B,29,1.0,306523.0,OK,,,,0020004510431152006711261590183A,OK,OK,,OK,OK,296297,2026-06-13 09:15:08,11014890.0,SUDALAI     ,13616,104339022046,104319220141,,AUTOMODE,BV141D,36,1,306523,OK,CA13,,,0020007910431251065202261366615B,,0,145.3,6.0,-113.55,50.0,134,18.6,-222.95,59.6,-222.95,-113.71,0.287278,1.45976,45.0,40.0,5.0,19.2473,51.9098,51.8746,0,0,0,0,0,0,0,0,0,0,0,1.66,0,20.0,0,367595
5047753,1,0020007910431251065202261366677B,2026-06-13 05:08:09,314116, , ,104319220141,0,0,0,0,57000,110000,0,0,120000,0,0,0,0,0:02,1002,513,0         ,0,"3,81      ",283,0         ,0,"1,85      ",109,0         ,0,0         ,0,0,0,0,0,0         ,0,0         ,0,0         ,0,0         ,0,0         ,0,0         ,0,0,0,0,0,0,0,0,0,0,0,0,0,UCX31_x0001_|_x0007_:, ,0         ,0         ,0         ,3,"4,89      ",93,0         ,0:33      ,3,2026-06-13 15:50:07,11014981.0,MAREESWARAN ,1,104339022046,104319220141,,AUTOMODE_TS1,BV141E,44,1,,OK,,0,0,0020007910431251065202261366677B,1.17383,1.17345,1.17269,5,5,4.2375,4.6975,4.195,1,1.2,1.2,1.2,1,1.2,0.5,12,0.5,12,0.5,12,294623,2026-06-13 15:47:35,11014981,MAREESWARAN ,13616,104339022046,104319220141,140HPW501   ,,AUTOMODE,BV141C,22,1,306883,OK,,0,0,9002102010431351067303261542908B,0020007910431251065202261366677B,0020004510431152006711261580281C,OK,OK,OK,OK,295930,2026-06-13 15:45:23,11014981.0,MAREESWARAN ,13616,104339022046,104319220141,140HPW501   ,AUTOMODE,BV141A,21,1,306883,OK,CA1,0,0,1020104313020080004674879488,OK,OK,0.39,0.407,0.5,0.39,0.423,0.5,OK,,0020004510431152006711261580281C,OK,OK,202.9,145.2,52.6,146.3,-0.0408401,1.59268,52.0661,53.1923,0.122513,2.45028,55.3529,55.8625,57.8218,12.9048,57.5135,0.367542,0,0,0,0,05ACA002,296539,2026-06-13 15:46:25,11014981.0,MAREESWARAN ,13616.0,104339022046,104319220141,140HPW501   ,AUTOMODE,BV141B,29,1.0,306883.0,OK,CA4,,,0020004510431152006711261580281C,OK,OK,,OK,OK,296650,2026-06-13 15:48:39,11014981.0,MAREESWARAN ,13616,104339022046,104319220141,,AUTOMODE,BV141D,35,1,306883,OK,CA13,,,0020007910431251065202261366677B,,0,145.1,6.0,-113.55,50.0,134,18.6,-222.95,59.6,-223.35,-113.71,0.67229,1.82404,45.0,40.0,5.0,20.7099,51.8158,51.8666,0,0,0,0,0,0,0,0,0,0,0,1.81,0,20.0,0,367959
5044580,1,0020007910431251065202261366704B,2026-06-12 11:04:14,314116, , ,104319220141,0,0,0,0,57000,110000,0,0,120000,0,0,0,0,0:02,1002,513,0         ,0,"2,58      ",326,0         ,0,"0,42      ",183,0         ,0,0         ,0,0,0,0,0,0         ,0,0         ,0,0         ,0,0         ,0,0         ,0,0         ,0,0,0,0,0,0,0,0,0,0,0,0,0,UCX31_x0001_|_x0007_:, ,0         ,0         ,0         ,3,"3,65      ",93,0         ,2:55      ,3,2026-06-13 10:00:58,11014890.0,SUDALAI     ,1,104339022046,104319220141,,AUTOMODE_TS1,BV141E,44,1,,OK,,0,0,0020007910431251065202261366704B,1.17547,1.17244,1.1732,5,5,5.0025,5.805,5.2475,1,1.2,1.2,1.2,1,1.2,0.5,12,0.5,12,0.5,12,294305,2026-06-13 09:57:22,11014981,MAREESWARAN ,13616,104339022046,104319220141,140HPW501   ,,AUTOMODE,BV141C,67,1,306555,OK,,0,0,9002102010431351067303261479322B,0020007910431251065202261366704B,0020004510431152006711261590089A,OK,OK,OK,OK,295610,2026-06-13 09:55:22,11014981.0,MAREESWARAN ,13616,104339022046,104319220141,140HPW501   ,AUTOMODE,BV141A,35,1,306555,OK,CA1,0,0,1020104313020080004674879488,OK,OK,0.39,0.421,0.5,0.39,0.419,0.5,OK,,0020004510431152006711261590089A,OK,OK,202.9,145.2,52.6,146.3,-0.0408401,1.22514,52.1659,52.9838,0.0408363,2.12358,55.5571,55.9673,57.6132,2.40944,57.5113,0.326702,0,0,0,0,05ACA001,296215,2026-06-13 09:56:04,11014981.0,MAREESWARAN ,13616.0,104339022046,104319220141,140HPW501   ,AUTOMODE,BV141B,30,1.0,306555.0,OK,,,,0020004510431152006711261590089A,OK,OK,,OK,OK,296327,2026-06-13 09:59:48,10001376.0,DEEPAN.M    ,13616,104339022046,104319220141,,AUTOMODE,BV141D,35,1,306555,OK,CA13,,,0020007910431251065202261366704B,,0,145.3,5.9,-113.55,50.0,134,18.6,-222.95,59.6,-223.35,-113.71,1.02635,2.93792,45.0,40.0,5.0,24.7433,51.8069,51.9708,0,0,0,0,0,0,0,0,0,0,0,1.82,0,20.0,0,367626
5048700,1,0020007910431251065202261366729B,2026-06-13 12:04:32,314116, , ,104319220141,0,0,0,0,57000,110000,0,0,120000,0,0,0,0,0:02,1002,513,0         ,0,"5,24      ",110,0         ,0,"5,3       ",92,0         ,0,0         ,0,0,0,0,0,0         ,0,0         ,0,0         ,0,0         ,0,0         ,0,0         ,0,0,0,0,0,0,0,0,0,0,0,0,0,UCX31_x0001_|_x0007_:, ,0         ,0         ,0         ,3,"4,75      ",93,0         ,0:33      ,3,2026-06-15 15:31:40,11014981.0,MAREESWARAN ,1,104339022046,104319220141,,AUTOMODE_TS1,BV141E,45,1,,OK,,0,0,0020007910431251065202261366729B,1.17737,1.18104,1.17927,5,5,4.4575,4.72,5.135,1,1.2,1.2,1.2,1,1.2,0.5,12,0.5,12,0.5,12,296915,2026-06-15 15:29:28,11014981,MAREESWARAN ,13616,104339022046,104319220141,140HPW501   ,,AUTOMODE,BV141C,24,1,308413,OK,,0,0,9002102010431351067303261542700A,0020007910431251065202261366729B,0020004510431152006711261570018B,OK,OK,OK,OK,298238,2026-06-15 15:28:08,11014981.0,MAREESWARAN ,13616,104339022046,104319220141,140HPW501   ,AUTOMODE,BV141A,21,1,308413,OK,CA1,0,0,1020104313020080004674879488,OK,OK,0.39,0.433,0.5,0.39,0.427,0.5,OK,,0020004510431152006711261570018B,OK,OK,202.9,145.2,52.6,146.3,0.0,1.83771,52.0815,53.2178,0.163353,2.08274,55.3886,55.7988,57.7505,11.9655,57.2409,0.408379,0,0,0,0,05ACA006,298858,2026-06-15 15:28:48,11014981.0,MAREESWARAN ,13616.0,104339022046,104319220141,140HPW501   ,AUTOMODE,BV141B,29,1.0,308413.0,OK,,,,0020004510431152006711261570018B,OK,OK,,OK,OK,298964,2026-06-15 15:30:30,11014981.0,MAREESWARAN ,13616,104339022046,104319220141,,AUTOMODE,BV141D,32,1,308413,OK,CA13,,,0020007910431251065202261366729B,,0,145.2,4.1,-113.55,50.0,134,18.6,-222.95,59.6,-223.35,-113.71,0.735577,2.35875,45.0,40.0,5.0,23.1601,51.89,52.0174,0,0,0,0,0,0,0,0,0,0,0,1.84,0,20.0,0,371384
5043357,1,0020007910431251065202261366734B,2026-06-12 02:30:15,314116, , ,104319220141,0,0,0,0,57000,110000,0,0,120000,0,0,0,0,0:02,1002,513,0         ,0,"2,36      ",347,0         ,0,"0,61      ",53,0         ,0,0         ,0,0,0,0,0,0         ,0,0         ,0,0         ,0,0         ,0,0         ,0,0         ,0,0,0,0,0,0,0,0,0,0,0,0,0,UCX31_x0001_|_x0007_:, ,0         ,0         ,0         ,3,"3,66      ",93,0         ,0:33      ,3,2026-06-13 15:59:23,11014981.0,MAREESWARAN ,1,104339022046,104319220141,,AUTOMODE_TS1,BV141E,45,1,,OK,,0,0,0020007910431251065202261366734B,1.17472,1.17358,1.17699,5,5,4.04,4.555,4.555,1,1.2,1.2,1.2,1,1.2,0.5,12,0.5,12,0.5,12,294635,2026-06-13 15:56:29,11014981,MAREESWARAN ,13616,104339022046,104319220141,140HPW501   ,,AUTOMODE,BV141C,22,1,306895,OK,,0,0,9002102010431351067303261542878B,0020007910431251065202261366734B,0020004510431152006711261580294C,OK,OK,OK,OK,295942,2026-06-13 15:55:07,11014981.0,MAREESWARAN ,13616,104339022046,104319220141,140HPW501   ,AUTOMODE,BV141A,24,1,306895,OK,CA1,0,0,1020104313020080004674879488,OK,OK,0.39,0.417,0.5,0.39,0.417,0.5,OK,,0020004510431152006711261580294C,OK,OK,202.9,145.2,52.6,146.3,-0.0408401,1.63352,52.0766,53.4092,0.122513,2.32777,55.5748,56.087,57.6259,2.49112,57.524,0.408379,0,0,0,0,05ACA005,296551,2026-06-13 15:55:49,11014981.0,MAREESWARAN ,13616.0,104339022046,104319220141,140HPW501   ,AUTOMODE,BV141B,29,1.0,306895.0,OK,,,,0020004510431152006711261580294C,OK,OK,,OK,OK,296662,2026-06-13 15:58:13,11014981.0,MAREESWARAN ,13616,104339022046,104319220141,,AUTOMODE,BV141D,35,1,306895,OK,CA13,,,0020007910431251065202261366734B,,0,146.4,5.8,-113.55,50.0,134,18.6,-222.95,59.6,-223.35,-113.71,0.392588,1.71891,45.0,40.0781,5.0,18.2747,52.2813,52.2508,0,0,0,0,0,0,0,0,0,0,0,1.81,0,20.0,0,367971
5048750,1,0020007910431251065202261366774B,2026-06-13 12:27:35,314116, , ,104319220141,0,0,0,0,57000,110000,0,0,120000,0,0,0,0,0:02,1002,513,0         ,0,"4,98      ",118,0         ,0,"2,34      ",168,0         ,0,0         ,0,0,0,0,0,0         ,0,0         ,0,0         ,0,0         ,0,0         ,0,0         ,0,0,0,0,0,0,0,0,0,0,0,0,0,UCX31_x0001_|_x0007_:, ,0         ,0         ,0         ,3,"4,49      ",93,0         ,0:33      ,3,2026-06-15 15:37:38,11014981.0,MAREESWARAN ,1,104339022046,104319220141,,AUTOMODE_TS1,BV141E,44,1,,OK,,0,0,0020007910431251065202261366774B,1.18104,1.17762,1.17813,5,5,3.52,3.5875,4.3475,1,1.2,1.2,1.2,1,1.2,0.5,12,0.5,12,0.5,12,296923,2026-06-15 15:35:26,11014981,MAREESWARAN ,13616,104339022046,104319220141,140HPW501   ,,AUTOMODE,BV141C,23,1,308421,OK,,0,0,9002102010431351067303261542678A,0020007910431251065202261366774B,0020004510431152006711261590286B,OK,OK,OK,OK,298246,2026-06-15 15:34:10,11014981.0,MAREESWARAN ,13616,104339022046,104319220141,140HPW501   ,AUTOMODE,BV141A,22,1,308421,OK,CA1,0,0,1020104313020080004674879488,OK,OK,0.39,0.425,0.5,0.39,0.428,0.5,OK,,0020004510431152006711261590286B,OK,OK,202.9,145.2,52.6,146.3,0.0,1.63352,52.084,53.0063,0.163353,2.40945,55.1593,55.8752,57.7224,4.49219,57.4141,0.408379,0,0,0,0,05ACA005,298866,2026-06-15 15:34:50,11014981.0,MAREESWARAN ,13616.0,104339022046,104319220141,140HPW501   ,AUTOMODE,BV141B,29,1.0,308421.0,OK,,,,0020004510431152006711261590286B,OK,OK,,OK,OK,298972,2026-06-15 15:36:30,11014981.0,MAREESWARAN ,13616,104339022046,104319220141,,AUTOMODE,BV141D,32,1,308421,OK,CA13,,,0020007910431251065202261366774B,,0,145.1,4.1,-113.55,50.0,134,18.6,-222.95,59.6,-223.35,-113.71,0.82768,3.27156,45.0,40.0,5.0,16.9177,52.2632,52.2793,0,0,0,0,0,0,0,0,0,0,0,1.81,0,20.0,0,371392
5071346,1,0020007910431251065202261366882B,2026-06-20 10:54:30,314116, , ,104319220141,0,0,0,0,57000,110000,0,0,120000,0,0,0,0,0:03,1002,513,0         ,0,"4,6       ",272,0         ,0,"0,85      ",328,0         ,0,0         ,0,0,0,0,0,0         ,0,0         ,0,0         ,0,0         ,0,0         ,0,0         ,0,0,0,0,0,0,0,0,0,0,0,0,0,UCX31_x0001_|_x0007_:, ,0         ,0         ,0         ,3,"3,78      ",93,0         ,0:34      ,3,2026-06-24 10:43:54,11014981.0,MAREESWARAN ,1,104339022046,104319220141,,AUTOMODE_TS1,BV141E2,38,1,,OK,,0,0,0020007910431251065202261366882B,1.15245,1.15233,1.14742,5,5,2.28024,6.20719,2.47066,1,1.2,1.2,1.2,1,1.2,0.5,12,0.5,12,0.5,12,305922,2026-06-24 10:41:16,11014981,MAREESWARAN ,13616,104339022046,104319220141,140HPW501   ,,AUTOMODE,BV141C,23,1,317603,OK,,0,0,9002102010431351067303261575452B,0020007910431251065202261366882B,0020004510431152006711261730100A,OK,OK,OK,OK,307273,2026-06-24 10:39:22,11014981.0,MAREESWARAN ,13616,104339022046,104319220141,140HPW501   ,AUTOMODE,BV141A,22,1,317603,OK,CA1,0,0,1020104313020080004674879488,OK,OK,0.39,0.417,0.5,0.39,0.406,0.5,OK,,0020004510431152006711261730100A,OK,OK,202.9,145.2,52.6,146.3,0.0,0.939274,52.0584,53.1795,0.122513,1.42933,55.3349,55.7452,57.5924,1.87855,57.4904,0.245026,0,0,0,0,05ACA010,307973,2026-06-24 10:40:04,11014981.0,MAREESWARAN ,13616.0,104339022046,104319220141,140HPW501   ,AUTOMODE,BV141B,30,1.0,317603.0,OK,,,,0020004510431152006711261730100A,OK,OK,,OK,OK,308045,2026-06-24 10:42:50,11014981.0,MAREESWARAN ,13616,104339022046,104319220141,,AUTOMODE,BV141D,35,1,317603,OK,CA13,,,0020007910431251065202261366882B,,0,145.6,8.5,-113.55,50.0,134,18.6,-222.95,59.6,-223.35,-113.71,1.32302,2.92986,45.0,40.0,5.0,23.0017,52.2646,52.3219,0,0,0,0,0,0,0,0,0,0,0,1.82,0,20.0,0,382638
5104787,1,0020007910431251065202261366888B,2026-07-01 01:44:48,314116, , ,104319220141,0,0,0,0,57000,110000,0,0,120000,0,0,0,0,0:01,1002,513,0         ,0,"1,07      ",14,0         ,0,"0,86      ",322,0         ,0,0         ,0,0,0,0,0,0         ,0,0         ,0,0         ,0,0         ,0,0         ,0,0         ,0,0,0,0,0,0,0,0,0,0,0,0,0,UCX31_x0001_|_x0007_:, ,0         ,0         ,0         ,3,"4,56      ",93,0         ,24:52     ,3,2026-06-26 02:41:00,11014981.0,MAREESWARAN ,1,104339022046,104319220141,,AUTOMODE_TS1,BV141E2,38,2,,OK,,0,0,0020007910431251065202261366888B,1.16088,1.15912,1.15597,5,5,2.59281,6.61796,3.02635,1,1.2,1.2,1.2,1,1.2,0.5,12,0.5,12,0.5,12,307918,2026-06-26 02:38:58,11014981,MAREESWARAN ,13616,104339022046,104319220141,140HPW501   ,,AUTOMODE,BV141C,20,2,319667,OK,,0,0,9002102010431351067303261574905A,0020007910431251065202261366888B,0020004510431152006711261740686C,OK,OK,OK,OK,309294,2026-06-26 02:37:44,11014981.0,MAREESWARAN ,13616,104339022046,104319220141,140HPW501   ,AUTOMODE,BV141A,22,2,319667,OK,CA1,0,0,1020104313020080004674879488,OK,OK,0.39,0.416,0.5,0.39,0.419,0.5,OK,,0020004510431152006711261740686C,OK,OK,202.9,145.2,52.6,146.3,-0.0408363,2.65448,52.2923,53.4235,0.245029,2.40945,55.5739,56.0835,56.2401,2.10336,57.5256,0.449219,0,0,0,0,05ACA010,310021,2026-06-26 02:38:22,11014981.0,MAREESWARAN ,13616.0,104339022046,104319220141,140HPW501   ,AUTOMODE,BV141B,29,2.0,319667.0,OK,,,,0020004510431152006711261740686C,OK,OK,,OK,OK,310074,2026-06-26 02:39:56,11014981.0,MAREESWARAN ,13616,104339022046,104319220141,,AUTOMODE,BV141D,31,2,319667,OK,CA13,,,0020007910431251065202261366888B,,0,147.4,3.4,-113.55,50.0,134,18.6,-222.95,59.6,-223.35,-113.71,1.40619,3.11735,45.0,40.0,5.0,20.3027,52.2626,52.4079,0,0,0,0,0,0,0,0,0,0,0,1.8,0,20.0,0,384948
5086660,1,0020007910431251065202261366948C,2026-06-25 11:18:44,314116, , ,104319220141,0,0,0,0,57000,110000,0,0,120000,0,0,0,0,0:01,1002,513,0         ,0,"1,63      ",26,0         ,0,"2,55      ",278,0         ,0,0         ,0,0,0,0,0,0         ,0,0         ,0,0         ,0,0         ,0,0         ,0,0         ,0,0,0,0,0,0,0,0,0,0,0,0,0,UCX31_x0001_|_x0007_:, ,0         ,0         ,0         ,3,"4,45      ",93,0         ,0:32      ,3,2026-06-24 10:41:52,11014981.0,MAREESWARAN ,1,104339022046,104319220141,,AUTOMODE_TS1,BV141E,45,1,,OK,,0,0,0020007910431251065202261366948C,1.17358,1.17421,1.17358,5,5,3.74,4.485,5.7475,1,1.2,1.2,1.2,1,1.2,0.5,12,0.5,12,0.5,12,305919,2026-06-24 10:38:36,11014981,MAREESWARAN ,13616,104339022046,104319220141,140HPW501   ,,AUTOMODE,BV141C,20,1,317600,OK,,0,0,9002102010431351067303261575465B,0020007910431251065202261366948C,0020004510431152006711261730200B,OK,OK,OK,OK,307270,2026-06-24 10:37:18,11014981.0,MAREESWARAN ,13616,104339022046,104319220141,140HPW501   ,AUTOMODE,BV141A,22,1,317600,OK,CA1,0,0,1020104313020080004674879488,OK,OK,0.39,0.426,0.5,0.39,0.41,0.5,OK,,0020004510431152006711261730200B,OK,OK,202.9,145.2,52.6,146.3,-0.0408363,2.45028,52.0404,53.3806,0.163353,2.5728,55.6482,55.9539,57.6992,2.94034,57.5973,0.367542,0,0,0,0,05ACA001,307970,2026-06-24 10:37:58,11014981.0,MAREESWARAN ,13616.0,104339022046,104319220141,140HPW501   ,AUTOMODE,BV141B,30,1.0,317600.0,OK,,,,0020004510431152006711261730200B,OK,OK,,OK,OK,308042,2026-06-24 10:40:44,11014981.0,MAREESWARAN ,13616,104339022046,104319220141,,AUTOMODE,BV141D,34,1,317600,OK,CA13,,,0020007910431251065202261366948C,,0,145.1,8.2,-113.55,50.0,134,18.6,-222.95,59.6,-223.35,-113.71,1.80308,4.33709,45.0,40.0,5.0,25.5273,52.0717,52.1746,0,0,0,0,0,0,0,0,0,0,0,1.82,0,20.0,0,382635
5056436,1,0020007910431251065202261367036C,2026-06-16 10:05:26,314116, , ,104319220141,0,0,0,0,57000,110000,0,0,120000,0,0,0,0,0:02,1002,513,0         ,0,"2,85      ",174,0         ,0,"0,74      ",62,0         ,0,0         ,0,0,0,0,0,0         ,0,0         ,0,0         ,0,0         ,0,0         ,0,0         ,0,0,0,0,0,0,0,0,0,0,0,0,0,UCX31_x0001_|_x0007_:, ,0         ,0         ,0         ,3,"4,79      ",93,0         ,0:33      ,3,2026-06-17 08:40:38,11014086.0,BABU        ,1,104339022046,104319220141,,AUTOMODE_TS1,BV141E,45,1,,OK,,0,0,0020007910431251065202261367036C,1.17863,1.17332,1.17623,5,5,4.19,4.6125,5.0125,1,1.2,1.2,1.2,1,1.2,0.5,12,0.5,12,0.5,12,298925,2026-06-17 08:38:42,11014981,MAREESWARAN ,13616,104339022046,104319220141,140HPW501   ,,AUTOMODE,BV141C,23,1,310476,OK,,0,0,9002102010431351067303261553911A,0020007910431251065202261367036C,0020004510431152006711261630049C,OK,OK,OK,OK,300275,2026-06-17 08:37:14,11014981.0,MAREESWARAN ,13616,104339022046,104319220141,140HPW501   ,AUTOMODE,BV141A,24,1,310476,OK,CA1,0,0,1020104313020080004674879488,OK,OK,0.39,0.425,0.5,0.39,0.431,0.5,OK,,0020004510431152006711261630049C,OK,OK,202.9,145.2,52.6,146.3,-0.0408401,0.980114,52.0814,53.0063,0.0,1.42933,55.3656,55.5694,57.6307,3.63459,57.2205,0.163353,0,0,0,0,05ACA004,300910,2026-06-17 08:37:58,11014981.0,MAREESWARAN ,13616.0,104339022046,104319220141,140HPW501   ,AUTOMODE,BV141B,30,1.0,310476.0,OK,,,,0020004510431152006711261630049C,OK,OK,,OK,OK,301009,2026-06-17 08:39:28,11014981.0,MAREESWARAN ,13616,104339022046,104319220141,,AUTOMODE,BV141D,33,1,310476,OK,CA13,,,0020007910431251065202261367036C,,0,145.3,4.4,-113.55,50.0,134,18.6,-222.95,59.6,-223.35,-113.71,0.68441,2.28886,45.0,40.0,5.0,18.0712,52.361,52.3676,0,0,0,0,0,0,0,0,0,0,0,1.77,0,20.0,0,374129
5063888,1,0020007910431251065202261367040C,2026-06-18 06:55:21,314116, , ,104319220141,0,0,0,0,57000,110000,0,0,120000,0,0,0,0,0:02,1002,513,0         ,0,"3,59      ",156,0         ,0,"3,17      ",100,0         ,0,0         ,0,0,0,0,0,0         ,0,0         ,0,0         ,0,0         ,0,0         ,0,0         ,0,0,0,0,0,0,0,0,0,0,0,0,0,UCX31_x0001_|_x0007_:, ,0         ,0         ,0         ,3,"4,06      ",93,0         ,0:33      ,3,2026-06-18 20:54:28,11014981.0,MAREESWARAN ,1,104339022046,104319220141,,AUTOMODE_TS1,BV141E2,38,2,,OK,,0,0,0020007910431251065202261367040C,1.15522,1.15082,1.14931,5,5,2.52216,8.62994,4.73174,1,1.2,1.2,1.2,1,1.2,0.5,12,0.5,12,0.5,12,300743,2026-06-18 20:51:52,11014981,MAREESWARAN ,13616,104339022046,104319220141,140HPW501   ,,AUTOMODE,BV141C,31,2,312330,OK,,0,0,9002102010431351067303261542555A,0020007910431251065202261367040C,0020004510431152006711261652123C,OK,OK,OK,OK,302106,2026-06-18 20:50:14,11014981.0,MAREESWARAN ,13616,104339022046,104319220141,140HPW501   ,AUTOMODE,BV141A,21,2,312330,OK,CA1,0,0,1020104313020080004674879488,OK,OK,0.39,0.421,0.5,0.39,0.428,0.5,OK,,0020004510431152006711261652123C,OK,OK,202.9,145.2,52.6,146.3,0.0,1.59269,52.1044,53.1286,0.122517,2.08274,55.386,55.7988,57.5492,2.0419,57.3453,0.367542,0,0,0,0,05ACA003,302754,2026-06-18 20:50:54,11014981.0,MAREESWARAN ,13616.0,104339022046,104319220141,140HPW501   ,AUTOMODE,BV141B,29,2.0,312330.0,OK,,,,0020004510431152006711261652123C,OK,OK,,OK,OK,302853,2026-06-18 20:53:22,11014981.0,MAREESWARAN ,13616,104339022046,104319220141,,AUTOMODE,BV141D,33,2,312330,OK,CA13,,,0020007910431251065202261367040C,,0,145.1,6.2,-113.55,50.0,134,18.6,-222.95,59.6,-223.35,-113.71,1.17512,2.52517,45.0,40.0,5.0,25.8817,52.1457,52.243,0,0,0,0,0,0,0,0,0,0,0,1.77,0,20.0,0,376763
5063924,1,0020007910431251065202261367062C,2026-06-18 07:06:14,314116, , ,104319220141,0,0,0,0,57000,110000,0,0,120000,0,0,0,0,0:02,1002,513,0         ,0,"2,82      ",142,0         ,0,"1,44      ",267,0         ,0,0         ,0,0,0,0,0,0         ,0,0         ,0,0         ,0,0         ,0,0         ,0,0         ,0,0,0,0,0,0,0,0,0,0,0,0,0,UCX31_x0001_|_x0007_:, ,0         ,0         ,0         ,3,"3,95      ",93,0         ,0:37      ,3,2026-06-18 20:53:48,11014981.0,MAREESWARAN ,1,104339022046,104319220141,,AUTOMODE_TS1,BV141E,45,2,,OK,,0,0,0020007910431251065202261367062C,1.17851,1.17421,1.17484,5,5,4.3775,4.69,5.3075,1,1.2,1.2,1.2,1,1.2,0.5,12,0.5,12,0.5,12,300742,2026-06-18 20:51:08,11014981,MAREESWARAN ,13616,104339022046,104319220141,140HPW501   ,,AUTOMODE,BV141C,27,2,312329,OK,,0,0,9002102010431351067303261542352A,0020007910431251065202261367062C,0020004510431152006711261652158C,OK,OK,OK,OK,302105,2026-06-18 20:49:34,11014981.0,MAREESWARAN ,13616,104339022046,104319220141,140HPW501   ,AUTOMODE,BV141A,33,2,312329,OK,CA1,0,0,1020104313020080004674879488,OK,OK,0.39,0.435,0.5,0.39,0.423,0.5,OK,,0020004510431152006711261652158C,OK,OK,202.9,145.2,52.6,146.3,-0.0408363,2.45028,52.0917,53.2127,0.163353,2.0419,55.3784,55.7886,57.6307,1.55185,57.4269,0.285866,0,0,0,0,05ACA005,302753,2026-06-18 20:50:16,11014981.0,MAREESWARAN ,13616.0,104339022046,104319220141,140HPW501   ,AUTOMODE,BV141B,31,2.0,312329.0,OK,,,,0020004510431152006711261652158C,OK,OK,,OK,OK,302852,2026-06-18 20:52:38,11014981.0,MAREESWARAN ,13616,104339022046,104319220141,,AUTOMODE,BV141D,33,2,312329,OK,CA13,,,0020007910431251065202261367062C,,0,145.5,6.1,-113.55,50.0,134,18.6,-222.95,59.6,-223.35,-113.71,1.38289,3.813,45.0,40.0,5.0,22.7077,52.2382,52.4844,0,0,0,0,0,0,0,0,0,0,0,1.82,0,20.0,0,376762
5057049,1,0020007910431251065202261367063C,2026-06-16 13:40:04,314116, , ,104319220141,0,0,0,0,57000,110000,0,0,120000,0,0,0,0,0:02,1002,513,0         ,0,"0,75      ",241,0         ,0,"3,56      ",353,0         ,0,0         ,0,0,0,0,0,0         ,0,0         ,0,0         ,0,0         ,0,0         ,0,0         ,0,0,0,0,0,0,0,0,0,0,0,0,0,UCX31_x0001_|_x0007_:, ,0         ,0         ,0         ,3,"4,96      ",93,0         ,0:33      ,3,2026-06-17 08:43:48,11014086.0,BABU        ,1,104339022046,104319220141,,AUTOMODE_TS1,BV141E2,38,1,,OK,,0,0,0020007910431251065202261367063C,1.16226,1.17019,1.14352,5,5,2.86826,8.10299,3.47066,1,1.2,1.2,1.2,1,1.2,0.5,12,0.5,12,0.5,12,298927,2026-06-17 08:41:56,11014981,MAREESWARAN ,13616,104339022046,104319220141,140HPW501   ,,AUTOMODE,BV141C,26,1,310478,OK,,0,0,9002102010431351067303261553929A,0020007910431251065202261367063C,0020004510431152006711261630206C,OK,OK,OK,OK,300277,2026-06-17 08:39:38,11014981.0,MAREESWARAN ,13616,104339022046,104319220141,140HPW501   ,AUTOMODE,BV141A,42,1,310478,OK,CA1,0,0,1020104313020080004674879488,OK,OK,0.39,0.431,0.5,0.39,0.436,0.5,OK,,0020004510431152006711261630206C,OK,OK,202.9,145.2,52.6,146.3,-0.0408401,0.898438,52.2547,53.0776,0.0816765,1.59269,55.1337,55.8522,57.5975,7.31001,57.3937,0.285866,0,0,0,0,05ACA006,300912,2026-06-17 08:40:22,11014981.0,MAREESWARAN ,13616.0,104339022046,104319220141,140HPW501   ,AUTOMODE,BV141B,30,1.0,310478.0,OK,,,,0020004510431152006711261630206C,OK,OK,,OK,OK,301011,2026-06-17 08:42:42,11014981.0,MAREESWARAN ,13616,104339022046,104319220141,,AUTOMODE,BV141D,33,1,310478,OK,CA13,,,0020007910431251065202261367063C,,0,145.2,4.5,-113.55,50.0,134,18.6,-222.95,59.6,-223.35,-113.71,2.06571,2.87428,43.1404,40.0,5.0,22.6172,48.2574,52.0214,0,0,0,0,0,0,0,0,0,0,0,1.85,0,20.0,0,374131
5086668,1,0020007910431251065202261367067C,2026-06-25 11:22:21,314116, , ,104319220141,0,0,0,0,57000,110000,0,0,120000,0,0,0,0,0:01,1002,513,0         ,0,"3,08      ",88,0         ,0,"1,77      ",314,0         ,0,0         ,0,0,0,0,0,0         ,0,0         ,0,0         ,0,0         ,0,0         ,0,0         ,0,0,0,0,0,0,0,0,0,0,0,0,0,UCX31_x0001_|_x0007_:, ,0         ,0         ,0         ,3,"4,49      ",93,0         ,0:32      ,3,2026-06-24 10:40:32,11014981.0,MAREESWARAN ,1,104339022046,104319220141,,AUTOMODE_TS1,BV141E,45,1,,OK,,0,0,0020007910431251065202261367067C,1.17446,1.17193,1.17206,5,5,4.255,5.3825,5.075,1,1.2,1.2,1.2,1,1.2,0.5,12,0.5,12,0.5,12,305918,2026-06-24 10:38:04,11014981,MAREESWARAN ,13616,104339022046,104319220141,140HPW501   ,,AUTOMODE,BV141C,34,1,317599,OK,,0,0,9002102010431351067303261575521B,0020007910431251065202261367067C,0020004510431152006711261730074A,OK,OK,OK,OK,307269,2026-06-24 10:36:36,11014981.0,MAREESWARAN ,13616,104339022046,104319220141,140HPW501   ,AUTOMODE,BV141A,22,1,317599,OK,CA1,0,0,1020104313020080004674879488,OK,OK,0.39,0.411,0.5,0.39,0.407,0.5,OK,,0020004510431152006711261730074A,OK,OK,202.9,145.2,52.6,146.3,-0.0408363,1.42933,52.3918,53.6199,0.122517,1.75604,55.676,56.1881,56.2401,1.65195,57.9309,0.122517,0,0,0,0,05ACA005,307969,2026-06-24 10:37:18,11014981.0,MAREESWARAN ,13616.0,104339022046,104319220141,140HPW501   ,AUTOMODE,BV141B,31,1.0,317599.0,OK,,,,0020004510431152006711261730074A,OK,OK,,OK,OK,308041,2026-06-24 10:39:22,11014981.0,MAREESWARAN ,13616,104339022046,104319220141,,AUTOMODE,BV141D,37,1,317599,OK,CA13,,,0020007910431251065202261367067C,,0,145.5,8.7,-113.55,50.0,134,18.6,-222.95,59.6,-223.35,-113.71,2.18663,3.72571,45.0,40.0,5.0,22.474,51.9302,52.3933,0,0,0,0,0,0,0,0,0,0,0,1.81,0,20.0,0,382634
5063943,1,0020007910431251065202261367179C,2026-06-18 07:11:37,314116, , ,104319220141,0,0,0,0,57000,110000,0,0,120000,0,0,0,0,0:02,1002,513,0         ,0,"1,58      ",87,0         ,0,"1,04      ",116,0         ,0,0         ,0,0,0,0,0,0         ,0,0         ,0,0         ,0,0         ,0,0         ,0,0         ,0,0,0,0,0,0,0,0,0,0,0,0,0,UCX31_x0001_|_x0007_:, ,0         ,0         ,0         ,3,"4,12      ",93,0         ,0:33      ,3,2026-06-18 20:56:12,11014981.0,MAREESWARAN ,1,104339022046,104319220141,,AUTOMODE_TS1,BV141E2,38,2,,OK,,0,0,0020007910431251065202261367179C,1.15019,1.16264,1.14931,5,5,3.24431,7.7485,3.86467,1,1.2,1.2,1.2,1,1.2,0.5,12,0.5,12,0.5,12,300745,2026-06-18 20:53:10,11014981,MAREESWARAN ,13616,104339022046,104319220141,140HPW501   ,,AUTOMODE,BV141C,17,2,312332,OK,,0,0,9002102010431351067303261542330A,0020007910431251065202261367179C,0020004510431152006711261652132C,OK,OK,OK,OK,302108,2026-06-18 20:51:52,11014981.0,MAREESWARAN ,13616,104339022046,104319220141,140HPW501   ,AUTOMODE,BV141A,33,2,312332,OK,CA1,0,0,1020104313020080004674879488,OK,OK,0.39,0.443,0.5,0.39,0.412,0.5,OK,,0020004510431152006711261652132C,OK,OK,202.9,145.2,52.6,146.3,-0.0408401,1.30682,52.0532,53.0799,0.0816727,2.20525,55.238,55.6482,57.5948,8.57599,57.289,0.367542,0,0,0,0,05ACA002,302756,2026-06-18 20:52:32,11014981.0,MAREESWARAN ,13616.0,104339022046,104319220141,140HPW501   ,AUTOMODE,BV141B,29,2.0,312332.0,OK,,,,0020004510431152006711261652132C,OK,OK,,OK,OK,302855,2026-06-18 20:55:02,11014981.0,MAREESWARAN ,13616,104339022046,104319220141,,AUTOMODE,BV141D,45,2,312332,OK,CA13,,,0020007910431251065202261367179C,,0,145.2,6.2,-113.55,50.0,134,18.6,-222.95,59.6,-223.35,-113.71,1.48869,3.39194,45.0,40.0,5.0,21.0717,51.8642,51.9704,0,0,0,0,0,0,0,0,0,0,0,1.69,0,20.0,1,376765
5077582,1,0020007910431251065202261367372C,2026-06-22 20:03:29,314116, , ,104319220141,0,0,0,0,57000,110000,0,0,120000,0,0,0,0,0:02,1002,513,0         ,0,"1,72      ",107,0         ,0,"3,48      ",140,0         ,0,0         ,0,0,0,0,0,0         ,0,0         ,0,0         ,0,0         ,0,0         ,0,0         ,0,0,0,0,0,0,0,0,0,0,0,0,0,UCX31_x0001_|_x0007_:, ,0         ,0         ,0         ,3,"3,96      ",93,0         ,0:33      ,3,2026-06-20 18:58:09,11014981.0,MAREESWARAN ,1,104339022046,104319220141,,AUTOMODE_TS1,BV141E,45,1,,OK,,0,0,0020007910431251065202261367372C,1.17396,1.17408,1.17358,5,5,4.3925,4.5875,4.305,1,1.2,1.2,1.2,1,1.2,0.5,12,0.5,12,0.5,12,302430,2026-06-20 18:55:11,11014981,MAREESWARAN ,13616,104339022046,104319220141,140HPW501   ,,AUTOMODE,BV141C,25,1,313972,OK,,0,0,9002102010431351067303261542418A,0020007910431251065202261367372C,0020004510431152006711261702031B,OK,OK,OK,OK,303724,2026-06-20 18:53:41,11014981.0,MAREESWARAN ,13616,104339022046,104319220141,140HPW501   ,AUTOMODE,BV141A,24,1,313972,OK,CA1,0,0,1020104313020080004674879488,OK,OK,0.39,0.439,0.5,0.39,0.441,0.5,OK,,0020004510431152006711261702031B,OK,OK,202.9,145.2,52.6,146.3,0.0,1.79688,52.0304,53.154,0.163353,2.20525,55.2076,55.6178,57.6739,12.6598,57.2663,0.367542,0,0,0,0,05ACA002,304382,2026-06-20 18:54:21,11014981.0,MAREESWARAN ,13616.0,104339022046,104319220141,140HPW501   ,AUTOMODE,BV141B,29,1.0,313972.0,OK,,,,0020004510431152006711261702031B,OK,OK,,OK,OK,304481,2026-06-20 18:56:29,11014981.0,MAREESWARAN ,13616,104339022046,104319220141,,AUTOMODE,BV141D,33,1,313972,OK,CA13,,,0020007910431251065202261367372C,,0,145.3,5.4,-113.55,50.0,134,18.6,-222.95,59.6,-223.35,-113.71,1.13014,2.68493,45.0,40.0,5.0,25.0599,51.8527,52.0042,0,0,0,0,0,0,0,0,0,0,0,1.65,0,20.0,0,378600
5072033,1,0020007910431251065202261377414B,2026-06-20 15:32:11,314116, , ,104319220141,0,0,0,0,57000,110000,0,0,120000,0,0,0,0,0:02,1002,513,0         ,0,"3,09      ",220,0         ,0,"0,28      ",316,0         ,0,0         ,0,0,0,0,0,0         ,0,0         ,0,0         ,0,0         ,0,0         ,0,0         ,0,0,0,0,0,0,0,0,0,0,0,0,0,UCX31_x0001_|_x0007_:, ,0         ,0         ,0         ,3,"4,06      ",94,0         ,0:33      ,3,2026-06-19 22:29:04,11014981.0,MAREESWARAN ,1,104339022046,104319220141,,AUTOMODE_TS1,BV141E2,38,2,,OK,,0,0,0020007910431251065202261377414B,1.15874,1.1444,1.15799,5,5,3.10778,6.68623,3.3521,1,1.2,1.2,1.2,1,1.2,0.5,12,0.5,12,0.5,12,301410,2026-06-19 22:26:34,11014981,MAREESWARAN ,13616,104339022046,104319220141,140HPW501   ,,AUTOMODE,BV141C,17,2,312922,OK,,0,0,9002102010431351067303261531281B,0020007910431251065202261377414B,0020004510431152006711261692078B,OK,OK,OK,OK,302693,2026-06-19 22:25:22,11014981.0,MAREESWARAN ,13616,104339022046,104319220141,140HPW501   ,AUTOMODE,BV141A,21,2,312922,OK,CA1,0,0,1020104313020080004674879488,OK,OK,0.39,0.422,0.5,0.39,0.432,0.5,OK,,0020004510431152006711261692078B,OK,OK,202.9,145.2,52.6,146.3,0.0,2.08274,52.084,53.1185,0.163349,2.12358,55.2816,55.6892,57.7352,11.9247,57.2256,0.367542,0,0,0,0,05ACA006,303342,2026-06-19 22:26:02,11014981.0,MAREESWARAN ,13616.0,104339022046,104319220141,140HPW501   ,AUTOMODE,BV141B,29,2.0,312922.0,OK,,,,0020004510431152006711261692078B,OK,OK,,OK,OK,303443,2026-06-19 22:27:58,11014981.0,MAREESWARAN ,13616,104339022046,104319220141,,AUTOMODE,BV141D,31,2,312922,OK,CA14,,,0020007910431251065202261377414B,,0,145.2,5.8,-113.55,50.0,134,18.6,-222.95,59.6,-223.35,-113.71,0.5882,1.69831,45.0,40.0,5.0,25.3765,51.9823,52.0728,0,0,0,0,0,0,0,0,0,0,0,1.6,0,20.0,0,377461
5104722,1,0020007910431251065202261377592B,2026-07-01 00:59:30,314116, , ,104319220141,0,0,0,0,57000,110000,0,0,120000,0,0,0,0,0:01,1002,513,0         ,0,"1,46      ",225,0         ,0,"4,45      ",19,0         ,0,0         ,0,0,0,0,0,0         ,0,0         ,0,0         ,0,0         ,0,0         ,0,0         ,0,0,0,0,0,0,0,0,0,0,0,0,0,UCX31_x0001_|_x0007_:, ,0         ,0         ,0         ,3,"4,31      ",93,0         ,4:14      ,3,2026-06-26 02:44:38,11014981.0,MAREESWARAN ,1,104339022046,104319220141,,AUTOMODE_TS1,BV141E,45,2,,OK,,0,0,0020007910431251065202261377592B,1.17699,1.17358,1.17459,5,5,4.505,6.475,5.52,1,1.2,1.2,1.2,1,1.2,0.5,12,0.5,12,0.5,12,307923,2026-06-26 02:42:42,11014981,MAREESWARAN ,13616,104339022046,104319220141,140HPW501   ,,AUTOMODE,BV141C,31,2,319672,OK,,0,0,9002102010431351067303261574915A,0020007910431251065202261377592B,0020004510431152006711261740705C,OK,OK,OK,OK,309299,2026-06-26 02:41:12,11014981.0,MAREESWARAN ,13616,104339022046,104319220141,140HPW501   ,AUTOMODE,BV141A,25,2,319672,OK,CA1,0,0,1020104313020080004674879488,OK,OK,0.39,0.418,0.5,0.39,0.417,0.5,OK,,0020004510431152006711261740705C,OK,OK,202.9,145.2,52.6,146.3,0.0,2.61364,52.035,53.1739,0.245029,2.61364,55.3243,55.7319,57.6759,3.71626,57.3702,0.408379,0,0,0,0,05ACA004,310026,2026-06-26 02:41:56,11014981.0,MAREESWARAN ,13616.0,104339022046,104319220141,140HPW501   ,AUTOMODE,BV141B,29,2.0,319672.0,OK,,,,0020004510431152006711261740705C,OK,OK,,OK,OK,310079,2026-06-26 02:43:28,11014981.0,MAREESWARAN ,13616,104339022046,104319220141,,AUTOMODE,BV141D,30,2,319672,OK,CA13,,,0020007910431251065202261377592B,,0,147.9,3.3,-113.55,50.0,134,18.6,-222.95,59.6,-223.35,-113.71,0.0753899,0.476053,44.9678,40.0,5.0,19.2925,52.2524,52.3797,0,0,0,0,0,0,0,0,0,0,0,1.87,0,20.0,0,384953
5086616,1,0020007910431251065202261377594B,2026-06-25 11:01:56,314116, , ,104319220141,0,0,0,0,57000,110000,0,0,120000,0,0,0,0,0:02,1002,513,0         ,0,"1,44      ",16,0         ,0,"0,7       ",302,0         ,0,0         ,0,0,0,0,0,0         ,0,0         ,0,0         ,0,0         ,0,0         ,0,0         ,0,0,0,0,0,0,0,0,0,0,0,0,0,UCX31_x0001_|_x0007_:, ,0         ,0         ,0         ,3,"4,09      ",93,0         ,0:33      ,3,2026-06-24 10:44:40,11014981.0,MAREESWARAN ,1,104339022046,104319220141,,AUTOMODE_TS1,BV141E,45,1,,OK,,0,0,0020007910431251065202261377594B,1.17396,1.17295,1.16979,5,5,3.705,3.815,4.24,1,1.2,1.2,1.2,1,1.2,0.5,12,0.5,12,0.5,12,305923,2026-06-24 10:42:04,11014981,MAREESWARAN ,13616,104339022046,104319220141,140HPW501   ,,AUTOMODE,BV141C,24,1,317604,OK,,0,0,9002102010431351067303261575530B,0020007910431251065202261377594B,0020004510431152006711261730223B,OK,OK,OK,OK,307274,2026-06-24 10:40:06,11014981.0,MAREESWARAN ,13616,104339022046,104319220141,140HPW501   ,AUTOMODE,BV141A,24,1,317604,OK,CA1,0,0,1020104313020080004674879488,OK,OK,0.39,0.417,0.5,0.39,0.417,0.5,OK,,0020004510431152006711261730223B,OK,OK,202.9,145.2,52.6,146.3,0.0,1.75604,52.0305,52.9528,0.122517,1.75604,55.3173,55.6255,57.6715,9.27024,57.4651,0.204189,0,0,0,0,05ACA002,307974,2026-06-24 10:40:46,11014981.0,MAREESWARAN ,13616.0,104339022046,104319220141,140HPW501   ,AUTOMODE,BV141B,30,1.0,317604.0,OK,,,,0020004510431152006711261730223B,OK,OK,,OK,OK,308046,2026-06-24 10:43:32,11014981.0,MAREESWARAN ,13616,104339022046,104319220141,,AUTOMODE,BV141D,35,1,317604,OK,CA13,,,0020007910431251065202261377594B,,0,145.7,8.8,-113.55,50.0,134,18.6,-222.95,59.6,-223.35,-113.71,0.854122,2.38599,45.0,40.0,5.0,25.1353,51.8621,52.0068,0,0,0,0,0,0,0,0,0,0,0,1.67,0,20.0,0,382639
5074425,1,0020007910431251065202261377630B,2026-06-21 06:54:16,314116, , ,104319220141,0,0,0,0,57000,110000,0,0,120000,0,0,0,0,0:02,1002,513,0         ,0,"1,86      ",106,0         ,0,"1,38      ",261,0         ,0,0         ,0,0,0,0,0,0         ,0,0         ,0,0         ,0,0         ,0,0         ,0,0         ,0,0,0,0,0,0,0,0,0,0,0,0,0,UCX31_x0001_|_x0007_:, ,0         ,0         ,0         ,3,"4,39      ",93,0         ,3:01      ,3,2026-06-21 00:24:25,11014981.0,MAREESWARAN ,1,104339022046,104319220141,,AUTOMODE_TS1,BV141E,45,2,,OK,,0,0,0020007910431251065202261377630B,1.17636,1.17269,1.17446,5,5,4.4,4.8725,4.8,1,1.2,1.2,1.2,1,1.2,0.5,12,0.5,12,0.5,12,302702,2026-06-21 00:21:23,11014981,MAREESWARAN ,13616,104339022046,104319220141,140HPW501   ,,AUTOMODE,BV141C,20,2,314250,OK,,0,0,9002102010431351067303261542592A,0020007910431251065202261377630B,0020004510431152006711261702295B,OK,OK,OK,OK,303998,2026-06-21 00:19:59,11014981.0,MAREESWARAN ,13616,104339022046,104319220141,140HPW501   ,AUTOMODE,BV141A,23,2,314250,OK,CA1,0,0,1020104313020080004674879488,OK,OK,0.39,0.425,0.5,0.39,0.425,0.5,OK,,0020004510431152006711261702295B,OK,OK,202.9,145.2,52.6,146.3,-0.0408401,1.96023,52.0687,53.0981,0.122513,2.36861,55.2535,55.6663,57.725,11.4347,57.4167,0.245026,0,0,0,0,05ACA002,304657,2026-06-21 00:20:41,11014981.0,MAREESWARAN ,13616.0,104339022046,104319220141,140HPW501   ,AUTOMODE,BV141B,30,2.0,314250.0,OK,,,,0020004510431152006711261702295B,OK,OK,,OK,OK,304755,2026-06-21 00:23:17,11014981.0,MAREESWARAN ,13616,104339022046,104319220141,,AUTOMODE,BV141D,37,2,314250,OK,CA14,,,0020007910431251065202261377630B,,0,145.3,8.1,-113.55,50.0,134,18.6,-222.95,59.6,-223.35,-113.71,1.40264,2.37481,45.0,40.3419,5.0,25.5349,51.8955,51.9604,0,0,0,0,0,0,0,0,0,0,0,2.38,0,20.0,0,378882
5079600,1,0020007910431251065202261377709B,2026-06-23 10:34:08,314116, , ,104319220141,0,0,0,0,57000,110000,0,0,120000,0,0,0,0,0:02,1002,513,0         ,0,"3,13      ",204,0         ,0,"0,42      ",11,0         ,0,0         ,0,0,0,0,0,0         ,0,0         ,0,0         ,0,0         ,0,0         ,0,0         ,0,0,0,0,0,0,0,0,0,0,0,0,0,UCX31_x0001_|_x0007_:, ,0         ,0         ,0         ,3,"4,86      ",93,0         ,0:33      ,3,2026-06-20 19:15:39,11014981.0,MAREESWARAN ,1,104339022046,104319220141,,AUTOMODE_TS1,BV141E,45,1,,OK,,0,0,0020007910431251065202261377709B,1.18129,1.17472,1.17446,5,5,3.77,5.085,4.27,1,1.2,1.2,1.2,1,1.2,0.5,12,0.5,12,0.5,12,302447,2026-06-20 19:13:25,11014981,MAREESWARAN ,13616,104339022046,104319220141,140HPW501   ,,AUTOMODE,BV141C,20,1,313990,OK,,0,0,9002102010431351067303261542430A,0020007910431251065202261377709B,0020004510431152006711261712390C,OK,OK,OK,OK,303742,2026-06-20 19:12:13,11014981.0,MAREESWARAN ,13616,104339022046,104319220141,140HPW501   ,AUTOMODE,BV141A,23,1,313990,OK,CA1,0,0,1020104313020080004674879488,OK,OK,0.39,0.443,0.5,0.39,0.431,0.5,OK,,0020004510431152006711261712390C,OK,OK,202.9,145.2,52.6,146.3,-0.0408401,1.51101,52.0866,52.7006,0.0816765,1.96023,55.1797,55.488,57.646,8.82102,57.2333,0.285866,0,0,0,0,05ACA006,304400,2026-06-20 19:12:51,11014981.0,MAREESWARAN ,13616.0,104339022046,104319220141,140HPW501   ,AUTOMODE,BV141B,30,1.0,313990.0,OK,,,,0020004510431152006711261712390C,OK,OK,,OK,OK,304499,2026-06-20 19:14:27,11014981.0,MAREESWARAN ,13616,104339022046,104319220141,,AUTOMODE,BV141D,33,1,313990,OK,CA13,,,0020007910431251065202261377709B,,0,145.1,5.2,-113.55,50.0,134,18.6,-222.95,59.6,-223.35,-113.71,1.8972,3.70614,45.0,40.0,5.0,20.6571,51.8456,52.0397,0,0,0,0,0,0,0,0,0,0,0,1.66,0,20.0,0,378623
5080124,1,0020007910431251065202261377755B,2026-06-23 14:08:13,314116, , ,104319220141,0,0,0,0,57000,110000,0,0,120000,0,0,0,0,0:02,1002,513,0         ,0,"4,23      ",243,0         ,0,"0,72      ",215,0         ,0,0         ,0,0,0,0,0,0         ,0,0         ,0,0         ,0,0         ,0,0         ,0,0         ,0,0,0,0,0,0,0,0,0,0,0,0,0,UCX31_x0001_|_x0007_:, ,0         ,0         ,0         ,3,"4,24      ",93,0         ,14:32     ,3,2026-06-21 00:43:55,11014981.0,MAREESWARAN ,1,104339022046,104319220141,,AUTOMODE_TS1,BV141E,44,2,,OK,,0,0,0020007910431251065202261377755B,1.17345,1.17408,1.17522,5,5,4.215,6.0625,5.07,1,1.2,1.2,1.2,1,1.2,0.5,12,0.5,12,0.5,12,302726,2026-06-21 00:41:21,11014981,MAREESWARAN ,13616,104339022046,104319220141,140HPW501   ,,AUTOMODE,BV141C,26,2,314274,OK,,0,0,9002102010431351067303261542543A,0020007910431251065202261377755B,0020004510431152006711261702106B,OK,OK,OK,OK,304022,2026-06-21 00:39:13,11014981.0,MAREESWARAN ,13616,104339022046,104319220141,140HPW501   ,AUTOMODE,BV141A,24,2,314274,OK,CA1,0,0,1020104313020080004674879488,OK,OK,0.39,0.427,0.5,0.39,0.449,0.5,OK,,0020004510431152006711261702106B,OK,OK,202.9,145.2,52.6,146.3,-0.0408401,0.0,52.1119,52.2138,-0.0408401,1.26598,54.4737,55.498,57.7605,11.108,57.1439,0.163353,0,0,0,0,05ACA006,304681,2026-06-21 00:40:15,11014981.0,MAREESWARAN ,13616.0,104339022046,104319220141,140HPW501   ,AUTOMODE,BV141B,30,2.0,314274.0,OK,,,,0020004510431152006711261702106B,OK,OK,,OK,OK,304779,2026-06-21 00:42:45,11014981.0,MAREESWARAN ,13616,104339022046,104319220141,,AUTOMODE,BV141D,37,2,314274,OK,CA14,,,0020007910431251065202261377755B,,0,145.2,7.7,-113.55,50.0,134,18.6,-222.95,59.6,-223.35,-113.71,0.556105,1.27411,45.0,40.1212,5.0,22.474,51.7113,51.8516,0,0,0,0,0,0,0,0,0,0,0,1.71,0,20.0,0,378906
5081240,1,0020007910431251065202261377911C,2026-06-23 20:57:27,314116, , ,104319220141,0,0,0,0,57000,110000,0,0,120000,0,0,0,0,0:02,1002,513,0         ,0,"2,36      ",44,0         ,0,"1,43      ",282,0         ,0,0         ,0,0,0,0,0,0         ,0,0         ,0,0         ,0,0         ,0,0         ,0,0         ,0,0,0,0,0,0,0,0,0,0,0,0,0,UCX31_x0001_|_x0007_:, ,0         ,0         ,0         ,3,"4,48      ",94,0         ,0:33      ,3,2026-06-23 13:52:03,11014981.0,MAREESWARAN ,1,104339022046,104319220141,,AUTOMODE_TS1,BV141E2,38,1,,OK,,0,0,0020007910431251065202261377911C,1.14792,1.16956,1.14956,5,5,2.25389,6.94012,5.29581,1,1.2,1.2,1.2,1,1.2,0.5,12,0.5,12,0.5,12,304894,2026-06-23 13:50:05,11014981,MAREESWARAN ,13616,104339022046,104319220141,140HPW501   ,,AUTOMODE,BV141C,20,1,316524,OK,,0,0,9002102010431351067303261531769B,0020007910431251065202261377911C,0020004510431152006711261712067A,OK,OK,OK,OK,306229,2026-06-23 13:48:47,11014981.0,MAREESWARAN ,13616,104339022046,104319220141,140HPW501   ,AUTOMODE,BV141A,24,1,316524,OK,CA1,0,0,1020104313020080004674879488,OK,OK,0.39,0.41,0.5,0.39,0.421,0.5,OK,,0020004510431152006711261712067A,OK,OK,202.9,145.2,52.6,146.3,0.0,2.45028,52.0633,53.2939,0.163353,2.61364,55.5539,55.9666,57.61,2.73615,57.5081,0.408382,0,0,0,0,05ACA001,306910,2026-06-23 13:49:27,11014981.0,MAREESWARAN ,13616.0,104339022046,104319220141,140HPW501   ,AUTOMODE,BV141B,29,1.0,316524.0,OK,,,,0020004510431152006711261712067A,OK,OK,,OK,OK,306992,2026-06-23 13:50:57,11014981.0,MAREESWARAN ,13616,104339022046,104319220141,,AUTOMODE,BV141D,37,1,316524,OK,CA13,,,0020007910431251065202261377911C,,0,145.5,8.6,-113.55,50.0,134,18.6,-222.95,59.6,-223.35,-113.71,1.46514,3.01801,45.0,40.0,5.0,24.9317,51.8659,52.2637,0,0,0,0,0,0,0,0,0,0,0,1.82,0,20.0,0,381448
5055725,1,0020007910431251065202261377959C,2026-06-16 06:02:56,314116, , ,104319220141,0,0,0,0,57000,110000,0,0,120000,0,0,0,0,0:02,1002,513,0         ,0,"2,68      ",140,0         ,0,"0,1       ",122,0         ,0,0         ,0,0,0,0,0,0         ,0,0         ,0,0         ,0,0         ,0,0         ,0,0         ,0,0,0,0,0,0,0,0,0,0,0,0,0,UCX31_x0001_|_x0007_:, ,0         ,0         ,0         ,3,"4,16      ",93,0         ,0:34      ,3,2026-06-24 10:39:42,11014981.0,MAREESWARAN ,1,104339022046,104319220141,,AUTOMODE_TS1,BV141E2,38,1,,OK,,0,0,0020007910431251065202261377959C,1.15233,1.14881,1.15019,5,5,1.97844,6.58683,3.05749,1,1.2,1.2,1.2,1,1.2,0.5,12,0.5,12,0.5,12,305917,2026-06-24 10:37:06,11014981,MAREESWARAN ,13616,104339022046,104319220141,140HPW501   ,,AUTOMODE,BV141C,18,1,317598,OK,,0,0,9002102010431351067303261575532B,0020007910431251065202261377959C,0020004510431152006711261730212B,OK,OK,OK,OK,307268,2026-06-24 10:35:56,11014981.0,MAREESWARAN ,13616,104339022046,104319220141,140HPW501   ,AUTOMODE,BV141A,23,1,317598,OK,CA1,0,0,1020104313020080004674879488,OK,OK,0.39,0.411,0.5,0.39,0.404,0.5,OK,,0020004510431152006711261730212B,OK,OK,202.9,145.2,52.6,146.3,-0.0408363,1.63352,52.1372,53.5691,0.122517,1.51101,55.722,56.1322,56.2401,1.46349,57.5718,0.285866,0,0,0,0,05ACA007,307968,2026-06-24 10:36:38,11014981.0,MAREESWARAN ,13616.0,104339022046,104319220141,140HPW501   ,AUTOMODE,BV141B,30,1.0,317598.0,OK,,,,0020004510431152006711261730212B,OK,OK,,OK,OK,308040,2026-06-24 10:38:38,11014981.0,MAREESWARAN ,13616,104339022046,104319220141,,AUTOMODE,BV141D,37,1,317598,OK,CA13,,,0020007910431251065202261377959C,,0,145.1,8.2,-113.55,50.0,134,18.6,-222.95,59.6,-223.35,-113.71,1.02917,2.4797,45.0,40.0,5.0,24.4417,52.171,52.4847,0,0,0,0,0,0,0,0,0,0,0,1.66,0,20.0,0,382633
5026907,1,0020007910431251065202261378153C,2026-06-07 03:31:03,314116, , ,104319220141,0,0,0,0,57000,110000,0,0,120000,0,0,0,0,0:02,1002,513,0         ,0,"3,56      ",162,0         ,0,"1,42      ",38,0         ,0,0         ,0,0,0,0,0,0         ,0,0         ,0,0         ,0,0         ,0,0         ,0,0         ,0,0,0,0,0,0,0,0,0,0,0,0,0,UCX31_x0001_|_x0007_:, ,0         ,0         ,0         ,3,"5,91      ",93,0         ,2:48      ,3,2026-06-09 08:44:22,11014981.0,MAREESWARAN ,1,104339022046,104319220141,,AUTOMODE_TS1,BV141E2,38,1,,OK,,0,0,0020007910431251065202261378153C,1.16415,1.16126,1.15119,5,5,2.46946,7.31976,3.34132,1,1.2,1.2,1.2,1,1.2,0.5,12,0.5,12,0.5,12,289807,2026-06-09 08:42:18,11014086,BABU        ,13616,104339022046,104319220141,140HPW501   ,,AUTOMODE,BV141C,21,1,301837,OK,,0,0,9002102010431351067303261203645A,0020007910431251065202261378153C,0020004510431152006711261490129A,OK,OK,OK,OK,291005,2026-06-09 08:41:02,11014086.0,BABU        ,13616,104339022046,104319220141,140HPW501   ,AUTOMODE,BV141A,40,1,301837,OK,CA1,0,0,1020104313020080004674879488,OK,OK,0.39,0.4,0.5,0.39,0.412,0.5,OK,,0020004510431152006711261490129A,OK,OK,202.9,145.2,52.6,146.3,0.0,1.42933,52.1629,53.1871,0.122517,2.20526,55.5541,56.0688,57.7096,2.61364,57.6077,0.367542,0,0,0,0,05ACA007,291549,2026-06-09 08:41:46,11014086.0,BABU        ,13616.0,104339022046,104319220141,140HPW501   ,AUTOMODE,BV141B,28,1.0,301837.0,OK,,,,0020004510431152006711261490129A,OK,OK,,OK,OK,291687,2026-06-09 08:43:18,11014086.0,BABU        ,13616,104339022046,104319220141,,AUTOMODE,BV141D,37,1,301837,OK,CA14,,,0020007910431251065202261378153C,,0,145.3,8.3,-113.55,50.0,134,18.6,-222.95,59.6,-222.95,-113.71,0.0904655,0.547244,44.9049,40.0,5.0,20.3329,52.3872,52.4489,0,0,0,0,0,0,0,0,0,0,0,1.91,0,20.0,0,360440
5042323,1,0020007910431251065202261378262C,2026-06-11 19:48:24,314116, , ,104319220141,0,0,0,0,57000,110000,0,0,120000,0,0,0,0,0:02,1002,513,0         ,0,"51,1      ",252,0         ,0,"13,03     ",208,0         ,0,0         ,0,0,0,0,0,0         ,0,0         ,0,0         ,0,0         ,0,0         ,0,0         ,0,0,0,0,0,0,0,0,0,0,0,0,0,UCX31_x0001_|_x0007_:, ,0         ,0         ,0         ,3,"4,69      ",93,0         ,0:38      ,3,2026-06-13 11:35:37,11014890.0,SUDALAI     ,1,104339022046,104319220141,,AUTOMODE_TS1,BV141E,45,1,,OK,,0,0,0020007910431251065202261378262C,1.18192,1.17383,1.17396,5,5,4.005,4.2,3.885,1,1.2,1.2,1.2,1,1.2,0.5,12,0.5,12,0.5,12,294393,2026-06-13 11:32:41,11014981,MAREESWARAN ,13616,104339022046,104319220141,140HPW501   ,,AUTOMODE,BV141C,22,1,306646,OK,,0,0,9002102010431351067303261500520A,0020007910431251065202261378262C,0020004510431152006711261590376B,OK,OK,OK,OK,295698,2026-06-13 11:30:49,11014981.0,MAREESWARAN ,13616,104339022046,104319220141,140HPW501   ,AUTOMODE,BV141A,21,1,306646,OK,CA1,0,0,1020104313020080004674879488,OK,OK,0.39,0.416,0.5,0.39,0.42,0.5,OK,,0020004510431152006711261590376B,OK,OK,202.9,145.2,52.6,146.3,0.0,1.3885,52.0229,53.1516,0.0816765,1.59269,55.5262,56.0434,57.5925,1.87855,57.488,0.285866,0,0,0,0,05ACA003,296305,2026-06-13 11:31:25,11014981.0,MAREESWARAN ,13616.0,104339022046,104319220141,140HPW501   ,AUTOMODE,BV141B,30,1.0,306646.0,OK,,,,0020004510431152006711261590376B,OK,OK,,OK,OK,296416,2026-06-13 11:34:25,11014981.0,MAREESWARAN ,13616,104339022046,104319220141,,AUTOMODE,BV141D,35,1,306646,OK,CA13,,,0020007910431251065202261378262C,,0,145.0,5.9,-113.55,50.0,134,18.6,-222.95,59.6,-223.35,-113.71,1.11133,2.50623,45.0,40.0,5.0,23.8913,52.2605,52.2785,0,0,0,0,0,0,0,0,0,0,0,1.61,0,20.0,0,367720
5032494,1,0020007910431251065202261378266C,2026-06-09 04:42:50,314116, , ,104319220141,0,0,0,0,57000,110000,0,0,120000,0,0,0,0,0:02,1002,513,0         ,0,"4,64      ",17,0         ,0,"5,48      ",350,0         ,0,0         ,0,0,0,0,0,0         ,0,0         ,0,0         ,0,0         ,0,0         ,0,0         ,0,0,0,0,0,0,0,0,0,0,0,0,0,UCX31_x0001_|_x0007_:, ,0         ,0         ,0         ,3,"4,53      ",94,0         ,0:33      ,3,2026-06-11 02:33:42,11014086.0,BABU        ,1,104339022046,104319220141,,AUTOMODE_TS1,BV141E2,38,2,,OK,,0,0,0020007910431251065202261378266C,1.15333,1.16201,1.15635,5,5,2.86108,7.1509,3.06707,1,1.2,1.2,1.2,1,1.2,0.5,12,0.5,12,0.5,12,291813,2026-06-11 02:31:48,11014086,BABU        ,13616,104339022046,104319220141,140HPW501   ,,AUTOMODE,BV141C,25,2,303933,OK,,0,0,9002102010431351067303261499966A,0020007910431251065202261378266C,0020004510431152006711261540437B,OK,OK,OK,OK,293049,2026-06-11 02:29:56,11014086.0,BABU        ,13616,104339022046,104319220141,140HPW501   ,AUTOMODE,BV141A,22,2,303933,OK,CA1,0,0,1020104313020080004674879488,OK,OK,0.39,0.425,0.5,0.39,0.43,0.5,OK,,0020004510431152006711261540437B,OK,OK,202.9,145.2,52.6,146.3,0.0,1.83771,52.1195,53.2431,0.163353,1.83771,55.7145,56.2267,57.656,2.16442,57.5541,0.367542,0,0,0,0,05ACA007,293616,2026-06-11 02:30:36,11014086.0,BABU        ,13616.0,104339022046,104319220141,140HPW501   ,AUTOMODE,BV141B,28,2.0,303933.0,OK,,,,0020004510431152006711261540437B,OK,OK,,OK,OK,293744,2026-06-11 02:32:36,11014086.0,BABU        ,13616,104339022046,104319220141,,AUTOMODE,BV141D,33,2,303933,OK,CA14,,,0020007910431251065202261378266C,,0,145.0,4.7,-113.55,50.0,134,18.6,-222.95,59.6,-222.95,-113.71,0.582187,2.40618,45.0,40.0,5.0,18.9834,52.2743,52.4284,0,0,0,0,0,0,0,0,0,0,0,1.72,0,20.0,0,363278
5032951,1,0020007910431251065202261388285A,2026-06-09 08:11:54,314116, , ,104319220141,0,0,0,0,57000,110000,0,0,120000,0,0,0,0,0:03,1002,513,0         ,0,"3,57      ",110,0         ,0,"3,4       ",267,0         ,0,0         ,0,0,0,0,0,0         ,0,0         ,0,0         ,0,0         ,0,0         ,0,0         ,0,0,0,0,0,0,0,0,0,0,0,0,0,UCX31_x0001_|_x0007_:, ,0         ,0         ,0         ,3,"4,4       ",93,0         ,1:21      ,3,2026-06-11 21:30:32,11014981.0,MAREESWARAN ,1,104339022046,104319220141,,AUTOMODE_TS1,BV141E,45,2,,OK,,0,0,0020007910431251065202261388285A,1.17674,1.17307,1.17522,5,5,4.135,3.9275,4.35,1,1.2,1.2,1.2,1,1.2,0.5,12,0.5,12,0.5,12,292672,2026-06-11 21:28:36,11014981,MAREESWARAN ,13616,104339022046,104319220141,140HPW501   ,,AUTOMODE,BV141C,24,2,304830,OK,,0,0,9002102010431351067303261479668B,0020007910431251065202261388285A,0020004510431152006711261540582B,OK,OK,OK,OK,293932,2026-06-11 21:27:22,11014981.0,MAREESWARAN ,13616,104339022046,104319220141,140HPW501   ,AUTOMODE,BV141A,22,2,304830,OK,CA1,0,0,1020104313020080004674879488,OK,OK,0.39,0.406,0.5,0.39,0.415,0.5,OK,,0020004510431152006711261540582B,OK,OK,202.9,145.2,52.6,146.3,0.0,1.96023,52.1226,53.4577,0.163353,2.20526,55.7176,56.0259,56.2401,1.90377,57.5725,0.408382,0,0,0,0,05ACA010,294509,2026-06-11 21:27:58,11014981.0,MAREESWARAN ,13616.0,104339022046,104319220141,140HPW501   ,AUTOMODE,BV141B,28,2.0,304830.0,OK,,,,0020004510431152006711261540582B,OK,OK,,OK,OK,294633,2026-06-11 21:29:22,11014981.0,MAREESWARAN ,13616,104339022046,104319220141,,AUTOMODE,BV141D,33,2,304830,OK,CA13,,,0020007910431251065202261388285A,,0,146.0,7.3,-113.55,50.0,134,18.6,-222.95,59.6,-223.2,-113.71,0.862735,1.78676,45.0,40.5813,5.0,20.0992,52.2796,52.3015,0,0,0,0,0,0,0,0,0,0,0,1.8,0,20.0,0,364777
5032503,1,0020007910431251065202261388305A,2026-06-09 04:46:42,314116, , ,104319220141,0,0,0,0,57000,110000,0,0,120000,0,0,0,0,0:02,1002,513,0         ,0,"4,51      ",54,0         ,0,"1,56      ",36,0         ,0,0         ,0,0,0,0,0,0         ,0,0         ,0,0         ,0,0         ,0,0         ,0,0         ,0,0,0,0,0,0,0,0,0,0,0,0,0,UCX31_x0001_|_x0007_:, ,0         ,0         ,0         ,3,"4,63      ",93,0         ,0:33      ,3,2026-06-11 02:33:20,11014086.0,BABU        ,1,104339022046,104319220141,,AUTOMODE_TS1,BV141E,45,2,,OK,,0,0,0020007910431251065202261388305A,1.17484,1.17383,1.17851,5,5,4.62,6.0025,5.2275,1,1.2,1.2,1.2,1,1.2,0.5,12,0.5,12,0.5,12,291812,2026-06-11 02:31:06,11014086,BABU        ,13616,104339022046,104319220141,140HPW501   ,,AUTOMODE,BV141C,21,2,303932,OK,,0,0,9002102010431351067303261499996A,0020007910431251065202261388305A,0020004510431152006711261540425B,OK,OK,OK,OK,293048,2026-06-11 02:29:14,11014086.0,BABU        ,13616,104339022046,104319220141,140HPW501   ,AUTOMODE,BV141A,25,2,303932,OK,CA1,0,0,1020104313020080004674879488,OK,OK,0.39,0.424,0.5,0.39,0.437,0.5,OK,,0020004510431152006711261540425B,OK,OK,202.9,145.2,52.6,146.3,-0.0408363,1.10263,52.2063,53.1287,0.0408401,1.22514,55.3937,55.6994,57.753,10.0053,57.4447,0.163353,0,0,0,0,05ACA002,293615,2026-06-11 02:29:56,11014086.0,BABU        ,13616.0,104339022046,104319220141,140HPW501   ,AUTOMODE,BV141B,28,2.0,303932.0,OK,,,,0020004510431152006711261540425B,OK,OK,,OK,OK,293743,2026-06-11 02:31:52,11014086.0,BABU        ,13616,104339022046,104319220141,,AUTOMODE,BV141D,33,2,303932,OK,CA14,,,0020007910431251065202261388305A,,0,145.6,4.9,-113.55,50.0,134,18.6,-222.95,59.6,-222.95,-113.71,0.994953,2.72147,45.0,40.0,5.0,24.3211,51.8095,51.8875,0,0,0,0,0,0,0,0,0,0,0,1.72,0,20.0,0,363277
5086708,1,0020007910431251065202261388345A,2026-06-25 11:44:22,314116, , ,104319220141,0,0,0,0,57000,110000,0,0,120000,0,0,0,0,0:01,1002,513,0         ,0,"1,27      ",246,0         ,0,"1,08      ",74,0         ,0,0         ,0,0,0,0,0,0         ,0,0         ,0,0         ,0,0         ,0,0         ,0,0         ,0,0,0,0,0,0,0,0,0,0,0,0,0,UCX31_x0001_|_x0007_:, ,0         ,0         ,0         ,3,"3,84      ",93,0         ,0:32      ,3,2026-06-24 10:43:16,11014981.0,MAREESWARAN ,1,104339022046,104319220141,,AUTOMODE_TS1,BV141E,45,1,,OK,,0,0,0020007910431251065202261388345A,1.17497,1.17459,1.17156,5,5,3.605,4.4725,5.34,1,1.2,1.2,1.2,1,1.2,0.5,12,0.5,12,0.5,12,305921,2026-06-24 10:40:20,11014981,MAREESWARAN ,13616,104339022046,104319220141,140HPW501   ,,AUTOMODE,BV141C,27,1,317602,OK,,0,0,9002102010431351067303261575466B,0020007910431251065202261388345A,0020004510431152006711261730237B,OK,OK,OK,OK,307272,2026-06-24 10:38:40,11014981.0,MAREESWARAN ,13616,104339022046,104319220141,140HPW501   ,AUTOMODE,BV141A,24,1,317602,OK,CA1,0,0,1020104313020080004674879488,OK,OK,0.39,0.409,0.5,0.39,0.413,0.5,OK,,0020004510431152006711261730237B,OK,OK,202.9,145.2,52.6,146.3,0.0,3.22621,52.1146,53.2408,0.326702,2.81783,55.2918,55.8039,57.6537,3.63459,57.3479,0.530895,0,0,0,0,05ACA004,307972,2026-06-24 10:39:22,11014981.0,MAREESWARAN ,13616.0,104339022046,104319220141,140HPW501   ,AUTOMODE,BV141B,30,1.0,317602.0,OK,,,,0020004510431152006711261730237B,OK,OK,,OK,OK,308044,2026-06-24 10:42:08,11014981.0,MAREESWARAN ,13616,104339022046,104319220141,,AUTOMODE,BV141D,35,1,317602,OK,CA13,,,0020007910431251065202261388345A,,0,145.0,8.4,-113.55,50.0,134,18.6,-222.95,59.6,-223.35,-113.71,2.43337,4.30001,45.0,40.0,5.0,22.1875,52.0896,52.2403,0,0,0,0,0,0,0,0,0,0,0,1.66,0,20.0,0,382637
5032389,1,0020007910431251065202261388347A,2026-06-09 03:49:07,314116, , ,104319220141,0,0,0,0,57000,110000,0,0,120000,0,0,0,0,0:02,1002,513,0         ,0,"2,73      ",33,0         ,0,"2,48      ",139,0         ,0,0         ,0,0,0,0,0,0         ,0,0         ,0,0         ,0,0         ,0,0         ,0,0         ,0,0,0,0,0,0,0,0,0,0,0,0,0,UCX31_x0001_|_x0007_:, ,0         ,0         ,0         ,3,"3,81      ",93,0         ,0:33      ,3,2026-06-15 16:29:24,11014981.0,MAREESWARAN ,1,104339022046,104319220141,,AUTOMODE_TS1,BV141E,44,1,,OK,,0,0,0020007910431251065202261388347A,1.17826,1.17724,1.17332,5,5,4.1825,4.525,4.4475,1,1.2,1.2,1.2,1,1.2,0.5,12,0.5,12,0.5,12,296978,2026-06-15 16:27:06,11014981,MAREESWARAN ,13616,104339022046,104319220141,140HPW501   ,,AUTOMODE,BV141C,21,1,308477,OK,,0,0,9002102010431351067303261542657A,0020007910431251065202261388347A,0020004510431152006711261580084C,OK,OK,OK,OK,298302,2026-06-15 16:25:52,11014981.0,MAREESWARAN ,13616,104339022046,104319220141,140HPW501   ,AUTOMODE,BV141A,22,1,308477,OK,CA1,0,0,1020104313020080004674879488,OK,OK,0.39,0.431,0.5,0.39,0.46,0.5,OK,,0020004510431152006711261580084C,OK,OK,202.9,145.2,52.6,146.3,-0.0408401,1.79688,52.4609,53.4877,0.122513,1.42933,55.7451,56.1528,56.2401,1.28937,57.5949,0.245029,0,0,0,0,05ACA005,298922,2026-06-15 16:26:30,11014981.0,MAREESWARAN ,13616.0,104339022046,104319220141,140HPW501   ,AUTOMODE,BV141B,31,1.0,308477.0,OK,,,,0020004510431152006711261580084C,OK,OK,,OK,OK,299028,2026-06-15 16:28:14,11014981.0,MAREESWARAN ,13616,104339022046,104319220141,,AUTOMODE,BV141D,32,1,308477,OK,CA13,,,0020007910431251065202261388347A,,0,145.3,4.1,-113.55,50.0,134,18.6,-222.95,59.6,-223.35,-113.71,0.996016,2.86758,45.0,40.0,5.0,20.6118,52.3503,52.4621,0,0,0,0,0,0,0,0,0,0,0,1.89,0,20.0,0,371457
5031741,1,0020007910431251065202261388351A,2026-06-08 23:08:08,314116, , ,104319220141,0,0,0,0,57000,110000,0,0,120000,0,0,0,0,0:03,1002,513,0         ,0,"4,43      ",54,0         ,0,"1,81      ",24,0         ,0,0         ,0,0,0,0,0,0         ,0,0         ,0,0         ,0,0         ,0,0         ,0,0         ,0,0,0,0,0,0,0,0,0,0,0,0,0,UCX31_x0001_|_x0007_:, ,0         ,0         ,0         ,3,"4,21      ",93,0         ,0:33      ,3,2026-06-09 07:00:37,11014981.0,MAREESWARAN ,1,104339022046,104319220141,,AUTOMODE_TS1,BV141E,45,2,,OK,,0,0,0020007910431251065202261388351A,1.1737,1.1732,1.17307,5,5,4.0475,4.635,6.0075,1,1.2,1.2,1.2,1,1.2,0.5,12,0.5,12,0.5,12,289774,2026-06-09 06:58:21,11014086,BABU        ,13616,104339022046,104319220141,140HPW501   ,,AUTOMODE,BV141C,19,2,301804,OK,,0,0,9002102010431351067303261203571A,0020007910431251065202261388351A,0020004510431152006711261550056A,OK,OK,OK,OK,290972,2026-06-09 06:56:31,11014086.0,BABU        ,13616,104339022046,104319220141,140HPW501   ,AUTOMODE,BV141A,21,2,301804,OK,CA1,0,0,1020104313020080004674879488,OK,OK,0.39,0.429,0.5,0.39,0.427,0.5,OK,,0020004510431152006711261550056A,OK,OK,202.9,145.2,52.6,146.3,0.0,1.7152,52.4026,53.0217,0.122517,1.96023,55.3862,55.7964,57.5416,4.65554,57.4397,0.326706,0,0,0,0,05ACA002,291516,2026-06-09 06:57:07,11014086.0,BABU        ,13616.0,104339022046,104319220141,140HPW501   ,AUTOMODE,BV141B,28,2.0,301804.0,OK,,,,0020004510431152006711261550056A,OK,OK,,OK,OK,291654,2026-06-09 06:59:25,11014086.0,BABU        ,13616,104339022046,104319220141,,AUTOMODE,BV141D,32,2,301804,OK,CA14,,,0020007910431251065202261388351A,,0,145.9,4.0,-113.55,50.0,134,18.6,-222.95,59.6,-222.95,-113.71,0.866525,1.88095,45.0,40.0,5.0,20.2274,51.8086,51.8285,0,0,0,0,0,0,0,0,0,0,0,1.81,0,20.0,0,360400
5032228,1,0020007910431251065202261388362A,2026-06-09 02:45:43,314116, , ,104319220141,0,0,0,0,57000,110000,0,0,120000,0,0,0,0,0:02,1002,513,0         ,0,"3,92      ",238,0         ,0,"1,15      ",321,0         ,0,0         ,0,0,0,0,0,0         ,0,0         ,0,0         ,0,0         ,0,0         ,0,0         ,0,0,0,0,0,0,0,0,0,0,0,0,0,UCX31_x0001_|_x0007_:, ,0         ,0         ,0         ,3,"4,18      ",93,0         ,0:33      ,3,2026-06-11 02:36:16,11014086.0,BABU        ,1,104339022046,104319220141,,AUTOMODE_TS1,BV141E,45,2,,OK,,0,0,0020007910431251065202261388362A,1.1756,1.17358,1.17307,5,5,3.805,4.09,4.6125,1,1.2,1.2,1.2,1,1.2,0.5,12,0.5,12,0.5,12,291816,2026-06-11 02:34:10,11014086,BABU        ,13616,104339022046,104319220141,140HPW501   ,,AUTOMODE,BV141C,24,2,303936,OK,,0,0,9002102010431351067303261499990A,0020007910431251065202261388362A,0020004510431152006711261460458B,OK,OK,OK,OK,293052,2026-06-11 02:32:42,11014086.0,BABU        ,13616,104339022046,104319220141,140HPW501   ,AUTOMODE,BV141A,21,2,303936,OK,CA1,0,0,1020104313020080004674879488,OK,OK,0.39,0.432,0.5,0.39,0.431,0.5,OK,,0020004510431152006711261460458B,OK,OK,202.9,145.2,52.6,146.3,0.0,0.857601,52.094,53.0138,0.0816765,2.12358,55.1617,55.6712,57.5286,9.18856,57.2152,0.367542,0,0,0,0,05ACA006,293619,2026-06-11 02:33:22,11014086.0,BABU        ,13616.0,104339022046,104319220141,140HPW501   ,AUTOMODE,BV141B,28,2.0,303936.0,OK,,,,0020004510431152006711261460458B,OK,OK,,OK,OK,293747,2026-06-11 02:35:08,11014086.0,BABU        ,13616,104339022046,104319220141,,AUTOMODE,BV141D,33,2,303936,OK,CA14,,,0020007910431251065202261388362A,,0,145.3,4.7,-113.55,50.0,134,18.6,-222.95,59.6,-222.95,-113.71,0.0501444,0.367935,45.0,40.0,5.0,20.265,51.8176,51.867,0,0,0,0,0,0,0,0,0,0,0,1.76,0,20.0,0,363281
5055345,1,0020007910431251065202261388363A,2026-06-16 03:15:35,314116, , ,104319220141,0,0,0,0,57000,110000,0,0,120000,0,0,0,0,0:02,1002,513,0         ,0,"2,99      ",264,0         ,0,"1,73      ",249,0         ,0,0         ,0,0,0,0,0,0         ,0,0         ,0,0         ,0,0         ,0,0         ,0,0         ,0,0,0,0,0,0,0,0,0,0,0,0,0,UCX31_x0001_|_x0007_:, ,0         ,0         ,0         ,3,"4,52      ",93,0         ,0:33      ,3,2026-06-24 10:34:36,11014981.0,MAREESWARAN ,1,104339022046,104319220141,,AUTOMODE_TS1,BV141E,44,1,,OK,,0,0,0020007910431251065202261388363A,1.17724,1.17396,1.17497,5,5,5.3675,6.445,6.05,1,1.2,1.2,1.2,1,1.2,0.5,12,0.5,12,0.5,12,305910,2026-06-24 10:31:52,11014981,MAREESWARAN ,13616,104339022046,104319220141,140HPW501   ,,AUTOMODE,BV141C,27,1,317591,OK,,0,0,9002102010431351067303261575453B,0020007910431251065202261388363A,0020004510431152006711261730020A,OK,OK,OK,OK,307261,2026-06-24 10:29:54,11014981.0,MAREESWARAN ,13616,104339022046,104319220141,140HPW501   ,AUTOMODE,BV141A,27,1,317591,OK,CA1,0,0,1020104313020080004674879488,OK,OK,0.39,0.412,0.5,0.39,0.411,0.5,OK,,0020004510431152006711261730020A,OK,OK,202.9,145.2,52.6,146.3,0.0,1.96023,52.0306,53.4701,0.163353,2.00106,55.6256,56.1377,56.2401,1.84096,57.5747,0.367542,0,0,0,0,05ACA005,307961,2026-06-24 10:30:36,11014981.0,MAREESWARAN ,13616.0,104339022046,104319220141,140HPW501   ,AUTOMODE,BV141B,30,1.0,317591.0,OK,,,,0020004510431152006711261730020A,OK,OK,,OK,OK,308033,2026-06-24 10:33:26,11014981.0,MAREESWARAN ,13616,104339022046,104319220141,,AUTOMODE,BV141D,37,1,317591,OK,CA13,,,0020007910431251065202261388363A,,0,145.4,8.3,-113.55,50.0,134,18.6,-222.95,59.6,-223.35,-113.71,1.9393,4.71417,45.0,40.0,5.0,22.2327,52.1036,52.2685,0,0,0,0,0,0,0,0,0,0,0,1.75,0,20.0,0,382626
5032507,1,0020007910431251065202261388366A,2026-06-09 04:47:40,314116, , ,104319220141,0,0,0,0,57000,110000,0,0,120000,0,0,0,0,0:02,1002,513,0         ,0,"4,51      ",54,0         ,0,"1,56      ",36,0         ,0,0         ,0,0,0,0,0,0         ,0,0         ,0,0         ,0,0         ,0,0         ,0,0         ,0,0,0,0,0,0,0,0,0,0,0,0,0,UCX31_x0001_|_x0007_:, ,0         ,0         ,0         ,3,"4,82      ",93,0         ,0:58      ,3,2026-06-11 02:32:04,11014086.0,BABU        ,1,104339022046,104319220141,,AUTOMODE_TS1,BV141E2,38,2,,OK,,0,0,0020007910431251065202261388366A,1.16742,1.15409,1.14931,5,5,3.62156,7.71018,2.94012,1,1.2,1.2,1.2,1,1.2,0.5,12,0.5,12,0.5,12,291811,2026-06-11 02:30:02,11014086,BABU        ,13616,104339022046,104319220141,140HPW501   ,,AUTOMODE,BV141C,19,2,303931,OK,,0,0,9002102010431351067303261499958A,0020007910431251065202261388366A,0020004510431152006711261550959C,OK,OK,OK,OK,293047,2026-06-11 02:28:32,11014086.0,BABU        ,13616,104339022046,104319220141,140HPW501   ,AUTOMODE,BV141A,21,2,303931,OK,CA1,0,0,1020104313020080004674879488,OK,OK,0.39,0.426,0.5,0.39,0.431,0.5,OK,,0020004510431152006711261550959C,OK,OK,202.9,145.2,52.6,146.3,0.0,2.36861,52.1244,53.3601,0.204189,1.96023,55.5182,55.9258,56.2401,1.46467,57.4647,0.326706,0,0,0,0,05ACA005,293614,2026-06-11 02:29:16,11014086.0,BABU        ,13616.0,104339022046,104319220141,140HPW501   ,AUTOMODE,BV141B,30,2.0,303931.0,OK,,,,0020004510431152006711261550959C,OK,OK,,OK,OK,293742,2026-06-11 02:30:58,11014086.0,BABU        ,13616,104339022046,104319220141,,AUTOMODE,BV141D,33,2,303931,OK,CA14,,,0020007910431251065202261388366A,,0,145.9,4.8,-113.55,50.0,134,18.6,-222.95,59.6,-222.95,-113.71,0.500947,2.48219,45.0,40.0,5.0,19.8202,52.1204,52.2025,0,0,0,0,0,0,0,0,0,0,0,1.81,0,20.0,0,363276
5086849,1,0020007910431251065202261388403A,2026-06-25 12:48:38,314116, , ,104319220141,0,0,0,0,57000,110000,0,0,120000,0,0,0,0,0:01,1002,513,0         ,0,"2,56      ",336,0         ,0,"1,7       ",115,0         ,0,0         ,0,0,0,0,0,0         ,0,0         ,0,0         ,0,0         ,0,0         ,0,0         ,0,0,0,0,0,0,0,0,0,0,0,0,0,UCX31_x0001_|_x0007_:, ,0         ,0         ,0         ,3,"4,86      ",93,0         ,0:32      ,3,2026-06-23 16:16:40,11014981.0,MAREESWARAN ,1,104339022046,104319220141,,AUTOMODE_TS1,BV141E2,38,1,,OK,,0,0,0020007910431251065202261388403A,1.14943,1.14893,1.15535,5,5,2.17485,5.17246,2.57006,1,1.2,1.2,1.2,1,1.2,0.5,12,0.5,12,0.5,12,305014,2026-06-23 16:14:36,11014981,MAREESWARAN ,13616,104339022046,104319220141,140HPW501   ,,AUTOMODE,BV141C,19,1,316656,OK,,0,0,9002102010431351067303261543056B,0020007910431251065202261388403A,0020004510431152006711261712089A,OK,OK,OK,OK,306349,2026-06-23 16:13:10,11014981.0,MAREESWARAN ,13616,104339022046,104319220141,140HPW501   ,AUTOMODE,BV141A,42,1,316656,OK,CA1,0,0,1020104313020080004674879488,OK,OK,0.39,0.409,0.5,0.39,0.403,0.5,OK,,0020004510431152006711261712089A,OK,OK,202.9,145.2,52.6,146.3,0.0,1.1843,52.2086,53.136,0.0816765,1.96022,55.2915,55.8062,57.6534,3.55291,57.4495,0.285866,0,0,0,0,05ACA004,307040,2026-06-23 16:13:54,11014981.0,MAREESWARAN ,13616.0,104339022046,104319220141,140HPW501   ,AUTOMODE,BV141B,30,1.0,316656.0,OK,,,,0020004510431152006711261712089A,OK,OK,,OK,OK,307120,2026-06-23 16:15:38,11014981.0,MAREESWARAN ,13616,104339022046,104319220141,,AUTOMODE,BV141D,37,1,316656,OK,CA13,,,0020007910431251065202261388403A,,0,145.1,8.4,-113.55,50.0,134,18.6,-222.95,59.6,-223.35,-113.71,0.839108,2.5998,45.0,40.0,5.0,25.7912,51.9225,52.1468,0,0,0,0,0,0,0,0,0,0,0,1.74,0,20.0,0,381568
5086089,1,0020007910431251065202261388450A,2026-06-25 07:13:41,314116, , ,104319220141,0,0,0,0,57000,110000,0,0,120000,0,0,0,0,0:01,1002,513,0         ,0,"3,33      ",339,0         ,0,"0,91      ",337,0         ,0,0         ,0,0,0,0,0,0         ,0,0         ,0,0         ,0,0         ,0,0         ,0,0         ,0,0,0,0,0,0,0,0,0,0,0,0,0,UCX31_x0001_|_x0007_:, ,0         ,0         ,0         ,3,"4,82      ",93,0         ,0:33      ,3,2026-06-24 07:48:07,11014981.0,MAREESWARAN ,1,104339022046,104319220141,,AUTOMODE_TS1,BV141E,45,2,,OK,,0,0,0020007910431251065202261388450A,1.17446,1.17611,1.17396,5,5,5.0675,5.6525,6.1375,1,1.2,1.2,1.2,1,1.2,0.5,12,0.5,12,0.5,12,305780,2026-06-24 07:46:11,11014981,MAREESWARAN ,13616,104339022046,104319220141,140HPW501   ,,AUTOMODE,BV141C,19,2,317460,OK,,0,0,9002102010431351067303261596864A,0020007910431251065202261388450A,0020004510431152006711261730021A,OK,OK,OK,OK,307131,2026-06-24 07:41:51,11014981.0,MAREESWARAN ,13616,104339022046,104319220141,140HPW501   ,AUTOMODE,BV141A,30,2,317460,OK,CA1,0,0,1020104313020080004674879488,OK,OK,0.39,0.402,0.5,0.39,0.407,0.5,OK,,0020004510431152006711261730021A,OK,OK,202.9,145.2,52.6,146.3,-0.0408401,1.22514,52.6854,52.8892,0.0408363,1.42933,55.3658,55.6741,57.7327,11.6388,57.2206,0.245026,0,0,0,0,05ACA006,307831,2026-06-24 07:42:39,11014981.0,MAREESWARAN ,13616.0,104339022046,104319220141,140HPW501   ,AUTOMODE,BV141B,30,2.0,317460.0,OK,,,,0020004510431152006711261730021A,OK,OK,,OK,OK,307903,2026-06-24 07:46:57,11014981.0,MAREESWARAN ,13616,104339022046,104319220141,,AUTOMODE,BV141D,36,2,317460,OK,CA13,,,0020007910431251065202261388450A,,0,145.6,8.5,-113.55,50.0,134,18.6,-222.95,59.6,-223.35,-113.71,0.639419,2.69261,45.0,40.0,5.0,19.7976,51.9985,52.0217,0,0,0,0,0,0,0,0,0,0,0,1.76,0,20.0,0,382496
5086555,1,0020007910431251065202261388455A,2026-06-25 10:35:02,314116, , ,104319220141,0,0,0,0,57000,110000,0,0,120000,0,0,0,0,0:01,1002,513,0         ,0,"1,4       ",112,0         ,0,"0,86      ",332,0         ,0,0         ,0,0,0,0,0,0         ,0,0         ,0,0         ,0,0         ,0,0         ,0,0         ,0,0,0,0,0,0,0,0,0,0,0,0,0,UCX31_x0001_|_x0007_:, ,0         ,0         ,0         ,3,"4,32      ",93,0         ,0:32      ,3,2026-06-24 09:20:56,11014981.0,MAREESWARAN ,1,104339022046,104319220141,,AUTOMODE_TS1,BV141E2,38,1,,OK,,0,0,0020007910431251065202261388455A,1.1556,1.15648,1.14352,5,5,2.36527,7.16886,2.76527,1,1.2,1.2,1.2,1,1.2,0.5,12,0.5,12,0.5,12,305852,2026-06-24 09:18:23,11014981,MAREESWARAN ,13616,104339022046,104319220141,140HPW501   ,,AUTOMODE,BV141C,22,1,317533,OK,,0,0,9002102010431351067303261575547B,0020007910431251065202261388455A,0020004510431152006711261740496C,OK,OK,OK,OK,307203,2026-06-24 09:16:35,11014981.0,MAREESWARAN ,13616,104339022046,104319220141,140HPW501   ,AUTOMODE,BV141A,22,1,317533,OK,CA1,0,0,1020104313020080004674879488,OK,OK,0.39,0.412,0.5,0.39,0.418,0.5,OK,,0020004510431152006711261740496C,OK,OK,202.9,145.2,52.6,146.3,-0.0408363,2.20526,52.4181,53.2386,0.163353,2.49112,55.496,55.8043,57.6591,4.36967,57.4553,0.367542,0,0,0,0,05ACA001,307903,2026-06-24 09:17:17,11014981.0,MAREESWARAN ,13616.0,104339022046,104319220141,140HPW501   ,AUTOMODE,BV141B,30,1.0,317533.0,OK,,,,0020004510431152006711261740496C,OK,OK,,OK,OK,307975,2026-06-24 09:19:53,11014981.0,MAREESWARAN ,13616,104339022046,104319220141,,AUTOMODE,BV141D,35,1,317533,OK,CA13,,,0020007910431251065202261388455A,,0,145.4,8.5,-113.55,50.0,134,18.6,-222.95,59.6,-223.35,-113.71,1.17447,2.7895,45.0,40.0,5.0,24.9016,51.9331,52.1898,0,0,0,0,0,0,0,0,0,0,0,1.64,0,20.0,0,382568
5085404,1,0020007910431251065202261388482A,2026-06-25 01:12:27,314116, , ,104319220141,0,0,0,0,57000,110000,0,0,120000,0,0,0,0,0:01,1002,513,0         ,0,"9,42      ",302,0         ,0,"8,8       ",283,0         ,0,0         ,0,0,0,0,0,0         ,0,0         ,0,0         ,0,0         ,0,0         ,0,0         ,0,0,0,0,0,0,0,0,0,0,0,0,0,UCX31_x0001_|_x0007_:, ,0         ,0         ,0         ,3,"4,11      ",93,0         ,5:32      ,3,2026-06-25 20:56:24,11014981.0,MAREESWARAN ,1,104339022046,104319220141,,AUTOMODE_TS1,BV141E,45,2,,OK,,0,0,0020007910431251065202261388482A,1.17775,1.17472,1.17762,5,5,5.09,5.8825,5.3175,1,1.2,1.2,1.2,1,1.2,0.5,12,0.5,12,0.5,12,307585,2026-06-25 20:54:14,11014981,MAREESWARAN ,13616,104339022046,104319220141,140HPW501   ,,AUTOMODE,BV141C,22,2,319316,OK,,0,0,9002102010431351067303261574763A,0020007910431251065202261388482A,0020004510431152006711261730437B,OK,OK,OK,OK,308959,2026-06-25 20:52:34,11014981.0,MAREESWARAN ,13616,104339022046,104319220141,140HPW501   ,AUTOMODE,BV141A,23,2,319316,OK,CA1,0,0,1020104313020080004674879488,OK,OK,0.39,0.412,0.5,0.39,0.404,0.5,OK,,0020004510431152006711261730437B,OK,OK,202.9,145.2,52.6,146.3,0.0,1.87855,52.0555,53.0797,0.163353,2.28693,55.2505,55.6607,57.5079,5.83984,57.2022,0.408379,0,0,0,0,05ACA006,309678,2026-06-25 20:53:18,11014981.0,MAREESWARAN ,13616.0,104339022046,104319220141,140HPW501   ,AUTOMODE,BV141B,29,2.0,319316.0,OK,,,,0020004510431152006711261730437B,OK,OK,,OK,OK,309739,2026-06-25 20:55:14,11014981.0,MAREESWARAN ,13616,104339022046,104319220141,,AUTOMODE,BV141D,37,2,319316,OK,CA13,,,0020007910431251065202261388482A,,0,145.1,9.9,-113.55,50.0,134,18.6,-222.95,59.6,-223.35,-113.71,1.7281,4.1419,45.0,40.0,5.0,25.942,51.8313,51.9891,0,0,0,0,0,0,0,0,0,0,0,1.86,0,20.0,0,384610
5062491,1,0020007910431251065202261388560A,2026-06-17 22:00:27,314116, , ,104319220141,0,0,0,0,57000,110000,0,0,120000,0,0,0,0,0:02,1002,513,0         ,0,"10,78     ",219,0         ,0,"7,78      ",195,0         ,0,0         ,0,0,0,0,0,0         ,0,0         ,0,0         ,0,0         ,0,0         ,0,0         ,0,0,0,0,0,0,0,0,0,0,0,0,0,UCX31_x0001_|_x0007_:, ,0         ,0         ,0         ,3,"4,59      ",93,0         ,0:33      ,3,2026-06-19 21:29:51,11014981.0,MAREESWARAN ,1,104339022046,104319220141,,AUTOMODE_TS1,BV141E,45,2,,OK,,0,0,0020007910431251065202261388560A,1.17598,1.17383,1.17472,5,5,4.01,5.63,5.175,1,1.2,1.2,1.2,1,1.2,0.5,12,0.5,12,0.5,12,301346,2026-06-19 21:27:29,11014981,MAREESWARAN ,13616,104339022046,104319220141,140HPW501   ,,AUTOMODE,BV141C,32,2,312857,OK,,0,0,9002102010431351067303261531757B,0020007910431251065202261388560A,0020004510431152006711261692059B,OK,OK,OK,OK,302629,2026-06-19 21:25:43,11014981.0,MAREESWARAN ,13616,104339022046,104319220141,140HPW501   ,AUTOMODE,BV141A,22,2,312857,OK,CA1,0,0,1020104313020080004674879488,OK,OK,0.39,0.438,0.5,0.39,0.424,0.5,OK,,0020004510431152006711261692059B,OK,OK,202.9,145.2,52.6,146.3,-0.0408363,1.26598,52.0987,52.8147,0.0408401,1.55185,55.281,55.4848,57.5333,8.69851,57.1231,0.245029,0,0,0,0,05ACA006,303278,2026-06-19 21:26:29,11014981.0,MAREESWARAN ,13616.0,104339022046,104319220141,140HPW501   ,AUTOMODE,BV141B,29,2.0,312857.0,OK,,,,0020004510431152006711261692059B,OK,OK,,OK,OK,303379,2026-06-19 21:28:43,11014981.0,MAREESWARAN ,13616,104339022046,104319220141,,AUTOMODE,BV141D,34,2,312857,OK,CA14,,,0020007910431251065202261388560A,,0,145.4,6.2,-113.55,50.0,134,18.6,-222.95,59.6,-223.35,-113.71,0.770376,2.34255,45.0,40.0,5.0,25.6027,51.9296,52.0673,0,0,0,0,0,0,0,0,0,0,0,1.7,0,20.0,0,377397
5062473,1,0020007910431251065202261388564A,2026-06-17 21:54:26,314116, , ,104319220141,0,0,0,0,57000,110000,0,0,120000,0,0,0,0,0:02,1002,513,0         ,0,"4,45      ",252,0         ,0,"1,58      ",339,0         ,0,0         ,0,0,0,0,0,0         ,0,0         ,0,0         ,0,0         ,0,0         ,0,0         ,0,0,0,0,0,0,0,0,0,0,0,0,0,UCX31_x0001_|_x0007_:, ,0         ,0         ,0         ,3,"4,34      ",94,0         ,2:45      ,3,2026-06-18 20:59:58,11014981.0,MAREESWARAN ,1,104339022046,104319220141,,AUTOMODE_TS1,BV141E,45,2,,OK,,0,0,0020007910431251065202261388564A,1.1775,1.17611,1.1737,5,5,3.165,3.2325,3.5625,1,1.2,1.2,1.2,1,1.2,0.5,12,0.5,12,0.5,12,300750,2026-06-18 20:57:04,11014981,MAREESWARAN ,13616,104339022046,104319220141,140HPW501   ,,AUTOMODE,BV141C,18,2,312337,OK,,0,0,9002102010431351067303261542564A,0020007910431251065202261388564A,0020004510431152006711261652091C,OK,OK,OK,OK,302113,2026-06-18 20:55:22,11014981.0,MAREESWARAN ,13616,104339022046,104319220141,140HPW501   ,AUTOMODE,BV141A,22,2,312337,OK,CA1,0,0,1020104313020080004674879488,OK,OK,0.39,0.421,0.5,0.39,0.427,0.5,OK,,0020004510431152006711261652091C,OK,OK,202.9,145.2,52.6,146.3,0.0,0.980114,52.0918,53.218,0.0816765,1.42933,55.2741,55.7837,57.7353,5.4723,57.3251,0.245029,0,0,0,0,05ACA003,302761,2026-06-18 20:56:04,11014981.0,MAREESWARAN ,13616.0,104339022046,104319220141,140HPW501   ,AUTOMODE,BV141B,29,2.0,312337.0,OK,,,,0020004510431152006711261652091C,OK,OK,,OK,OK,302860,2026-06-18 20:58:48,11014981.0,MAREESWARAN ,13616,104339022046,104319220141,,AUTOMODE,BV141D,36,2,312337,OK,CA13,,,0020007910431251065202261388564A,,0,145.1,6.2,-113.55,50.0,134,18.6,-222.95,59.6,-223.35,-113.71,1.02008,2.49943,45.0,40.0,5.0,23.5445,52.2222,52.319,0,0,0,0,0,0,0,0,0,0,0,1.69,0,20.0,0,376770
5063600,1,0020007910431251065202261388627A,2026-06-18 04:45:34,314116, , ,104319220141,0,0,0,0,57000,110000,0,0,120000,0,0,0,0,0:02,1002,513,0         ,0,"2,19      ",251,0         ,0,"1,86      ",118,0         ,0,0         ,0,0,0,0,0,0         ,0,0         ,0,0         ,0,0         ,0,0         ,0,0         ,0,0,0,0,0,0,0,0,0,0,0,0,0,UCX31_x0001_|_x0007_:, ,0         ,0         ,0         ,3,"4,49      ",93,0         ,4:08      ,3,2026-06-17 07:03:37,11014086.0,BABU        ,1,104339022046,104319220141,,AUTOMODE_TS1,BV141E,44,2,,OK,,0,0,0020007910431251065202261388627A,1.17699,1.17156,1.17573,5,5,4.765,4.4,4.8625,1,1.2,1.2,1.2,1,1.2,0.5,12,0.5,12,0.5,12,298876,2026-06-17 07:01:35,11014981,MAREESWARAN ,13616,104339022046,104319220141,140HPW501   ,,AUTOMODE,BV141C,20,2,310427,OK,,0,0,9002102010431351067303261553681A,0020007910431251065202261388627A,0020004510431152006711261590271B,OK,OK,OK,OK,300226,2026-06-17 07:00:19,11014981.0,MAREESWARAN ,13616,104339022046,104319220141,140HPW501   ,AUTOMODE,BV141A,23,2,310427,OK,CA1,0,0,1020104313020080004674879488,OK,OK,0.39,0.438,0.5,0.39,0.451,0.5,OK,,0020004510431152006711261590271B,OK,OK,202.9,145.2,52.6,146.3,-0.0816765,0.571732,52.0767,53.1086,0.0,1.10263,55.1596,55.5672,57.4221,2.16442,57.1163,0.122513,0,0,0,0,05ACA004,300861,2026-06-17 07:01:03,11014981.0,MAREESWARAN ,13616.0,104339022046,104319220141,140HPW501   ,AUTOMODE,BV141B,29,2.0,310427.0,OK,,,,0020004510431152006711261590271B,OK,OK,,OK,OK,300960,2026-06-17 07:02:29,11014981.0,MAREESWARAN ,13616,104339022046,104319220141,,AUTOMODE,BV141D,34,2,310427,OK,CA13,,,0020007910431251065202261388627A,,0,145.5,5.9,-113.55,50.0,134,18.6,-222.95,59.6,-223.35,-113.71,0.545914,2.34846,45.0,40.0,5.0,21.2074,52.1609,52.3089,0,0,0,0,0,0,0,0,0,0,0,1.93,0,20.0,0,374080
5060992,1,0020007910431251065202261388739A,2026-06-17 13:32:39,314116, , ,104319220141,0,0,0,0,57000,110000,0,0,120000,0,0,0,0,0:02,1002,513,0         ,0,"1,78      ",154,0         ,0,"1,34      ",115,0         ,0,0         ,0,0,0,0,0,0         ,0,0         ,0,0         ,0,0         ,0,0         ,0,0         ,0,0,0,0,0,0,0,0,0,0,0,0,0,UCX31_x0001_|_x0007_:, ,0         ,0         ,0         ,3,"4,19      ",93,0         ,0:33      ,3,2026-06-18 20:51:32,11014981.0,MAREESWARAN ,1,104339022046,104319220141,,AUTOMODE_TS1,BV141E2,38,2,,OK,,0,0,0020007910431251065202261388739A,1.15107,1.15069,1.15006,5,5,2.2503,6.50299,3.60599,1,1.2,1.2,1.2,1,1.2,0.5,12,0.5,12,0.5,12,300739,2026-06-18 20:49:24,11014981,MAREESWARAN ,13616,104339022046,104319220141,140HPW501   ,,AUTOMODE,BV141C,18,2,312326,OK,,0,0,9002102010431351067303261542334A,0020007910431251065202261388739A,0020004510431152006711261652237A,OK,OK,OK,OK,302102,2026-06-18 20:45:46,11014981.0,MAREESWARAN ,13616,104339022046,104319220141,140HPW501   ,AUTOMODE,BV141A,22,2,312326,OK,CA1,0,0,1020104313020080004674879488,OK,OK,0.39,0.434,0.5,0.39,0.432,0.5,OK,,0020004510431152006711261652237A,OK,OK,202.9,145.2,52.6,146.3,0.0408401,1.14347,52.0862,53.113,0.122513,2.24609,55.1615,55.6736,57.6253,4.08381,57.2151,0.449219,0,0,0,0,05ACA004,302750,2026-06-18 20:47:26,11014981.0,MAREESWARAN ,13616.0,104339022046,104319220141,140HPW501   ,AUTOMODE,BV141B,30,2.0,312326.0,OK,,,,0020004510431152006711261652237A,OK,OK,,OK,OK,302849,2026-06-18 20:50:24,11014981.0,MAREESWARAN ,13616,104339022046,104319220141,,AUTOMODE,BV141D,35,2,312326,OK,CA13,,,0020007910431251065202261388739A,,0,145.1,6.1,-113.55,50.0,134,18.6,-222.95,59.6,-223.35,-113.71,0.0226173,0.127729,44.6633,40.0,5.0,21.0642,52.3668,52.3191,0,0,0,0,0,0,0,0,0,0,0,1.74,0,20.0,0,376759
5059392,1,0020007910431251065202261388791B,2026-06-17 04:36:01,314116, , ,104319220141,0,0,0,0,57000,110000,0,0,120000,0,0,0,0,0:03,1002,513,0         ,0,"4,63      ",118,0         ,0,"4,65      ",91,0         ,0,0         ,0,0,0,0,0,0         ,0,0         ,0,0         ,0,0         ,0,0         ,0,0         ,0,0,0,0,0,0,0,0,0,0,0,0,0,UCX31_x0001_|_x0007_:, ,0         ,0         ,0         ,3,"4,13      ",93,0         ,0:34      ,3,2026-06-18 21:02:54,11014981.0,MAREESWARAN ,1,104339022046,104319220141,,AUTOMODE_TS1,BV141E,45,2,,OK,,0,0,0020007910431251065202261388791B,1.17522,1.1775,1.17724,5,5,3.2575,4.6225,3.745,1,1.2,1.2,1.2,1,1.2,0.5,12,0.5,12,0.5,12,300754,2026-06-18 21:00:44,11014981,MAREESWARAN ,13616,104339022046,104319220141,140HPW501   ,,AUTOMODE,BV141C,30,2,312341,OK,,0,0,9002102010431351067303261542563A,0020007910431251065202261388791B,0020004510431152006711261652075C,OK,OK,OK,OK,302117,2026-06-18 20:58:20,11014981.0,MAREESWARAN ,13616,104339022046,104319220141,140HPW501   ,AUTOMODE,BV141A,21,2,312341,OK,CA1,0,0,1020104313020080004674879488,OK,OK,0.39,0.429,0.5,0.39,0.424,0.5,OK,,0020004510431152006711261652075C,OK,OK,202.9,145.2,52.6,146.3,0.0,1.87855,52.0715,53.4117,0.204189,2.61364,55.4678,56.0819,57.6182,3.02202,57.4144,0.571732,0,0,0,0,05ACA010,302765,2026-06-18 20:59:56,11014981.0,MAREESWARAN ,13616.0,104339022046,104319220141,140HPW501   ,AUTOMODE,BV141B,77,2.0,312341.0,OK,,,,0020004510431152006711261652075C,OK,OK,,OK,OK,302864,2026-06-18 21:01:44,11014981.0,MAREESWARAN ,13616,104339022046,104319220141,,AUTOMODE,BV141D,33,2,312341,OK,CA13,,,0020007910431251065202261388791B,,0,145.0,6.2,-113.55,50.0,134,18.6,-222.95,59.6,-223.35,-113.71,0.165859,0.527737,44.9759,41.4708,5.0,23.0394,52.4335,52.4665,0,0,0,0,0,0,0,0,0,0,0,1.81,0,20.0,0,376774
5061934,1,0020007910431251065202261388988B,2026-06-17 19:06:29,314116, , ,104319220141,0,0,0,0,57000,110000,0,0,120000,0,0,0,0,0:02,1002,513,0         ,0,"1,17      ",155,0         ,0,"0,97      ",99,0         ,0,0         ,0,0,0,0,0,0         ,0,0         ,0,0         ,0,0         ,0,0         ,0,0         ,0,0,0,0,0,0,0,0,0,0,0,0,0,UCX31_x0001_|_x0007_:, ,0         ,0         ,0         ,3,"4,31      ",94,0         ,0:33      ,3,2026-06-18 21:01:30,11014981.0,MAREESWARAN ,1,104339022046,104319220141,,AUTOMODE_TS1,BV141E,45,2,,OK,,0,0,0020007910431251065202261388988B,1.17459,1.17219,1.17598,5,5,3.8775,4.3875,4.5925,1,1.2,1.2,1.2,1,1.2,0.5,12,0.5,12,0.5,12,300752,2026-06-18 20:59:08,11014981,MAREESWARAN ,13616,104339022046,104319220141,140HPW501   ,,AUTOMODE,BV141C,32,2,312339,OK,,0,0,9002102010431351067303261542344A,0020007910431251065202261388988B,0020004510431152006711261652152C,OK,OK,OK,OK,302115,2026-06-18 20:56:46,11014981.0,MAREESWARAN ,13616,104339022046,104319220141,140HPW501   ,AUTOMODE,BV141A,22,2,312339,OK,CA1,0,0,1020104313020080004674879488,OK,OK,0.39,0.437,0.5,0.39,0.404,0.5,OK,,0020004510431152006711261652152C,OK,OK,202.9,145.2,52.6,146.3,-0.0408401,1.1843,52.8125,52.9144,0.0408363,1.34766,55.3807,55.689,57.6407,10.9038,57.3324,0.204189,0,0,0,0,05ACA002,302763,2026-06-18 20:57:30,11014981.0,MAREESWARAN ,13616.0,104339022046,104319220141,140HPW501   ,AUTOMODE,BV141B,29,2.0,312339.0,OK,,,,0020004510431152006711261652152C,OK,OK,,OK,OK,302862,2026-06-18 21:00:16,11014981.0,MAREESWARAN ,13616,104339022046,104319220141,,AUTOMODE,BV141D,33,2,312339,OK,CA13,,,0020007910431251065202261388988B,,0,145.5,6.2,-113.55,50.0,134,18.6,-222.95,59.6,-223.35,-113.71,1.04096,3.31313,45.0,40.0,5.0,21.6296,51.8534,52.0219,0,0,0,0,0,0,0,0,0,0,0,1.81,0,20.0,0,376772
