TBADatenID,EQUI,LGNR,DATUM,AP,MASTERDAT,FA,MATNR,PERS,STK_GES,STK_NIO,STK_IO,MD1_DREH,MD2_DREH,MD3_DREH,MD4_DREH,PD1_DREH,PD2_DREH,PD3_DREH,PD4_DREH,WUCHTVERS_ANZ,DAUER_PRO_ATL,STATUS,DOK,MD1_ANLIEF_MG,MD1_ANLIEF_G,MD1_AUSLIEF_MG,MD1_AUSLIEF_G,MD2_ANLIEF_MG,MD2_ANLIEF_G,MD2_AUSLIEF_MG,MD2_AUSLIEF_G,MD3_ANLIEF_MG,MD3_ANLIEF_G,MD3_AUSLIEF_MG,MD3_AUSLIEF_G,MD4_ANLIEF_MG,MD4_ANLIEF_G,MD4_AUSLIEF_MG,MD4_AUSLIEF_G,EB1_ANLIEF_MG,EB1_ANLIEF_G,EB1_AUSLIEF_MG,EB1_AUSLIEF_G,EB2_ANLIEF_MG,EB2_ANLIEF_G,EB2_AUSLIEF_MG,EB2_AUSLIEF_G,PD1_ANLIEF_1_MV,PD1_ANLIEF_1_G,PD1_AUSLIEF_1_MV,PD1_AUSLIEF_1_G,PD2_ANLIEF_1_MV,PD2_ANLIEF_1_G,PD2_AUSLIEF_1_MV,PD2_AUSLIEF_1_G,PD3_ANLIEF_1_MV,PD3_ANLIEF_1_G,PD3_AUSLIEF_1_MV,PD3_AUSLIEF_1_G,PD4_ANLIEF_1_MV,PD4_ANLIEF_1_G,PD4_AUSLIEF_1_MV,PD4_AUSLIEF_1_G,ARBEITSGANG,KALI_LADER,OEL_DURCHFLUSS,OEL_DRUCK,OEL_TEMPERATUR,PF_SET,PF_TORQUE,PF_ANGLE,SPANN_DRUCK,Gesamtdurchlaufzeit,System,DateTime_S5,Operator_ID_S5,Operator_name_S5,Program_ID_S5,Recipe_Name_S5,Core_part_x,Recipe_No_S5,Mode_Operation_S5,Station_ID_S5,CycleTime_S5,Shift_No_S5,Unique_ID_S5,Result_Overall_S5,Defect_Code_S5,Order_No_S5,Order_Qty_S5,Serial_CA,Val_Pressure_Bhsg,Val_Pressure_CS,Val_Pressure_TS,Val_Filltime,Val_Testtime,Val_flow_System,Val_flow_CS,Val_flow_TS,Min_Pressure_Bhsg,Max_Pressure_Bhsg,Min_Pressure_CS,Max_Pressure_CS,Min_Pressure_TS,Max_Pressure_TS,Min_flow_System,Max_flow_System,Min_flow_CS,Max_flow_CS,Min_flow_TS,Max_flow_TS,Auto_ID_x,DateTime_S3,Operator_ID_S3,Operator_name_S3,Program_ID_S3,Recipe_Name_S3,Core serial,Recipe_No_S3,Core_part_y,Mode_Operation_S3,Station_ID_S3,CycleTime_S3,Shift_No_S3,Unique_ID_S3,Result_Overall_S3,Defect_Code_S3,Order_No_S3,Order_Qty_S3,Serial_CW,Serial_Backplate_S3,Serial_Bhsg_S3,Pres_Oildeflector_Oring,Res_CWProfileCheck,Pres_Backplate,Pres_ShaftNut,Auto_ID_y,DateTime_S1,Operator_ID_S1,Operator_name_S1,Program_ID_S1,Recipe_Name_S1,Core Serial,Recipe_No_S1,Mode_Operation_S1,Station_ID_S1,CycleTime_S1,Shift_No_S1,Unique_ID_S1,Result_Overall_S1,Defect_Code_S1,Order_No_S1,Order_Qty_S1,Serial_TW,Pres_PR_Top,Pres_PR_Bottom,Min_LVDT_Width_PR1,Val_LVDT_Width_PR1,Max_LVDT_Width_PR1,Min_LVDT_Width_PR2,Val_LVDT_Width_PR2,Max_LVDT_Width_PR2,Res_TWProfileCheck,Serial_HSCupspring,Serial_Bhsg_S1,Pres_Mandrel,Pres_Cupspring,Pick_Val_Distance_Servo1,Pick_Val_Distance_Servo2,Place_Val_Distance_Servo1,Place_Val_Distance_Servo2,Min_Val_Load_BHsg_W1,Max_Val_Load_BHsg_W1,Min_Val_Distance_BHsg_W1,Max_Val_Distance_BHsg_W1,Min_Val_Load_BHsg_W2,Max_Val_Load_BHsg_W2,Min_Val_Distance_BHsg_W2,Max_Val_Distance_BHsg_W2,Min_Val_Load_BHsg_W3,Max_Val_Load_BHsg_W3,Min_Val_Distance_BHsg_W3,Max_Val_Distance_BHsg_W3,Min_Val_Load_BHsg_W4,Max_Val_Load_BHsg_W4,Min_Val_Distance_BHsg_W4,Max_Val_Distance_BHsg_W4,Serial_Pallet_S1,Auto_ID,DateTime_S2,Operator_ID_S2,Operator_name_S2,Program_ID_S2,Recipe_Name_S2,Core_Part,Recipe_No_S2,Mode_Operation_S2,Station_ID_S2,CycleTime_S2,Shift_No_S2,Unique_ID_S2,Result_Overall_S2,Defect_Code_S2,Order_No_S2,Order_Qty_S2,Serial_Bhsg_S2,Res_ThrustRing_Assy,Pres_ThrustRing,Pres_ThrustPlate,Res_Mandrel_Removal,Res_ThrustPlate_Assy,Auto_ID_2,DateTime_S4,Operator_ID_S4,Operator_name_S4,Program_ID_S4,Recipe_Name_S4,Core_part,Recipe_No_S4,Mode_Operation_S4,Station_ID_S4,CycleTime_S4,Shift_No_S4,Unique_ID_S4,Result_Overall_S4,Defect_Code_S4,Order_No_S4,Order_Qty_S4,Serial_Backplate_S4,Serial_Bhsg_S4,Val_PowerFactor,Val_Temp_CWHeat,Val_CWHeat_Cycletime,CW_Pick_Val_Distance_Servo1,CW_Pick_Val_Distance_Servo2,CW_Place_HIM_Val_Distance_Servo1,CW_Place_HIM_Val_Distance_Servo2,CW_Place_TW_Val_Distance_Servo1,CW_Place_TW_Val_Distance_Servo2,Pick_SN_Val_Distance_Servo1,Place_SN_Val_Distance_Servo1,Min_Val_Load_CW_W1,Max_Val_Load_CW_W1,Min_Val_Distance_CW_W1,Max_Val_Distance_CW_W1,Min_Val_Load_CW_W2,Max_Val_Load_CW_W2,Min_Val_Distance_CW_W2,Max_Val_Distance_CW_W2,Min_Val_Load_CW_W3,Max_Val_Load_CW_W3,Min_Val_Distance_CW_W3,Max_Val_Distance_CW_W3,Min_Val_Load_CW_W4,Max_Val_Load_CW_W4,Min_Val_Distance_CW_W4,Max_Val_Distance_CW_W4,Min_Val_Distance_Servo_S4,Max_Val_Distance_Servo_S4,Min_Val_PreTrq_Shaftnut,Val_PreTrq_Shaftnut,Max_Val_PreTrq_Shaftnut,Val_PreTrqAng_Shaftnut,Torque_Retry_Count,Auto_ID_3
5013370,1,0020007910431251065004261403123C,2026-06-03 07:12:27,314116, , ,104319220140,0,0,0,0,57000,110000,0,0,120000,0,0,0,3,3:06,1002,503,"27,2      ",191,"4,06      ",72,"19,97     ",192,"0,54      ",54,0         ,0,0         ,0,0,0,0,0,"31,45     ",171,0         ,0,"6,03      ",80,0         ,0,"6,88      ",177,0         ,0,0,0,0,0,0,0,0,0,0,0,0,0,UCX31_x0001_|_x0007_:, ,"1,32      ",5         ,"45,54     ",3,"4,77      ",93,"65,03     ",3:37      ,3,2026-06-02 17:17:23,11014981.0,MAREESWARAN ,1,104339022020,104319220140,,AUTOMODE_TS1,BV141E2,38,1,,OK,,0,0,0020007910431251065004261403123C,1.1527,1.14654,1.16138,5,5,2.78084,7.17964,3.68144,1,1.2,1.2,1.2,1,1.2,0.5,12,0.5,12,0.5,12,282064,2026-06-02 17:15:31,11014981,MAREESWARAN ,13616,104339022020,104319220140,140HPW501   ,,AUTOMODE,BV141C,29,1,294787,OK,,0,0,9003102010431351065904261487824B,0020007910431251065004261403123C,00200045104311520066-7261482972C,OK,OK,OK,OK,283189,2026-06-02 17:14:11,11014981.0,MAREESWARAN ,13616,104339022020,104319220140,140HPW501   ,AUTOMODE,BV141A,21,1,294787,OK,CA1,0,0,300050104312999991395364110336,OK,OK,0.39,0.427,0.5,0.39,0.41,0.5,OK,,00200045104311520066-7261482972C,OK,OK,202.9,145.2,52.6,146.3,0.0,1.26598,52.0356,53.1618,0.0816765,1.67436,55.4243,55.73,57.6792,1.67436,57.5772,0.245029,0,0,0,0,05ACA007,283709,2026-06-02 17:14:49,11014981.0,MAREESWARAN ,13616.0,104339022020,104319220140,140HPW501   ,AUTOMODE,BV141B,30,1.0,294787.0,OK,,,,00200045104311520066-7261482972C,OK,OK,,OK,OK,283864,2026-06-02 17:16:17,11014981.0,MAREESWARAN ,13616,104339022020,104319220140,,AUTOMODE,BV141D,30,1,294787,OK,CA13,,,0020007910431251065004261403123C,,0,145.1,2.7,-113.55,50.1,134,19.6,-223.15,59.6,-216.052,-106.71,0.513397,2.29646,45.0,40.0,5.0,24.0798,51.9359,51.9969,0,0,0,0,0,0,0,0,0,0,0,1.74,0,20.0,0,351480
5012150,1,0020007910431251065004261426167C,2026-06-02 21:24:04,314116, , ,104319220140,0,0,0,0,57000,110000,0,0,120000,0,0,0,1,1:12,1002,503,"44,01     ",13,"14,61     ",20,"15,44     ",19,"3,66      ",12,0         ,0,0         ,0,0,0,0,0,"19,11     ",5,0         ,0,"17,47     ",329,0         ,0,"1,44      ",212,0         ,0,0,0,0,0,0,0,0,0,0,0,0,0,UCX31_x0001_|_x0007_:, ,"1,36      ",5         ,"45,05     ",3,"4,9       ",93,"65,03     ",1:43      ,3,2026-06-02 21:19:45,11014981.0,MAREESWARAN ,1,104339022020,104319220140,,AUTOMODE_TS1,BV141E,45,2,,OK,,0,0,0020007910431251065004261426167C,1.17598,1.17421,1.17193,5,5,6.0225,6.7225,6.775,1,1.2,1.2,1.2,1,1.2,0.5,12,0.5,12,0.5,12,282266,2026-06-02 21:16:55,11014981,MAREESWARAN ,13616,104339022020,104319220140,140HPW501   ,,AUTOMODE,BV141C,23,2,294999,OK,,0,0,9003102010431351065904261424626B,0020007910431251065004261426167C,00200045104311520066-7261420055A,OK,OK,OK,OK,283394,2026-06-02 21:14:35,11014981.0,MAREESWARAN ,13616,104339022020,104319220140,140HPW501   ,AUTOMODE,BV141A,27,2,294999,OK,CA1,0,0,300050104312999991395364110336,OK,OK,0.39,0.437,0.5,0.39,0.434,0.5,OK,,00200045104311520066-7261420055A,OK,OK,202.9,145.2,52.6,146.3,0.0,2.08274,52.1225,53.3531,0.163353,2.32777,55.6054,55.9111,57.659,2.45028,57.5571,0.408382,0,0,0,0,05ACA001,283915,2026-06-02 21:15:19,11014981.0,MAREESWARAN ,13616.0,104339022020,104319220140,140HPW501   ,AUTOMODE,BV141B,30,2.0,294999.0,OK,,,,00200045104311520066-7261420055A,OK,OK,,OK,OK,284071,2026-06-02 21:18:33,11014981.0,MAREESWARAN ,13616,104339022020,104319220140,,AUTOMODE,BV141D,37,2,294999,OK,CA13,,,0020007910431251065004261426167C,,0,145.4,8.2,-113.55,50.1,134,19.6,-223.15,59.6,-216.052,-106.71,0.0,0.331722,40.0402,40.7621,5.0,25.942,51.3372,51.4046,0,0,0,0,0,0,0,0,0,0,0,1.7,0,20.0,0,351716
5019913,1,0020007910431251065004261431775A,2026-06-05 08:29:34,304212, , ,104319220151,0,0,0,0,57000,110000,0,0,120000,0,0,0,3,3:08,1002,503,"54,83     ",347,"3,24      ",347,"53,41     ",328,"3,62      ",314,0         ,0,0         ,0,0,0,0,0,"36,84     ",77,0         ,0,"6,2       ",240,0         ,0,"1,93      ",147,0         ,0,0,0,0,0,0,0,0,0,0,0,0,0,UCX31_x0001_|_x0007_:, ,"1,59      ","4,97      ","45,42     ",14,"4,74      ",94,"64,92     ",3:39      ,3,2026-06-05 05:11:06,11014086.0,BABU        ,1,104339022021,104319220151,,AUTOMODE_TS1,BV141E2,38,2,,OK,,0,0,0020007910431251065004261431775A,1.16088,1.14465,1.14264,5,5,4.2503,8.76647,5.46946,1,1.2,1.2,1.2,1,1.2,0.5,12,0.5,12,0.5,12,285103,2026-06-05 05:08:02,11014086,BABU        ,13616,104339022021,104319220151,160HP Z101  ,,AUTOMODE,BV141C,22,2,297933,OK,,0,0,9003102010431351065904261533028A,0020007910431251065004261431775A,00200045104311520066-7261522293A,OK,OK,OK,OK,286289,2026-06-05 05:06:00,11014086.0,BABU        ,13616,104339022021,104319220151,160HP Z101  ,AUTOMODE,BV141A,43,2,297933,OK,CA1,0,0,1020104313020080004674879488,OK,OK,0.39,0.444,0.5,0.39,0.443,0.5,OK,,00200045104311520066-7261522293A,OK,OK,202.9,145.2,52.6,146.3,0.0,1.75604,52.0486,53.2818,0.163353,2.0419,55.4347,55.9468,57.5953,2.81783,57.3915,0.408382,0,0,0,0,05ACA001,286808,2026-06-05 05:06:42,11014086.0,BABU        ,13616.0,104339022021,104319220151,160HP Z101  ,AUTOMODE,BV141B,30,2.0,297933.0,OK,,,,00200045104311520066-7261522293A,OK,OK,,OK,OK,286960,2026-06-05 05:09:56,11014086.0,BABU        ,13616,104339022021,104319220151,,AUTOMODE,BV141D,37,2,297933,OK,CA13,,,0020007910431251065004261431775A,,0,145.1,5.8,-113.55,50.1,134,19.6,-223.09,59.6,-216.052,-106.71,0.31006,0.927307,45.0,40.4592,5.0,25.6027,51.6687,51.7422,0,0,0,0,0,0,0,0,0,0,0,3.33,0,20.0,0,355152
5019078,1,0020007910431251065004261431815A,2026-06-05 01:12:11,304212, , ,104319220140,0,0,0,0,57000,110000,0,0,120000,0,0,0,1,1:14,1002,503,"27,05     ",226,"6,51      ",345,"7,07      ",170,"3,2       ",4,0         ,0,0         ,0,0,0,0,0,"5,81      ",263,0         ,0,"10,47     ",340,0         ,0,"3,58      ",32,0         ,0,0,0,0,0,0,0,0,0,0,0,0,0,UCX31_x0001_|_x0007_:, ,"1,6       ","4,96      ","45,42     ",14,"4,39      ",94,"65,05     ",1:45      ,3,2026-06-05 15:44:55,11014086.0,BABU        ,1,104339022021,104319220151,,AUTOMODE_TS1,BV141E,45,1,,OK,,0,0,0020007910431251065004261431815A,1.17838,1.17269,1.1713,5,5,4.445,4.4475,5.735,1,1.2,1.2,1.2,1,1.2,0.5,12,0.5,12,0.5,12,285642,2026-06-05 15:42:13,11014086,BABU        ,13616,104339022021,104319220151,160HP Z101  ,,AUTOMODE,BV141C,34,1,298496,OK,,0,0,9003102010431351065904261544084A,0020007910431251065004261431815A,00200045104311520066-7261530413A,OK,OK,OK,OK,286830,2026-06-05 15:40:39,11014086.0,BABU        ,13616,104339022021,104319220151,160HP Z101  ,AUTOMODE,BV141A,23,1,298496,OK,CA1,0,0,1020104313020080004674879488,OK,OK,0.39,0.443,0.5,0.39,0.446,0.5,OK,,00200045104311520066-7261530413A,OK,OK,202.9,145.2,52.6,146.3,-0.0408401,1.55185,52.6447,53.1619,0.0816765,2.16442,55.6282,56.041,56.2401,1.7294,57.5799,0.326702,0,0,0,0,05ACA007,287352,2026-06-05 15:41:19,11014086.0,BABU        ,13616.0,104339022021,104319220151,160HP Z101  ,AUTOMODE,BV141B,30,1.0,298496.0,OK,,,,00200045104311520066-7261530413A,OK,OK,,OK,OK,287503,2026-06-05 15:43:43,11014086.0,BABU        ,13616,104339022021,104319220151,,AUTOMODE,BV141D,34,1,298496,OK,CA13,,,0020007910431251065004261431815A,,0,145.2,4.1,-113.55,50.1,134,19.6,-223.2,59.6,-216.052,-106.71,0.153469,0.588051,45.0,40.3909,5.0,19.9258,52.433,52.5203,0,0,0,0,0,0,0,0,0,0,0,3.32,0,20.0,0,355725
5013394,1,0020007910431251065004261431830A,2026-06-03 07:20:15,314116, , ,104319220140,0,0,0,0,57000,110000,0,0,120000,0,0,0,0,0:16,1002,503,0         ,0,"56,46     ",194,0         ,0,"15,23     ",195,0         ,0,0         ,0,0,0,0,0,0         ,0,0         ,0,0         ,0,0         ,0,0         ,0,0         ,0,0,0,0,0,0,0,0,0,0,0,0,0,UCX31_x0001_|_x0007_:, ,"1,23      ","4,97      ","44,9      ",3,"4,22      ",93,"65,46     ",0:51      ,3,2026-06-03 06:50:15,11014981.0,MAREESWARAN ,1,104339022020,104319220140,,AUTOMODE_TS1,BV141E,45,2,,OK,,0,0,0020007910431251065004261431830A,1.17686,1.17611,1.1756,5,5,3.4925,4.4525,6.18,1,1.2,1.2,1.2,1,1.2,0.5,12,0.5,12,0.5,12,282751,2026-06-03 06:47:59,11014981,MAREESWARAN ,13616,104339022020,104319220140,140HPW501   ,,AUTOMODE,BV141C,25,2,295508,OK,,0,0,9003102010431351065904261423977A,0020007910431251065004261431830A,00200045104311520066-7261520146A,OK,OK,OK,OK,283889,2026-06-03 06:46:39,11014981.0,MAREESWARAN ,13616,104339022020,104319220140,140HPW501   ,AUTOMODE,BV141A,22,2,295508,OK,CA1,0,0,300050104312999991395364110336,OK,OK,0.39,0.453,0.5,0.39,0.463,0.5,OK,,00200045104311520066-7261520146A,OK,OK,202.9,145.2,52.6,146.3,0.0,1.7152,52.0736,53.3119,0.122513,2.36861,55.6712,56.1858,56.2401,2.26255,57.7299,0.408379,0,0,0,0,05ACA005,284411,2026-06-03 06:47:21,11014981.0,MAREESWARAN ,13616.0,104339022020,104319220140,140HPW501   ,AUTOMODE,BV141B,30,2.0,295508.0,OK,,,,00200045104311520066-7261520146A,OK,OK,,OK,OK,284567,2026-06-03 06:49:03,11014981.0,MAREESWARAN ,13616,104339022020,104319220140,,AUTOMODE,BV141D,33,2,295508,OK,CA13,,,0020007910431251065004261431830A,,0,145.8,4.8,-113.55,50.1,134,19.6,-223.15,59.6,-216.052,-106.71,0.245188,1.42027,45.0,40.0,5.0,19.383,52.3953,52.3851,0,0,0,0,0,0,0,0,0,0,0,1.7,0,20.0,0,352264
5012985,1,0020007910431251065004261431999B,2026-06-03 03:37:04,314116, , ,104319220140,0,0,0,0,57000,110000,0,0,120000,0,0,0,0,0:16,1002,503,0         ,0,"15,92     ",264,0         ,0,"0,29      ",324,0         ,0,0         ,0,0,0,0,0,0         ,0,0         ,0,0         ,0,0         ,0,0         ,0,0         ,0,0,0,0,0,0,0,0,0,0,0,0,0,UCX31_x0001_|_x0007_:, ,"1,26      ","4,95      ","45,42     ",3,"4,13      ",94,"65,46     ",0:46      ,3,2026-06-03 18:16:30,11014086.0,BABU        ,1,104339022020,104319220140,,AUTOMODE_TS1,BV141E2,38,1,,OK,,0,0,0020007910431251065004261431999B,1.14465,1.14805,1.15346,5,5,2.14371,6.18084,3.42754,1,1.2,1.2,1.2,1,1.2,0.5,12,0.5,12,0.5,12,283408,2026-06-03 18:14:32,11014086,BABU        ,13616,104339022020,104319220140,140HPW501   ,,AUTOMODE,BV141C,54,1,296187,OK,,0,0,9003102010431351065904261487972B,0020007910431251065004261431999B,00200045104311520066-7261500672B,OK,OK,OK,OK,284562,2026-06-03 18:12:30,11014086.0,BABU        ,13616,104339022020,104319220140,140HPW501   ,AUTOMODE,BV141A,34,1,296187,OK,CA1,0,0,300050104312999991395364110336,OK,OK,0.39,0.457,0.5,0.39,0.432,0.5,OK,,00200045104311520066-7261500672B,OK,OK,202.9,145.2,52.6,146.3,0.0309925,1.91939,52.0212,53.0726,0.163349,1.51101,55.33,55.6357,57.6816,9.43359,57.274,0.285866,0,0,0,0,05ACA006,285084,2026-06-03 18:13:08,11014086.0,BABU        ,13616.0,104339022020,104319220140,140HPW501   ,AUTOMODE,BV141B,30,1.0,296187.0,OK,,,,00200045104311520066-7261500672B,OK,OK,,OK,OK,285240,2026-06-03 18:15:24,11014086.0,BABU        ,13616,104339022020,104319220140,,AUTOMODE,BV141D,32,1,296187,OK,CA13,,,0020007910431251065004261431999B,,0,145.8,3.9,-113.55,50.1,134,19.6,-223.2,59.6,-216.052,-106.71,0.609792,1.90838,45.0,40.0,5.0,25.8515,51.6232,51.7706,0,0,0,0,0,0,0,0,0,0,0,1.51,0,20.0,0,353142
5013389,1,0020007910431251065004261432386C,2026-06-03 07:19:23,314116, , ,104319220140,0,0,0,0,57000,110000,0,0,120000,0,0,0,1,1:06,1002,503,"5,9       ",72,"7,73      ",218,"8,21      ",41,"1,19      ",151,0         ,0,0         ,0,0,0,0,0,"14,5      ",17,0         ,0,"3,13      ",192,0         ,0,"1,07      ",13,0         ,0,0,0,0,0,0,0,0,0,0,0,0,0,UCX31_x0001_|_x0007_:, ,"1,35      ","4,96      ","44,96     ",3,"4,54      ",93,"65,03     ",1:36      ,3,2026-06-03 19:23:55,11014086.0,BABU        ,1,104339022020,104319220140,,AUTOMODE_TS1,BV141E,44,1,,OK,,0,0,0020007910431251065004261432386C,1.17168,1.17118,1.17573,5,5,5.1025,5.1525,6.4375,1,1.2,1.2,1.2,1,1.2,0.5,12,0.5,12,0.5,12,283461,2026-06-03 19:21:11,11014086,BABU        ,13616,104339022020,104319220140,140HPW501   ,,AUTOMODE,BV141C,17,1,296243,OK,,0,0,9003102010431351065904261510225C,0020007910431251065004261432386C,00200045104311520066-7261482044A,OK,OK,OK,OK,284617,2026-06-03 19:19:27,11014086.0,BABU        ,13616,104339022020,104319220140,140HPW501   ,AUTOMODE,BV141A,22,1,296243,OK,CA1,0,0,300050104312999991395364110336,OK,OK,0.39,0.421,0.5,0.39,0.439,0.5,OK,,00200045104311520066-7261482044A,OK,OK,202.9,145.2,52.6,146.3,-0.0408363,2.20526,52.7059,53.4295,0.122513,1.67436,55.692,56.0003,56.2401,1.37162,57.5417,0.285866,0,0,0,0,05ACA003,285139,2026-06-03 19:20:11,11014086.0,BABU        ,13616.0,104339022020,104319220140,140HPW501   ,AUTOMODE,BV141B,30,1.0,296243.0,OK,,,,00200045104311520066-7261482044A,OK,OK,,OK,OK,285295,2026-06-03 19:22:45,11014086.0,BABU        ,13616,104339022020,104319220140,,AUTOMODE,BV141D,31,1,296243,OK,CA13,,,0020007910431251065004261432386C,,0,145.2,3.5,-113.55,50.1,134,19.6,-223.2,59.6,-216.052,-106.71,0.282925,1.31381,45.0,40.0,5.0,25.8817,51.7413,52.0321,0,0,0,0,0,0,0,0,0,0,0,1.7,0,20.0,0,353224
5027978,1,0020007910431251065004261436969B,2026-06-07 11:20:18,304212, , ,104319220140,0,0,0,0,57000,110000,0,0,120000,0,0,0,2,2:09,1002,503,"47,97     ",227,"4,19      ",201,"36,12     ",240,"1,86      ",218,0         ,0,0         ,0,0,0,0,0,"22,3      ",349,0         ,0,"10,48     ",258,0         ,0,"2,98      ",255,0         ,0,0,0,0,0,0,0,0,0,0,0,0,0,UCX31_x0001_|_x0007_:, ,"1,46      ","5,02      ","45,63     ",14,"4,53      ",94,"64,83     ",2:41      ,3,2026-06-06 21:21:14,11014086.0,BABU        ,1,104339022020,104319220140,,AUTOMODE_TS1,BV141E2,38,2,,OK,,0,0,0020007910431251065004261436969B,1.15572,1.15145,1.14654,5,5,3.9976,7.85748,4.63234,1,1.2,1.2,1.2,1,1.2,0.5,12,0.5,12,0.5,12,287148,2026-06-06 21:18:20,11014086,BABU        ,13616,104339022020,104319220140,140HPW501   ,,AUTOMODE,BV141C,23,2,300091,OK,,0,0,9003102010431351065904261554822A,0020007910431251065004261436969B,00200045104311520066-7261500205A,OK,OK,OK,OK,288330,2026-06-06 21:16:42,11014086.0,BABU        ,13616,104339022020,104319220140,140HPW501   ,AUTOMODE,BV141A,27,2,300091,OK,CA1,0,0,300050104312999991395364110336,OK,OK,0.39,0.429,0.5,0.39,0.441,0.5,OK,,00200045104311520066-7261500205A,OK,OK,202.9,145.2,52.6,146.3,0.0,1.87855,52.0665,53.3939,0.163353,2.24609,55.5418,56.0615,57.603,2.40945,57.5011,0.408379,0,0,0,0,05ACA010,288864,2026-06-06 21:17:22,11014086.0,BABU        ,13616.0,104339022020,104319220140,140HPW501   ,AUTOMODE,BV141B,30,2.0,300091.0,OK,,,,00200045104311520066-7261500205A,OK,OK,,OK,OK,289009,2026-06-06 21:20:06,11014086.0,BABU        ,13616,104339022020,104319220140,,AUTOMODE,BV141D,36,2,300091,OK,CA13,,,0020007910431251065004261436969B,,0,146.7,6.7,-113.55,50.1,134,19.6,-223.2,59.6,-216.052,-106.71,0.00773621,0.731293,40.0,40.7875,5.0,25.7083,51.8063,51.8951,0,0,0,0,0,0,0,0,0,0,0,1.68,0,20.0,0,357278
5026343,1,0020007910431251065004261437466C,2026-06-07 00:08:14,304212, , ,104319220140,0,0,0,0,57000,110000,0,0,120000,0,0,0,1,1:15,1002,503,"65,93     ",37,"21,14     ",25,"52,88     ",27,"12,16     ",31,0         ,0,0         ,0,0,0,0,0,"35,86     ",133,0         ,0,"2,7       ",103,0         ,0,"1,68      ",274,0         ,0,0,0,0,0,0,0,0,0,0,0,0,0,UCX31_x0001_|_x0007_:, ,"1,41      ","4,96      ","44,99     ",14,"4,17      ",94,"65,1      ",3:42      ,3,2026-06-12 17:42:59,11014981.0,MAREESWARAN ,1,104339022021,104319220151,,AUTOMODE_TS1,BV141E,45,1,,OK,,0,0,0020007910431251065004261437466C,1.17434,1.17484,1.17092,5,5,4.585,4.2575,4.705,1,1.2,1.2,1.2,1,1.2,0.5,12,0.5,12,0.5,12,293544,2026-06-12 17:40:35,11014981,MAREESWARAN ,13616,104339022021,104319220151,160HP Z101  ,,AUTOMODE,BV141C,20,1,305763,OK,,0,0,9003102010431351065904261605362B,0020007910431251065004261437466C,00200045104311520066-7261613053C,OK,OK,OK,OK,294841,2026-06-12 17:39:25,11014981.0,MAREESWARAN ,13616,104339022021,104319220151,160HP Z101  ,AUTOMODE,BV141A,21,1,305763,OK,CA1,0,0,1020104313020080004674879488,OK,OK,0.39,0.421,0.5,0.39,0.42,0.5,OK,,00200045104311520066-7261613053C,OK,OK,202.9,145.2,52.6,146.3,0.0,1.67436,52.7061,53.0144,0.122517,1.83772,55.2795,55.6871,57.6388,7.31002,57.226,0.326706,0,0,0,0,05ACA006,295435,2026-06-12 17:40:03,11014981.0,MAREESWARAN ,13616.0,104339022021,104319220151,160HP Z101  ,AUTOMODE,BV141B,30,1.0,305763.0,OK,,,,00200045104311520066-7261613053C,OK,OK,,OK,OK,295550,2026-06-12 17:41:49,11014981.0,MAREESWARAN ,13616,104339022021,104319220151,,AUTOMODE,BV141D,32,1,305763,OK,CA13,,,0020007910431251065004261437466C,,0,145.5,4.7,-113.55,50.1,134,19.6,-223.2,59.6,-223.2,-113.71,0.190628,0.90469,45.0,40.368,5.0,24.1778,51.9027,52.2585,0,0,0,0,0,0,0,0,0,0,0,3.4,0,20.0,0,366220
5026418,1,0020007910431251065004261437542C,2026-06-07 00:38:19,304212, , ,104319220140,0,0,0,0,57000,110000,0,0,120000,0,0,0,2,2:10,1002,503,"13,66     ",228,"7,02      ",270,"9,46      ",287,"2,9       ",311,0         ,0,0         ,0,0,0,0,0,"5,3       ",40,0         ,0,"6,62      ",276,0         ,0,"2,15      ",297,0         ,0,0,0,0,0,0,0,0,0,0,0,0,0,UCX31_x0001_|_x0007_:, ,"1,51      ","4,91      ","46,55     ",14,"4,16      ",94,"64,97     ",2:41      ,3,2026-06-08 19:33:10,11014981.0,MAREESWARAN ,1,104339022019,104319220139,,AUTOMODE_TS1,BV141E2,32,1,,OK,,0,0,0020007910431251065004261437542C,1.16302,1.16327,1.15296,2,2,3.20479,7.00958,4.02994,1,1.2,1.2,1.2,1,1.2,0.5,12,0.5,12,0.5,12,289254,2026-06-08 19:30:42,11014981,MAREESWARAN ,13616,104339022019,104319220139,140HPW501   ,,AUTOMODE,BV141C,23,1,301271,OK,,0,0,6000102010431351066005261194410B,0020007910431251065004261437542C,00200045104311520066-7261562625B,OK,OK,OK,OK,290444,2026-06-08 19:28:00,11014981.0,MAREESWARAN ,13616,104339022019,104319220139,140HPW501   ,AUTOMODE,BV141A,21,1,301271,OK,CA1,0,0,300050104312999991395364110336,OK,OK,0.39,0.44,0.5,0.39,0.426,0.5,OK,,00200045104311520066-7261562625B,OK,OK,202.9,145.2,52.6,146.3,0.0,3.22621,52.0941,53.3196,0.0408401,3.30788,55.0547,55.7707,57.8115,14.9876,57.4039,0.0816765,0,0,0,0,05ACA002,290986,2026-06-08 19:28:40,11014981.0,MAREESWARAN ,13616.0,104339022019,104319220139,140HPW501   ,AUTOMODE,BV141B,30,1.0,301271.0,OK,,,,00200045104311520066-7261562625B,OK,OK,,OK,OK,291126,2026-06-08 19:32:10,11014981.0,MAREESWARAN ,13616,104339022019,104319220139,,AUTOMODE,BV141D,32,1,301271,OK,CA13,,,0020007910431251065004261437542C,,0,145.1,3.4,-113.55,49.8,134,19.6,-222.95,59.6,-222.95,-113.71,1.61337,2.48158,43.4947,40.0,5.0,19.5413,51.7523,51.8927,0,0,0,0,0,0,0,0,0,0,0,1.58,0,20.0,0,359480
5027226,1,0020007910431251065004261442647A,2026-06-07 05:56:12,304212, , ,104319220140,0,0,0,0,57000,110000,0,0,120000,0,0,0,1,1:09,1002,503,"62,46     ",153,"9,18      ",154,"28,02     ",162,"6,43      ",280,0         ,0,0         ,0,0,0,0,0,"17,54     ",260,0         ,0,"15,98     ",237,0         ,0,"3,11      ",17,0         ,0,0,0,0,0,0,0,0,0,0,0,0,0,UCX31_x0001_|_x0007_:, ,"1,37      ","4,97      ","47,28     ",14,"4,09      ",94,"65,03     ",1:47      ,3,2026-06-07 05:33:45,11014086.0,BABU        ,1,104339022020,104319220140,,AUTOMODE_TS1,BV141E,44,2,,OK,,0,0,0020007910431251065004261442647A,1.17472,1.17358,1.1737,5,5,4.265,4.315,5.7325,1,1.2,1.2,1.2,1,1.2,0.5,12,0.5,12,0.5,12,287579,2026-06-07 05:31:29,11014086,BABU        ,13616,104339022020,104319220140,140HPW501   ,,AUTOMODE,BV141C,21,2,300538,OK,,0,0,9003102010431351065904261568203A,0020007910431251065004261442647A,00200045104311520066-7261562314B,OK,OK,OK,OK,288763,2026-06-07 05:29:33,11014086.0,BABU        ,13616,104339022020,104319220140,140HPW501   ,AUTOMODE,BV141A,26,2,300538,OK,CA1,0,0,300050104312999991395364110336,OK,OK,0.39,0.423,0.5,0.39,0.423,0.5,OK,,00200045104311520066-7261562314B,OK,OK,202.9,145.2,52.6,146.3,0.0,2.24609,52.0256,53.5619,0.204189,2.8995,55.7251,56.1327,56.2401,2.85033,57.6793,0.530895,0,0,0,0,05ACA003,289301,2026-06-07 05:30:15,11014086.0,BABU        ,13616.0,104339022020,104319220140,140HPW501   ,AUTOMODE,BV141B,30,2.0,300538.0,OK,,,,00200045104311520066-7261562314B,OK,OK,,OK,OK,289442,2026-06-07 05:32:33,11014086.0,BABU        ,13616,104339022020,104319220140,,AUTOMODE,BV141D,33,2,300538,OK,CA13,,,0020007910431251065004261442647A,,0,145.2,4.2,-113.55,50.1,134,19.6,-223.2,59.6,-216.052,-106.71,0.490205,1.42255,45.0,40.0,5.0,24.4869,51.9242,52.0649,0,0,0,0,0,0,0,0,0,0,0,1.71,0,20.0,0,357732
5032558,1,0020007910431251065004261442670A,2026-06-09 05:14:45,304212, , ,104319220140,0,0,0,0,57000,110000,0,0,120000,0,0,0,2,2:05,1002,503,"43,8      ",98,"8,52      ",168,"28,21     ",56,"4,31      ",159,0         ,0,0         ,0,0,0,0,0,"21,27     ",158,0         ,0,"10,7      ",250,0         ,0,"1,67      ",175,0         ,0,0,0,0,0,0,0,0,0,0,0,0,0,UCX31_x0001_|_x0007_:, ,"1,42      ",5         ,"46,41     ",14,"4,04      ",93,"65,01     ",2:36      ,3,2026-06-12 22:48:53,11014890.0,SUDALAI     ,1,104339022021,104319220151,,AUTOMODE_TS1,BV141E2,38,2,,OK,,0,0,0020007910431251065004261442670A,1.15975,1.14415,1.14566,5,5,2.48263,6.34371,3.58204,1,1.2,1.2,1.2,1,1.2,0.5,12,0.5,12,0.5,12,293816,2026-06-12 22:46:25,11014890,SUDALAI     ,13616,104339022021,104319220151,160HP Z101  ,,AUTOMODE,BV141C,18,2,306044,OK,,0,0,9003102010431351065904261570076B,0020007910431251065004261442670A,00200045104311520066-7261612969C,OK,OK,OK,OK,295116,2026-06-12 22:45:21,11014890.0,SUDALAI     ,13616,104339022021,104319220151,160HP Z101  ,AUTOMODE,BV141A,25,2,306044,OK,CA1,0,0,1020104313020080004674879488,OK,OK,0.39,0.431,0.5,0.39,0.455,0.5,OK,,00200045104311520066-7261612969C,OK,OK,202.9,145.2,52.6,146.3,0.0,1.91939,52.026,53.1547,0.163353,1.75604,55.514,56.0236,57.6644,2.08274,57.5625,0.285866,0,0,0,0,05ACA007,295712,2026-06-12 22:45:57,11014890.0,SUDALAI     ,13616.0,104339022021,104319220151,160HP Z101  ,AUTOMODE,BV141B,28,2.0,306044.0,OK,,,,00200045104311520066-7261612969C,OK,OK,,OK,OK,295827,2026-06-12 22:47:43,11014890.0,SUDALAI     ,13616,104339022021,104319220151,,AUTOMODE,BV141D,35,2,306044,OK,CA13,,,0020007910431251065004261442670A,,0,145.5,4.1,-113.55,50.1,134,19.6,-223.2,59.6,-223.2,-113.71,0.225064,1.19935,45.0,40.0,5.0,20.8229,52.3852,52.4513,0,0,0,0,0,0,0,0,0,0,0,3.38,0,20.0,0,366517
5093193,1,0020007910431251065004261442978B,2026-06-27 07:03:14,314116, , ,104319220140,0,0,0,0,57000,110000,0,0,120000,0,0,0,2,2:00,1002,503,"12,49     ",158,"3,95      ",334,"11,83     ",150,"0,36      ",153,0         ,0,0         ,0,0,0,0,0,"18,85     ",125,0         ,0,"1,77      ",327,0         ,0,"3,45      ",311,0         ,0,0,0,0,0,0,0,0,0,0,0,0,0,UCX31_x0001_|_x0007_:, ,"1,38      ","4,96      ","46,46     ",3,"4,78      ",93,"65,03     ",4:45      ,3,2026-06-24 17:38:43,11014981.0,MAREESWARAN ,1,104339022020,104319220140,,AUTOMODE_TS1,BV141E2,34,1,,OK,,0,0,0020007910431251065004261442978B,1.1478,1.16314,1.1483,5,5,2.19521,7.27545,3.70778,1,1.2,1.2,1.2,1,1.2,0.5,12,0.5,12,0.5,12,306286,2026-06-24 17:36:37,11014981,MAREESWARAN ,13616,104339022020,104319220140,140HPW501   ,,AUTOMODE,BV141C,36,1,317974,OK,,0,0,9003102010431351065904261713858B,0020007910431251065004261442978B,00200045104311520066-7261702145A,OK,OK,OK,OK,307643,2026-06-24 17:33:39,11014981.0,MAREESWARAN ,13616,104339022020,104319220140,140HPW501   ,AUTOMODE,BV141A,22,1,317974,OK,CA1,0,0,300050104312999991395364110336,OK,OK,0.39,0.404,0.5,0.39,0.413,0.5,OK,,00200045104311520066-7261702145A,OK,OK,202.9,145.2,52.6,146.3,0.0,1.96023,52.0579,52.8757,0.163353,2.28693,55.1357,55.5434,57.7957,14.0483,57.0823,0.408382,0,0,0,0,05ACA006,308343,2026-06-24 17:34:25,11014981.0,MAREESWARAN ,13616.0,104339022020,104319220140,140HPW501   ,AUTOMODE,BV141B,32,1.0,317974.0,OK,,,,00200045104311520066-7261702145A,OK,OK,,OK,OK,308415,2026-06-24 17:37:31,11014981.0,MAREESWARAN ,13616,104339022020,104319220140,,AUTOMODE,BV141D,39,1,317974,OK,CA13,,,0020007910431251065004261442978B,,0,145.1,9.5,-113.55,50.1,134,19.6,-223.35,59.6,-223.35,-113.71,0.128162,0.761444,44.8821,40.0323,5.0,24.6905,51.8898,51.9915,0,0,0,0,0,0,0,0,0,0,0,1.68,0,20.0,0,383079
5093245,1,0020007910431251065004261443011B,2026-06-27 07:24:49,314116, , ,104319220140,0,0,0,0,57000,110000,0,0,120000,0,0,0,1,1:07,1002,503,"8,26      ",281,"1,98      ",58,"5,28      ",279,"0,65      ",81,0         ,0,0         ,0,0,0,0,0,"9,09      ",261,0         ,0,"1,72      ",182,0         ,0,"4,89      ",126,0         ,0,0,0,0,0,0,0,0,0,0,0,0,0,UCX31_x0001_|_x0007_:, ,"1,38      ","4,97      ","46,46     ",3,"4,3       ",93,"65,12     ",1:38      ,3,2026-06-28 09:05:55,11014981.0,MAREESWARAN ,1,104339022020,104319220140,,AUTOMODE_TS1,BV141E2,34,1,,OK,,0,0,0020007910431251065004261443011B,1.15698,1.16629,1.15157,5,5,4.1497,8.78563,5.61437,1,1.2,1.2,1.2,1,1.2,0.5,12,0.5,12,0.5,12,312963,2026-06-28 09:03:27,11014086,BABU        ,13616,104339022020,104319220140,140HPW501   ,,AUTOMODE,BV141C,27,1,322267,OK,,0,0,9003102010431351065904261758695B,0020007910431251065004261443011B,00200045104311520066-7261762095A,OK,OK,OK,OK,314362,2026-06-28 09:02:05,11014086.0,BABU        ,13616,104339022020,104319220140,140HPW501   ,AUTOMODE,BV141A,48,1,322267,OK,CA1,0,0,300050104312999991395364110336,OK,OK,0.39,0.444,0.5,0.39,0.439,0.5,OK,,00200045104311520066-7261762095A,OK,OK,202.9,145.2,52.6,146.3,0.0,2.24609,52.1014,53.1282,0.204189,2.16442,55.2837,55.699,57.7627,9.47443,57.3551,0.367542,0,0,0,0,05ACA002,314126,2026-06-28 09:02:39,11014086.0,BABU        ,13616.0,104339022020,104319220140,140HPW501   ,AUTOMODE,BV141B,26,1.0,322267.0,OK,,,,00200045104311520066-7261762095A,OK,OK,,OK,OK,315168,2026-06-28 09:04:53,11014086.0,BABU        ,13616,104339022020,104319220140,,AUTOMODE,BV141D,34,1,322267,OK,CA13,,,0020007910431251065004261443011B,,0,147.0,8.1,-113.55,50.1,134,19.6,-223.35,59.6,-223.35,-113.71,0.631993,1.7266,45.0,40.0,5.0,25.9043,51.4326,51.5612,0,0,0,0,0,0,0,0,0,0,0,1.7,0,20.0,0,390791
5089755,1,0020007910431251065004261443193C,2026-06-26 07:07:25,314116, , ,104319220140,0,0,0,0,57000,110000,0,0,120000,0,0,0,1,1:06,1002,503,"21,43     ",198,"3,46      ",266,"8,1       ",198,"0,83      ",296,0         ,0,0         ,0,0,0,0,0,"12,36     ",181,0         ,0,"5,46      ",142,0         ,0,"1,95      ",231,0         ,0,0,0,0,0,0,0,0,0,0,0,0,0,UCX31_x0001_|_x0007_:, ,"1,37      ","4,98      ","46,35     ",3,"5,02      ",93,"65,03     ",1:37      ,3,2026-06-25 16:03:55,11014981.0,MAREESWARAN ,1,104339022020,104319220140,,AUTOMODE_TS1,BV141E2,34,1,,OK,,0,0,0020007910431251065004261443193C,1.15925,1.15182,1.14667,5,5,2.94611,7.49222,3.37605,1,1.2,1.2,1.2,1,1.2,0.5,12,0.5,12,0.5,12,307348,2026-06-25 16:00:57,11014981,MAREESWARAN ,13616,104339022020,104319220140,140HPW501   ,,AUTOMODE,BV141C,20,1,319074,OK,,0,0,9003102010431351065904261701975A,0020007910431251065004261443193C,00200045104311520066-7261732020A,OK,OK,OK,OK,308722,2026-06-25 15:58:53,11014981.0,MAREESWARAN ,13616,104339022020,104319220140,140HPW501   ,AUTOMODE,BV141A,21,1,319074,OK,CA1,0,0,300050104312999991395364110336,OK,OK,0.39,0.449,0.5,0.39,0.459,0.5,OK,,00200045104311520066-7261732020A,OK,OK,202.9,145.2,52.6,146.3,-0.0408363,1.96023,52.035,53.1586,0.122517,2.00107,55.4032,55.709,57.6581,7.63672,57.2453,0.408382,0,0,0,0,05ACA006,309438,2026-06-25 15:59:31,11014981.0,MAREESWARAN ,13616.0,104339022020,104319220140,140HPW501   ,AUTOMODE,BV141B,29,1.0,319074.0,OK,,,,00200045104311520066-7261732020A,OK,OK,,OK,OK,309501,2026-06-25 16:02:55,11014981.0,MAREESWARAN ,13616,104339022020,104319220140,,AUTOMODE,BV141D,38,1,319074,OK,CA13,,,0020007910431251065004261443193C,,0,145.0,9.7,-113.55,50.1,134,19.6,-223.35,59.6,-223.35,-113.71,0.489958,1.27256,45.0,40.0,5.0,25.3992,51.4734,51.5954,0,0,0,0,0,0,0,0,0,0,0,1.73,0,20.0,0,384351
5034084,1,0020007910431251065004261443288C,2026-06-09 14:39:16,304212, , ,104319220140,0,0,0,0,57000,110000,0,0,120000,0,0,0,1,1:11,1002,503,"31,7      ",277,"15,48     ",61,"20,21     ",252,"7,45      ",39,0         ,0,0         ,0,0,0,0,0,"13,51     ",356,0         ,0,"3,08      ",60,0         ,0,"2,34      ",123,0         ,0,0,0,0,0,0,0,0,0,0,0,0,0,UCX31_x0001_|_x0007_:, ,"1,34      ","5,03      ","44,84     ",14,"3,88      ",94,"65,17     ",1:42      ,3,2026-06-08 20:56:45,11014981.0,MAREESWARAN ,1,104339022020,104319220140,,AUTOMODE_TS1,BV141E2,38,2,,OK,,0,0,0020007910431251065004261443288C,1.14528,1.15434,1.15459,5,5,2.34611,6.17365,4.00479,1,1.2,1.2,1.2,1,1.2,0.5,12,0.5,12,0.5,12,289304,2026-06-08 20:54:47,11014981,MAREESWARAN ,13616,104339022020,104319220140,140HPW501   ,,AUTOMODE,BV141C,21,2,301322,OK,,0,0,9003102010431351065904261568990B,0020007910431251065004261443288C,00200045104311520066-7261562528B,OK,OK,OK,OK,290495,2026-06-08 20:52:43,11014981.0,MAREESWARAN ,13616,104339022020,104319220140,140HPW501   ,AUTOMODE,BV141A,23,2,301322,OK,CA1,0,0,300050104312999991395364110336,OK,OK,0.39,0.413,0.5,0.39,0.428,0.5,OK,,00200045104311520066-7261562528B,OK,OK,202.9,145.2,52.6,146.3,0.0408401,1.96023,52.1223,53.3554,0.163353,2.49112,55.6077,55.9135,56.2401,1.85389,57.5696,0.408382,0,0,0,0,05ACA004,291037,2026-06-08 20:53:25,11014981.0,MAREESWARAN ,13616.0,104339022020,104319220140,140HPW501   ,AUTOMODE,BV141B,30,2.0,301322.0,OK,,,,00200045104311520066-7261562528B,OK,OK,,OK,OK,291177,2026-06-08 20:55:39,11014981.0,MAREESWARAN ,13616,104339022020,104319220140,,AUTOMODE,BV141D,31,2,301322,OK,CA14,,,0020007910431251065004261443288C,,0,145.1,3.6,-113.55,50.1,134,19.6,-223.2,59.6,-223.2,-113.71,0.667137,1.69629,45.0,40.0887,5.0,25.7912,51.8064,51.9462,0,0,0,0,0,0,0,0,0,0,0,1.68,0,20.0,0,359636
5033789,1,0020007910431251065004261443293C,2026-06-09 13:11:01,304212, , ,104319220140,0,0,0,0,57000,110000,0,0,120000,0,0,0,2,2:14,1002,503,"65,83     ",37,"5,56      ",121,"38,35     ",28,"1,8       ",213,0         ,0,0         ,0,0,0,0,0,"26,33     ",131,0         ,0,"11,09     ",128,0         ,0,"4,52      ",246,0         ,0,0,0,0,0,0,0,0,0,0,0,0,0,UCX31_x0001_|_x0007_:, ,"1,45      ","4,99      ","45,13     ",14,"4,49      ",94,"64,85     ",2:45      ,3,2026-06-08 21:49:39,11014981.0,MAREESWARAN ,1,104339022020,104319220140,,AUTOMODE_TS1,BV141E2,38,2,,OK,,0,0,0020007910431251065004261443293C,1.14478,1.16277,1.14792,5,5,2.71976,6.56527,3.88263,1,1.2,1.2,1.2,1,1.2,0.5,12,0.5,12,0.5,12,289370,2026-06-08 21:47:11,11014981,MAREESWARAN ,13616,104339022020,104319220140,140HPW501   ,,AUTOMODE,BV141C,18,2,301390,OK,,0,0,9003102010431351065904261569001B,0020007910431251065004261443293C,00200045104311520066-7261562600B,OK,OK,OK,OK,290563,2026-06-08 21:45:41,11014981.0,MAREESWARAN ,13616,104339022020,104319220140,140HPW501   ,AUTOMODE,BV141A,23,2,301390,OK,CA1,0,0,300050104312999991395364110336,OK,OK,0.39,0.433,0.5,0.39,0.434,0.5,OK,,00200045104311520066-7261562600B,OK,OK,202.9,145.2,52.6,146.3,-0.0408401,1.1843,52.28,53.6202,0.0816765,1.38849,55.7757,56.1884,56.2903,1.38849,57.9337,0.122513,0,0,0,0,05ACA005,291105,2026-06-08 21:46:19,11014981.0,MAREESWARAN ,13616.0,104339022020,104319220140,140HPW501   ,AUTOMODE,BV141B,29,2.0,301390.0,OK,,,,00200045104311520066-7261562600B,OK,OK,,OK,OK,291245,2026-06-08 21:48:35,11014981.0,MAREESWARAN ,13616,104339022020,104319220140,,AUTOMODE,BV141D,31,2,301390,OK,CA13,,,0020007910431251065004261443293C,,0,145.1,3.5,-113.55,50.1,134,19.6,-223.2,59.6,-223.2,-113.71,0.622204,1.79974,45.0,40.0,5.0,25.5876,51.8978,51.984,0,0,0,0,0,0,0,0,0,0,0,1.67,0,20.0,0,359729
5027224,1,0020007910431251065004261448029A,2026-06-07 05:54:24,304212, , ,104319220140,0,0,0,0,57000,110000,0,0,120000,0,0,0,3,3:03,1002,503,"60,75     ",169,"6,73      ",58,"31,97     ",148,"3,73      ",49,0         ,0,0         ,0,0,0,0,0,"22,45     ",249,0         ,0,"12,12     ",283,0         ,0,"1,84      ",288,0         ,0,0,0,0,0,0,0,0,0,0,0,0,0,UCX31_x0001_|_x0007_:, ,"1,49      ",5         ,"45,34     ",14,"4,27      ",94,"65,06     ",3:34      ,3,2026-06-07 05:37:23,11014086.0,BABU        ,1,104339022020,104319220140,,AUTOMODE_TS1,BV141E2,38,2,,OK,,0,0,0020007910431251065004261448029A,1.14868,1.15321,1.14969,5,5,2.34731,5.57964,3.3485,1,1.2,1.2,1.2,1,1.2,0.5,12,0.5,12,0.5,12,287584,2026-06-07 05:34:47,11014086,BABU        ,13616,104339022020,104319220140,140HPW501   ,,AUTOMODE,BV141C,21,2,300543,OK,,0,0,9003102010431351065904261568198A,0020007910431251065004261448029A,00200045104311520066-7261562374B,OK,OK,OK,OK,288768,2026-06-07 05:32:59,11014086.0,BABU        ,13616,104339022020,104319220140,140HPW501   ,AUTOMODE,BV141A,24,2,300543,OK,CA1,0,0,300050104312999991395364110336,OK,OK,0.39,0.421,0.5,0.39,0.436,0.5,OK,,00200045104311520066-7261562374B,OK,OK,202.9,145.2,52.6,146.3,-0.0408363,2.00106,52.0485,53.1798,0.163353,2.69531,55.3429,55.7531,56.2401,1.64309,57.6054,0.326706,0,0,0,0,05ACA004,289306,2026-06-07 05:33:43,11014086.0,BABU        ,13616.0,104339022020,104319220140,140HPW501   ,AUTOMODE,BV141B,30,2.0,300543.0,OK,,,,00200045104311520066-7261562374B,OK,OK,,OK,OK,289447,2026-06-07 05:36:13,11014086.0,BABU        ,13616,104339022020,104319220140,,AUTOMODE,BV141D,33,2,300543,OK,CA13,,,0020007910431251065004261448029A,,0,145.6,4.3,-113.55,50.1,134,19.6,-223.2,59.6,-216.052,-106.71,0.428499,1.667,45.0,40.0,5.0,25.4369,51.9575,52.3418,0,0,0,0,0,0,0,0,0,0,0,1.62,0,20.0,0,357737
5021825,1,0020007910431251065004261448107A,2026-06-05 20:55:24,304212, , ,104319220151,0,0,0,0,57000,110000,0,0,120000,0,0,0,1,1:22,1002,503,"38,1      ",26,"9,44      ",157,"10,67     ",350,"3,83      ",208,0         ,0,0         ,0,0,0,0,0,"7,37      ",78,0         ,0,"14,06     ",134,0         ,0,"2,36      ",340,0         ,0,0,0,0,0,0,0,0,0,0,0,0,0,UCX31_x0001_|_x0007_:, ,"1,47      ","4,92      ","45,16     ",14,"4,26      ",93,"64,87     ",1:53      ,3,2026-06-05 13:54:46,11014086.0,BABU        ,1,104339022021,104319220151,,AUTOMODE_TS1,BV141E,45,1,,OK,,0,0,0020007910431251065004261448107A,1.17446,1.17332,1.17345,5,5,4.915,5.4975,6.0475,1,1.2,1.2,1.2,1,1.2,0.5,12,0.5,12,0.5,12,285545,2026-06-05 13:52:50,11014086,BABU        ,13616,104339022021,104319220151,160HP Z101  ,,AUTOMODE,BV141C,16,1,298396,OK,,0,0,9003102010431351065904261543870A,0020007910431251065004261448107A,00200045104311520066-7261520567B,OK,OK,OK,OK,286733,2026-06-05 13:51:26,11014086.0,BABU        ,13616,104339022021,104319220151,160HP Z101  ,AUTOMODE,BV141A,25,1,298396,OK,CA1,0,0,1020104313020080004674879488,OK,OK,0.39,0.44,0.5,0.39,0.446,0.5,OK,,00200045104311520066-7261520567B,OK,OK,202.9,145.2,52.6,146.3,0.0,1.63352,52.0436,53.0729,0.122513,2.36861,55.3303,55.7431,57.6871,7.22833,57.4833,0.326702,0,0,0,0,05ACA002,287255,2026-06-05 13:52:06,11014086.0,BABU        ,13616.0,104339022021,104319220151,160HP Z101  ,AUTOMODE,BV141B,30,1.0,298396.0,OK,,,,00200045104311520066-7261520567B,OK,OK,,OK,OK,287406,2026-06-05 13:53:38,11014086.0,BABU        ,13616,104339022021,104319220151,,AUTOMODE,BV141D,34,1,298396,OK,CA13,,,0020007910431251065004261448107A,,0,145.0,4.2,-113.55,50.1,134,19.6,-223.2,59.6,-216.052,-106.71,0.529306,1.3657,45.0,40.0,5.0,25.7083,51.4411,51.5135,0,0,0,0,0,0,0,0,0,0,0,3.34,0,20.0,0,355628
5089760,1,0020007910431251065004261448886B,2026-06-26 07:09:12,314116, , ,104319220140,0,0,0,0,57000,110000,0,0,120000,0,0,0,1,1:13,1002,503,"54,94     ",223,"1,91      ",7,"32,04     ",232,"1,94      ",353,0         ,0,0         ,0,0,0,0,0,"48,64     ",215,0         ,0,"17,12     ",153,0         ,0,"1,84      ",109,0         ,0,0,0,0,0,0,0,0,0,0,0,0,0,UCX31_x0001_|_x0007_:, ,"1,42      ","4,99      ","46,41     ",3,"4,48      ",93,"64,88     ",1:46      ,3,2026-06-26 07:09:10,11014981.0,MAREESWARAN ,1,104339022020,104319220140,,AUTOMODE_TS1,BV141E,40,2,,OK,,0,0,0020007910431251065004261448886B,1.17826,1.17636,1.17585,5,5,6.2425,6.83,7.0625,1,1.2,1.2,1.2,1,1.2,0.5,12,0.5,12,0.5,12,308099,2026-06-26 07:06:28,11014981,MAREESWARAN ,13616,104339022020,104319220140,140HPW501   ,,AUTOMODE,BV141C,22,2,319859,OK,,0,0,9003102010431351065904261713208A,0020007910431251065004261448886B,00200045104311520066-7261692533C,OK,OK,OK,OK,309481,2026-06-26 07:03:52,11014981.0,MAREESWARAN ,13616,104339022020,104319220140,140HPW501   ,AUTOMODE,BV141A,22,2,319859,OK,CA1,0,0,300050104312999991395364110336,OK,OK,0.39,0.44,0.5,0.39,0.45,0.5,OK,,00200045104311520066-7261692533C,OK,OK,202.9,145.2,52.6,146.3,-0.0408363,1.42933,52.2931,52.7008,0.0408401,2.00107,55.0626,55.3735,57.6309,7.80007,57.3226,0.204193,0,0,0,0,05ACA008,310210,2026-06-26 07:04:34,11014981.0,MAREESWARAN ,13616.0,104339022020,104319220140,140HPW501   ,AUTOMODE,BV141B,28,2.0,319859.0,OK,,,,00200045104311520066-7261692533C,OK,OK,,OK,OK,310262,2026-06-26 07:08:02,11014981.0,MAREESWARAN ,13616,104339022020,104319220140,,AUTOMODE,BV141D,71,2,319859,OK,CA13,,,0020007910431251065004261448886B,,0,147.3,4.6,-113.55,50.1,134,19.6,-223.35,59.6,-223.35,-113.71,0.335325,1.26869,45.0,40.0,5.0,23.7632,51.6436,51.7904,0,0,0,0,0,0,0,0,0,0,0,1.63,0,20.0,1,385177
5089408,1,0020007910431251065004261449188C,2026-06-26 04:58:01,314116, , ,104319220140,0,0,0,0,57000,110000,0,0,120000,0,0,0,1,1:12,1002,503,"53,18     ",355,"11,22     ",7,"19,62     ",1,"1,58      ",168,0         ,0,0         ,0,0,0,0,0,"25,5      ",346,0         ,0,"22,84     ",314,0         ,0,"2,53      ",351,0         ,0,0,0,0,0,0,0,0,0,0,0,0,0,UCX31_x0001_|_x0007_:, ,"1,32      ","4,98      ","46,87     ",3,"4,64      ",93,"65,03     ",1:43      ,3,2026-06-24 19:02:10,11014981.0,MAREESWARAN ,1,104339022020,104319220140,,AUTOMODE_TS1,BV141E2,34,1,,OK,,0,0,0020007910431251065004261449188C,1.15447,1.15233,1.14931,5,5,2.3976,7.26707,4.6503,1,1.2,1.2,1.2,1,1.2,0.5,12,0.5,12,0.5,12,306339,2026-06-24 18:59:16,11014981,MAREESWARAN ,13616,104339022020,104319220140,140HPW501   ,,AUTOMODE,BV141C,20,1,318028,OK,,0,0,9003102010431351065904261714002B,0020007910431251065004261449188C,00200045104311520066-7261702128A,OK,OK,OK,OK,307696,2026-06-24 18:58:00,11014981.0,MAREESWARAN ,13616,104339022020,104319220140,140HPW501   ,AUTOMODE,BV141A,25,1,318028,OK,CA1,0,0,300050104312999991395364110336,OK,OK,0.39,0.418,0.5,0.39,0.426,0.5,OK,,00200045104311520066-7261702128A,OK,OK,202.9,145.2,52.6,146.3,0.0,1.42933,52.0968,53.1185,0.122517,2.16442,55.274,55.6816,57.5288,2.98118,57.325,0.326706,0,0,0,0,05ACA004,308397,2026-06-24 18:58:44,11014981.0,MAREESWARAN ,13616.0,104339022020,104319220140,140HPW501   ,AUTOMODE,BV141B,32,1.0,318028.0,OK,,,,00200045104311520066-7261702128A,OK,OK,,OK,OK,308468,2026-06-24 19:01:06,11014981.0,MAREESWARAN ,13616,104339022020,104319220140,,AUTOMODE,BV141D,39,1,318028,OK,CA13,,,0020007910431251065004261449188C,,0,145.3,9.5,-113.55,50.1,134,19.6,-223.35,59.6,-223.35,-113.71,0.304223,1.16102,45.0,40.0628,5.0,24.7734,51.8618,51.9202,0,0,0,0,0,0,0,0,0,0,0,1.67,0,20.0,0,383132
5032542,1,0020007910431251065004261449284C,2026-06-09 05:09:11,304212, , ,104319220140,0,0,0,0,57000,110000,0,0,120000,0,0,0,1,1:12,1002,503,"16,59     ",169,"6,61      ",248,"16,26     ",162,"4,88      ",208,0         ,0,0         ,0,0,0,0,0,"11,22     ",270,0         ,0,"3,02      ",116,0         ,0,"4,13      ",301,0         ,0,0,0,0,0,0,0,0,0,0,0,0,0,UCX31_x0001_|_x0007_:, ,"1,42      ","4,93      ","45,63     ",14,"4,64      ",94,"65,03     ",1:43      ,3,2026-06-09 03:51:28,11014981.0,MAREESWARAN ,1,104339022020,104319220140,,AUTOMODE_TS1,BV141E2,34,2,,OK,,0,0,0020007910431251065004261449284C,1.14239,1.15925,1.15308,5,5,1.6491,6.9006,3.73413,1,1.2,1.2,1.2,1,1.2,0.5,12,0.5,12,0.5,12,289652,2026-06-09 03:49:34,11014981,MAREESWARAN ,13616,104339022020,104319220140,140HPW501   ,,AUTOMODE,BV141C,17,2,301678,OK,,0,0,9003102010431351065904261567789A,0020007910431251065004261449284C,00200045104311520066-7261552265B,OK,OK,OK,OK,290847,2026-06-09 03:48:10,11014981.0,MAREESWARAN ,13616,104339022020,104319220140,140HPW501   ,AUTOMODE,BV141A,24,2,301678,OK,CA1,0,0,00100312104313000818-32515600475,OK,OK,0.39,0.436,0.5,0.39,0.433,0.5,OK,,00200045104311520066-7261552265B,OK,OK,202.9,145.2,52.6,146.3,0.0,2.65448,52.0533,53.2814,0.204193,2.8995,55.4394,55.8496,57.6943,4.85973,57.4905,0.449219,0,0,0,0,05ACA004,291390,2026-06-09 03:48:50,11014981.0,MAREESWARAN ,13616.0,104339022020,104319220140,140HPW501   ,AUTOMODE,BV141B,28,2.0,301678.0,OK,,,,00200045104311520066-7261552265B,OK,OK,,OK,OK,291529,2026-06-09 03:50:28,11014981.0,MAREESWARAN ,13616,104339022020,104319220140,,AUTOMODE,BV141D,31,2,301678,OK,CA14,,,0020007910431251065004261449284C,,0,145.1,3.4,-113.55,50.1,134,19.6,-223.2,59.6,-223.2,-113.71,0.277466,1.66572,45.0,40.0,5.0,22.5569,51.8187,51.8465,0,0,0,0,0,0,0,0,0,0,0,1.69,0,20.0,0,360253
5035125,1,0020007910431251065004261450115A,2026-06-09 20:51:30,304212, , ,104319220140,0,0,0,0,57000,110000,0,0,120000,0,0,0,1,1:17,1002,503,"74,66     ",119,"17,25     ",150,"50,49     ",115,"8,04      ",179,0         ,0,0         ,0,0,0,0,0,"34,29     ",217,0         ,0,"6,83      ",219,0         ,0,"2,75      ",159,0         ,0,0,0,0,0,0,0,0,0,0,0,0,0,UCX31_x0001_|_x0007_:, ,"1,43      ","4,97      ","46,2      ",14,"4,6       ",94,"65,03     ",1:49      ,3,2026-06-09 19:45:23,11014086.0,BABU        ,1,104339022020,104319220140,,AUTOMODE_TS1,BV141E2,34,1,,OK,,0,0,0020007910431251065004261450115A,1.15623,1.16327,1.15119,5,5,4.33772,8.36048,5.91737,1,1.2,1.2,1.2,1,1.2,0.5,12,0.5,12,0.5,12,290372,2026-06-09 19:43:33,11014981,MAREESWARAN ,13616,104339022020,104319220140,140HPW501   ,,AUTOMODE,BV141C,48,1,302419,OK,,0,0,9003102010431351065904261567844A,0020007910431251065004261450115A,00200045104311520066-7261530297A,OK,OK,OK,OK,291578,2026-06-09 19:41:51,11014981.0,MAREESWARAN ,13616,104339022020,104319220140,140HPW501   ,AUTOMODE,BV141A,22,1,302419,OK,CA1,0,0,300050104312999991395364110336,OK,OK,0.39,0.419,0.5,0.39,0.434,0.5,OK,,00200045104311520066-7261530297A,OK,OK,202.9,145.2,52.6,146.3,0.0,1.30682,52.1114,53.4516,0.122517,1.7152,55.6198,56.1344,56.2401,1.50962,57.5714,0.326706,0,0,0,0,05ACA010,292129,2026-06-09 19:42:33,11014981.0,MAREESWARAN ,13616.0,104339022020,104319220140,140HPW501   ,AUTOMODE,BV141B,28,1.0,302419.0,OK,,,,00200045104311520066-7261530297A,OK,OK,,OK,OK,292266,2026-06-09 19:44:21,11014981.0,MAREESWARAN ,13616,104339022020,104319220140,,AUTOMODE,BV141D,33,1,302419,OK,CA13,,,0020007910431251065004261450115A,,0,145.3,4.0,-113.55,50.1,134,19.6,-223.35,59.6,-223.35,-113.71,0.372693,1.6812,45.0,40.0,5.0,23.929,51.8712,51.9158,0,0,0,0,0,0,0,0,0,0,0,1.64,0,20.0,0,361282
5035012,1,0020007910431251065004261453516A,2026-06-09 20:10:36,304212, , ,104319220140,0,0,0,0,57000,110000,0,0,120000,0,0,0,4,3:47,1002,503,"35,43     ",1,"9,44      ",43,"23,18     ",30,"4,69      ",39,0         ,0,0         ,0,0,0,0,0,"14,27     ",136,0         ,0,"10,43     ",43,0         ,0,"2,97      ",84,0         ,0,0,0,0,0,0,0,0,0,0,0,0,0,UCX31_x0001_|_x0007_:, ,"1,28      ","4,93      ","46,46     ",14,"4,56      ",94,"65,03     ",4:18      ,3,2026-06-09 15:37:51,11014086.0,BABU        ,1,104339022020,104319220140,,AUTOMODE_TS1,BV141E2,34,1,,OK,,0,0,0020007910431251065004261453516A,1.15698,1.15119,1.16553,5,5,2.78922,8.0982,6.71018,1,1.2,1.2,1.2,1,1.2,0.5,12,0.5,12,0.5,12,290157,2026-06-09 15:35:21,11014086,BABU        ,13616,104339022020,104319220140,140HPW501   ,,AUTOMODE,BV141C,18,1,302198,OK,,0,0,9003102010431351065904261533181B,0020007910431251065004261453516A,00200045104311520066-7261530532A,OK,OK,OK,OK,291360,2026-06-09 15:33:53,11014086.0,BABU        ,13616,104339022020,104319220140,140HPW501   ,AUTOMODE,BV141A,63,1,302198,OK,CA1,0,0,300050104312999991395364110336,OK,OK,0.39,0.468,0.5,0.39,0.443,0.5,OK,,00200045104311520066-7261530532A,OK,OK,202.9,145.2,52.6,146.3,-0.0408363,1.34766,52.2826,53.1056,0.0816765,1.51101,55.363,55.7732,57.8344,8.86186,57.4217,0.245029,0,0,0,0,05ACA002,291909,2026-06-09 15:34:31,11014086.0,BABU        ,13616.0,104339022020,104319220140,140HPW501   ,AUTOMODE,BV141B,28,1.0,302198.0,OK,,,,00200045104311520066-7261530532A,OK,OK,,OK,OK,292046,2026-06-09 15:36:51,11014086.0,BABU        ,13616,104339022020,104319220140,,AUTOMODE,BV141D,33,1,302198,OK,CA13,,,0020007910431251065004261453516A,,0,145.0,4.1,-113.55,50.1,134,19.6,-223.2,59.6,-223.2,-113.71,0.460527,1.81315,45.0,40.0,5.0,25.4067,51.368,51.4635,0,0,0,0,0,0,0,0,0,0,0,1.73,0,20.0,0,360880
5034647,1,0020007910431251065004261453599A,2026-06-09 17:49:52,304212, , ,104319220140,0,0,0,0,57000,110000,0,0,120000,0,0,0,1,1:19,1002,503,"77,37     ",284,"25,48     ",309,"65,72     ",271,"9,61      ",322,0         ,0,0         ,0,0,0,0,0,"44,85     ",18,0         ,0,"2,48      ",117,0         ,0,"5,54      ",322,0         ,0,0,0,0,0,0,0,0,0,0,0,0,0,UCX31_x0001_|_x0007_:, ,"1,58      ","4,87      ","45,16     ",14,"4,58      ",94,"64,88     ",1:56      ,3,2026-06-09 16:52:42,11014086.0,BABU        ,1,104339022020,104319220140,,AUTOMODE_TS1,BV141E2,34,1,,OK,,0,0,0020007910431251065004261453599A,1.16679,1.15635,1.14742,5,5,3.68982,7.37485,4.53772,1,1.2,1.2,1.2,1,1.2,0.5,12,0.5,12,0.5,12,290219,2026-06-09 16:49:48,11014981,MAREESWARAN ,13616,104339022020,104319220140,140HPW501   ,,AUTOMODE,BV141C,20,1,302263,OK,,0,0,9003102010431351065904261567420A,0020007910431251065004261453599A,00200045104311520066-7261532340A,OK,OK,OK,OK,291425,2026-06-09 16:48:34,11014981.0,MAREESWARAN ,13616,104339022020,104319220140,140HPW501   ,AUTOMODE,BV141A,23,1,302263,OK,CA1,0,0,00100312104313000818-32515600411,OK,OK,0.39,0.46,0.5,0.39,0.453,0.5,OK,,00200045104311520066-7261532340A,OK,OK,202.9,145.2,52.6,146.3,-0.0408363,1.42933,52.1454,53.0652,0.0816765,1.91939,55.5366,56.0462,56.2401,1.58123,57.5851,0.326706,0,0,0,0,05ACA007,291974,2026-06-09 16:49:16,11014981.0,MAREESWARAN ,13616.0,104339022020,104319220140,140HPW501   ,AUTOMODE,BV141B,28,1.0,302263.0,OK,,,,00200045104311520066-7261532340A,OK,OK,,OK,OK,292111,2026-06-09 16:51:38,11014981.0,MAREESWARAN ,13616,104339022020,104319220140,,AUTOMODE,BV141D,36,1,302263,OK,CA13,,,0020007910431251065004261453599A,,0,146.4,7.3,-113.55,50.1,134,19.6,-223.35,59.6,-223.35,-113.71,0.436075,0.897152,45.0,40.648,5.0,25.0222,52.0405,52.4114,0,0,0,0,0,0,0,0,0,0,0,1.74,0,20.0,0,361128
5035198,1,0020007910431251065004261453605A,2026-06-09 21:19:25,304212, , ,104319220140,0,0,0,0,57000,110000,0,0,120000,0,0,0,1,1:13,1002,503,"32,09     ",261,"3,32      ",13,"8,52      ",258,"1,74      ",34,0         ,0,0         ,0,0,0,0,0,"5,78      ",356,0         ,0,"9,61      ",351,0         ,0,"2,18      ",49,0         ,0,0,0,0,0,0,0,0,0,0,0,0,0,UCX31_x0001_|_x0007_:, ,"1,34      ","4,97      ","46,33     ",14,"3,94      ",94,"64,98     ",1:51      ,3,2026-06-09 20:00:55,11014086.0,BABU        ,1,104339022020,104319220140,,AUTOMODE_TS1,BV141E,40,1,,OK,,0,0,0020007910431251065004261453605A,1.17345,1.17358,1.17383,5,5,6.4975,6.945,8.0075,1,1.2,1.2,1.2,1,1.2,0.5,12,0.5,12,0.5,12,290391,2026-06-09 19:59:03,11014981,MAREESWARAN ,13616,104339022020,104319220140,140HPW501   ,,AUTOMODE,BV141C,21,1,302438,OK,,0,0,9003102010431351065904261568312B,0020007910431251065004261453605A,00200045104311520066-7261562194A,OK,OK,OK,OK,291597,2026-06-09 19:57:47,11014981.0,MAREESWARAN ,13616,104339022020,104319220140,140HPW501   ,AUTOMODE,BV141A,22,1,302438,OK,CA1,0,0,300050104312999991395364110336,OK,OK,0.39,0.416,0.5,0.39,0.406,0.5,OK,,00200045104311520066-7261562194A,OK,OK,202.9,145.2,52.6,146.3,0.0,1.10263,52.1141,53.3549,0.0816765,1.3885,55.5104,55.9181,57.6761,2.16442,57.5716,0.204193,0,0,0,0,05ACA005,292148,2026-06-09 19:58:31,11014981.0,MAREESWARAN ,13616.0,104339022020,104319220140,140HPW501   ,AUTOMODE,BV141B,29,1.0,302438.0,OK,,,,00200045104311520066-7261562194A,OK,OK,,OK,OK,292285,2026-06-09 19:59:47,11014981.0,MAREESWARAN ,13616,104339022020,104319220140,,AUTOMODE,BV141D,33,1,302438,OK,CA13,,,0020007910431251065004261453605A,,0,145.0,4.1,-113.55,50.1,134,19.6,-223.35,59.6,-223.35,-113.71,0.55967,2.42548,45.0,40.0,5.0,23.2731,52.3147,52.3452,0,0,0,0,0,0,0,0,0,0,0,1.81,0,20.0,0,361301
5035188,1,0020007910431251065004261453658A,2026-06-09 21:17:34,304212, , ,104319220140,0,0,0,0,57000,110000,0,0,120000,0,0,0,2,1:59,1002,503,"17,41     ",13,2         ,84,"15,77     ",316,"1,54      ",296,0         ,0,0         ,0,0,0,0,0,"11,25     ",63,0         ,0,"6,32      ",189,0         ,0,"1,49      ",137,0         ,0,0,0,0,0,0,0,0,0,0,0,0,0,UCX31_x0001_|_x0007_:, ,"1,55      ","4,94      ","46,41     ",14,"3,7       ",94,"65,03     ",1:57      ,3,2026-06-09 19:53:19,11014086.0,BABU        ,1,104339022020,104319220140,,AUTOMODE_TS1,BV141E2,34,1,,OK,,0,0,0020007910431251065004261453658A,1.16101,1.15698,1.14956,5,5,2.45269,6.97126,4.2024,1,1.2,1.2,1.2,1,1.2,0.5,12,0.5,12,0.5,12,290382,2026-06-09 19:51:13,11014981,MAREESWARAN ,13616,104339022020,104319220140,140HPW501   ,,AUTOMODE,BV141C,20,1,302429,OK,,0,0,9003102010431351065904261568319B,0020007910431251065004261453658A,00200045104311520066-7261530496A,OK,OK,OK,OK,291588,2026-06-09 19:49:57,11014981.0,MAREESWARAN ,13616,104339022020,104319220140,140HPW501   ,AUTOMODE,BV141A,23,1,302429,OK,CA1,0,0,300050104312999991395364110336,OK,OK,0.39,0.43,0.5,0.39,0.458,0.5,OK,,00200045104311520066-7261530496A,OK,OK,202.9,145.2,52.6,146.3,0.0,1.26598,52.1143,53.3449,0.0816765,1.7152,55.7042,56.0125,57.6508,2.89951,57.4469,0.367542,0,0,0,0,05ACA003,292139,2026-06-09 19:50:41,11014981.0,MAREESWARAN ,13616.0,104339022020,104319220140,140HPW501   ,AUTOMODE,BV141B,29,1.0,302429.0,OK,,,,00200045104311520066-7261530496A,OK,OK,,OK,OK,292276,2026-06-09 19:52:17,11014981.0,MAREESWARAN ,13616,104339022020,104319220140,,AUTOMODE,BV141D,33,1,302429,OK,CA13,,,0020007910431251065004261453658A,,0,145.2,4.2,-113.55,50.1,134,19.6,-223.35,59.6,-223.35,-113.71,1.10153,2.65909,45.0,40.0,5.0,21.9463,52.185,52.2256,0,0,0,0,0,0,0,0,0,0,0,1.65,0,20.0,0,361292
5027475,1,0020007910431251065004261459790A,2026-06-07 08:09:02,304212, , ,104319220140,0,0,0,0,57000,110000,0,0,120000,0,0,0,1,1:11,1002,503,"22,13     ",350,"9,75      ",189,"14,3      ",5,"4,99      ",166,0         ,0,0         ,0,0,0,0,0,"8,16      ",109,0         ,0,"4,44      ",48,0         ,0,"4,51      ",302,0         ,0,0,0,0,0,0,0,0,0,0,0,0,0,UCX31_x0001_|_x0007_:, ,"1,48      ","4,89      ","44,73     ",14,"3,75      ",94,"65,08     ",1:56      ,3,2026-06-07 07:07:20,11014086.0,BABU        ,1,104339022020,104319220140,,AUTOMODE_TS1,BV141E2,38,2,,OK,,0,0,0020007910431251065004261459790A,1.14717,1.15937,1.14855,5,5,3.03114,7.25868,4.3006,1,1.2,1.2,1.2,1,1.2,0.5,12,0.5,12,0.5,12,287675,2026-06-07 07:05:28,11014086,BABU        ,13616,104339022020,104319220140,140HPW501   ,,AUTOMODE,BV141C,23,2,300634,OK,,0,0,9003102010431351065904261555665B,0020007910431251065004261459790A,00200045104311520066-7261562136A,OK,OK,OK,OK,288859,2026-06-07 07:04:10,11014086.0,BABU        ,13616,104339022020,104319220140,140HPW501   ,AUTOMODE,BV141A,22,2,300634,OK,CA1,0,0,300050104312999991395364110336,OK,OK,0.39,0.474,0.5,0.39,0.432,0.5,OK,,00200045104311520066-7261562136A,OK,OK,202.9,145.2,52.6,146.3,-0.0408363,1.7152,52.8283,53.1366,0.122517,1.83772,55.3965,55.8067,57.7635,3.7571,57.3533,0.367542,0,0,0,0,05ACA003,289397,2026-06-07 07:04:50,11014086.0,BABU        ,13616.0,104339022020,104319220140,140HPW501   ,AUTOMODE,BV141B,31,2.0,300634.0,OK,,,,00200045104311520066-7261562136A,OK,OK,,OK,OK,289538,2026-06-07 07:06:14,,,13616,104339022020,104319220140,,AUTOMODE,BV141D,33,2,300634,OK,CA13,,,0020007910431251065004261459790A,,0,145.6,4.2,-113.55,50.1,134,19.6,-223.2,59.6,-216.052,-106.71,0.531337,1.53797,45.0,40.4007,5.0,23.9441,52.3133,52.3598,0,0,0,0,0,0,0,0,0,0,0,1.74,0,20.0,0,357828
5038694,1,0020007910431251065004261462102B,2026-06-10 19:08:03,304212, , ,104319220151,0,0,0,0,57000,110000,0,0,120000,0,0,0,1,1:12,1002,503,"18,33     ",52,"7,95      ",161,"20,04     ",45,"4,47      ",137,0         ,0,0         ,0,0,0,0,0,"14,08     ",148,0         ,0,"4,2       ",328,0         ,0,"1,49      ",95,0         ,0,0,0,0,0,0,0,0,0,0,0,0,0,UCX31_x0001_|_x0007_:, ,"1,41      ","5,02      ","45,92     ",14,"3,77      ",94,"65,08     ",2:48      ,3,2026-06-10 17:35:43,10001376.0,DEEPAN.M    ,1,104339022021,104319220151,,AUTOMODE_TS1,BV141E,44,1,,OK,,0,0,0020007910431251065004261462102B,1.1775,1.17206,1.1756,5,5,5.36,5.345,7.2875,1,1.2,1.2,1.2,1,1.2,0.5,12,0.5,12,0.5,12,291460,2026-06-10 17:33:27,11014981,MAREESWARAN ,13616,104339022021,104319220151,160HP Z101  ,,AUTOMODE,BV141C,44,1,303555,OK,,0,0,9003102010431351065904261579971B,0020007910431251065004261462102B,00200045104311520066-7261572537B,OK,OK,OK,OK,292681,2026-06-10 17:31:39,11014981.0,MAREESWARAN ,13616,104339022021,104319220151,160HP Z101  ,AUTOMODE,BV141A,21,1,303555,OK,CA1,0,0,1020104313020080004674879488,OK,OK,0.39,0.434,0.5,0.39,0.437,0.5,OK,,00200045104311520066-7261572537B,OK,OK,202.9,145.2,52.6,146.3,0.0,1.75604,52.0842,53.2078,0.163353,1.83772,55.4805,55.7888,57.7405,10.6587,57.3328,0.367546,0,0,0,0,05ACA002,293244,2026-06-10 17:32:23,11014981.0,MAREESWARAN ,13616.0,104339022021,104319220151,160HP Z101  ,AUTOMODE,BV141B,28,1.0,303555.0,OK,,,,00200045104311520066-7261572537B,OK,OK,,OK,OK,293373,2026-06-10 17:34:15,11014981.0,MAREESWARAN ,13616,104339022021,104319220151,,AUTOMODE,BV141D,32,1,303555,OK,CA13,,,0020007910431251065004261462102B,,0,145.2,4.2,-113.55,50.1,134,19.6,-223.2,59.6,-223.2,-113.71,0.270806,1.2109,45.0,40.0,5.0,26.138,51.3883,51.4504,0,0,0,0,0,0,0,0,0,0,0,3.28,0,20.0,0,362547
5039194,1,0020007910431251065004261464474A,2026-06-10 21:52:12,304212, , ,104319220151,0,0,0,0,57000,110000,0,0,120000,0,0,0,3,3:03,1002,503,"68,94     ",302,"10,11     ",2,"55,8      ",307,"5,84      ",357,0         ,0,0         ,0,0,0,0,0,"32,29     ",66,0         ,0,"5,82      ",333,0         ,0,"2,15      ",57,0         ,0,0,0,0,0,0,0,0,0,0,0,0,0,UCX31_x0001_|_x0007_:, ,"1,52      ","4,92      ",46        ,14,"3,84      ",94,"64,92     ",3:34      ,3,2026-06-10 16:37:08,10001376.0,DEEPAN.M    ,1,104339022021,104319220151,,AUTOMODE_TS1,BV141E,44,1,,OK,,0,0,0020007910431251065004261464474A,1.17535,1.1732,1.17143,5,5,4.6325,5.4,5.245,1,1.2,1.2,1.2,1,1.2,0.5,12,0.5,12,0.5,12,291403,2026-06-10 16:34:54,11014981,MAREESWARAN ,13616,104339022021,104319220151,160HP Z101  ,,AUTOMODE,BV141C,22,1,303496,OK,,0,0,9003102010431351065904261568488B,0020007910431251065004261464474A,00200045104311520066-7261572587B,OK,OK,OK,OK,292624,2026-06-10 16:33:42,11014981.0,MAREESWARAN ,13616,104339022021,104319220151,160HP Z101  ,AUTOMODE,BV141A,22,1,303496,OK,CA1,0,0,1020104313020080004674879488,OK,OK,0.39,0.441,0.5,0.39,0.451,0.5,OK,,00200045104311520066-7261572587B,OK,OK,202.9,145.2,52.6,146.3,-0.0408401,1.51101,52.1986,53.019,0.0816765,1.51101,55.3885,55.5923,57.6485,2.20525,57.4446,0.163353,0,0,0,0,05ACA005,293187,2026-06-10 16:34:20,11014981.0,MAREESWARAN ,13616.0,104339022021,104319220151,160HP Z101  ,AUTOMODE,BV141B,30,1.0,303496.0,OK,,,,00200045104311520066-7261572587B,OK,OK,,OK,OK,293316,2026-06-10 16:35:58,11014981.0,MAREESWARAN ,13616,104339022021,104319220151,,AUTOMODE,BV141D,32,1,303496,OK,CA13,,,0020007910431251065004261464474A,,0,145.5,4.3,-113.55,50.1,134,19.6,-223.2,59.6,-223.2,-113.71,0.614573,1.62521,45.0,40.0,5.0,25.1655,52.3327,52.4239,0,0,0,0,0,0,0,0,0,0,0,3.36,0,20.0,0,362490
5038626,1,0020007910431251065004261464480A,2026-06-10 18:42:53,304212, , ,104319220151,0,0,0,0,57000,110000,0,0,120000,0,0,0,2,1:59,1002,503,35        ,130,"14,12     ",89,"25,6      ",114,"5,48      ",89,0         ,0,0         ,0,0,0,0,0,"17,2      ",217,0         ,0,"1,97      ",267,0         ,0,"1,14      ",259,0         ,0,0,0,0,0,0,0,0,0,0,0,0,0,UCX31_x0001_|_x0007_:, ,"1,38      ","4,99      ","46,29     ",14,"4,26      ",94,"64,88     ",2:31      ,3,2026-06-10 17:32:55,10001376.0,DEEPAN.M    ,1,104339022021,104319220151,,AUTOMODE_TS1,BV141E2,38,1,,OK,,0,0,0020007910431251065004261464480A,1.14654,1.16704,1.1527,5,5,2.33054,7.22156,3.20479,1,1.2,1.2,1.2,1,1.2,0.5,12,0.5,12,0.5,12,291457,2026-06-10 17:30:51,11014981,MAREESWARAN ,13616,104339022021,104319220151,160HP Z101  ,,AUTOMODE,BV141C,21,1,303552,OK,,0,0,9003102010431351065904261567981A,0020007910431251065004261464480A,00200045104311520066-7261572420B,OK,OK,OK,OK,292678,2026-06-10 17:29:41,11014981.0,MAREESWARAN ,13616,104339022021,104319220151,160HP Z101  ,AUTOMODE,BV141A,22,1,303552,OK,CA1,0,0,1020104313020080004674879488,OK,OK,0.39,0.414,0.5,0.39,0.43,0.5,OK,,00200045104311520066-7261572420B,OK,OK,202.9,145.2,52.6,146.3,-0.0408401,1.30682,52.8204,52.9224,0.0816765,1.91939,55.088,55.6027,57.6588,9.88281,57.2486,0.285866,0,0,0,0,05ACA006,293241,2026-06-10 17:30:19,11014981.0,MAREESWARAN ,13616.0,104339022021,104319220151,160HP Z101  ,AUTOMODE,BV141B,29,1.0,303552.0,OK,,,,00200045104311520066-7261572420B,OK,OK,,OK,OK,293370,2026-06-10 17:31:51,11014981.0,MAREESWARAN ,13616,104339022021,104319220151,,AUTOMODE,BV141D,32,1,303552,OK,CA13,,,0020007910431251065004261464480A,,0,146.0,4.1,-113.55,50.1,134,19.6,-223.2,59.6,-223.2,-113.71,0.153706,1.01383,45.0,40.0,5.0,25.8817,51.4299,51.5392,0,0,0,0,0,0,0,0,0,0,0,3.36,0,20.0,0,362544
5089594,1,0020007910431251065004261473726B,2026-06-26 06:01:14,314116, , ,104319220140,0,0,0,0,57000,110000,0,0,120000,0,0,0,2,1:59,1002,503,"43,92     ",165,"8,65      ",252,"12,62     ",158,"0,93      ",229,0         ,0,0         ,0,0,0,0,0,"13,41     ",140,0         ,0,"19,11     ",128,0         ,0,"1,23      ",339,0         ,0,0,0,0,0,0,0,0,0,0,0,0,0,UCX31_x0001_|_x0007_:, ,"1,45      ","4,99      ","46,64     ",3,"4,49      ",93,"65,02     ",2:30      ,3,2026-06-26 03:37:15,11014981.0,MAREESWARAN ,1,104339022020,104319220140,,AUTOMODE_TS1,BV141E2,34,2,,OK,,0,0,0020007910431251065004261473726B,1.16176,1.1566,1.14516,5,5,2.55329,7.91617,4.69222,1,1.2,1.2,1.2,1,1.2,0.5,12,0.5,12,0.5,12,307979,2026-06-26 03:35:09,11014981,MAREESWARAN ,13616,104339022020,104319220140,140HPW501   ,,AUTOMODE,BV141C,29,2,319732,OK,,0,0,9003102010431351065904261734959B,0020007910431251065004261473726B,00200045104311520066-7261692488C,OK,OK,OK,OK,309358,2026-06-26 03:32:39,11014981.0,MAREESWARAN ,13616,104339022020,104319220140,140HPW501   ,AUTOMODE,BV141A,29,2,319732,OK,CA1,0,0,300050104312999991395364110336,OK,OK,0.39,0.427,0.5,0.39,0.418,0.5,OK,,00200045104311520066-7261692488C,OK,OK,202.9,145.2,52.6,146.3,0.0,1.22514,52.0656,52.9905,0.0816765,1.55185,55.1434,55.5587,57.9129,10.2095,57.1995,0.245029,0,0,0,0,05ACA006,310086,2026-06-26 03:33:17,11014981.0,MAREESWARAN ,13616.0,104339022020,104319220140,140HPW501   ,AUTOMODE,BV141B,28,2.0,319732.0,OK,,,,00200045104311520066-7261692488C,OK,OK,,OK,OK,310138,2026-06-26 03:36:11,11014981.0,MAREESWARAN ,13616,104339022020,104319220140,,AUTOMODE,BV141D,32,2,319732,OK,CA13,,,0020007910431251065004261473726B,,0,148.0,4.4,-113.55,50.1,134,19.6,-223.35,59.6,-223.35,-113.71,0.862817,2.58073,45.0,40.0,5.0,23.047,52.0199,52.0697,0,0,0,0,0,0,0,0,0,0,0,1.71,0,20.0,0,385035
5092942,1,0020007910431251065004261476069C,2026-06-27 04:55:14,314116, , ,104319220140,0,0,0,0,57000,110000,0,0,120000,0,0,0,1,1:06,1002,503,"44,16     ",53,"14,27     ",126,"23,07     ",42,"4,94      ",119,0         ,0,0         ,0,0,0,0,0,"32,33     ",17,0         ,0,"10,35     ",12,0         ,0,"1,68      ",319,0         ,0,0,0,0,0,0,0,0,0,0,0,0,0,UCX31_x0001_|_x0007_:, ,"1,32      ","4,99      ","46,99     ",3,"5,25      ",93,"65,03     ",1:37      ,3,2026-06-28 09:15:23,11014981.0,MAREESWARAN ,1,104339022020,104319220140,,AUTOMODE_TS1,BV141E,41,1,,OK,,0,0,0020007910431251065004261476069C,1.17522,1.17434,1.17585,5,5,5.2125,5.2875,6.015,1,1.2,1.2,1.2,1,1.2,0.5,12,0.5,12,0.5,12,312973,2026-06-28 09:13:21,11014086,BABU        ,13616,104339022020,104319220140,140HPW501   ,,AUTOMODE,BV141C,39,1,322278,OK,,0,0,9003102010431351065904261758637B,0020007910431251065004261476069C,00200045104311520066-7261762113B,OK,OK,OK,OK,314373,2026-06-28 09:10:51,11014086.0,BABU        ,13616,104339022020,104319220140,140HPW501   ,AUTOMODE,BV141A,68,1,322278,OK,CA1,0,0,300050104312999991395364110336,OK,OK,0.39,0.437,0.5,0.39,0.457,0.5,OK,,00200045104311520066-7261762113B,OK,OK,202.9,145.2,52.6,146.3,-0.0408401,1.26598,52.0839,52.9068,0.0408363,1.79687,55.2712,55.5795,57.6357,10.087,57.121,0.285866,0,0,0,0,05ACA006,314137,2026-06-28 09:11:31,11014086.0,BABU        ,13616.0,104339022020,104319220140,140HPW501   ,AUTOMODE,BV141B,26,1.0,322278.0,OK,,,,00200045104311520066-7261762113B,OK,OK,,OK,OK,315179,2026-06-28 09:14:11,11014086.0,BABU        ,13616,104339022020,104319220140,,AUTOMODE,BV141D,37,1,322278,OK,CA13,,,0020007910431251065004261476069C,,0,147.0,8.5,-113.55,50.1,134,19.6,-223.35,59.6,-223.35,-113.71,0.38935,1.39655,45.0,40.0,5.0,26.1832,51.486,51.5968,0,0,0,0,0,0,0,0,0,0,0,1.75,0,20.0,0,390806
5092945,1,0020007910431251065004261485891C,2026-06-27 04:58:34,314116, , ,104319220140,0,0,0,0,57000,110000,0,0,120000,0,0,0,3,2:44,1002,503,"58,58     ",32,"4,12      ",107,"30,29     ",25,"1,04      ",52,0         ,0,0         ,0,0,0,0,0,"42,61     ",4,0         ,0,"16,74     ",350,0         ,0,"4,04      ",245,0         ,0,0,0,0,0,0,0,0,0,0,0,0,0,UCX31_x0001_|_x0007_:, ,"1,34      ","4,95      ","47,01     ",3,"4,47      ",94,"65,03     ",3:19      ,3,2026-06-28 09:09:39,11014981.0,MAREESWARAN ,1,104339022020,104319220140,,AUTOMODE_TS1,BV141E,41,1,,OK,,0,0,0020007910431251065004261485891C,1.17889,1.17497,1.17623,5,5,3.8325,4.6425,8.7775,1,1.2,1.2,1.2,1,1.2,0.5,12,0.5,12,0.5,12,312968,2026-06-28 09:07:31,11014086,BABU        ,13616,104339022020,104319220140,140HPW501   ,,AUTOMODE,BV141C,18,1,322272,OK,,0,0,9003102010431351065904261758261B,0020007910431251065004261485891C,00200045104311520066-7261761492B,OK,OK,OK,OK,314367,2026-06-28 09:05:57,11014086.0,BABU        ,13616,104339022020,104319220140,140HPW501   ,AUTOMODE,BV141A,24,1,322272,OK,CA1,0,0,300050104312999991395364110336,OK,OK,0.39,0.435,0.5,0.39,0.43,0.5,OK,,00200045104311520066-7261761492B,OK,OK,202.9,145.2,52.6,146.3,-0.204189,1.26598,52.3231,53.2455,-0.0816765,1.96023,55.4978,55.908,56.2401,1.5218,57.7526,0.0816765,0,0,0,0,05ACA001,314131,2026-06-28 09:06:35,11014086.0,BABU        ,13616.0,104339022020,104319220140,140HPW501   ,AUTOMODE,BV141B,26,1.0,322272.0,OK,,,,00200045104311520066-7261761492B,OK,OK,,OK,OK,315173,2026-06-28 09:08:33,11014086.0,BABU        ,13616,104339022020,104319220140,,AUTOMODE,BV141D,35,1,322272,OK,CA13,,,0020007910431251065004261485891C,,0,147.4,8.5,-113.55,50.1,134,19.6,-223.35,59.6,-223.35,-113.71,0.400688,1.7418,45.0,40.0,5.0,25.6027,51.5986,51.683,0,0,0,0,0,0,0,0,0,0,0,1.73,0,20.0,0,390796
5033811,1,0020007910431251065004261486034C,2026-06-09 13:15:32,304212, , ,104319220140,0,0,0,0,57000,110000,0,0,120000,0,0,0,2,2:10,1002,503,"29,57     ",52,"8,59      ",266,"31,34     ",38,"3,19      ",268,0         ,0,0         ,0,0,0,0,0,"21,72     ",144,0         ,0,"5,45      ",320,0         ,0,"7,42      ",162,0         ,0,0,0,0,0,0,0,0,0,0,0,0,0,UCX31_x0001_|_x0007_:, ,"1,53      ","4,95      ","45,16     ",14,"4,93      ",94,"65,03     ",2:41      ,3,2026-06-08 22:32:57,11014981.0,MAREESWARAN ,1,104339022020,104319220140,,AUTOMODE_TS1,BV141E,45,2,,OK,,0,0,0020007910431251065004261486034C,1.17636,1.17547,1.17295,5,5,6.2625,7.105,10.01,1,1.2,1.2,1.2,1,1.2,0.5,12,0.5,12,0.5,12,289423,2026-06-08 22:30:21,11014981,MAREESWARAN ,13616,104339022020,104319220140,140HPW501   ,,AUTOMODE,BV141C,19,2,301444,OK,,0,0,9003102010431351065904261554576A,0020007910431251065004261486034C,00200045104311520066-7261562679B,OK,OK,OK,OK,290617,2026-06-08 22:28:53,11014981.0,MAREESWARAN ,13616,104339022020,104319220140,140HPW501   ,AUTOMODE,BV141A,22,2,301444,OK,CA1,0,0,300050104312999991395364110336,OK,OK,0.39,0.454,0.5,0.39,0.437,0.5,OK,,00200045104311520066-7261562679B,OK,OK,202.9,145.2,52.6,146.3,-0.0408401,1.38849,52.0809,52.9013,0.0816765,1.96023,55.2708,55.7829,57.727,5.63565,57.3167,0.367542,0,0,0,0,05ACA006,291159,2026-06-08 22:29:31,11014981.0,MAREESWARAN ,13616.0,104339022020,104319220140,140HPW501   ,AUTOMODE,BV141B,28,2.0,301444.0,OK,,,,00200045104311520066-7261562679B,OK,OK,,OK,OK,291299,2026-06-08 22:31:47,11014981.0,MAREESWARAN ,13616,104339022020,104319220140,,AUTOMODE,BV141D,31,2,301444,OK,CA14,,,0020007910431251065004261486034C,,0,145.4,3.4,-113.55,50.1,134,19.6,-223.2,59.6,-223.2,-113.71,0.608686,1.48444,45.0,40.0,5.0,22.4061,51.5232,51.613,0,0,0,0,0,0,0,0,0,0,0,1.6,0,20.0,0,359785
5019758,1,0020007910431251065004261486890C,2026-06-05 07:28:19,304212, , ,104319220151,0,0,0,0,57000,110000,0,0,120000,0,0,0,2,2:04,1002,503,"46,36     ",242,"2,14      ",277,"32,54     ",239,"1,82      ",294,0         ,0,0         ,0,0,0,0,0,"21,13     ",342,0         ,0,"4,98      ",300,0         ,0,"3,24      ",285,0         ,0,0,0,0,0,0,0,0,0,0,0,0,0,UCX31_x0001_|_x0007_:, ,"1,41      ","4,98      ","45,19     ",14,"4,67      ",94,"64,91     ",2:35      ,3,2026-06-05 15:51:43,11014086.0,BABU        ,1,104339022021,104319220151,,AUTOMODE_TS1,BV141E2,38,1,,OK,,0,0,0020007910431251065004261486890C,1.14503,1.15648,1.14717,5,5,2.64072,6.68623,4.13174,1,1.2,1.2,1.2,1,1.2,0.5,12,0.5,12,0.5,12,285651,2026-06-05 15:49:01,11014086,BABU        ,13616,104339022021,104319220151,160HP Z101  ,,AUTOMODE,BV141C,26,1,298505,OK,,0,0,9003102010431351065904261544081A,0020007910431251065004261486890C,00200045104311520066-7261530418A,OK,OK,OK,OK,286839,2026-06-05 15:47:39,11014086.0,BABU        ,13616,104339022021,104319220151,160HP Z101  ,AUTOMODE,BV141A,22,1,298505,OK,CA1,0,0,1020104313020080004674879488,OK,OK,0.39,0.443,0.5,0.39,0.45,0.5,OK,,00200045104311520066-7261530418A,OK,OK,202.9,145.2,52.6,146.3,-0.0408401,2.24609,52.6321,53.2487,0.163353,2.40944,55.4042,55.9137,57.7609,3.59375,57.4552,0.367542,0,0,0,0,05ACA001,287361,2026-06-05 15:48:19,11014086.0,BABU        ,13616.0,104339022021,104319220151,160HP Z101  ,AUTOMODE,BV141B,30,1.0,298505.0,OK,,,,00200045104311520066-7261530418A,OK,OK,,OK,OK,287512,2026-06-05 15:50:37,11014086.0,BABU        ,13616,104339022021,104319220151,,AUTOMODE,BV141D,34,1,298505,OK,CA13,,,0020007910431251065004261486890C,,0,145.5,4.0,-113.55,50.1,134,19.6,-223.2,59.6,-216.052,-106.71,0.459394,1.40227,45.0,40.0529,5.0,26.236,52.0777,52.9067,0,0,0,0,0,0,0,0,0,0,0,3.35,0,20.0,0,355734
5019532,1,0020007910431251065004261486893C,2026-06-05 04:54:03,304212, , ,104319220151,0,0,0,0,57000,110000,0,0,120000,0,0,0,1,1:11,1002,503,"24,48     ",201,"4,61      ",318,"1,17      ",298,"2,78      ",358,0         ,0,0         ,0,0,0,0,0,"1,06      ",122,0         ,0,"12,25     ",288,0         ,0,"1,23      ",349,0         ,0,0,0,0,0,0,0,0,0,0,0,0,0,UCX31_x0001_|_x0007_:, ,"1,46      ","4,98      ","44,73     ",14,"4,75      ",94,"65,07     ",1:42      ,3,2026-06-05 15:55:39,11014086.0,BABU        ,1,104339022021,104319220151,,AUTOMODE_TS1,BV141E,45,1,,OK,,0,0,0020007910431251065004261486893C,1.17396,1.17244,1.17421,5,5,4.6475,5.0825,6.115,1,1.2,1.2,1.2,1,1.2,0.5,12,0.5,12,0.5,12,285656,2026-06-05 15:53:29,11014086,BABU        ,13616,104339022021,104319220151,160HP Z101  ,,AUTOMODE,BV141C,23,1,298510,OK,,0,0,9003102010431351065904261543836A,0020007910431251065004261486893C,00200045104311520066-7261530026C,OK,OK,OK,OK,286844,2026-06-05 15:51:37,11014086.0,BABU        ,13616,104339022021,104319220151,160HP Z101  ,AUTOMODE,BV141A,23,1,298510,OK,CA1,0,0,1020104313020080004674879488,OK,OK,0.39,0.45,0.5,0.39,0.442,0.5,OK,,00200045104311520066-7261530026C,OK,OK,202.9,145.2,52.6,146.3,0.0,2.12358,52.0639,53.3964,0.122513,2.0419,55.6589,56.0691,56.2401,1.70274,57.6131,0.326702,0,0,0,0,05ACA005,287366,2026-06-05 15:52:21,11014086.0,BABU        ,13616.0,104339022021,104319220151,160HP Z101  ,AUTOMODE,BV141B,30,1.0,298510.0,OK,,,,00200045104311520066-7261530026C,OK,OK,,OK,OK,287517,2026-06-05 15:54:27,11014086.0,BABU        ,13616,104339022021,104319220151,,AUTOMODE,BV141D,34,1,298510,OK,CA13,,,0020007910431251065004261486893C,,0,145.0,3.9,-113.55,50.1,134,19.6,-223.2,59.6,-216.052,-106.71,0.296722,1.65444,45.0,40.0,5.0,19.0513,52.3807,52.4087,0,0,0,0,0,0,0,0,0,0,0,3.45,0,20.0,0,355739
5098245,1,0020007910431251065004261496935C,2026-06-29 01:07:55,314116, , ,104319220140,0,0,0,0,57000,110000,0,0,120000,0,0,0,1,1:13,1002,503,48        ,127,"16,47     ",211,"29,59     ",130,"4,23      ",173,0         ,0,0         ,0,0,0,0,0,"45,16     ",110,0         ,0,"12,23     ",53,0         ,0,"1,94      ",43,0         ,0,0,0,0,0,0,0,0,0,0,0,0,0,UCX31_x0001_|_x0007_:, ,"1,41      ","4,96      ","45,68     ",3,"4,34      ",93,"64,89     ",1:44      ,3,2026-06-26 13:12:07,11014981.0,MAREESWARAN ,1,104339022020,104319220140,,AUTOMODE_TS1,BV141E2,34,1,,OK,,0,0,0020007910431251065004261496935C,1.16239,1.16805,1.14843,5,5,2.98563,6.25748,4.04192,1,1.2,1.2,1.2,1,1.2,0.5,12,0.5,12,0.5,12,308392,2026-06-26 13:10:19,11014981,MAREESWARAN ,13616,104339022020,104319220140,140HPW501   ,,AUTOMODE,BV141C,17,1,320172,OK,,0,0,9003102010431351065904261734861A,0020007910431251065004261496935C,00200045104311520066-7261682344B,OK,OK,OK,OK,309786,2026-06-26 13:09:13,11014981.0,MAREESWARAN ,13616,104339022020,104319220140,140HPW501   ,AUTOMODE,BV141A,22,1,320172,OK,CA1,0,0,300050104312999991395364110336,OK,OK,0.39,0.418,0.5,0.39,0.407,0.5,OK,,00200045104311520066-7261682344B,OK,OK,202.9,145.2,52.6,146.3,0.0,1.34766,52.0307,52.7466,0.0816765,1.63352,55.0066,55.3174,57.8831,14.7834,57.371,0.163353,0,0,0,0,05ACA008,310521,2026-06-26 13:09:51,11014981.0,MAREESWARAN ,13616.0,104339022020,104319220140,140HPW501   ,AUTOMODE,BV141B,28,1.0,320172.0,OK,,,,00200045104311520066-7261682344B,OK,OK,,OK,OK,310571,2026-06-26 13:11:07,11014981.0,MAREESWARAN ,13616,104339022020,104319220140,,AUTOMODE,BV141D,34,1,320172,OK,CA13,,,0020007910431251065004261496935C,,0,147.5,5.7,-113.55,50.1,134,19.6,-223.35,59.6,-223.35,-113.71,1.41713,3.13659,45.0,40.0,5.0,25.8138,51.5033,51.5974,0,0,0,0,0,0,0,0,0,0,0,1.59,0,20.0,0,385525
5019544,1,0020007910431251065004261497203A,2026-06-05 05:01:35,304212, , ,104319220151,0,0,0,0,57000,110000,0,0,120000,0,0,0,1,1:11,1002,503,"29,7      ",58,"10,07     ",205,"14,76     ",90,"6,57      ",185,0         ,0,0         ,0,0,0,0,0,"9,08      ",192,0         ,0,"8,66      ",116,0         ,0,3         ,155,0         ,0,0,0,0,0,0,0,0,0,0,0,0,0,UCX31_x0001_|_x0007_:, ,"1,66      ","4,93      ","45,34     ",14,"4,75      ",94,"64,93     ",1:42      ,3,2026-06-05 15:51:03,11014086.0,BABU        ,1,104339022021,104319220151,,AUTOMODE_TS1,BV141E,44,1,,OK,,0,0,0020007910431251065004261497203A,1.17408,1.17181,1.1732,5,5,5.52,5.8325,6.0125,1,1.2,1.2,1.2,1,1.2,0.5,12,0.5,12,0.5,12,285650,2026-06-05 15:48:11,11014086,BABU        ,13616,104339022021,104319220151,160HP Z101  ,,AUTOMODE,BV141C,22,1,298504,OK,,0,0,9003102010431351065904261543765A,0020007910431251065004261497203A,00200045104311520066-7261530420A,OK,OK,OK,OK,286838,2026-06-05 15:46:49,11014086.0,BABU        ,13616,104339022021,104319220151,160HP Z101  ,AUTOMODE,BV141A,22,1,298504,OK,CA1,0,0,1020104313020080004674879488,OK,OK,0.39,0.445,0.5,0.39,0.438,0.5,OK,,00200045104311520066-7261530420A,OK,OK,202.9,145.2,52.6,146.3,-0.0408401,1.83771,52.2525,53.0729,0.122513,2.53196,55.5494,56.0641,56.2401,2.11319,57.5979,0.408379,0,0,0,0,05ACA007,287360,2026-06-05 15:47:27,11014086.0,BABU        ,13616.0,104339022021,104319220151,160HP Z101  ,AUTOMODE,BV141B,30,1.0,298504.0,OK,,,,00200045104311520066-7261530420A,OK,OK,,OK,OK,287511,2026-06-05 15:49:51,11014086.0,BABU        ,13616,104339022021,104319220151,,AUTOMODE,BV141D,34,1,298504,OK,CA13,,,0020007910431251065004261497203A,,0,145.5,4.0,-113.55,50.1,134,19.6,-223.2,59.6,-216.052,-106.71,0.762705,2.16537,45.0,40.0,5.0,24.8714,51.9737,52.0348,0,0,0,0,0,0,0,0,0,0,0,3.37,0,20.0,0,355733
5020527,1,0020007910431251065004261497206A,2026-06-05 12:34:54,304212, , ,104319220151,0,0,0,0,57000,110000,0,0,120000,0,0,0,3,3:07,1002,503,"72,3      ",184,"16,77     ",265,"41,43     ",201,"4,51      ",271,0         ,0,0         ,0,0,0,0,0,"24,78     ",310,0         ,0,"19,83     ",251,0         ,0,"4,62      ",44,0         ,0,0,0,0,0,0,0,0,0,0,0,0,0,UCX31_x0001_|_x0007_:, ,"1,51      ","4,93      ","44,96     ",14,"4,55      ",93,"64,95     ",4:20      ,3,2026-06-05 11:19:07,11014086.0,BABU        ,1,104339022021,104319220151,,AUTOMODE_TS1,BV141E,45,1,,OK,,0,0,0020007910431251065004261497206A,1.17269,1.17472,1.17573,5,5,4.815,5.6725,6.9275,1,1.2,1.2,1.2,1,1.2,0.5,12,0.5,12,0.5,12,285430,2026-06-05 11:17:05,11014086,BABU        ,13616,104339022021,104319220151,160HP Z101  ,,AUTOMODE,BV141C,19,1,298275,OK,,0,0,9003102010431351065904261533647B,0020007910431251065004261497206A,00200045104311520066-7261520556B,OK,OK,OK,OK,286617,2026-06-05 11:15:51,11014086.0,BABU        ,13616,104339022021,104319220151,160HP Z101  ,AUTOMODE,BV141A,22,1,298275,OK,CA1,0,0,1020104313020080004674879488,OK,OK,0.39,0.442,0.5,0.39,0.425,0.5,OK,,00200045104311520066-7261520556B,OK,OK,202.9,145.2,52.6,146.3,-0.0408363,2.40945,52.5271,53.3526,0.204189,2.49112,55.5183,56.0329,56.2401,1.99438,57.6763,0.326706,0,0,0,0,05ACA010,287139,2026-06-05 11:16:31,11014086.0,BABU        ,13616.0,104339022021,104319220151,160HP Z101  ,AUTOMODE,BV141B,30,1.0,298275.0,OK,,,,00200045104311520066-7261520556B,OK,OK,,OK,OK,287290,2026-06-05 11:17:55,,,13616,104339022021,104319220151,,AUTOMODE,BV141D,34,1,298275,OK,CA13,,,0020007910431251065004261497206A,,0,145.3,4.3,-113.55,50.1,134,19.6,-223.2,59.6,-216.052,-106.71,1.11895,2.23911,45.0,40.1417,5.0,24.8187,51.8691,51.9178,0,0,0,0,0,0,0,0,0,0,0,3.42,0,20.0,0,355509
5021249,1,0020007910431251065004261497250A,2026-06-05 17:31:48,304212, , ,104319220151,0,0,0,0,57000,110000,0,0,120000,0,0,0,1,1:13,1002,503,"41,73     ",314,"3,15      ",292,"31,66     ",314,"2,82      ",338,0         ,0,0         ,0,0,0,0,0,"20,81     ",58,0         ,0,"3,93      ",349,0         ,0,"3,93      ",346,0         ,0,0,0,0,0,0,0,0,0,0,0,0,0,UCX31_x0001_|_x0007_:, ,"1,45      ","4,93      ","45,39     ",14,"4,56      ",93,"64,84     ",2:18      ,3,2026-06-05 15:59:39,11014086.0,BABU        ,1,104339022021,104319220151,,AUTOMODE_TS1,BV141E,45,1,,OK,,0,0,0020007910431251065004261497250A,1.17611,1.17332,1.17181,5,5,4.775,4.9525,7.165,1,1.2,1.2,1.2,1,1.2,0.5,12,0.5,12,0.5,12,285660,2026-06-05 15:57:35,11014086,BABU        ,13616,104339022021,104319220151,160HP Z101  ,,AUTOMODE,BV141C,32,1,298515,OK,,0,0,9003102010431351065904261544061A,0020007910431251065004261497250A,00200045104311520066-7261530454A,OK,OK,OK,OK,286848,2026-06-05 15:55:53,11014086.0,BABU        ,13616,104339022021,104319220151,160HP Z101  ,AUTOMODE,BV141A,24,1,298515,OK,CA1,0,0,1020104313020080004674879488,OK,OK,0.39,0.434,0.5,0.39,0.441,0.5,OK,,00200045104311520066-7261530454A,OK,OK,202.9,145.2,52.6,146.3,0.0,2.24609,52.1172,53.3529,0.204193,2.36861,55.5135,55.8192,57.7683,2.12358,57.5645,0.326706,0,0,0,0,05ACA004,287370,2026-06-05 15:56:31,11014086.0,BABU        ,13616.0,104339022021,104319220151,160HP Z101  ,AUTOMODE,BV141B,30,1.0,298515.0,OK,,,,00200045104311520066-7261530454A,OK,OK,,OK,OK,287521,2026-06-05 15:58:23,11014086.0,BABU        ,13616,104339022021,104319220151,,AUTOMODE,BV141D,34,1,298515,OK,CA13,,,0020007910431251065004261497250A,,0,146.0,4.0,-113.55,50.1,134,19.6,-223.2,59.6,-216.052,-106.71,0.198951,0.972542,45.0,40.0504,5.0,20.3103,52.1515,52.1672,0,0,0,0,0,0,0,0,0,0,0,3.45,0,20.0,0,355743
5034653,1,0020007910431251065004261497356C,2026-06-09 17:51:47,304212, , ,104319220140,0,0,0,0,57000,110000,0,0,120000,0,0,0,1,1:14,1002,503,"65,03     ",100,"9,29      ",128,"36,94     ",69,"3,56      ",134,0         ,0,0         ,0,0,0,0,0,"26,04     ",170,0         ,0,"14,1      ",229,0         ,0,"4,12      ",59,0         ,0,0,0,0,0,0,0,0,0,0,0,0,0,UCX31_x0001_|_x0007_:, ,"1,33      ","4,99      ","46,41     ",14,"3,83      ",94,"65,03     ",1:56      ,3,2026-06-09 17:43:58,11014086.0,BABU        ,1,104339022020,104319220140,,AUTOMODE_TS1,BV141E2,34,1,,OK,,0,0,0020007910431251065004261497356C,1.15321,1.1561,1.14742,5,5,2.37126,7.73174,4.73054,1,1.2,1.2,1.2,1,1.2,0.5,12,0.5,12,0.5,12,290259,2026-06-09 17:41:30,11014981,MAREESWARAN ,13616,104339022020,104319220140,140HPW501   ,,AUTOMODE,BV141C,33,1,302305,OK,,0,0,9003102010431351065904261532742A,0020007910431251065004261497356C,00200045104311520066-7261532101A,OK,OK,OK,OK,291465,2026-06-09 17:39:50,11014981.0,MAREESWARAN ,13616,104339022020,104319220140,140HPW501   ,AUTOMODE,BV141A,23,1,302305,OK,CA1,0,0,300050104312999991395364110336,OK,OK,0.39,0.45,0.5,0.39,0.443,0.5,OK,,00200045104311520066-7261532101A,OK,OK,202.9,145.2,52.6,146.3,-0.0408401,1.02095,52.1222,53.0496,0.0408363,1.79688,55.5083,55.9185,57.6587,3.02201,57.4548,0.367542,0,0,0,0,05ACA001,292015,2026-06-09 17:40:26,11014981.0,MAREESWARAN ,13616.0,104339022020,104319220140,140HPW501   ,AUTOMODE,BV141B,28,1.0,302305.0,OK,,,,00200045104311520066-7261532101A,OK,OK,,OK,OK,292152,2026-06-09 17:42:54,11014981.0,MAREESWARAN ,13616,104339022020,104319220140,,AUTOMODE,BV141D,30,1,302305,OK,CA13,,,0020007910431251065004261497356C,,0,145.4,4.1,-113.55,50.1,134,19.6,-223.35,59.6,-223.35,-113.71,0.4504,1.46938,45.0,40.0,5.0,25.6856,51.6864,51.7609,0,0,0,0,0,0,0,0,0,0,0,1.7,0,20.0,0,361168
5034639,1,0020007910431251065004261497426C,2026-06-09 17:47:56,304212, , ,104319220140,0,0,0,0,57000,110000,0,0,120000,0,0,0,4,3:45,1002,503,"42,43     ",34,"8,59      ",53,"29,56     ",22,"5,57      ",18,0         ,0,0         ,0,0,0,0,0,"19,62     ",125,0         ,0,"2,8       ",128,0         ,0,"5,09      ",17,0         ,0,0,0,0,0,0,0,0,0,0,0,0,0,UCX31_x0001_|_x0007_:, ,"1,47      ","4,93      ","44,87     ",14,"3,7       ",94,"65,03     ",4:16      ,3,2026-06-12 17:17:47,11014981.0,MAREESWARAN ,1,104339022021,104319220151,,AUTOMODE_TS1,BV141E2,38,1,,OK,,0,0,0020007910431251065004261497426C,1.15937,1.15069,1.15195,5,5,2.62036,6.38204,3.92814,1,1.2,1.2,1.2,1,1.2,0.5,12,0.5,12,0.5,12,293525,2026-06-12 17:15:51,11014981,MAREESWARAN ,13616,104339022021,104319220151,160HP Z101  ,,AUTOMODE,BV141C,35,1,305742,OK,,0,0,9003102010431351065904261603462A,0020007910431251065004261497426C,00200045104311520066-7261602449B,OK,OK,OK,OK,294821,2026-06-12 17:14:15,11014981.0,MAREESWARAN ,13616,104339022021,104319220151,160HP Z101  ,AUTOMODE,BV141A,21,1,305742,OK,CA1,0,0,1020104313020080004674879488,OK,OK,0.39,0.437,0.5,0.39,0.442,0.5,OK,,00200045104311520066-7261602449B,OK,OK,202.9,145.2,52.6,146.3,0.0,1.67436,52.2063,53.2331,0.122517,1.55185,55.5032,55.7096,57.6587,4.77806,57.4549,0.245029,0,0,0,0,05ACA002,295414,2026-06-12 17:14:51,11014981.0,MAREESWARAN ,13616.0,104339022021,104319220151,160HP Z101  ,AUTOMODE,BV141B,28,1.0,305742.0,OK,,,,00200045104311520066-7261602449B,OK,OK,,OK,OK,295530,2026-06-12 17:16:37,11014981.0,MAREESWARAN ,13616,104339022021,104319220151,,AUTOMODE,BV141D,32,1,305742,OK,CA13,,,0020007910431251065004261497426C,,0,145.6,4.8,-113.55,50.1,134,19.6,-223.2,59.6,-223.2,-113.71,0.228735,1.38179,45.0,40.0,5.0,24.6829,51.9296,52.022,0,0,0,0,0,0,0,0,0,0,0,3.33,0,20.0,0,366136
5018402,1,0020007910431251065004261497896C,2026-06-04 20:58:25,304212, , ,104319220140,0,0,0,0,57000,110000,0,0,120000,0,0,0,3,3:05,1002,503,"70,6      ",248,"15,41     ",337,"39,11     ",232,"5,57      ",325,0         ,0,0         ,0,0,0,0,0,"25,67     ",335,0         ,0,"13,22     ",356,0         ,0,"1,01      ",184,0         ,0,0,0,0,0,0,0,0,0,0,0,0,0,UCX31_x0001_|_x0007_:, ,"1,54      ","4,86      ","44,73     ",14,"4,24      ",93,"64,88     ",3:37      ,3,2026-06-04 20:48:54,11014086.0,BABU        ,1,104339022020,104319220140,,AUTOMODE_TS1,BV141E,45,2,,OK,,0,0,0020007910431251065004261497896C,1.17598,1.17345,1.17092,5,5,3.5375,3.57,5.6375,1,1.2,1.2,1.2,1,1.2,0.5,12,0.5,12,0.5,12,284660,2026-06-04 20:46:16,11014086,BABU        ,13616,104339022020,104319220140,140HPW501   ,,AUTOMODE,BV141C,24,2,297484,OK,,0,0,9003102010431351065904261521767B,0020007910431251065004261497896C,00200045104311520066-7261530293A,OK,OK,OK,OK,285817,2026-06-04 20:44:22,11014086.0,BABU        ,13616,104339022020,104319220140,140HPW501   ,AUTOMODE,BV141A,23,2,297484,OK,CA1,0,0,300050104312999991395364110336,OK,OK,0.39,0.449,0.5,0.39,0.436,0.5,OK,,00200045104311520066-7261530293A,OK,OK,202.9,145.2,52.6,146.3,0.0,1.79688,52.0791,53.5161,0.122517,2.36861,55.771,56.0767,57.8169,2.65448,57.6131,0.408382,0,0,0,0,05ACA001,286343,2026-06-04 20:45:02,11014086.0,BABU        ,13616.0,104339022020,104319220140,140HPW501   ,AUTOMODE,BV141B,30,2.0,297484.0,OK,,,,00200045104311520066-7261530293A,OK,OK,,OK,OK,286498,2026-06-04 20:47:42,,,13616,104339022020,104319220140,,AUTOMODE,BV141D,35,2,297484,OK,CA13,,,0020007910431251065004261497896C,,0,145.2,6.3,-113.55,50.1,134,19.6,-223.2,59.6,-216.052,-106.71,0.078449,0.455891,45.0,40.0,5.0,22.3685,51.9821,52.0754,0,0,0,0,0,0,0,0,0,0,0,1.59,0,20.0,0,354625
5096093,1,0020007910431251065004261592020C,2026-06-28 05:03:12,314116, , ,104319220140,0,0,0,0,57000,110000,0,0,120000,0,0,0,3,2:56,1002,503,"58,07     ",30,3         ,169,"25,41     ",22,"0,25      ",171,0         ,0,0         ,0,0,0,0,0,"34,9      ",360,0         ,0,"17,79     ",353,0         ,0,"1,62      ",38,0         ,0,0,0,0,0,0,0,0,0,0,0,0,0,UCX31_x0001_|_x0007_:, ,"1,23      ","4,97      ","45,77     ",3,"4,64      ",93,"64,9      ",3:27      ,3,2026-06-28 02:16:58,11014981.0,MAREESWARAN ,1,104339022020,104319220140,,AUTOMODE_TS1,BV141E2,34,2,,OK,,0,0,0020007910431251065004261592020C,1.15283,1.15057,1.14994,5,5,3.52096,8.01437,5.23593,1,1.2,1.2,1.2,1,1.2,0.5,12,0.5,12,0.5,12,312661,2026-06-28 02:14:36,11014086,BABU        ,13616,104339022020,104319220140,140HPW501   ,,AUTOMODE,BV141C,25,2,321957,OK,,0,0,9003102010431351065904261758064B,0020007910431251065004261592020C,00200045104311520066-7261750543A,OK,OK,OK,OK,314056,2026-06-28 02:13:04,11014086.0,BABU        ,13616,104339022020,104319220140,140HPW501   ,AUTOMODE,BV141A,28,2,321957,OK,CA1,0,0,300050104312999991395364110336,OK,OK,0.39,0.429,0.5,0.39,0.414,0.5,OK,,00200045104311520066-7261750543A,OK,OK,202.9,145.2,52.6,146.3,-0.0408363,1.75604,52.9501,53.0545,0.122513,2.28693,55.317,55.7247,57.6789,9.35192,57.3706,0.367542,0,0,0,0,05ACA002,313818,2026-06-28 02:13:44,11014086.0,BABU        ,13616.0,104339022020,104319220140,140HPW501   ,AUTOMODE,BV141B,28,2.0,321957.0,OK,,,,00200045104311520066-7261750543A,OK,OK,,OK,OK,314860,2026-06-28 02:15:54,11014086.0,BABU        ,13616,104339022020,104319220140,,AUTOMODE,BV141D,31,2,321957,OK,CA13,,,0020007910431251065004261592020C,,0,147.3,3.7,-113.55,50.1,134,19.6,-223.35,59.6,-223.35,-113.71,0.986354,2.25371,45.0,40.0,5.0,26.0174,51.4205,51.539,0,0,0,0,0,0,0,0,0,0,0,1.63,0,20.0,0,390210
5026653,1,0020007910431251065202260962035B,2026-06-07 02:16:49,314116, , ,104319220141,0,0,0,0,57000,110000,0,0,120000,0,0,0,0,0:16,1002,503,0         ,0,"35,89     ",357,0         ,0,"13,24     ",22,0         ,0,0         ,0,0,0,0,0,0         ,0,0         ,0,0         ,0,0         ,0,0         ,0,0         ,0,0,0,0,0,0,0,0,0,0,0,0,0,UCX31_x0001_|_x0007_:, ,"1,2       ","5,03      ","45,19     ",3,"4,44      ",93,"65,53     ",0:47      ,3,2026-06-09 08:36:36,11014981.0,MAREESWARAN ,1,104339022046,104319220141,,AUTOMODE_TS1,BV141E2,38,1,,OK,,0,0,0020007910431251065202260962035B,1.14918,1.15057,1.14994,5,5,3.04072,6.59281,3.09461,1,1.2,1.2,1.2,1,1.2,0.5,12,0.5,12,0.5,12,289799,2026-06-09 08:34:34,11014086,BABU        ,13616,104339022046,104319220141,140HPW501   ,,AUTOMODE,BV141C,22,1,301829,OK,,0,0,9002102010431351067303261203561A,0020007910431251065202260962035B,0020004510431152006711261490078A,OK,OK,OK,OK,290997,2026-06-09 08:33:18,11014086.0,BABU        ,13616,104339022046,104319220141,140HPW501   ,AUTOMODE,BV141A,23,1,301829,OK,CA1,0,0,1020104313020080004674879488,OK,OK,0.39,0.413,0.5,0.39,0.412,0.5,OK,,0020004510431152006711261490078A,OK,OK,202.9,145.2,52.6,146.3,0.0,0.980114,52.084,53.1108,0.0816765,1.7152,55.274,55.9925,57.7403,4.32883,57.5365,0.285866,0,0,0,0,05ACA007,291541,2026-06-09 08:34:00,11014086.0,BABU        ,13616.0,104339022046,104319220141,140HPW501   ,AUTOMODE,BV141B,28,1.0,301829.0,OK,,,,0020004510431152006711261490078A,OK,OK,,OK,OK,291679,2026-06-09 08:35:32,11014086.0,BABU        ,13616,104339022046,104319220141,,AUTOMODE,BV141D,37,1,301829,OK,CA14,,,0020007910431251065202260962035B,,0,145.0,8.4,-113.55,50.0,134,18.6,-222.95,59.6,-222.95,-113.71,-0.0301552,-0.0226173,40.3043,40.0959,5.0,17.0534,52.3266,52.2609,0,0,0,0,0,0,0,0,0,0,0,2.14,0,20.0,0,360432
5026659,1,0020007910431251065202261320263B,2026-06-07 02:17:51,314116, , ,104319220141,0,0,0,0,57000,110000,0,0,120000,0,0,0,0,0:16,1002,503,0         ,0,"34,66     ",80,0         ,0,"23,57     ",56,0         ,0,0         ,0,0,0,0,0,0         ,0,0         ,0,0         ,0,0         ,0,0         ,0,0         ,0,0,0,0,0,0,0,0,0,0,0,0,0,UCX31_x0001_|_x0007_:, ,"1,14      ","4,91      ","45,13     ",3,"4,55      ",93,"65,46     ",1:02      ,3,2026-06-09 08:49:20,11014981.0,MAREESWARAN ,1,104339022046,104319220141,,AUTOMODE_TS1,BV141E,45,1,,OK,,0,0,0020007910431251065202261320263B,1.1708,1.17497,1.17497,5,5,4.775,6.72,4.9375,1,1.2,1.2,1.2,1,1.2,0.5,12,0.5,12,0.5,12,289812,2026-06-09 08:46:26,11014086,BABU        ,13616,104339022046,104319220141,140HPW501   ,,AUTOMODE,BV141C,18,1,301842,OK,,0,0,9002102010431351067303261203603A,0020007910431251065202261320263B,0020004510431152006711261510151A,OK,OK,OK,OK,291010,2026-06-09 08:45:12,11014086.0,BABU        ,13616,104339022046,104319220141,140HPW501   ,AUTOMODE,BV141A,23,1,301842,OK,CA1,0,0,1020104313020080004674879488,OK,OK,0.39,0.419,0.5,0.39,0.429,0.5,OK,,0020004510431152006711261510151A,OK,OK,202.9,145.2,52.6,146.3,-0.0408401,1.26598,52.1071,53.2332,0.0816765,1.96022,55.3989,56.0129,57.5569,2.00106,57.455,0.326702,0,0,0,0,05ACA003,291554,2026-06-09 08:45:54,11014086.0,BABU        ,13616.0,104339022046,104319220141,140HPW501   ,AUTOMODE,BV141B,28,1.0,301842.0,OK,,,,0020004510431152006711261510151A,OK,OK,,OK,OK,291692,2026-06-09 08:48:12,11014086.0,BABU        ,13616,104339022046,104319220141,,AUTOMODE,BV141D,37,1,301842,OK,CA14,,,0020007910431251065202261320263B,,0,145.3,8.6,-113.55,50.0,134,18.6,-222.95,59.6,-222.95,-113.71,0.61254,1.30426,45.0,40.5787,5.0,23.341,52.2342,52.2659,0,0,0,0,0,0,0,0,0,0,0,1.73,0,20.0,0,360445
5019927,1,0020007910431251065202261331471A,2026-06-05 08:37:48,314116, , ,104319220141,0,0,0,0,57000,110000,0,0,120000,0,0,0,1,1:13,1002,503,"15,93     ",110,"6,27      ",191,"3,02      ",88,"0,81      ",153,0         ,0,0         ,0,0,0,0,0,3         ,71,0         ,0,"6,63      ",65,0         ,0,"5,57      ",320,0         ,0,0,0,0,0,0,0,0,0,0,0,0,0,UCX31_x0001_|_x0007_:, ,"1,23      ","4,94      ","44,9      ",3,"4,11      ",93,"64,97     ",5:15      ,3,2026-06-04 22:46:03,11014086.0,BABU        ,1,104339022046,104319220141,,AUTOMODE_TS1,BV141E,45,2,,OK,,0,0,0020007910431251065202261331471A,1.17118,1.17282,1.17092,5,5,5.245,5.975,4.915,1,1.2,1.2,1.2,1,1.2,0.5,12,0.5,12,0.5,12,284783,2026-06-04 22:43:13,11014086,BABU        ,13616,104339022046,104319220141,140HPW501   ,,AUTOMODE,BV141C,20,2,297610,OK,,0,0,9002102010431351067303261479094A,0020007910431251065202261331471A,0020004510431152006711261530335B,OK,OK,OK,OK,285940,2026-06-04 22:42:03,11014086.0,BABU        ,13616,104339022046,104319220141,140HPW501   ,AUTOMODE,BV141A,23,2,297610,OK,CA1,0,0,1020104313020080004674879488,OK,OK,0.39,0.414,0.5,0.39,0.413,0.5,OK,,0020004510431152006711261530335B,OK,OK,202.9,145.2,52.6,146.3,-0.0408363,1.1843,52.2271,53.0552,0.0408401,1.34766,55.4196,55.6234,57.5725,8.73935,57.3687,0.163353,0,0,0,0,05ACA002,286466,2026-06-04 22:42:41,11014086.0,BABU        ,13616.0,104339022046,104319220141,140HPW501   ,AUTOMODE,BV141B,30,2.0,297610.0,OK,,,,0020004510431152006711261530335B,OK,OK,,OK,OK,286621,2026-06-04 22:44:53,,,13616,104339022046,104319220141,,AUTOMODE,BV141D,38,2,297610,OK,CA13,,,0020007910431251065202261331471A,,0,145.1,9.7,-113.55,50.0,134,18.6,-222.95,59.6,-216.052,-106.71,0.457684,0.836838,45.0,41.0519,5.0,23.1299,51.7167,51.7884,0,0,0,0,0,0,0,0,0,0,0,1.61,0,20.0,0,354766
5051730,1,0020007910431251065202261343313B,2026-06-14 07:48:15,314116, , ,104319220141,0,0,0,0,57000,110000,0,0,120000,0,0,0,2,2:35,1002,503,"64,12     ",338,"9,22      ",49,"30,04     ",325,"1,52      ",25,0         ,0,0         ,0,0,0,0,0,"48,75     ",305,0         ,0,"15,62     ",297,0         ,0,"5,36      ",245,0         ,0,0,0,0,0,0,0,0,0,0,0,0,0,UCX31_x0001_|_x0007_:, ,"1,28      ","4,84      ","45,1      ",3,"3,68      ",94,"65,03     ",4:27      ,3,2026-06-15 15:49:48,11014981.0,MAREESWARAN ,1,104339022046,104319220141,,AUTOMODE_TS1,BV141E2,38,1,,OK,,0,0,0020007910431251065202261343313B,1.1527,1.15006,1.14918,5,5,2.01796,5.30898,2.44192,1,1.2,1.2,1.2,1,1.2,0.5,12,0.5,12,0.5,12,296937,2026-06-15 15:47:36,11014981,MAREESWARAN ,13616,104339022046,104319220141,140HPW501   ,,AUTOMODE,BV141C,24,1,308435,OK,,0,0,9002102010431351067303261553966A,0020007910431251065202261343313B,0020004510431152006711261580149C,OK,OK,OK,OK,298260,2026-06-15 15:45:20,11014981.0,MAREESWARAN ,13616,104339022046,104319220141,140HPW501   ,AUTOMODE,BV141A,22,1,308435,OK,CA1,0,0,1020104313020080004674879488,OK,OK,0.39,0.448,0.5,0.39,0.447,0.5,OK,,0020004510431152006711261580149C,OK,OK,202.9,145.2,52.6,146.3,-0.0408363,1.55185,52.0941,53.2279,0.0816765,2.0419,55.4904,56.0076,56.2401,1.71424,57.6485,0.326706,0,0,0,0,05ACA005,298880,2026-06-15 15:46:26,11014981.0,MAREESWARAN ,13616.0,104339022046,104319220141,140HPW501   ,AUTOMODE,BV141B,29,1.0,308435.0,OK,,,,0020004510431152006711261580149C,OK,OK,,OK,OK,298986,2026-06-15 15:48:42,11014981.0,MAREESWARAN ,13616,104339022046,104319220141,,AUTOMODE,BV141D,32,1,308435,OK,CA13,,,0020007910431251065202261343313B,,0,145.4,4.2,-113.55,50.0,134,18.6,-222.95,59.6,-223.35,-113.71,0.30286,1.66057,45.0,40.0,5.0,18.1993,52.2722,52.2995,0,0,0,0,0,0,0,0,0,0,0,1.88,0,20.0,0,371406
5085234,1,0020007910431251065202261354529A,2026-06-25 00:05:41,314116, , ,104319220141,0,0,0,0,57000,110000,0,0,120000,0,0,0,1,1:13,1002,503,"41,71     ",141,"18,96     ",163,"21,11     ",105,"5,87      ",121,0         ,0,0         ,0,0,0,0,0,"34,95     ",86,0         ,0,"9,83      ",110,0         ,0,"1,47      ",359,0         ,0,0,0,0,0,0,0,0,0,0,0,0,0,UCX31_x0001_|_x0007_:, ,"1,38      ","4,96      ","45,1      ",3,"4,18      ",93,"64,88     ",1:44      ,3,2026-06-24 07:13:49,11014981.0,MAREESWARAN ,1,104339022046,104319220141,,AUTOMODE_TS1,BV141E2,38,2,,OK,,0,0,0020007910431251065202261354529A,1.1478,1.15358,1.16038,5,5,2.80838,6.26347,3.07545,1,1.2,1.2,1.2,1,1.2,0.5,12,0.5,12,0.5,12,305741,2026-06-24 07:11:57,11014981,MAREESWARAN ,13616,104339022046,104319220141,140HPW501   ,,AUTOMODE,BV141C,34,2,317420,OK,,0,0,9002102010431351067303261575027A,0020007910431251065202261354529A,0020004510431152006711261730032A,OK,OK,OK,OK,307092,2026-06-24 07:08:09,11014981.0,MAREESWARAN ,13616,104339022046,104319220141,140HPW501   ,AUTOMODE,BV141A,21,2,317420,OK,CA1,0,0,1020104313020080004674879488,OK,OK,0.39,0.404,0.5,0.39,0.413,0.5,OK,,0020004510431152006711261730032A,OK,OK,202.9,145.2,52.6,146.3,0.0,2.0419,52.0865,53.4164,0.204189,2.24609,55.6738,56.0866,56.2401,1.94106,57.7325,0.367542,0,0,0,0,05ACA003,307791,2026-06-24 07:08:57,11014981.0,MAREESWARAN ,13616.0,104339022046,104319220141,140HPW501   ,AUTOMODE,BV141B,30,2.0,317420.0,OK,,,,0020004510431152006711261730032A,OK,OK,,OK,OK,307864,2026-06-24 07:12:45,11014981.0,MAREESWARAN ,13616,104339022046,104319220141,,AUTOMODE,BV141D,36,2,317420,OK,CA13,,,0020007910431251065202261354529A,,0,145.0,8.6,-113.55,50.0,134,18.6,-222.95,59.6,-223.35,-113.71,1.25903,2.76005,45.0,40.0,5.0,24.4492,52.2981,52.3653,0,0,0,0,0,0,0,0,0,0,0,1.76,0,20.0,0,382457
5083369,1,0020007910431251065202261354887B,2026-06-24 11:36:29,314116, , ,104319220141,0,0,0,0,57000,110000,0,0,120000,0,0,0,1,1:23,1002,503,"58,3      ",308,"14,15     ",352,"40,36     ",293,"5,66      ",321,0         ,0,0         ,0,0,0,0,0,"66,48     ",276,0         ,0,"7,89      ",245,0         ,0,"4,2       ",159,0         ,0,0,0,0,0,0,0,0,0,0,0,0,0,UCX31_x0001_|_x0007_:, ,"1,3       ","4,95      ","45,19     ",3,"4,23      ",93,"64,88     ",1:54      ,3,2026-06-24 11:07:00,11014981.0,MAREESWARAN ,1,104339022046,104319220141,,AUTOMODE_TS1,BV141E,45,1,,OK,,0,0,0020007910431251065202261354887B,1.17522,1.17332,1.17408,5,5,3.6775,4.21,4.5525,1,1.2,1.2,1.2,1,1.2,0.5,12,0.5,12,0.5,12,305952,2026-06-24 11:04:40,11014981,MAREESWARAN ,13616,104339022046,104319220141,140HPW501   ,,AUTOMODE,BV141C,22,1,317633,OK,,0,0,9002102010431351067303261596897A,0020007910431251065202261354887B,0020004510431152006711261730177B,OK,OK,OK,OK,307303,2026-06-24 11:03:14,11014981.0,MAREESWARAN ,13616,104339022046,104319220141,140HPW501   ,AUTOMODE,BV141A,23,1,317633,OK,CA1,0,0,1020104313020080004674879488,OK,OK,0.39,0.404,0.5,0.39,0.415,0.5,OK,,0020004510431152006711261730177B,OK,OK,202.9,145.2,52.6,146.3,0.0,2.08274,52.1095,53.1465,0.163353,1.91939,55.6128,56.0256,56.2401,1.49818,57.669,0.285866,0,0,0,0,05ACA003,308003,2026-06-24 11:03:58,11014981.0,MAREESWARAN ,13616.0,104339022046,104319220141,140HPW501   ,AUTOMODE,BV141B,30,1.0,317633.0,OK,,,,0020004510431152006711261730177B,OK,OK,,OK,OK,308075,2026-06-24 11:05:50,11014981.0,MAREESWARAN ,13616,104339022046,104319220141,,AUTOMODE,BV141D,35,1,317633,OK,CA13,,,0020007910431251065202261354887B,,0,145.0,8.9,-113.55,50.0,134,18.6,-222.95,59.6,-223.35,-113.71,1.48889,3.93903,45.0,40.0,5.0,20.8079,52.2846,52.3346,0,0,0,0,0,0,0,0,0,0,0,1.74,0,20.0,0,382668
5085073,1,0020007910431251065202261354907B,2026-06-24 22:59:27,314116, , ,104319220141,0,0,0,0,57000,110000,0,0,120000,0,0,0,0,0:16,1002,503,0         ,0,"44,44     ",235,0         ,0,"27,26     ",245,0         ,0,0         ,0,0,0,0,0,0         ,0,0         ,0,0         ,0,0         ,0,0         ,0,0         ,0,0,0,0,0,0,0,0,0,0,0,0,0,UCX31_x0001_|_x0007_:, ,"1,26      ","4,97      ","45,16     ",3,"4,2       ",93,"65,43     ",11:54     ,3,2026-06-24 12:42:29,11014981.0,MAREESWARAN ,1,104339022046,104319220141,,AUTOMODE_TS1,BV141E2,38,1,,OK,,0,0,0020007910431251065202261354907B,1.15786,1.15509,1.14805,5,5,2.10539,5.09461,2.35928,1,1.2,1.2,1.2,1,1.2,0.5,12,0.5,12,0.5,12,306014,2026-06-24 12:39:49,11014981,MAREESWARAN ,13616,104339022046,104319220141,140HPW501   ,,AUTOMODE,BV141C,29,1,317695,OK,,0,0,9002102010431351067303261575385B,0020007910431251065202261354907B,0020004510431152006711261730259B,OK,OK,OK,OK,307365,2026-06-24 12:38:21,11014981.0,MAREESWARAN ,13616,104339022046,104319220141,140HPW501   ,AUTOMODE,BV141A,23,1,317695,OK,CA1,0,0,1020104313020080004674879488,OK,OK,0.39,0.414,0.5,0.39,0.411,0.5,OK,,0020004510431152006711261730259B,OK,OK,202.9,145.2,52.6,146.3,0.0,2.36861,52.0585,53.2815,0.204189,2.32777,55.544,55.9516,57.6944,1.75603,57.5924,0.326702,0,0,0,0,05ACA005,308065,2026-06-24 12:39:09,11014981.0,MAREESWARAN ,13616.0,104339022046,104319220141,140HPW501   ,AUTOMODE,BV141B,33,1.0,317695.0,OK,,,,0020004510431152006711261730259B,OK,OK,,OK,OK,308137,2026-06-24 12:41:25,11014981.0,MAREESWARAN ,13616,104339022046,104319220141,,AUTOMODE,BV141D,40,1,317695,OK,CA13,,,0020007910431251065202261354907B,,0,145.0,11.5,-113.55,50.0,134,18.6,-222.95,59.6,-223.35,-113.71,0.468534,2.13051,45.0,40.0,5.0,19.2322,52.3773,52.3499,0,0,0,0,0,0,0,0,0,0,0,1.8,0,20.0,0,382730
5083560,1,0020007910431251065202261354911B,2026-06-24 12:51:02,314116, , ,104319220141,0,0,0,0,57000,110000,0,0,120000,0,0,0,1,1:14,1002,503,"29,31     ",169,"11,15     ",200,"16,65     ",154,"5,32      ",155,0         ,0,0         ,0,0,0,0,0,"26,38     ",135,0         ,0,"5,43      ",108,0         ,0,"6,13      ",104,0         ,0,0,0,0,0,0,0,0,0,0,0,0,0,UCX31_x0001_|_x0007_:, ,"1,39      ","4,96      ","45,54     ",3,"4,31      ",93,"64,92     ",1:45      ,3,2026-06-24 11:25:40,11014981.0,MAREESWARAN ,1,104339022046,104319220141,,AUTOMODE_TS1,BV141E,45,1,,OK,,0,0,0020007910431251065202261354911B,1.17952,1.17396,1.17244,5,5,3.115,4.2175,4.5875,1,1.2,1.2,1.2,1,1.2,0.5,12,0.5,12,0.5,12,305972,2026-06-24 11:22:38,11014981,MAREESWARAN ,13616,104339022046,104319220141,140HPW501   ,,AUTOMODE,BV141C,21,1,317653,OK,,0,0,9002102010431351067303261575386B,0020007910431251065202261354911B,0020004510431152006711261730072A,OK,OK,OK,OK,307323,2026-06-24 11:21:12,11014981.0,MAREESWARAN ,13616,104339022046,104319220141,140HPW501   ,AUTOMODE,BV141A,26,1,317653,OK,CA1,0,0,1020104313020080004674879488,OK,OK,0.39,0.416,0.5,0.39,0.418,0.5,OK,,0020004510431152006711261730072A,OK,OK,202.9,145.2,52.6,146.3,0.0,2.49112,52.0788,53.0011,0.163353,2.08274,55.256,55.5617,57.6204,8.94353,57.2102,0.367542,0,0,0,0,05ACA006,308023,2026-06-24 11:21:58,11014981.0,MAREESWARAN ,13616.0,104339022046,104319220141,140HPW501   ,AUTOMODE,BV141B,33,1.0,317653.0,OK,,,,0020004510431152006711261730072A,OK,OK,,OK,OK,308095,2026-06-24 11:24:28,11014981.0,MAREESWARAN ,13616,104339022046,104319220141,,AUTOMODE,BV141D,41,1,317653,OK,CA13,,,0020007910431251065202261354911B,,0,145.4,12.7,-113.55,50.0,134,18.6,-222.95,59.6,-223.35,-113.71,0.326655,1.1384,45.0,40.0144,5.0,20.3706,51.8782,51.9329,0,0,0,0,0,0,0,0,0,0,0,1.77,0,20.0,0,382688
5083901,1,0020007910431251065202261354942B,2026-06-24 15:01:50,314116, , ,104319220141,0,0,0,0,57000,110000,0,0,120000,0,0,0,0,0:16,1002,503,0         ,0,"22,96     ",139,0         ,0,"11,37     ",167,0         ,0,0         ,0,0,0,0,0,0         ,0,0         ,0,0         ,0,0         ,0,0         ,0,0         ,0,0,0,0,0,0,0,0,0,0,0,0,0,UCX31_x0001_|_x0007_:, ,"1,26      ","4,97      ","45,13     ",3,"3,82      ",93,"65,53     ",4:17      ,3,2026-06-25 19:13:39,11014981.0,MAREESWARAN ,1,104339022046,104319220141,,AUTOMODE_TS1,BV141E,45,1,,OK,,0,0,0020007910431251065202261354942B,1.17699,1.17434,1.17396,5,5,4.5025,4.5525,6.1275,1,1.2,1.2,1.2,1,1.2,0.5,12,0.5,12,0.5,12,307525,2026-06-25 19:10:01,11014981,MAREESWARAN ,13616,104339022046,104319220141,140HPW501   ,,AUTOMODE,BV141C,19,1,319254,OK,,0,0,9002102010431351067303261574734A,0020007910431251065202261354942B,0020004510431152006711261712121A,OK,OK,OK,OK,308898,2026-06-25 19:07:43,11014981.0,MAREESWARAN ,13616,104339022046,104319220141,140HPW501   ,AUTOMODE,BV141A,41,1,319254,OK,CA1,0,0,1020104313020080004674879488,OK,OK,0.39,0.429,0.5,0.39,0.436,0.5,OK,,0020004510431152006711261712121A,OK,OK,202.9,145.2,52.6,146.3,0.0,1.30682,52.0307,53.06,0.0816765,2.12358,55.6282,55.9365,57.5799,2.12358,57.478,0.367542,0,0,0,0,05ACA001,309617,2026-06-25 19:08:27,11014981.0,MAREESWARAN ,13616.0,104339022046,104319220141,140HPW501   ,AUTOMODE,BV141B,29,1.0,319254.0,OK,,,,0020004510431152006711261712121A,OK,OK,,OK,OK,309678,2026-06-25 19:12:17,11014981.0,MAREESWARAN ,13616,104339022046,104319220141,,AUTOMODE,BV141D,41,1,319254,OK,CA13,,,0020007910431251065202261354942B,,0,145.4,12.1,-113.55,50.0,134,18.6,-222.95,59.6,-223.35,-113.71,0.497793,1.06301,45.0,40.5355,5.0,25.3388,52.0737,52.1718,0,0,0,0,0,0,0,0,0,0,0,1.82,0,20.0,0,384527
5084509,1,0020007910431251065202261354972B,2026-06-24 19:34:07,314116, , ,104319220141,0,0,0,0,57000,110000,0,0,120000,0,0,0,1,1:14,1002,503,"42,86     ",179,"15,45     ",201,"23,75     ",187,"4,31      ",221,0         ,0,0         ,0,0,0,0,0,"37,2      ",173,0         ,0,"14,85     ",114,0         ,0,"4,12      ",341,0         ,0,0,0,0,0,0,0,0,0,0,0,0,0,UCX31_x0001_|_x0007_:, ,"1,39      ","4,97      ","45,68     ",3,"3,97      ",94,"65,02     ",1:45      ,3,2026-06-25 18:20:22,11014981.0,MAREESWARAN ,1,104339022046,104319220141,,AUTOMODE_TS1,BV141E2,38,1,,OK,,0,0,0020007910431251065202261354972B,1.1522,1.16667,1.14981,5,5,2.54371,7.89581,3.83832,1,1.2,1.2,1.2,1,1.2,0.5,12,0.5,12,0.5,12,307494,2026-06-25 18:17:14,11014981,MAREESWARAN ,13616,104339022046,104319220141,140HPW501   ,,AUTOMODE,BV141C,23,1,319222,OK,,0,0,9002102010431351067303261574462A,0020007910431251065202261354972B,0020004510431152006711261740030A,OK,OK,OK,OK,308867,2026-06-25 18:15:22,11014981.0,MAREESWARAN ,13616,104339022046,104319220141,140HPW501   ,AUTOMODE,BV141A,22,1,319222,OK,CA1,0,0,1020104313020080004674879488,OK,OK,0.39,0.436,0.5,0.39,0.44,0.5,OK,,0020004510431152006711261740030A,OK,OK,202.9,145.2,52.6,146.3,-0.0408363,0.122513,52.2851,52.7947,0.0,1.26598,54.4406,55.4725,57.7324,11.843,57.2178,0.163353,0,0,0,0,05ACA008,309585,2026-06-25 18:16:02,11014981.0,MAREESWARAN ,13616.0,104339022046,104319220141,140HPW501   ,AUTOMODE,BV141B,29,1.0,319222.0,OK,,,,0020004510431152006711261740030A,OK,OK,,OK,OK,309646,2026-06-25 18:19:18,11014981.0,MAREESWARAN ,13616,104339022046,104319220141,,AUTOMODE,BV141D,42,1,319222,OK,CA13,,,0020007910431251065202261354972B,,0,145.2,12.7,-113.55,50.0,134,18.6,-222.95,59.6,-223.35,-113.71,0.991475,2.45797,45.0,40.0,5.0,22.2704,51.8393,51.9712,0,0,0,0,0,0,0,0,0,0,0,1.7,0,20.0,0,384496
5084528,1,0020007910431251065202261355034B,2026-06-24 19:41:16,314116, , ,104319220141,0,0,0,0,57000,110000,0,0,120000,0,0,0,2,2:05,1002,503,"75,88     ",115,"42,08     ",132,"63,19     ",108,"34,46     ",111,0         ,0,0         ,0,0,0,0,0,"105,54    ",90,0         ,0,"9,43      ",10,0         ,0,"1,11      ",114,0         ,0,0,0,0,0,0,0,0,0,0,0,0,0,UCX31_x0001_|_x0007_:, ,"1,4       ","4,96      ","45,68     ",3,"4,65      ",93,"64,97     ",3:01      ,3,2026-06-25 18:19:48,11014981.0,MAREESWARAN ,1,104339022046,104319220141,,AUTOMODE_TS1,BV141E,45,1,,OK,,0,0,0020007910431251065202261355034B,1.17851,1.1775,1.17762,5,5,4.585,4.975,6.6625,1,1.2,1.2,1.2,1,1.2,0.5,12,0.5,12,0.5,12,307493,2026-06-25 18:16:20,11014981,MAREESWARAN ,13616,104339022046,104319220141,140HPW501   ,,AUTOMODE,BV141C,21,1,319221,OK,,0,0,9002102010431351067303261574146A,0020007910431251065202261355034B,0020004510431152006711261740296A,OK,OK,OK,OK,308866,2026-06-25 18:14:26,11014981.0,MAREESWARAN ,13616,104339022046,104319220141,140HPW501   ,AUTOMODE,BV141A,22,1,319221,OK,CA1,0,0,1020104313020080004674879488,OK,OK,0.39,0.451,0.5,0.39,0.445,0.5,OK,,0020004510431152006711261740296A,OK,OK,202.9,145.2,52.6,146.3,0.0408363,3.02201,52.0637,53.1873,0.285866,2.98118,55.437,55.8472,57.5951,2.5728,57.4932,0.449215,0,0,0,0,05ACA004,309584,2026-06-25 18:15:08,11014981.0,MAREESWARAN ,13616.0,104339022046,104319220141,140HPW501   ,AUTOMODE,BV141B,29,1.0,319221.0,OK,,,,0020004510431152006711261740296A,OK,OK,,OK,OK,309645,2026-06-25 18:18:24,11014981.0,MAREESWARAN ,13616,104339022046,104319220141,,AUTOMODE,BV141D,41,1,319221,OK,CA13,,,0020007910431251065202261355034B,,0,145.2,12.3,-113.55,50.0,134,18.6,-222.95,59.6,-223.35,-113.71,0.604572,2.14856,45.0,40.0,5.0,21.1245,52.2361,52.3172,0,0,0,0,0,0,0,0,0,0,0,1.79,0,20.0,0,384495
5084871,1,0020007910431251065202261355035B,2026-06-24 21:52:27,314116, , ,104319220141,0,0,0,0,57000,110000,0,0,120000,0,0,0,1,1:20,1002,503,"48,93     ",248,"20,96     ",288,"21,93     ",200,"4,41      ",259,0         ,0,0         ,0,0,0,0,0,"35,37     ",171,0         ,0,"19,19     ",241,0         ,0,"4,18      ",129,0         ,0,0,0,0,0,0,0,0,0,0,0,0,0,UCX31_x0001_|_x0007_:, ,"1,36      ","4,97      ","45,48     ",3,"4,17      ",93,"65,03     ",1:51      ,3,2026-06-25 18:21:36,11014981.0,MAREESWARAN ,1,104339022046,104319220141,,AUTOMODE_TS1,BV141E,45,1,,OK,,0,0,0020007910431251065202261355035B,1.17851,1.17396,1.17434,5,5,3.99,3.755,4.095,1,1.2,1.2,1.2,1,1.2,0.5,12,0.5,12,0.5,12,307495,2026-06-25 18:18:06,11014981,MAREESWARAN ,13616,104339022046,104319220141,140HPW501   ,,AUTOMODE,BV141C,26,1,319223,OK,,0,0,9002102010431351067303261574180A,0020007910431251065202261355035B,0020004510431152006711261740020A,OK,OK,OK,OK,308868,2026-06-25 18:16:00,11014981.0,MAREESWARAN ,13616,104339022046,104319220141,140HPW501   ,AUTOMODE,BV141A,22,1,319223,OK,CA1,0,0,1020104313020080004674879488,OK,OK,0.39,0.438,0.5,0.39,0.45,0.5,OK,,0020004510431152006711261740020A,OK,OK,202.9,145.2,52.6,146.3,0.0,2.12358,52.0507,53.3832,0.163353,1.87855,55.6482,56.061,56.2401,1.60646,57.5999,0.326706,0,0,0,0,05ACA010,309586,2026-06-25 18:16:42,11014981.0,MAREESWARAN ,13616.0,104339022046,104319220141,140HPW501   ,AUTOMODE,BV141B,29,1.0,319223.0,OK,,,,0020004510431152006711261740020A,OK,OK,,OK,OK,309647,2026-06-25 18:20:16,11014981.0,MAREESWARAN ,13616,104339022046,104319220141,,AUTOMODE,BV141D,41,1,319223,OK,CA13,,,0020007910431251065202261355035B,,0,145.2,12.0,-113.55,50.0,134,18.6,-222.95,59.6,-223.35,-113.71,0.991689,2.3029,45.0,40.0,5.0,23.0771,52.2787,52.3472,0,0,0,0,0,0,0,0,0,0,0,1.84,0,20.0,0,384497
5084050,1,0020007910431251065202261355042B,2026-06-24 15:58:32,314116, , ,104319220141,0,0,0,0,57000,110000,0,0,120000,0,0,0,0,0:16,1002,503,0         ,0,"19,74     ",342,0         ,0,"10,19     ",353,0         ,0,0         ,0,0,0,0,0,0         ,0,0         ,0,0         ,0,0         ,0,0         ,0,0         ,0,0,0,0,0,0,0,0,0,0,0,0,0,UCX31_x0001_|_x0007_:, ,"1,26      ","4,97      ","45,13     ",3,"3,6       ",93,"65,53     ",0:47      ,3,2026-06-25 18:57:03,11014981.0,MAREESWARAN ,1,104339022046,104319220141,,AUTOMODE_TS1,BV141E,45,1,,OK,,0,0,0020007910431251065202261355042B,1.17876,1.17699,1.17813,5,5,4.545,4.86,6.7825,1,1.2,1.2,1.2,1,1.2,0.5,12,0.5,12,0.5,12,307507,2026-06-24 14:10:26,11014981,MAREESWARAN ,13616,104339022046,104319220141,140HPW501   ,,AUTOMODE,BV141C,20,1,317794,OK,,0,0,9002102010431351067303261574687A,0020007910431251065202261355042B,0020004510431152006711261730115A,OK,OK,OK,OK,307464,2026-06-24 14:07:46,11014981.0,MAREESWARAN ,13616,104339022046,104319220141,140HPW501   ,AUTOMODE,BV141A,23,1,317794,OK,CA1,0,0,1020104313020080004674879488,OK,OK,0.39,0.396,0.5,0.39,0.407,0.5,OK,,0020004510431152006711261730115A,OK,OK,202.9,145.2,52.6,146.3,0.0,4.77805,52.1146,53.3452,0.449219,3.47123,55.3963,55.9058,56.2401,2.73783,57.4473,0.612572,0,0,0,0,05ACA004,308164,2026-06-24 14:08:32,11014981.0,MAREESWARAN ,13616.0,104339022046,104319220141,140HPW501   ,AUTOMODE,BV141B,33,1.0,317794.0,OK,,,,0020004510431152006711261730115A,OK,OK,,OK,OK,308236,2026-06-24 14:12:24,11014981.0,MAREESWARAN ,13616,104339022046,104319220141,,AUTOMODE,BV141D,41,1,317794,OK,CA13,,,0020007910431251065202261355042B,,0,145.3,11.9,-113.55,50.0,134,18.6,-222.95,59.6,-223.35,-113.71,0.583949,2.33712,45.0,40.111,5.0,20.6194,52.2735,52.1566,0,0,0,0,0,0,0,0,0,0,0,1.71,0,20.0,0,382834
5084996,1,0020007910431251065202261355102B,2026-06-24 22:32:31,314116, , ,104319220141,0,0,0,0,57000,110000,0,0,120000,0,0,0,4,3:43,1002,503,"67,25     ",214,"16,25     ",211,"47,3      ",192,"13,12     ",188,0         ,0,0         ,0,0,0,0,0,"71,19     ",174,0         ,0,"12,7      ",184,0         ,0,"2,21      ",52,0         ,0,0,0,0,0,0,0,0,0,0,0,0,0,UCX31_x0001_|_x0007_:, ,"1,36      ","4,95      ","45,42     ",3,"4,56      ",93,"65,08     ",5:11      ,3,2026-06-25 18:11:02,11014981.0,MAREESWARAN ,1,104339022046,104319220141,,AUTOMODE_TS1,BV141E,45,1,,OK,,0,0,0020007910431251065202261355102B,1.17573,1.17484,1.1756,5,5,4.5425,5.655,7.125,1,1.2,1.2,1.2,1,1.2,0.5,12,0.5,12,0.5,12,307483,2026-06-25 18:07:24,11014981,MAREESWARAN ,13616,104339022046,104319220141,140HPW501   ,,AUTOMODE,BV141C,20,1,319211,OK,,0,0,9002102010431351067303261574465A,0020007910431251065202261355102B,0020004510431152006711261730028A,OK,OK,OK,OK,308856,2026-06-25 18:06:08,11014981.0,MAREESWARAN ,13616,104339022046,104319220141,140HPW501   ,AUTOMODE,BV141A,21,1,319211,OK,CA1,0,0,1020104313020080004674879488,OK,OK,0.39,0.439,0.5,0.39,0.44,0.5,OK,,0020004510431152006711261730028A,OK,OK,202.9,145.2,52.6,146.3,-0.0408363,2.94034,52.1701,53.4058,0.285866,2.85867,55.5562,56.0709,56.2401,2.38404,57.6073,0.449219,0,0,0,0,05ACA005,309574,2026-06-25 18:06:52,11014981.0,MAREESWARAN ,13616.0,104339022046,104319220141,140HPW501   ,AUTOMODE,BV141B,29,1.0,319211.0,OK,,,,0020004510431152006711261730028A,OK,OK,,OK,OK,309635,2026-06-25 18:09:38,11014981.0,MAREESWARAN ,13616,104339022046,104319220141,,AUTOMODE,BV141D,42,1,319211,OK,CA13,,,0020007910431251065202261355102B,,0,145.0,12.9,-113.55,50.0,134,18.6,-222.95,59.6,-223.35,-113.71,1.17476,2.97464,45.0,40.0,5.0,21.0642,52.1173,52.3627,0,0,0,0,0,0,0,0,0,0,0,2.22,0,20.0,0,384485
5083687,1,0020007910431251065202261355147B,2026-06-24 13:31:24,314116, , ,104319220141,0,0,0,0,57000,110000,0,0,120000,0,0,0,2,2:10,1002,503,"47,58     ",274,"2,35      ",345,"24,78     ",264,"1,71      ",345,0         ,0,0         ,0,0,0,0,0,"37,84     ",242,0         ,0,"11,31     ",233,0         ,0,"7,19      ",142,0         ,0,0,0,0,0,0,0,0,0,0,0,0,0,UCX31_x0001_|_x0007_:, ,"1,39      ","4,95      ","45,42     ",3,"3,57      ",93,"64,88     ",2:41      ,3,2026-06-24 13:09:43,11014981.0,MAREESWARAN ,1,104339022046,104319220141,,AUTOMODE_TS1,BV141E2,38,1,,OK,,0,0,0020007910431251065202261355147B,1.15912,1.14918,1.14679,5,5,2.02635,5.09581,2.26228,1,1.2,1.2,1.2,1,1.2,0.5,12,0.5,12,0.5,12,306044,2026-06-24 13:06:51,11014981,MAREESWARAN ,13616,104339022046,104319220141,140HPW501   ,,AUTOMODE,BV141C,19,1,317725,OK,,0,0,9002102010431351067303261574487A,0020007910431251065202261355147B,0020004510431152006711261730423B,OK,OK,OK,OK,307395,2026-06-24 13:04:11,11014981.0,MAREESWARAN ,13616,104339022046,104319220141,140HPW501   ,AUTOMODE,BV141A,32,1,317725,OK,CA1,0,0,1020104313020080004674879488,OK,OK,0.39,0.415,0.5,0.39,0.417,0.5,OK,,0020004510431152006711261730423B,OK,OK,202.9,145.2,52.6,146.3,0.0,2.45028,52.1143,53.0392,0.163353,2.0419,55.4036,55.6074,57.6585,10.2912,57.1438,0.367542,0,0,0,0,05ACA006,308095,2026-06-24 13:05:05,11014981.0,MAREESWARAN ,13616.0,104339022046,104319220141,140HPW501   ,AUTOMODE,BV141B,33,1.0,317725.0,OK,,,,0020004510431152006711261730423B,OK,OK,,OK,OK,308167,2026-06-24 13:08:35,11014981.0,MAREESWARAN ,13616,104339022046,104319220141,,AUTOMODE,BV141D,41,1,317725,OK,CA13,,,0020007910431251065202261355147B,,0,145.3,12.4,-113.55,50.0,134,18.6,-222.95,59.6,-223.35,-113.71,0.70407,1.08562,45.0,41.6723,5.0,22.7152,51.9022,51.8725,0,0,0,0,0,0,0,0,0,0,0,1.75,0,20.0,0,382760
5085138,1,0020007910431251065202261355168B,2026-06-24 23:26:46,314116, , ,104319220141,0,0,0,0,57000,110000,0,0,120000,0,0,0,1,1:27,1002,503,"73,14     ",246,"33,63     ",266,"42,89     ",239,"15,95     ",255,0         ,0,0         ,0,0,0,0,0,"66,48     ",219,0         ,0,"17,84     ",197,0         ,0,"4,07      ",58,0         ,0,0,0,0,0,0,0,0,0,0,0,0,0,UCX31_x0001_|_x0007_:, ,"1,31      ","4,98      ","45,48     ",3,"4,57      ",93,"64,88     ",4:23      ,3,2026-06-24 13:00:11,11014981.0,MAREESWARAN ,1,104339022046,104319220141,,AUTOMODE_TS1,BV141E,45,1,,OK,,0,0,0020007910431251065202261355168B,1.17686,1.1737,1.17585,5,5,3.89,5.4925,4.57,1,1.2,1.2,1.2,1,1.2,0.5,12,0.5,12,0.5,12,306033,2026-06-24 12:57:03,11014981,MAREESWARAN ,13616,104339022046,104319220141,140HPW501   ,,AUTOMODE,BV141C,26,1,317714,OK,,0,0,9002102010431351067303261574473A,0020007910431251065202261355168B,0020004510431152006711261730175B,OK,OK,OK,OK,307384,2026-06-24 12:55:35,11014981.0,MAREESWARAN ,13616,104339022046,104319220141,140HPW501   ,AUTOMODE,BV141A,23,1,317714,OK,CA1,0,0,1020104313020080004674879488,OK,OK,0.39,0.41,0.5,0.39,0.415,0.5,OK,,0020004510431152006711261730175B,OK,OK,202.9,145.2,52.6,146.3,0.0,2.24609,52.0505,53.1843,0.204189,1.75603,55.2379,55.75,57.6966,4.00213,57.3908,0.245026,0,0,0,0,05ACA004,308084,2026-06-24 12:56:21,11014981.0,MAREESWARAN ,13616.0,104339022046,104319220141,140HPW501   ,AUTOMODE,BV141B,33,1.0,317714.0,OK,,,,0020004510431152006711261730175B,OK,OK,,OK,OK,308156,2026-06-24 12:58:55,11014981.0,MAREESWARAN ,13616,104339022046,104319220141,,AUTOMODE,BV141D,41,1,317714,OK,CA13,,,0020007910431251065202261355168B,,0,145.1,11.9,-113.55,50.0,134,18.6,-222.95,59.6,-223.35,-113.71,0.173401,0.640823,44.9509,40.0859,5.0,22.3383,52.1829,52.2738,0,0,0,0,0,0,0,0,0,0,0,1.73,0,20.0,0,382749
5084976,1,0020007910431251065202261355179B,2026-06-24 22:25:37,314116, , ,104319220141,0,0,0,0,57000,110000,0,0,120000,0,0,0,1,1:25,1002,503,"54,81     ",311,"18,26     ",338,"37,5      ",302,"9,66      ",297,0         ,0,0         ,0,0,0,0,0,"59,28     ",284,0         ,0,"10,11     ",246,0         ,0,"2,57      ",285,0         ,0,0,0,0,0,0,0,0,0,0,0,0,0,UCX31_x0001_|_x0007_:, ,"1,3       ","4,96      ","45,48     ",3,"4,49      ",93,"64,88     ",1:56      ,3,2026-06-25 18:09:48,11014981.0,MAREESWARAN ,1,104339022046,104319220141,,AUTOMODE_TS1,BV141E2,38,1,,OK,,0,0,0020007910431251065202261355179B,1.16101,1.15283,1.16403,5,5,2.98323,7.44671,3.80359,1,1.2,1.2,1.2,1,1.2,0.5,12,0.5,12,0.5,12,307482,2026-06-25 18:06:42,11014981,MAREESWARAN ,13616,104339022046,104319220141,140HPW501   ,,AUTOMODE,BV141C,22,1,319210,OK,,0,0,9002102010431351067303261574492A,0020007910431251065202261355179B,0020004510431152006711261730389B,OK,OK,OK,OK,308855,2026-06-25 18:05:30,11014981.0,MAREESWARAN ,13616,104339022046,104319220141,140HPW501   ,AUTOMODE,BV141A,22,1,319210,OK,CA1,0,0,1020104313020080004674879488,OK,OK,0.39,0.438,0.5,0.39,0.443,0.5,OK,,0020004510431152006711261730389B,OK,OK,202.9,145.2,52.6,146.3,0.0,1.51101,52.0553,52.9802,0.122513,2.49112,55.0312,55.6427,57.7957,18.663,57.1816,0.449219,0,0,0,0,05ACA006,309573,2026-06-25 18:06:08,11014981.0,MAREESWARAN ,13616.0,104339022046,104319220141,140HPW501   ,AUTOMODE,BV141B,29,1.0,319210.0,OK,,,,0020004510431152006711261730389B,OK,OK,,OK,OK,309634,2026-06-25 18:08:44,11014981.0,MAREESWARAN ,13616,104339022046,104319220141,,AUTOMODE,BV141D,42,1,319210,OK,CA13,,,0020007910431251065202261355179B,,0,145.2,13.5,-113.55,50.0,134,18.6,-222.95,59.6,-223.35,-113.71,0.861373,1.64352,45.0,40.5254,5.0,24.6302,51.845,51.9381,0,0,0,0,0,0,0,0,0,0,0,1.85,0,20.0,0,384484
5084332,1,0020007910431251065202261355180B,2026-06-24 18:10:22,314116, , ,104319220141,0,0,0,0,57000,110000,0,0,120000,0,0,0,2,2:09,1002,503,"40,3      ",53,"8,15      ",90,"39,74     ",38,"8,9       ",57,0         ,0,0         ,0,0,0,0,0,"67,11     ",18,0         ,0,"5,43      ",230,0         ,0,"4,31      ",328,0         ,0,0,0,0,0,0,0,0,0,0,0,0,0,UCX31_x0001_|_x0007_:, ,"1,42      ","4,96      ","45,68     ",3,"4,01      ",93,"64,88     ",7:40      ,3,2026-06-25 18:09:02,11014981.0,MAREESWARAN ,1,104339022046,104319220141,,AUTOMODE_TS1,BV141E,45,1,,OK,,0,0,0020007910431251065202261355180B,1.17332,1.17547,1.17408,5,5,4.12,4.3075,4.1875,1,1.2,1.2,1.2,1,1.2,0.5,12,0.5,12,0.5,12,307481,2026-06-25 18:06:02,11014981,MAREESWARAN ,13616,104339022046,104319220141,140HPW501   ,,AUTOMODE,BV141C,20,1,319209,OK,,0,0,9002102010431351067303261574469A,0020007910431251065202261355180B,0020004510431152006711261730397B,OK,OK,OK,OK,308854,2026-06-25 18:04:50,11014981.0,MAREESWARAN ,13616,104339022046,104319220141,140HPW501   ,AUTOMODE,BV141A,22,1,319209,OK,CA1,0,0,1020104313020080004674879488,OK,OK,0.39,0.449,0.5,0.39,0.431,0.5,OK,,0020004510431152006711261730397B,OK,OK,202.9,145.2,52.6,146.3,0.0,2.40944,52.4808,53.5051,0.245026,2.8995,55.658,56.1727,56.2401,2.71036,57.6071,0.571732,0,0,0,0,05ACA010,309572,2026-06-25 18:05:28,11014981.0,MAREESWARAN ,13616.0,104339022046,104319220141,140HPW501   ,AUTOMODE,BV141B,29,1.0,319209.0,OK,,,,0020004510431152006711261730397B,OK,OK,,OK,OK,309633,2026-06-25 18:07:50,11014981.0,MAREESWARAN ,13616,104339022046,104319220141,,AUTOMODE,BV141D,41,1,319209,OK,CA13,,,0020007910431251065202261355180B,,0,145.1,12.0,-113.55,50.0,134,18.6,-222.95,59.6,-223.35,-113.71,0.439467,1.99171,45.0,40.0,5.0,20.7928,52.2729,52.3528,0,0,0,0,0,0,0,0,0,0,0,1.85,0,20.0,0,384483
5083742,1,0020007910431251065202261355226B,2026-06-24 13:48:57,314116, , ,104319220141,0,0,0,0,57000,110000,0,0,120000,0,0,0,1,1:09,1002,503,"33,03     ",141,"6,6       ",211,"14,47     ",132,"2,28      ",182,0         ,0,0         ,0,0,0,0,0,"21,75     ",115,0         ,0,"9,56      ",80,0         ,0,"6,15      ",19,0         ,0,0,0,0,0,0,0,0,0,0,0,0,0,UCX31_x0001_|_x0007_:, ,"1,28      ","4,96      ","45,48     ",3,"4,37      ",93,"65,03     ",1:40      ,3,2026-06-24 13:04:25,11014981.0,MAREESWARAN ,1,104339022046,104319220141,,AUTOMODE_TS1,BV141E2,38,1,,OK,,0,0,0020007910431251065202261355226B,1.14981,1.15472,1.14943,5,5,2.4515,6.29581,2.63713,1,1.2,1.2,1.2,1,1.2,0.5,12,0.5,12,0.5,12,306038,2026-06-24 13:01:15,11014981,MAREESWARAN ,13616,104339022046,104319220141,140HPW501   ,,AUTOMODE,BV141C,19,1,317719,OK,,0,0,9002102010431351067303261574345A,0020007910431251065202261355226B,0020004510431152006711261732083A,OK,OK,OK,OK,307389,2026-06-24 12:59:23,11014981.0,MAREESWARAN ,13616,104339022046,104319220141,140HPW501   ,AUTOMODE,BV141A,22,1,317719,OK,CA1,0,0,1020104313020080004674879488,OK,OK,0.39,0.412,0.5,0.39,0.405,0.5,OK,,0020004510431152006711261732083A,OK,OK,202.9,145.2,52.6,146.3,-0.0408401,2.00106,52.2213,53.3449,0.163353,2.20525,55.5055,56.0202,56.2401,1.73434,57.6559,0.285866,0,0,0,0,05ACA005,308089,2026-06-24 13:00:15,11014981.0,MAREESWARAN ,13616.0,104339022046,104319220141,140HPW501   ,AUTOMODE,BV141B,33,1.0,317719.0,OK,,,,0020004510431152006711261732083A,OK,OK,,OK,OK,308161,2026-06-24 13:03:19,11014981.0,MAREESWARAN ,13616,104339022046,104319220141,,AUTOMODE,BV141D,41,1,317719,OK,CA13,,,0020007910431251065202261355226B,,0,145.4,11.9,-113.55,50.0,134,18.6,-222.95,59.6,-223.35,-113.71,1.08347,2.6236,45.0,40.0401,5.0,20.152,52.23,52.3144,0,0,0,0,0,0,0,0,0,0,0,1.67,0,20.0,0,382754
5085205,1,0020007910431251065202261355230B,2026-06-24 23:55:13,314116, , ,104319220141,0,0,0,0,57000,110000,0,0,120000,0,0,0,0,0:16,1002,503,0         ,0,"49,39     ",228,0         ,0,"36,91     ",213,0         ,0,0         ,0,0,0,0,0,0         ,0,0         ,0,0         ,0,0         ,0,0         ,0,0         ,0,0,0,0,0,0,0,0,0,0,0,0,0,UCX31_x0001_|_x0007_:, ,"1,24      ","4,98      ","45,13     ",3,"5,01      ",94,"65,53     ",0:47      ,3,2026-06-24 12:53:57,11014981.0,MAREESWARAN ,1,104339022046,104319220141,,AUTOMODE_TS1,BV141E2,38,1,,OK,,0,0,0020007910431251065202261355230B,1.1605,1.16377,1.14881,5,5,3.32934,6.98204,3.30898,1,1.2,1.2,1.2,1,1.2,0.5,12,0.5,12,0.5,12,306026,2026-06-24 12:51:03,11014981,MAREESWARAN ,13616,104339022046,104319220141,140HPW501   ,,AUTOMODE,BV141C,18,1,317707,OK,,0,0,9002102010431351067303261574299A,0020007910431251065202261355230B,0020004510431152006711261730276B,OK,OK,OK,OK,307377,2026-06-24 12:47:35,11014981.0,MAREESWARAN ,13616,104339022046,104319220141,140HPW501   ,AUTOMODE,BV141A,23,1,317707,OK,CA1,0,0,1020104313020080004674879488,OK,OK,0.39,0.416,0.5,0.39,0.409,0.5,OK,,0020004510431152006711261730276B,OK,OK,202.9,145.2,52.6,146.3,0.0408401,2.98118,52.0682,53.2988,0.245029,2.5728,55.6632,55.974,57.6225,2.32777,57.5206,0.490059,0,0,0,0,05ACA010,308077,2026-06-24 12:48:59,11014981.0,MAREESWARAN ,13616.0,104339022046,104319220141,140HPW501   ,AUTOMODE,BV141B,33,1.0,317707.0,OK,,,,0020004510431152006711261730276B,OK,OK,,OK,OK,308149,2026-06-24 12:52:51,11014981.0,MAREESWARAN ,13616,104339022046,104319220141,,AUTOMODE,BV141D,41,1,317707,OK,CA13,,,0020007910431251065202261355230B,,0,145.3,11.9,-113.55,50.0,134,18.6,-222.95,59.6,-223.35,-113.71,0.786823,2.84105,45.0,40.0,5.0,20.6948,52.3008,52.378,0,0,0,0,0,0,0,0,0,0,0,1.84,0,20.0,0,382742
5067540,1,0020007910431251065202261355541C,2026-06-19 06:08:05,314116, , ,104319220141,0,0,0,0,57000,110000,0,0,120000,0,0,0,2,2:29,1002,503,"51,1      ",216,"1,52      ",237,"19,76     ",201,"3,35      ",166,0         ,0,0         ,0,0,0,0,0,"32,31     ",193,0         ,0,"18,4      ",165,0         ,0,"0,91      ",240,0         ,0,0,0,0,0,0,0,0,0,0,0,0,0,UCX31_x0001_|_x0007_:, ,"1,36      ","4,92      ","45,02     ",3,"3,94      ",94,"64,93     ",6:47      ,3,2026-06-26 00:15:57,11014981.0,MAREESWARAN ,1,104339022046,104319220141,,AUTOMODE_TS1,BV141E,44,2,,OK,,0,0,0020007910431251065202261355541C,1.17446,1.17421,1.17636,5,5,4.795,5.87,5.07,1,1.2,1.2,1.2,1,1.2,0.5,12,0.5,12,0.5,12,307771,2026-06-26 00:14:05,11014981,MAREESWARAN ,13616,104339022046,104319220141,140HPW501   ,,AUTOMODE,BV141C,22,2,319515,OK,,0,0,9002102010431351067303261553852A,0020007910431251065202261355541C,0020004510431152006711261740293A,OK,OK,OK,OK,309146,2026-06-26 00:12:03,11014981.0,MAREESWARAN ,13616,104339022046,104319220141,140HPW501   ,AUTOMODE,BV141A,23,2,319515,OK,CA1,0,0,1020104313020080004674879488,OK,OK,0.39,0.422,0.5,0.39,0.416,0.5,OK,,0020004510431152006711261740293A,OK,OK,202.9,145.2,52.6,146.3,0.0,1.87855,52.367,52.7772,0.163353,2.85867,55.0397,55.3454,57.8194,14.375,57.4092,0.285866,0,0,0,0,05ACA008,309871,2026-06-26 00:12:51,11014981.0,MAREESWARAN ,13616.0,104339022046,104319220141,140HPW501   ,AUTOMODE,BV141B,29,2.0,319515.0,OK,,,,0020004510431152006711261740293A,OK,OK,,OK,OK,309926,2026-06-26 00:14:47,11014981.0,MAREESWARAN ,13616,104339022046,104319220141,,AUTOMODE,BV141D,31,2,319515,OK,CA13,,,0020007910431251065202261355541C,,0,147.0,3.5,-113.55,50.0,134,18.6,-222.95,59.6,-223.35,-113.71,0.547806,1.74046,45.0,40.0,5.0,22.4514,51.9199,51.9912,0,0,0,0,0,0,0,0,0,0,0,1.88,0,20.0,0,384796
5074619,1,0020007910431251065202261366699B,2026-06-21 09:04:28,314116, , ,104319220141,0,0,0,0,57000,110000,0,0,120000,0,0,0,2,2:20,1002,503,"36,67     ",81,"5,7       ",177,"20,93     ",53,"0,72      ",165,0         ,0,0         ,0,0,0,0,0,"34,59     ",35,0         ,0,"6,83      ",51,0         ,0,"5,85      ",357,0         ,0,0,0,0,0,0,0,0,0,0,0,0,0,UCX31_x0001_|_x0007_:, ,"1,36      ","4,85      ","44,9      ",3,"4,31      ",94,"65,03     ",2:51      ,3,2026-06-24 10:49:44,11014981.0,MAREESWARAN ,1,104339022046,104319220141,,AUTOMODE_TS1,BV141E2,38,1,,OK,,0,0,0020007910431251065202261366699B,1.14767,1.14717,1.1473,5,5,2.67305,5.91257,2.87066,1,1.2,1.2,1.2,1,1.2,0.5,12,0.5,12,0.5,12,305930,2026-06-24 10:47:36,11014981,MAREESWARAN ,13616,104339022046,104319220141,140HPW501   ,,AUTOMODE,BV141C,23,1,317611,OK,,0,0,9002102010431351067303261575472B,0020007910431251065202261366699B,0020004510431152006711261730060A,OK,OK,OK,OK,307281,2026-06-24 10:44:58,11014981.0,MAREESWARAN ,13616,104339022046,104319220141,140HPW501   ,AUTOMODE,BV141A,22,1,317611,OK,CA1,0,0,1020104313020080004674879488,OK,OK,0.39,0.411,0.5,0.39,0.409,0.5,OK,,0020004510431152006711261730060A,OK,OK,202.9,145.2,52.6,146.3,-0.0408363,2.73615,52.2267,53.2459,0.163353,2.36861,55.6128,55.9186,57.6613,2.94034,57.5594,0.326706,0,0,0,0,05ACA010,307981,2026-06-24 10:45:40,11014981.0,MAREESWARAN ,13616.0,104339022046,104319220141,140HPW501   ,AUTOMODE,BV141B,30,1.0,317611.0,OK,,,,0020004510431152006711261730060A,OK,OK,,OK,OK,308053,2026-06-24 10:48:40,11014981.0,MAREESWARAN ,13616,104339022046,104319220141,,AUTOMODE,BV141D,37,1,317611,OK,CA13,,,0020007910431251065202261366699B,,0,145.8,8.6,-113.55,50.0,134,18.6,-222.95,59.6,-223.35,-113.71,1.04972,3.31568,45.0,40.0,5.0,22.2327,52.1696,52.3322,0,0,0,0,0,0,0,0,0,0,0,1.87,0,20.0,0,382646
5051983,1,0020007910431251065202261366770B,2026-06-14 11:06:13,314116, , ,104319220141,0,0,0,0,57000,110000,0,0,120000,0,0,0,0,0:16,1002,503,0         ,0,"28,08     ",85,0         ,0,"15,22     ",51,0         ,0,0         ,0,0,0,0,0,0         ,0,0         ,0,0         ,0,0         ,0,0         ,0,0         ,0,0,0,0,0,0,0,0,0,0,0,0,0,UCX31_x0001_|_x0007_:, ,"1,28      ","4,82      ","45,39     ",3,"3,84      ",93,"65,53     ",0:47      ,3,2026-06-19 21:34:03,11014981.0,MAREESWARAN ,1,104339022046,104319220141,,AUTOMODE_TS1,BV141E2,38,2,,OK,,0,0,0020007910431251065202261366770B,1.15358,1.15887,1.15333,5,5,2.82754,6.90299,3.20479,1,1.2,1.2,1.2,1,1.2,0.5,12,0.5,12,0.5,12,301350,2026-06-19 21:32:15,11014981,MAREESWARAN ,13616,104339022046,104319220141,140HPW501   ,,AUTOMODE,BV141C,31,2,312861,OK,,0,0,9002102010431351067303261531747B,0020007910431251065202261366770B,0020004510431152006711261692083B,OK,OK,OK,OK,302633,2026-06-19 21:30:53,11014981.0,MAREESWARAN ,13616,104339022046,104319220141,140HPW501   ,AUTOMODE,BV141A,21,2,312861,OK,CA1,0,0,1020104313020080004674879488,OK,OK,0.39,0.438,0.5,0.39,0.46,0.5,OK,,0020004510431152006711261692083B,OK,OK,202.9,145.2,52.6,146.3,-0.0408363,2.16442,52.1884,53.4216,0.163353,2.0419,55.4853,55.9975,57.7402,4.04297,57.33,0.408382,0,0,0,0,05ACA001,303282,2026-06-19 21:31:31,11014981.0,MAREESWARAN ,13616.0,104339022046,104319220141,140HPW501   ,AUTOMODE,BV141B,31,2.0,312861.0,OK,,,,0020004510431152006711261692083B,OK,OK,,OK,OK,303383,2026-06-19 21:32:59,11014981.0,MAREESWARAN ,13616,104339022046,104319220141,,AUTOMODE,BV141D,31,2,312861,OK,CA14,,,0020007910431251065202261366770B,,0,145.7,6.1,-113.55,50.0,134,18.6,-222.95,59.6,-223.35,-113.71,1.63122,3.07442,45.0,40.0,5.0,25.4444,51.9299,52.2229,0,0,0,0,0,0,0,0,0,0,0,1.71,0,20.0,0,377401
5081253,1,0020007910431251065202261366862B,2026-06-23 21:02:40,314116, , ,104319220141,0,0,0,0,57000,110000,0,0,120000,0,0,0,0,0:16,1002,503,0         ,0,"32,04     ",236,0         ,0,"14,16     ",142,0         ,0,0         ,0,0,0,0,0,0         ,0,0         ,0,0         ,0,0         ,0,0         ,0,0         ,0,0,0,0,0,0,0,0,0,0,0,0,0,UCX31_x0001_|_x0007_:, ,"1,31      ","4,97      ","45,6      ",3,"3,97      ",93,"65,53     ",0:47      ,3,2026-06-24 09:12:05,11014981.0,MAREESWARAN ,1,104339022046,104319220141,,AUTOMODE_TS1,BV141E2,38,1,,OK,,0,0,0020007910431251065202261366862B,1.16642,1.16038,1.14453,5,5,2.29461,7.27425,3.25509,1,1.2,1.2,1.2,1,1.2,0.5,12,0.5,12,0.5,12,305840,2026-06-24 09:09:55,11014981,MAREESWARAN ,13616,104339022046,104319220141,140HPW501   ,,AUTOMODE,BV141C,48,1,317521,OK,,0,0,9002102010431351067303261575531B,0020007910431251065202261366862B,0020004510431152006711261730400B,OK,OK,OK,OK,307191,2026-06-24 09:07:47,11014981.0,MAREESWARAN ,13616,104339022046,104319220141,140HPW501   ,AUTOMODE,BV141A,22,1,317521,OK,CA1,0,0,1020104313020080004674879488,OK,OK,0.39,0.41,0.5,0.39,0.411,0.5,OK,,0020004510431152006711261730400B,OK,OK,202.9,145.2,52.6,146.3,-0.0408363,3.18537,52.4513,53.2691,0.285866,2.53196,55.3227,55.8348,57.6846,4.49219,57.3788,0.408382,0,0,0,0,05ACA004,307891,2026-06-24 09:08:27,11014981.0,MAREESWARAN ,13616.0,104339022046,104319220141,140HPW501   ,AUTOMODE,BV141B,30,1.0,317521.0,OK,,,,0020004510431152006711261730400B,OK,OK,,OK,OK,307963,2026-06-24 09:10:59,11014981.0,MAREESWARAN ,13616,104339022046,104319220141,,AUTOMODE,BV141D,37,1,317521,OK,CA13,,,0020007910431251065202261366862B,,0,145.4,8.6,-113.55,50.0,134,18.6,-222.95,59.6,-223.35,-113.71,0.905796,2.29188,45.0,40.0044,5.0,25.3012,51.9595,52.0499,0,0,0,0,0,0,0,0,0,0,0,1.77,0,20.0,0,382556
5063922,1,0020007910431251065202261366980C,2026-06-18 07:05:37,314116, , ,104319220141,0,0,0,0,57000,110000,0,0,120000,0,0,0,2,2:17,1002,503,"10,19     ",34,"2,82      ",142,"6,95      ",333,"1,44      ",267,0         ,0,0         ,0,0,0,0,0,"10,62     ",318,0         ,0,"2,37      ",34,0         ,0,"2,57      ",248,0         ,0,0,0,0,0,0,0,0,0,0,0,0,0,UCX31_x0001_|_x0007_:, ,"1,29      ","5,02      ","45,1      ",3,"3,9       ",93,"64,88     ",2:48      ,3,2026-06-18 20:52:56,11014981.0,MAREESWARAN ,1,104339022046,104319220141,,AUTOMODE_TS1,BV141E2,38,2,,OK,,0,0,0020007910431251065202261366980C,1.15472,1.14792,1.15145,5,5,2.55329,7.44311,3.81916,1,1.2,1.2,1.2,1,1.2,0.5,12,0.5,12,0.5,12,300741,2026-06-18 20:50:30,11014981,MAREESWARAN ,13616,104339022046,104319220141,140HPW501   ,,AUTOMODE,BV141C,17,2,312328,OK,,0,0,9002102010431351067303261542350A,0020007910431251065202261366980C,0020004510431152006711261652254C,OK,OK,OK,OK,302104,2026-06-18 20:48:42,11014981.0,MAREESWARAN ,13616,104339022046,104319220141,140HPW501   ,AUTOMODE,BV141A,23,2,312328,OK,CA1,0,0,1020104313020080004674879488,OK,OK,0.39,0.412,0.5,0.39,0.419,0.5,OK,,0020004510431152006711261652254C,OK,OK,202.9,145.2,52.6,146.3,-0.0816765,0.449219,52.8608,52.9628,0.0,1.30682,54.9119,55.7323,57.7757,11.9655,57.1642,0.204189,0,0,0,0,05ACA006,302752,2026-06-18 20:49:36,11014981.0,MAREESWARAN ,13616.0,104339022046,104319220141,140HPW501   ,AUTOMODE,BV141B,29,2.0,312328.0,OK,,,,0020004510431152006711261652254C,OK,OK,,OK,OK,302851,2026-06-18 20:51:52,11014981.0,MAREESWARAN ,13616,104339022046,104319220141,,AUTOMODE,BV141D,33,2,312328,OK,CA13,,,0020007910431251065202261366980C,,0,145.7,6.3,-113.55,50.0,134,18.6,-222.95,59.6,-223.35,-113.71,0.596131,2.68556,45.0,40.0,5.0,20.5591,51.9413,51.9605,0,0,0,0,0,0,0,0,0,0,0,1.75,0,20.0,0,376761
5081421,1,0020007910431251065202261377892C,2026-06-23 22:07:09,314116, , ,104319220141,0,0,0,0,57000,110000,0,0,120000,0,0,0,0,0:16,1002,503,0         ,0,"40,22     ",190,0         ,0,"32,81     ",174,0         ,0,0         ,0,0,0,0,0,0         ,0,0         ,0,0         ,0,0         ,0,0         ,0,0         ,0,0,0,0,0,0,0,0,0,0,0,0,0,UCX31_x0001_|_x0007_:, ,"1,28      ","4,97      ","45,28     ",3,"4,1       ",93,"65,46     ",6:23      ,3,2026-06-23 13:44:49,11014981.0,MAREESWARAN ,1,104339022046,104319220141,,AUTOMODE_TS1,BV141E,45,1,,OK,,0,0,0020007910431251065202261377892C,1.178,1.17484,1.17408,5,5,3.8725,4.39,5.2625,1,1.2,1.2,1.2,1,1.2,0.5,12,0.5,12,0.5,12,304885,2026-06-23 13:42:53,11014981,MAREESWARAN ,13616,104339022046,104319220141,140HPW501   ,,AUTOMODE,BV141C,24,1,316515,OK,,0,0,9002102010431351067303261543081B,0020007910431251065202261377892C,0020004510431152006711261712013A,OK,OK,OK,OK,306220,2026-06-23 13:41:33,11014981.0,MAREESWARAN ,13616,104339022046,104319220141,140HPW501   ,AUTOMODE,BV141A,22,1,316515,OK,CA1,0,0,1020104313020080004674879488,OK,OK,0.39,0.424,0.5,0.39,0.433,0.5,OK,,0020004510431152006711261712013A,OK,OK,202.9,145.2,52.6,146.3,-0.0408363,1.47017,52.6188,53.1334,0.0816765,1.79688,55.3832,55.6889,57.6406,10.087,57.2304,0.326706,0,0,0,0,05ACA006,306901,2026-06-23 13:42:15,11014981.0,MAREESWARAN ,13616.0,104339022046,104319220141,140HPW501   ,AUTOMODE,BV141B,30,1.0,316515.0,OK,,,,0020004510431152006711261712013A,OK,OK,,OK,OK,306983,2026-06-23 13:43:41,11014981.0,MAREESWARAN ,13616,104339022046,104319220141,,AUTOMODE,BV141D,37,1,316515,OK,CA13,,,0020007910431251065202261377892C,,0,145.2,8.5,-113.55,50.0,134,18.6,-222.95,59.6,-223.35,-113.71,0.272722,1.19426,45.0,40.0,5.0,19.5639,51.9928,52.0247,0,0,0,0,0,0,0,0,0,0,0,1.82,0,20.0,0,381439
5081443,1,0020007910431251065202261377913C,2026-06-23 22:14:31,314116, , ,104319220141,0,0,0,0,57000,110000,0,0,120000,0,0,0,1,1:15,1002,503,"44,58     ",254,"13,74     ",284,"16,44     ",225,2         ,319,0         ,0,0         ,0,0,0,0,0,"25,87     ",207,0         ,0,"15,15     ",222,0         ,0,"4,62      ",58,0         ,0,0,0,0,0,0,0,0,0,0,0,0,0,UCX31_x0001_|_x0007_:, ,"1,35      ","4,97      ","45,25     ",3,"4,72      ",93,"64,88     ",1:46      ,3,2026-06-23 13:39:45,11014981.0,MAREESWARAN ,1,104339022046,104319220141,,AUTOMODE_TS1,BV141E,45,1,,OK,,0,0,0020007910431251065202261377913C,1.17535,1.17649,1.17585,5,5,6.3925,6.0425,6.5425,1,1.2,1.2,1.2,1,1.2,0.5,12,0.5,12,0.5,12,304881,2026-06-23 13:37:49,11014981,MAREESWARAN ,13616,104339022046,104319220141,140HPW501   ,,AUTOMODE,BV141C,20,1,316511,OK,,0,0,9002102010431351067303261553466A,0020007910431251065202261377913C,0020004510431152006711261692163B,OK,OK,OK,OK,306216,2026-06-23 13:36:35,11014981.0,MAREESWARAN ,13616,104339022046,104319220141,140HPW501   ,AUTOMODE,BV141A,26,1,316511,OK,CA1,0,0,1020104313020080004674879488,OK,OK,0.39,0.418,0.5,0.39,0.426,0.5,OK,,0020004510431152006711261692163B,OK,OK,202.9,145.2,52.6,146.3,0.0,1.63352,52.1165,53.0413,0.163349,2.0419,55.3115,55.7217,57.5714,3.14453,57.2657,0.408379,0,0,0,0,05ACA003,306897,2026-06-23 13:37:17,11014981.0,MAREESWARAN ,13616.0,104339022046,104319220141,140HPW501   ,AUTOMODE,BV141B,30,1.0,316511.0,OK,,,,0020004510431152006711261692163B,OK,OK,,OK,OK,306979,2026-06-23 13:38:37,11014981.0,MAREESWARAN ,13616,104339022046,104319220141,,AUTOMODE,BV141D,37,1,316511,OK,CA13,,,0020007910431251065202261377913C,,0,145.0,8.7,-113.55,50.0,134,18.6,-222.95,59.6,-223.35,-113.71,1.64542,3.35119,45.0,40.0,5.0,21.7804,52.37,52.406,0,0,0,0,0,0,0,0,0,0,0,1.82,0,20.0,0,381435
5073340,1,0020007910431251065202261378211C,2026-06-20 23:55:55,314116, , ,104319220141,0,0,0,0,57000,110000,0,0,120000,0,0,0,0,0:16,1002,503,0         ,0,"33,52     ",247,0         ,0,"16,92     ",264,0         ,0,0         ,0,0,0,0,0,0         ,0,0         ,0,0         ,0,0         ,0,0         ,0,0         ,0,0,0,0,0,0,0,0,0,0,0,0,0,UCX31_x0001_|_x0007_:, ,"1,25      ","4,91      ","45,86     ",3,"4,58      ",93,"65,53     ",0:47      ,3,2026-06-20 23:08:28,11014981.0,MAREESWARAN ,1,104339022046,104319220141,,AUTOMODE_TS1,BV141E2,38,2,,OK,,0,0,0020007910431251065202261378211C,1.14994,1.1473,1.14818,5,5,3.2994,6.99401,3.4024,1,1.2,1.2,1.2,1,1.2,0.5,12,0.5,12,0.5,12,302633,2026-06-20 23:05:38,11014981,MAREESWARAN ,13616,104339022046,104319220141,140HPW501   ,,AUTOMODE,BV141C,24,2,314180,OK,,0,0,9002102010431351067303261542541A,0020007910431251065202261378211C,0020004510431152006711261692016B,OK,OK,OK,OK,303929,2026-06-20 23:03:16,11014981.0,MAREESWARAN ,13616,104339022046,104319220141,140HPW501   ,AUTOMODE,BV141A,25,2,314180,OK,CA1,0,0,1020104313020080004674879488,OK,OK,0.39,0.436,0.5,0.39,0.442,0.5,OK,,0020004510431152006711261692016B,OK,OK,202.9,145.2,52.6,146.3,0.0,2.24609,52.8377,53.1435,0.245029,3.10369,55.3041,55.7117,56.2401,2.40473,57.4596,0.571732,0,0,0,0,05ACA004,304588,2026-06-20 23:04:04,11014981.0,MAREESWARAN ,13616.0,104339022046,104319220141,140HPW501   ,AUTOMODE,BV141B,30,2.0,314180.0,OK,,,,0020004510431152006711261692016B,OK,OK,,OK,OK,304686,2026-06-20 23:07:24,11014981.0,MAREESWARAN ,13616,104339022046,104319220141,,AUTOMODE,BV141D,37,2,314180,OK,CA14,,,0020007910431251065202261378211C,,0,145.2,8.0,-113.55,50.0,134,18.6,-222.95,59.6,-223.35,-113.71,0.406843,0.686054,45.0,41.3133,5.0,22.949,52.0479,52.243,0,0,0,0,0,0,0,0,0,0,0,1.8,0,20.0,0,378813
5081388,1,0020007910431251065202261388826B,2026-06-23 21:54:17,314116, , ,104319220141,0,0,0,0,57000,110000,0,0,120000,0,0,0,1,1:08,1002,503,"19,9      ",334,"14,64     ",356,"5,67      ",148,"1,55      ",24,0         ,0,0         ,0,0,0,0,0,"10,15     ",137,0         ,0,"13,68     ",304,0         ,0,"3,52      ",167,0         ,0,0,0,0,0,0,0,0,0,0,0,0,0,UCX31_x0001_|_x0007_:, ,"1,3       ","4,97      ","45,25     ",3,"4,78      ",93,"65,03     ",3:21      ,3,2026-06-23 13:43:09,11014981.0,MAREESWARAN ,1,104339022046,104319220141,,AUTOMODE_TS1,BV141E,45,1,,OK,,0,0,0020007910431251065202261388826B,1.1823,1.17522,1.1775,5,5,4.93,5.3225,5.0,1,1.2,1.2,1.2,1,1.2,0.5,12,0.5,12,0.5,12,304884,2026-06-23 13:40:59,11014981,MAREESWARAN ,13616,104339022046,104319220141,140HPW501   ,,AUTOMODE,BV141C,20,1,316514,OK,,0,0,9002102010431351067303261543004B,0020007910431251065202261388826B,0020004510431152006711261712092A,OK,OK,OK,OK,306219,2026-06-23 13:39:43,11014981.0,MAREESWARAN ,13616,104339022046,104319220141,140HPW501   ,AUTOMODE,BV141A,24,1,316514,OK,CA1,0,0,1020104313020080004674879488,OK,OK,0.39,0.399,0.5,0.39,0.419,0.5,OK,,0020004510431152006711261712092A,OK,OK,202.9,145.2,52.6,146.3,-0.0408401,2.16442,52.0965,53.2252,0.122513,1.79688,55.4852,55.6916,57.6458,8.78018,57.34,0.285866,0,0,0,0,05ACA002,306900,2026-06-23 13:40:23,11014981.0,MAREESWARAN ,13616.0,104339022046,104319220141,140HPW501   ,AUTOMODE,BV141B,29,1.0,316514.0,OK,,,,0020004510431152006711261712092A,OK,OK,,OK,OK,306982,2026-06-23 13:42:01,11014981.0,MAREESWARAN ,13616,104339022046,104319220141,,AUTOMODE,BV141D,37,1,316514,OK,CA13,,,0020007910431251065202261388826B,,0,145.0,8.7,-113.55,50.0,134,18.6,-222.95,59.6,-223.35,-113.71,1.19258,2.94165,45.0,40.0,5.0,24.0723,51.9423,51.9969,0,0,0,0,0,0,0,0,0,0,0,1.9,0,20.0,0,381438
