TBADatenID,EQUI,LGNR,DATUM,AP,MASTERDAT,FA,MATNR,PERS,STK_GES,STK_NIO,STK_IO,MD1_DREH,MD2_DREH,MD3_DREH,MD4_DREH,PD1_DREH,PD2_DREH,PD3_DREH,PD4_DREH,WUCHTVERS_ANZ,DAUER_PRO_ATL,STATUS,DOK,MD1_ANLIEF_MG,MD1_ANLIEF_G,MD1_AUSLIEF_MG,MD1_AUSLIEF_G,MD2_ANLIEF_MG,MD2_ANLIEF_G,MD2_AUSLIEF_MG,MD2_AUSLIEF_G,MD3_ANLIEF_MG,MD3_ANLIEF_G,MD3_AUSLIEF_MG,MD3_AUSLIEF_G,MD4_ANLIEF_MG,MD4_ANLIEF_G,MD4_AUSLIEF_MG,MD4_AUSLIEF_G,EB1_ANLIEF_MG,EB1_ANLIEF_G,EB1_AUSLIEF_MG,EB1_AUSLIEF_G,EB2_ANLIEF_MG,EB2_ANLIEF_G,EB2_AUSLIEF_MG,EB2_AUSLIEF_G,PD1_ANLIEF_1_MV,PD1_ANLIEF_1_G,PD1_AUSLIEF_1_MV,PD1_AUSLIEF_1_G,PD2_ANLIEF_1_MV,PD2_ANLIEF_1_G,PD2_AUSLIEF_1_MV,PD2_AUSLIEF_1_G,PD3_ANLIEF_1_MV,PD3_ANLIEF_1_G,PD3_AUSLIEF_1_MV,PD3_AUSLIEF_1_G,PD4_ANLIEF_1_MV,PD4_ANLIEF_1_G,PD4_AUSLIEF_1_MV,PD4_AUSLIEF_1_G,ARBEITSGANG,KALI_LADER,OEL_DURCHFLUSS,OEL_DRUCK,OEL_TEMPERATUR,PF_SET,PF_TORQUE,PF_ANGLE,SPANN_DRUCK,Gesamtdurchlaufzeit,System,DateTime_S5,Operator_ID_S5,Operator_name_S5,Program_ID_S5,Recipe_Name_S5,Core_part_x,Recipe_No_S5,Mode_Operation_S5,Station_ID_S5,CycleTime_S5,Shift_No_S5,Unique_ID_S5,Result_Overall_S5,Defect_Code_S5,Order_No_S5,Order_Qty_S5,Serial_CA,Val_Pressure_Bhsg,Val_Pressure_CS,Val_Pressure_TS,Val_Filltime,Val_Testtime,Val_flow_System,Val_flow_CS,Val_flow_TS,Min_Pressure_Bhsg,Max_Pressure_Bhsg,Min_Pressure_CS,Max_Pressure_CS,Min_Pressure_TS,Max_Pressure_TS,Min_flow_System,Max_flow_System,Min_flow_CS,Max_flow_CS,Min_flow_TS,Max_flow_TS,Auto_ID_x,DateTime_S3,Operator_ID_S3,Operator_name_S3,Program_ID_S3,Recipe_Name_S3,Core serial,Recipe_No_S3,Core_part_y,Mode_Operation_S3,Station_ID_S3,CycleTime_S3,Shift_No_S3,Unique_ID_S3,Result_Overall_S3,Defect_Code_S3,Order_No_S3,Order_Qty_S3,Serial_CW,Serial_Backplate_S3,Serial_Bhsg_S3,Pres_Oildeflector_Oring,Res_CWProfileCheck,Pres_Backplate,Pres_ShaftNut,Auto_ID_y,DateTime_S1,Operator_ID_S1,Operator_name_S1,Program_ID_S1,Recipe_Name_S1,Core Serial,Recipe_No_S1,Mode_Operation_S1,Station_ID_S1,CycleTime_S1,Shift_No_S1,Unique_ID_S1,Result_Overall_S1,Defect_Code_S1,Order_No_S1,Order_Qty_S1,Serial_TW,Pres_PR_Top,Pres_PR_Bottom,Min_LVDT_Width_PR1,Val_LVDT_Width_PR1,Max_LVDT_Width_PR1,Min_LVDT_Width_PR2,Val_LVDT_Width_PR2,Max_LVDT_Width_PR2,Res_TWProfileCheck,Serial_HSCupspring,Serial_Bhsg_S1,Pres_Mandrel,Pres_Cupspring,Pick_Val_Distance_Servo1,Pick_Val_Distance_Servo2,Place_Val_Distance_Servo1,Place_Val_Distance_Servo2,Min_Val_Load_BHsg_W1,Max_Val_Load_BHsg_W1,Min_Val_Distance_BHsg_W1,Max_Val_Distance_BHsg_W1,Min_Val_Load_BHsg_W2,Max_Val_Load_BHsg_W2,Min_Val_Distance_BHsg_W2,Max_Val_Distance_BHsg_W2,Min_Val_Load_BHsg_W3,Max_Val_Load_BHsg_W3,Min_Val_Distance_BHsg_W3,Max_Val_Distance_BHsg_W3,Min_Val_Load_BHsg_W4,Max_Val_Load_BHsg_W4,Min_Val_Distance_BHsg_W4,Max_Val_Distance_BHsg_W4,Serial_Pallet_S1,Auto_ID,DateTime_S2,Operator_ID_S2,Operator_name_S2,Program_ID_S2,Recipe_Name_S2,Core_Part,Recipe_No_S2,Mode_Operation_S2,Station_ID_S2,CycleTime_S2,Shift_No_S2,Unique_ID_S2,Result_Overall_S2,Defect_Code_S2,Order_No_S2,Order_Qty_S2,Serial_Bhsg_S2,Res_ThrustRing_Assy,Pres_ThrustRing,Pres_ThrustPlate,Res_Mandrel_Removal,Res_ThrustPlate_Assy,Auto_ID_2,DateTime_S4,Operator_ID_S4,Operator_name_S4,Program_ID_S4,Recipe_Name_S4,Core_part,Recipe_No_S4,Mode_Operation_S4,Station_ID_S4,CycleTime_S4,Shift_No_S4,Unique_ID_S4,Result_Overall_S4,Defect_Code_S4,Order_No_S4,Order_Qty_S4,Serial_Backplate_S4,Serial_Bhsg_S4,Val_PowerFactor,Val_Temp_CWHeat,Val_CWHeat_Cycletime,CW_Pick_Val_Distance_Servo1,CW_Pick_Val_Distance_Servo2,CW_Place_HIM_Val_Distance_Servo1,CW_Place_HIM_Val_Distance_Servo2,CW_Place_TW_Val_Distance_Servo1,CW_Place_TW_Val_Distance_Servo2,Pick_SN_Val_Distance_Servo1,Place_SN_Val_Distance_Servo1,Min_Val_Load_CW_W1,Max_Val_Load_CW_W1,Min_Val_Distance_CW_W1,Max_Val_Distance_CW_W1,Min_Val_Load_CW_W2,Max_Val_Load_CW_W2,Min_Val_Distance_CW_W2,Max_Val_Distance_CW_W2,Min_Val_Load_CW_W3,Max_Val_Load_CW_W3,Min_Val_Distance_CW_W3,Max_Val_Distance_CW_W3,Min_Val_Load_CW_W4,Max_Val_Load_CW_W4,Min_Val_Distance_CW_W4,Max_Val_Distance_CW_W4,Min_Val_Distance_Servo_S4,Max_Val_Distance_Servo_S4,Min_Val_PreTrq_Shaftnut,Val_PreTrq_Shaftnut,Max_Val_PreTrq_Shaftnut,Val_PreTrqAng_Shaftnut,Torque_Retry_Count,Auto_ID_3
5067429,1,0020007910431251065004261111521C,2026-06-19 05:32:33,304212, , ,104319220151,0,0,0,0,57000,110000,0,0,120000,0,0,0,2,1:24,1011,16,39.87,305,8.92,297,38.6,306,11.89,300,0,0,0,0,0,0,0,0,27.85,0,9.87,2,1.77,289,1.69,218,6.84,339,7.44,338,0,0,0,0,0,0,0,0,0,0,0,0,UCX31_x0001_|_x0007_:, ,1.53,4.9,45.16,14,4.71,93,65.14,1:58      ,3,2026-06-20 08:58:37,11014981.0,MAREESWARAN ,1,104339022021,104319220151,,AUTOMODE_TS1,BV141E,44,1,,OK,,0,0,0020007910431251065004261111521C,1.17686,1.17547,1.17535,5,5,4.255,4.545,4.915,1,1.2,1.2,1.2,1,1.2,0.5,12,0.5,12,0.5,12,301928,2026-06-20 08:56:11,11014981,MAREESWARAN ,13616,104339022021,104319220151,160HP Z101  ,,AUTOMODE,BV141C,18,1,313455,OK,,0,0,9003102010431351065904261665926B,0020007910431251065004261111521C,00200045104311520066-7261672730C,OK,OK,OK,OK,303213,2026-06-20 08:53:30,11014981.0,MAREESWARAN ,13616,104339022021,104319220151,160HP Z101  ,AUTOMODE,BV141A,22,1,313455,OK,CA1,0,0,1020104313020080004674879488,OK,OK,0.39,0.443,0.5,0.39,0.441,0.5,OK,,00200045104311520066-7261672730C,OK,OK,202.9,145.2,52.6,146.3,0.0,2.08274,52.4226,53.0366,0.204189,1.83772,55.3908,55.8036,57.6584,5.4723,57.5565,0.285866,0,0,0,0,05ACA002,303868,2026-06-20 08:54:06,11014981.0,MAREESWARAN ,13616.0,104339022021,104319220151,160HP Z101  ,AUTOMODE,BV141B,28,1.0,313455.0,OK,,,,00200045104311520066-7261672730C,OK,OK,,OK,OK,303968,2026-06-20 08:57:27,11014981.0,MAREESWARAN ,13616,104339022021,104319220151,,AUTOMODE,BV141D,33,1,313455,OK,CA13,,,0020007910431251065004261111521C,,0,145.9,3.9,-113.55,50.1,134,19.6,-223.2,59.6,-223.2,-113.71,0.098011,0.453372,44.9405,40.0,5.0,26.2737,51.5729,51.6992,0,0,0,0,0,0,0,0,0,0,0,3.35,0,20.0,0,377992
5019444,1,0020007910431251065004261159778C,2026-06-05 04:06:16,304212, , ,104319220140,0,0,0,0,57000,110000,0,0,120000,0,0,0,3,2:21,1011,16,83.17,340,14.23,69,63.44,328,5.75,80,0,0,0,0,0,0,0,0,42.29,73,2.63,178,6.54,113,3.91,153,7.9,359,9.46,6,0,0,0,0,0,0,0,0,0,0,0,0,UCX31_x0001_|_x0007_:, ,1.44,4.97,45.13,14,4.53,94,64.96,2:52      ,3,2026-06-05 15:47:07,11014086.0,BABU        ,1,104339022021,104319220151,,AUTOMODE_TS1,BV141E2,38,1,,OK,,0,0,0020007910431251065004261159778C,1.15736,1.16302,1.1444,5,5,2.42635,7.4,4.80359,1,1.2,1.2,1.2,1,1.2,0.5,12,0.5,12,0.5,12,285645,2026-06-05 15:44:17,11014086,BABU        ,13616,104339022021,104319220151,160HP Z101  ,,AUTOMODE,BV141C,19,1,298499,OK,,0,0,9003102010431351065904261544531B,0020007910431251065004261159778C,00200045104311520066-7261530394A,OK,OK,OK,OK,286833,2026-06-05 15:42:59,11014086.0,BABU        ,13616,104339022021,104319220151,160HP Z101  ,AUTOMODE,BV141A,23,1,298499,OK,CA1,0,0,1020104313020080004674879488,OK,OK,0.39,0.438,0.5,0.39,0.443,0.5,OK,,00200045104311520066-7261530394A,OK,OK,202.9,145.2,52.6,146.3,0.0,2.32777,52.0642,53.5037,0.204189,2.00106,55.7739,56.1841,56.2401,1.91348,57.5192,0.408379,0,0,0,0,05ACA010,287355,2026-06-05 15:43:41,11014086.0,BABU        ,13616.0,104339022021,104319220151,160HP Z101  ,AUTOMODE,BV141B,30,1.0,298499.0,OK,,,,00200045104311520066-7261530394A,OK,OK,,OK,OK,287506,2026-06-05 15:46:01,11014086.0,BABU        ,13616,104339022021,104319220151,,AUTOMODE,BV141D,34,1,298499,OK,CA13,,,0020007910431251065004261159778C,,0,145.3,4.1,-113.55,50.1,134,19.6,-223.2,59.6,-216.052,-106.71,0.203556,0.791603,44.9434,40.0886,5.0,25.6404,52.2837,52.434,0,0,0,0,0,0,0,0,0,0,0,3.35,0,20.0,0,355728
5013976,1,0020007910431251065004261160557A,2026-06-03 10:48:26,314116, , ,104319220140,0,0,0,0,57000,110000,0,0,120000,0,0,0,2,1:16,1011,16,20.19,39,13.1,134,13.67,360,2.27,88,0,0,0,0,0,0,0,0,22.63,334,2.87,25,3.49,58,5.73,104,9.78,52,12.04,50,0,0,0,0,0,0,0,0,0,0,0,0,UCX31_x0001_|_x0007_:, ,1.34,4.83,45.05,3,3.75,94,65.03,1:47      ,3,2026-06-03 19:19:41,11014086.0,BABU        ,1,104339022020,104319220140,,AUTOMODE_TS1,BV141E,45,1,,OK,,0,0,0020007910431251065004261160557A,1.17661,1.17611,1.17383,5,5,5.41,6.375,7.165,1,1.2,1.2,1.2,1,1.2,0.5,12,0.5,12,0.5,12,283455,2026-06-03 19:16:59,11014086,BABU        ,13616,104339022020,104319220140,140HPW501   ,,AUTOMODE,BV141C,17,1,296237,OK,,0,0,9003102010431351065904261510230C,0020007910431251065004261160557A,00200045104311520066-7261482283A,OK,OK,OK,OK,284611,2026-06-03 19:15:19,11014086.0,BABU        ,13616,104339022020,104319220140,140HPW501   ,AUTOMODE,BV141A,23,1,296237,OK,CA1,0,0,300050104312999991395364110336,OK,OK,0.39,0.413,0.5,0.39,0.424,0.5,OK,,00200045104311520066-7261482283A,OK,OK,202.9,145.2,52.6,146.3,-0.0408363,1.47017,52.1424,53.3756,0.122513,1.91939,55.4291,56.0406,57.684,2.40945,57.4802,0.367542,0,0,0,0,05ACA001,285133,2026-06-03 19:15:59,11014086.0,BABU        ,13616.0,104339022020,104319220140,140HPW501   ,AUTOMODE,BV141B,30,1.0,296237.0,OK,,,,00200045104311520066-7261482283A,OK,OK,,OK,OK,285289,2026-06-03 19:18:31,11014086.0,BABU        ,13616,104339022020,104319220140,,AUTOMODE,BV141D,31,1,296237,OK,CA13,,,0020007910431251065004261160557A,,0,145.3,3.9,-113.55,50.1,134,19.6,-223.2,59.6,-216.052,-106.71,0.22617,0.776524,44.9917,40.3351,5.0,26.3491,51.7563,51.852,0,0,0,0,0,0,0,0,0,0,0,1.62,0,20.0,0,353218
5067446,1,0020007910431251065004261160566A,2026-06-19 05:37:43,306217, , ,104319220151,0,0,0,0,57000,110000,0,0,120000,0,0,0,1,0:19,1011,16,32.61,192,32.61,192,33.19,169,33.19,169,0,0,0,0,0,0,0,0,27.83,262,27.83,262,3.87,21,3.87,21,10.84,335,10.84,335,0,0,0,0,0,0,0,0,0,0,0,0,UCX31_x0001_|_x0007_:, ,1.31,4.92,45.05,14,5.16,93,64.45,0:56      ,3,2026-06-20 09:00:43,11014981.0,MAREESWARAN ,1,104339022021,104319220151,,AUTOMODE_TS1,BV141E2,38,1,,OK,,0,0,0020007910431251065004261160566A,1.14314,1.15811,1.16755,5,5,2.08503,5.12934,3.64192,1,1.2,1.2,1.2,1,1.2,0.5,12,0.5,12,0.5,12,301931,2026-06-20 08:58:13,11014981,MAREESWARAN ,13616,104339022021,104319220151,160HP Z101  ,,AUTOMODE,BV141C,24,1,313458,OK,,0,0,9003102010431351065904261665930B,0020007910431251065004261160566A,00200045104311520066-7261672810C,OK,OK,OK,OK,303216,2026-06-20 08:56:23,11014981.0,MAREESWARAN ,13616,104339022021,104319220151,160HP Z101  ,AUTOMODE,BV141A,26,1,313458,OK,CA1,0,0,1020104313020080004674879488,OK,OK,0.39,0.418,0.5,0.39,0.436,0.5,OK,,00200045104311520066-7261672810C,OK,OK,202.9,145.2,52.6,146.3,0.0,1.51101,52.0534,53.1796,0.122513,2.16442,55.5415,55.9491,56.2401,1.66457,57.5925,0.326702,0,0,0,0,05ACA010,303871,2026-06-20 08:57:05,11014981.0,MAREESWARAN ,13616.0,104339022021,104319220151,160HP Z101  ,AUTOMODE,BV141B,28,1.0,313458.0,OK,,,,00200045104311520066-7261672810C,OK,OK,,OK,OK,303971,2026-06-20 08:59:39,11014981.0,MAREESWARAN ,13616,104339022021,104319220151,,AUTOMODE,BV141D,33,1,313458,OK,CA13,,,0020007910431251065004261160566A,,0,145.5,3.7,-113.55,50.1,134,19.6,-223.2,59.6,-223.2,-113.71,0.144369,0.527737,45.0,40.7795,5.0,26.0852,51.9113,52.0448,0,0,0,0,0,0,0,0,0,0,0,3.44,0,20.0,0,377995
5032409,1,0020007910431251065004261172845B,2026-06-09 03:59:54,306217, , ,104319220139,0,0,0,0,57000,110000,0,0,120000,0,0,0,3,2:13,1011,16,19.29,205,2.35,191,15.33,222,2.74,212,0,0,0,0,0,0,0,0,13.41,320,1.96,303,4.49,242,0.57,200,7.88,166,7.13,164,0,0,0,0,0,0,0,0,0,0,0,0,UCX31_x0001_|_x0007_:, ,1.4,4.94,45.68,14,3.62,93,65.03,2:59      ,3,2026-06-09 21:07:24,11014086.0,BABU        ,1,104339022020,104319220140,,AUTOMODE_TS1,BV141E2,34,2,,OK,,0,0,0020007910431251065004261172845B,1.16528,1.14629,1.15157,5,5,3.76287,7.01198,4.77246,1,1.2,1.2,1.2,1,1.2,0.5,12,0.5,12,0.5,12,290429,2026-06-09 21:05:12,11014981,MAREESWARAN ,13616,104339022020,104319220140,140HPW501   ,,AUTOMODE,BV141C,25,2,302477,OK,,0,0,9003102010431351065904261568278B,0020007910431251065004261172845B,00200045104311520066-7261530190C,OK,OK,OK,OK,291635,2026-06-09 21:03:50,11014981.0,MAREESWARAN ,13616,104339022020,104319220140,140HPW501   ,AUTOMODE,BV141A,23,2,302477,OK,CA1,0,0,300050104312999991395364110336,OK,OK,0.39,0.437,0.5,0.39,0.432,0.5,OK,,00200045104311520066-7261530190C,OK,OK,202.9,145.2,52.6,146.3,0.0,1.59269,52.0354,53.4724,0.122517,1.91939,55.6304,56.0406,57.6865,2.40945,57.5846,0.28587,0,0,0,0,05ACA003,292187,2026-06-09 21:04:32,11014981.0,MAREESWARAN ,13616.0,104339022020,104319220140,140HPW501   ,AUTOMODE,BV141B,28,2.0,302477.0,OK,,,,00200045104311520066-7261530190C,OK,OK,,OK,OK,292324,2026-06-09 21:06:22,11014981.0,MAREESWARAN ,13616,104339022020,104319220140,,AUTOMODE,BV141D,32,2,302477,OK,CA13,,,0020007910431251065004261172845B,,0,145.0,4.3,-113.55,50.1,134,19.6,-223.35,59.6,-223.35,-113.71,0.0622261,0.544759,45.0,40.0,5.0,20.5365,52.349,52.4136,0,0,0,0,0,0,0,0,0,0,0,1.7,0,20.0,0,361345
5025868,1,0020007910431251065004261206907A,2026-06-06 20:55:36,304212, , ,104319220140,0,0,0,0,57000,110000,0,0,120000,0,0,0,2,1:23,1011,16,56.6,218,4.26,206,39.54,208,1.94,207,0,0,0,0,0,0,0,0,28.68,312,2.22,309,1.41,329,0.17,185,9.25,311,10.26,314,0,0,0,0,0,0,0,0,0,0,0,0,UCX31_x0001_|_x0007_:, ,1.43,4.95,44.87,14,4.63,94,65.11,1:54      ,3,2026-06-06 07:53:06,11014086.0,BABU        ,1,104339022020,104319220140,,AUTOMODE_TS1,BV141E,44,2,,OK,,0,0,0020007910431251065004261206907A,1.17446,1.1737,1.17509,5,5,6.3775,5.7875,8.36,1,1.2,1.2,1.2,1,1.2,0.5,12,0.5,12,0.5,12,286489,2026-06-08 08:47:25,11014981,MAREESWARAN ,13616,104339022020,104319220140,140HPW501   ,,AUTOMODE,BV141C,27,1,300740,OK,,0,0,9003102010431351065904261533210B,0020007910431251065004261206907A,00200045104311520066-7261502338A,OK,OK,OK,OK,289916,2026-06-08 08:46:03,11014981.0,MAREESWARAN ,13616,104339022020,104319220140,140HPW501   ,AUTOMODE,BV141A,24,1,300740,OK,CA1,0,0,300050104312999991395364110336,OK,OK,0.39,0.461,0.5,0.39,0.481,0.5,OK,,00200045104311520066-7261502338A,OK,OK,202.9,145.2,52.6,146.3,0.0408363,0.571732,52.115,52.9329,0.163349,4.98224,54.1661,55.8094,57.7535,6.12571,57.2439,2.40944,0,0,0,0,05ACA006,290455,2026-06-08 08:46:47,11014981.0,MAREESWARAN ,13616.0,104339022020,104319220140,140HPW501   ,AUTOMODE,BV141B,30,1.0,300740.0,OK,,,,00200045104311520066-7261502338A,OK,OK,,OK,OK,290595,2026-06-08 08:48:37,11014981.0,MAREESWARAN ,13616,104339022020,104319220140,,AUTOMODE,BV141D,36,1,300740,OK,CA13,,,0020007910431251065004261206907A,,0,145.4,6.9,-113.55,50.1,134,19.6,-223.2,59.6,-223.2,-113.71,0.281461,0.98008,45.0,40.063,5.0,25.1353,51.3501,51.4375,0,0,0,0,0,0,0,0,0,0,0,1.62,0,20.0,0,358922
5030781,1,0020007910431251065004261401817A,2026-06-08 18:10:07,306217, , ,104319220139,0,0,0,0,57000,110000,0,0,120000,0,0,0,2,1:18,1011,16,10.99,65,1.88,350,15.87,48,2.47,14,0,0,0,0,0,0,0,0,13.27,140,1.51,97,3.06,316,0.28,345,9.24,341,9.95,330,0,0,0,0,0,0,0,0,0,0,0,0,UCX31_x0001_|_x0007_:, ,1.35,4.91,45.28,14,3.96,93,65.03,1:55      ,3,2026-06-09 22:19:28,11014086.0,BABU        ,1,104339022020,104319220140,,AUTOMODE_TS1,BV141E2,34,2,,OK,,0,0,0020007910431251065004261401817A,1.1639,1.15774,1.14692,5,5,3.14371,7.89222,4.66946,1,1.2,1.2,1.2,1,1.2,0.5,12,0.5,12,0.5,12,290518,2026-06-09 22:17:00,11014981,MAREESWARAN ,13616,104339022020,104319220140,140HPW501   ,,AUTOMODE,BV141C,21,2,302567,OK,,0,0,9003102010431351065904261568079A,0020007910431251065004261401817A,00200045104311520066-7261522399B,OK,OK,OK,OK,291725,2026-06-09 22:15:42,11014981.0,MAREESWARAN ,13616,104339022020,104319220140,140HPW501   ,AUTOMODE,BV141A,24,2,302567,OK,CA1,0,0,300050104312999991395364110336,OK,OK,0.39,0.418,0.5,0.39,0.416,0.5,OK,,00200045104311520066-7261522399B,OK,OK,202.9,145.2,52.6,146.3,0.0,1.47017,52.1528,53.0777,0.122517,2.45029,55.3453,55.6587,57.6154,6.3299,57.4116,0.367542,0,0,0,0,05ACA002,292277,2026-06-09 22:16:20,11014981.0,MAREESWARAN ,13616.0,104339022020,104319220140,140HPW501   ,AUTOMODE,BV141B,28,2.0,302567.0,OK,,,,00200045104311520066-7261522399B,OK,OK,,OK,OK,292414,2026-06-09 22:18:24,11014981.0,MAREESWARAN ,13616,104339022020,104319220140,,AUTOMODE,BV141D,31,2,302567,OK,CA13,,,0020007910431251065004261401817A,,0,145.0,4.1,-113.55,50.1,134,19.6,-223.35,59.6,-223.35,-113.71,0.162411,0.73659,45.0,40.0,5.0,25.9948,51.3924,51.5113,0,0,0,0,0,0,0,0,0,0,0,1.58,0,20.0,0,361448
5030819,1,0020007910431251065004261401850A,2026-06-08 18:19:27,306217, , ,104319220139,0,0,0,0,57000,110000,0,0,120000,0,0,0,1,0:20,1011,16,24.48,306,24.48,306,36.66,276,36.66,276,0,0,0,0,0,0,0,0,32.45,5,32.45,5,9.11,164,9.11,164,11.27,178,11.27,178,0,0,0,0,0,0,0,0,0,0,0,0,UCX31_x0001_|_x0007_:, ,1.3,4.91,45.1,14,4.94,93,64.4,0:56      ,3,2026-06-09 22:20:14,11014086.0,BABU        ,1,104339022020,104319220140,,AUTOMODE_TS1,BV141E,41,2,,OK,,0,0,0020007910431251065004261401850A,1.17522,1.17535,1.17509,5,5,4.205,4.355,6.495,1,1.2,1.2,1.2,1,1.2,0.5,12,0.5,12,0.5,12,290519,2026-06-09 22:17:34,11014981,MAREESWARAN ,13616,104339022020,104319220140,140HPW501   ,,AUTOMODE,BV141C,19,2,302568,OK,,0,0,9003102010431351065904261568080A,0020007910431251065004261401850A,00200045104311520066-7261522433B,OK,OK,OK,OK,291726,2026-06-09 22:16:26,11014981.0,MAREESWARAN ,13616,104339022020,104319220140,140HPW501   ,AUTOMODE,BV141A,25,2,302568,OK,CA1,0,0,300050104312999991395364110336,OK,OK,0.39,0.423,0.5,0.39,0.451,0.5,OK,,00200045104311520066-7261522433B,OK,OK,202.9,145.2,52.6,146.3,-0.0408401,1.67436,52.4381,53.1566,0.122513,1.87855,55.4038,55.921,56.2401,1.37862,57.5644,0.285866,0,0,0,0,05ACA007,292278,2026-06-09 22:17:02,11014981.0,MAREESWARAN ,13616.0,104339022020,104319220140,140HPW501   ,AUTOMODE,BV141B,29,2.0,302568.0,OK,,,,00200045104311520066-7261522433B,OK,OK,,OK,OK,292415,2026-06-09 22:19:08,11014981.0,MAREESWARAN ,13616,104339022020,104319220140,,AUTOMODE,BV141D,32,2,302568,OK,CA13,,,0020007910431251065004261401850A,,0,145.2,4.2,-113.55,50.1,134,19.6,-223.35,59.6,-223.35,-113.71,0.243067,0.806679,45.0,40.2764,5.0,25.7309,51.8841,52.0423,0,0,0,0,0,0,0,0,0,0,0,1.76,0,20.0,0,361449
5007491,1,0020007910431251065004261401945A,2026-06-01 13:26:06,314116, , ,104319220151,0,0,0,0,57000,110000,0,0,120000,0,0,0,1,0:20,1011,16,18.84,165,18.84,165,15.42,145,15.42,145,0,0,0,0,0,0,0,0,14.29,129,14.29,129,0.88,124,0.88,124,11.53,217,11.53,217,0,0,0,0,0,0,0,0,0,0,0,0,UCX31_x0001_|_x0007_:, ,1.19,4.93,45.1,3,4.41,93,65.46,0:51      ,3,2026-06-01 19:05:11,11014981.0,MAREESWARAN ,1,104339022019,104319220139,,AUTOMODE_TS1,BV141E,39,1,,OK,,0,0,0020007910431251065004261401945A,1.17712,1.17269,1.17686,2,2,3.915,4.18,6.6875,1,1.2,1.2,1.2,1,1.2,0.5,12,0.5,12,0.5,12,280953,2026-06-01 19:02:53,11014981,MAREESWARAN ,13616,104339022019,104319220139,140HPW501   ,,AUTOMODE,BV141C,21,1,293631,OK,,0,0,6000102010431351066005261194105B,0020007910431251065004261401945A,00200045104311520066-7261482069A,OK,OK,OK,OK,282065,2026-06-01 19:01:37,11014981.0,MAREESWARAN ,13616,104339022019,104319220139,140HPW501   ,AUTOMODE,BV141A,23,1,293631,OK,CA1,0,0,300050104312999991395364110336,OK,OK,0.39,0.436,0.5,0.39,0.424,0.5,OK,,00200045104311520066-7261482069A,OK,OK,202.9,145.2,52.6,146.3,-0.0408363,1.47017,52.2577,53.2794,0.0,2.36861,55.1241,55.9394,57.779,1.63353,57.3713,0.0816765,0,0,0,0,05ACA007,282575,2026-06-01 19:02:19,11014981.0,MAREESWARAN ,13616.0,104339022019,104319220139,140HPW501   ,AUTOMODE,BV141B,30,1.0,293631.0,OK,,,,00200045104311520066-7261482069A,OK,OK,,OK,OK,282735,2026-06-01 19:04:05,11014981.0,MAREESWARAN ,13616,104339022019,104319220139,,AUTOMODE,BV141D,31,1,293631,OK,CA14,,,0020007910431251065004261401945A,,0,145.0,3.9,-113.55,49.8,134,19.6,-222.95,59.6,-216.052,-106.71,0.166319,0.738831,45.0,40.0349,5.0,19.9183,52.3828,52.4083,0,0,0,0,0,0,0,0,0,0,0,1.53,0,20.0,0,350279
5032431,1,0020007910431251065004261402306B,2026-06-09 04:10:55,306217, , ,104319220139,0,0,0,0,57000,110000,0,0,120000,0,0,0,1,0:20,1011,16,21.49,166,21.49,166,17.59,151,17.59,151,0,0,0,0,0,0,0,0,15.61,245,15.61,245,1.59,308,1.59,308,15.59,253,15.59,253,0,0,0,0,0,0,0,0,0,0,0,0,UCX31_x0001_|_x0007_:, ,1.27,4.93,45.34,14,4.06,93,64.48,0:56      ,3,2026-06-01 18:55:51,11014981.0,MAREESWARAN ,1,104339022019,104319220139,,AUTOMODE_TS1,BV141E,39,1,,OK,,0,0,0020007910431251065004261402306B,1.17484,1.17522,1.17408,2,2,5.185,4.8325,6.57,1,1.2,1.2,1.2,1,1.2,0.5,12,0.5,12,0.5,12,280943,2026-06-01 18:53:59,11014981,MAREESWARAN ,13616,104339022019,104319220139,140HPW501   ,,AUTOMODE,BV141C,26,1,293621,OK,,0,0,6000102010431351066005261194031B,0020007910431251065004261402306B,00200045104311520066-7261502510C,OK,OK,OK,OK,282055,2026-06-01 18:52:35,11014981.0,MAREESWARAN ,13616,104339022019,104319220139,140HPW501   ,AUTOMODE,BV141A,36,1,293621,OK,CA1,0,0,300050104312999991395364110336,OK,OK,0.39,0.403,0.5,0.39,0.397,0.5,OK,,00200045104311520066-7261502510C,OK,OK,202.9,145.2,52.6,146.3,0.0,3.06285,52.1143,53.0341,0.0,3.30788,55.2788,55.6864,57.6254,2.5728,57.2152,0.122517,0,0,0,0,05ACA003,282565,2026-06-01 18:53:19,11014981.0,MAREESWARAN ,13616.0,104339022019,104319220139,140HPW501   ,AUTOMODE,BV141B,30,1.0,293621.0,OK,,,,00200045104311520066-7261502510C,OK,OK,,OK,OK,282725,2026-06-01 18:54:45,11014981.0,MAREESWARAN ,13616,104339022019,104319220139,,AUTOMODE,BV141D,31,1,293621,OK,CA14,,,0020007910431251065004261402306B,,0,145.7,3.9,-113.55,49.8,134,19.6,-222.95,59.6,-216.052,-106.71,0.783984,2.05882,45.0,40.0,5.0,20.5365,52.2569,52.2963,0,0,0,0,0,0,0,0,0,0,0,1.75,0,20.0,0,350269
5032433,1,0020007910431251065004261402325B,2026-06-09 04:12:10,306217, , ,104319220139,0,0,0,0,57000,110000,0,0,120000,0,0,0,1,0:20,1011,16,26.03,157,26.03,157,17.58,136,17.58,136,0,0,0,0,0,0,0,0,13.96,231,13.96,231,5.05,272,5.05,272,9.85,87,9.85,87,0,0,0,0,0,0,0,0,0,0,0,0,UCX31_x0001_|_x0007_:, ,1.27,4.91,45.29,14,4.58,93,64.52,1:15      ,3,2026-06-09 21:08:10,11014086.0,BABU        ,1,104339022020,104319220140,,AUTOMODE_TS1,BV141E,41,2,,OK,,0,0,0020007910431251065004261402325B,1.17649,1.17509,1.17686,5,5,5.385,5.2575,6.8275,1,1.2,1.2,1.2,1,1.2,0.5,12,0.5,12,0.5,12,290430,2026-06-09 21:05:58,11014981,MAREESWARAN ,13616,104339022020,104319220140,140HPW501   ,,AUTOMODE,BV141C,20,2,302478,OK,,0,0,9003102010431351065904261568293B,0020007910431251065004261402325B,00200045104311520066-7261532166A,OK,OK,OK,OK,291636,2026-06-09 21:04:34,11014981.0,MAREESWARAN ,13616,104339022020,104319220140,140HPW501   ,AUTOMODE,BV141A,22,2,302478,OK,CA1,0,0,300050104312999991395364110336,OK,OK,0.39,0.44,0.5,0.39,0.409,0.5,OK,,00200045104311520066-7261532166A,OK,OK,202.9,145.2,52.6,146.3,0.0,2.08274,52.1019,53.442,0.163353,2.20526,55.6918,56.1046,56.2401,1.96104,57.6435,0.367542,0,0,0,0,05ACA005,292188,2026-06-09 21:05:14,11014981.0,MAREESWARAN ,13616.0,104339022020,104319220140,140HPW501   ,AUTOMODE,BV141B,28,2.0,302478.0,OK,,,,00200045104311520066-7261532166A,OK,OK,,OK,OK,292325,2026-06-09 21:07:04,11014981.0,MAREESWARAN ,13616,104339022020,104319220140,,AUTOMODE,BV141D,31,2,302478,OK,CA13,,,0020007910431251065004261402325B,,0,145.1,4.0,-113.55,50.1,134,19.6,-223.35,59.6,-223.35,-113.71,1.04013,2.84698,45.0,40.0,5.0,25.7761,51.8228,51.8925,0,0,0,0,0,0,0,0,0,0,0,1.74,0,20.0,0,361346
5006061,1,0020007910431251065004261402425B,2026-05-31 20:45:48,306217, , ,104319220151,0,0,0,0,57000,110000,0,0,120000,0,0,0,3,2:30,1011,16,31.4,99,12.12,334,22.56,120,4.16,283,0,0,0,0,0,0,0,0,25.5,218,2.18,64,14.03,134,5.42,46,10.24,169,9.42,167,0,0,0,0,0,0,0,0,0,0,0,0,UCX31_x0001_|_x0007_:, ,1.38,4.91,45.19,14,4.69,93,65.03,3:07      ,3,2026-06-01 19:02:13,11014981.0,MAREESWARAN ,1,104339022019,104319220139,,AUTOMODE_TS1,BV141E,39,1,,OK,,0,0,0020007910431251065004261402425B,1.17838,1.17712,1.17509,2,2,4.6375,4.32,6.94,1,1.2,1.2,1.2,1,1.2,0.5,12,0.5,12,0.5,12,280949,2026-06-01 19:00:23,11014981,MAREESWARAN ,13616,104339022019,104319220139,140HPW501   ,,AUTOMODE,BV141C,25,1,293627,OK,,0,0,6000102010431351066005261194095B,0020007910431251065004261402425B,00200045104311520066-7261471045B,OK,OK,OK,OK,282061,2026-06-01 18:58:51,11014981.0,MAREESWARAN ,13616,104339022019,104319220139,140HPW501   ,AUTOMODE,BV141A,22,1,293627,OK,CA1,0,0,300050104312999991395364110336,OK,OK,0.39,0.408,0.5,0.39,0.43,0.5,OK,,00200045104311520066-7261471045B,OK,OK,202.9,145.2,52.6,146.3,0.0,1.7152,52.2931,53.3122,0.0,2.36861,55.3556,55.8677,57.7098,1.79688,57.1977,0.122517,0,0,0,0,05ACA010,282571,2026-06-01 18:59:31,11014981.0,MAREESWARAN ,13616.0,104339022019,104319220139,140HPW501   ,AUTOMODE,BV141B,30,1.0,293627.0,OK,,,,00200045104311520066-7261471045B,OK,OK,,OK,OK,282731,2026-06-01 19:01:09,11014981.0,MAREESWARAN ,13616,104339022019,104319220139,,AUTOMODE,BV141D,31,1,293627,OK,CA14,,,0020007910431251065004261402425B,,0,145.2,4.0,-113.55,49.8,134,19.6,-222.95,59.6,-216.052,-106.71,0.594562,1.12333,45.0,40.777,5.0,21.4638,52.2666,52.3193,0,0,0,0,0,0,0,0,0,0,0,1.68,0,20.0,0,350275
5069158,1,0020007910431251065004261402803B,2026-06-19 20:23:20,304212, , ,104319220151,0,0,0,0,57000,110000,0,0,120000,0,0,0,2,1:23,1011,16,52.56,285,23.18,274,57.95,263,21.61,273,0,0,0,0,0,0,0,0,45.46,314,14.77,327,4.57,86,1.12,283,7.21,37,8.93,35,0,0,0,0,0,0,0,0,0,0,0,0,UCX31_x0001_|_x0007_:, ,1.49,4.99,46.03,14,4.73,94,65.17,1:54      ,3,2026-06-20 08:48:28,11014981.0,MAREESWARAN ,1,104339022021,104319220151,,AUTOMODE_TS1,BV141E,44,1,,OK,,0,0,0020007910431251065004261402803B,1.17244,1.1737,1.17459,5,5,4.3775,4.79,6.925,1,1.2,1.2,1.2,1,1.2,0.5,12,0.5,12,0.5,12,301915,2026-06-20 08:46:28,11014981,MAREESWARAN ,13616,104339022021,104319220151,160HP Z101  ,,AUTOMODE,BV141C,24,1,313442,OK,,0,0,9003102010431351065904261665405A,0020007910431251065004261402803B,00200045104311520066-7261432810C,OK,OK,OK,OK,303200,2026-06-20 08:44:04,11014981.0,MAREESWARAN ,13616,104339022021,104319220151,160HP Z101  ,AUTOMODE,BV141A,23,1,313442,OK,CA1,0,0,1020104313020080004674879488,OK,OK,0.39,0.441,0.5,0.39,0.445,0.5,OK,,00200045104311520066-7261432810C,OK,OK,202.9,145.2,52.6,146.3,0.0,1.51101,52.3723,53.1952,0.122517,1.63352,55.4603,55.8705,57.7126,2.81783,57.4068,0.285866,0,0,0,0,05ACA010,303855,2026-06-20 08:44:42,11014981.0,MAREESWARAN ,13616.0,104339022021,104319220151,160HP Z101  ,AUTOMODE,BV141B,28,1.0,313442.0,OK,,,,00200045104311520066-7261432810C,OK,OK,,OK,OK,303955,2026-06-20 08:47:12,11014981.0,MAREESWARAN ,13616,104339022021,104319220151,,AUTOMODE,BV141D,34,1,313442,OK,CA13,,,0020007910431251065004261402803B,,0,145.2,3.6,-113.55,50.1,134,19.6,-223.2,59.6,-223.2,-113.71,0.10336,0.475873,45.0,40.0,5.0,26.0551,51.9786,52.0548,0,0,0,0,0,0,0,0,0,0,0,3.39,0,20.0,0,377979
5012342,1,0020007910431251065004261403086C,2026-06-02 22:41:30,306217, , ,104319220140,0,0,0,0,57000,110000,0,0,120000,0,0,0,1,0:20,1011,16,42.41,178,42.41,178,19.83,107,19.83,107,0,0,0,0,0,0,0,0,16.2,195,16.2,195,20.09,299,20.09,299,10.25,96,10.25,96,0,0,0,0,0,0,0,0,0,0,0,0,UCX31_x0001_|_x0007_:, ,1.19,4.94,45.02,14,3.7,93,64.52,0:56      ,3,2026-06-03 14:41:20,11014086.0,BABU        ,1,104339022020,104319220140,,AUTOMODE_TS1,BV141E,45,1,,OK,,0,0,0020007910431251065004261403086C,1.1737,1.17509,1.17611,5,5,5.275,6.0125,7.7925,1,1.2,1.2,1.2,1,1.2,0.5,12,0.5,12,0.5,12,283199,2026-06-03 14:39:24,11014086,BABU        ,13616,104339022020,104319220140,140HPW501   ,,AUTOMODE,BV141C,21,1,295974,OK,,0,0,9003102010431351065904261500006B,0020007910431251065004261403086C,00200045104311520066-7261502370A,OK,OK,OK,OK,284350,2026-06-03 14:38:06,11014086.0,BABU        ,13616,104339022020,104319220140,140HPW501   ,AUTOMODE,BV141A,22,1,295974,OK,CA1,0,0,300050104312999991395364110336,OK,OK,0.39,0.494,0.5,0.39,0.475,0.5,OK,,00200045104311520066-7261502370A,OK,OK,202.9,145.2,52.6,146.3,-0.0408363,1.83771,52.5505,53.0652,0.122513,1.96023,55.4398,55.7481,57.7991,4.32883,57.4933,0.245029,0,0,0,0,05ACA001,284872,2026-06-03 14:38:46,11014086.0,BABU        ,13616.0,104339022020,104319220140,140HPW501   ,AUTOMODE,BV141B,31,1.0,295974.0,OK,,,,00200045104311520066-7261502370A,OK,OK,,OK,OK,285028,2026-06-03 14:40:10,11014086.0,BABU        ,13616,104339022020,104319220140,,AUTOMODE,BV141D,32,1,295974,OK,CA13,,,0020007910431251065004261403086C,,0,145.6,3.9,-113.55,50.1,134,19.6,-223.1,59.6,-216.052,-106.71,0.238105,1.03945,45.0,40.0,5.0,25.9797,51.6992,51.806,0,0,0,0,0,0,0,0,0,0,0,1.55,0,20.0,0,352878
5011556,1,0020007910431251065004261403121C,2026-06-02 17:29:25,306217, , ,104319220140,0,0,0,0,57000,110000,0,0,120000,0,0,0,2,1:20,1011,16,44.38,219,16.38,175,29.94,180,4.66,128,0,0,0,0,0,0,0,0,25.31,269,4.39,244,14.01,354,5.07,276,8.01,331,9.85,326,0,0,0,0,0,0,0,0,0,0,0,0,UCX31_x0001_|_x0007_:, ,1.39,4.93,45.16,14,4.66,93,64.81,1:57      ,3,2026-06-03 14:30:58,11014086.0,BABU        ,1,104339022020,104319220140,,AUTOMODE_TS1,BV141E,44,1,,OK,,0,0,0020007910431251065004261403121C,1.17611,1.1732,1.17396,5,5,4.4775,4.8675,5.9075,1,1.2,1.2,1.2,1,1.2,0.5,12,0.5,12,0.5,12,283186,2026-06-03 14:28:50,11014086,BABU        ,13616,104339022020,104319220140,140HPW501   ,,AUTOMODE,BV141C,19,1,295961,OK,,0,0,9003102010431351065904261500069B,0020007910431251065004261403121C,00200045104311520066-7261502356A,OK,OK,OK,OK,284337,2026-06-03 14:26:36,11014086.0,BABU        ,13616,104339022020,104319220140,140HPW501   ,AUTOMODE,BV141A,24,1,295961,OK,CA1,0,0,300050104312999991395364110336,OK,OK,0.39,0.474,0.5,0.39,0.48,0.5,OK,,00200045104311520066-7261502356A,OK,OK,202.9,145.2,52.6,146.3,-0.0408363,1.83771,52.4868,52.7951,0.122513,2.12358,55.1519,55.6615,57.6055,3.63459,57.2972,0.326706,0,0,0,0,05ACA006,284859,2026-06-03 14:27:20,11014086.0,BABU        ,13616.0,104339022020,104319220140,140HPW501   ,AUTOMODE,BV141B,30,1.0,295961.0,OK,,,,00200045104311520066-7261502356A,OK,OK,,OK,OK,285015,2026-06-03 14:29:48,11014086.0,BABU        ,13616,104339022020,104319220140,,AUTOMODE,BV141D,31,1,295961,OK,CA13,,,0020007910431251065004261403121C,,0,145.4,3.8,-113.55,50.1,134,19.6,-223.1,59.6,-216.052,-106.71,0.0904694,0.437267,44.8466,40.0884,5.0,22.6926,51.8049,52.0221,0,0,0,0,0,0,0,0,0,0,0,1.64,0,20.0,0,352865
5032630,1,0020007910431251065004261403255C,2026-06-09 05:41:36,306217, , ,104319220139,0,0,0,0,57000,110000,0,0,120000,0,0,0,1,0:20,1011,16,11.67,63,11.67,63,20.4,34,20.4,34,0,0,0,0,0,0,0,0,18.2,125,18.2,125,5.69,298,5.69,298,9.67,184,9.67,184,0,0,0,0,0,0,0,0,0,0,0,0,UCX31_x0001_|_x0007_:, ,1.26,4.93,45.45,14,4.75,93,64.45,0:56      ,3,2026-06-09 21:03:50,11014086.0,BABU        ,1,104339022020,104319220140,,AUTOMODE_TS1,BV141E,41,2,,OK,,0,0,0020007910431251065004261403255C,1.17598,1.17623,1.17649,5,5,4.16,4.5325,6.355,1,1.2,1.2,1.2,1,1.2,0.5,12,0.5,12,0.5,12,290424,2026-06-09 21:01:26,11014981,MAREESWARAN ,13616,104339022020,104319220140,140HPW501   ,,AUTOMODE,BV141C,20,2,302472,OK,,0,0,9003102010431351065904261568263B,0020007910431251065004261403255C,00200045104311520066-7261532228A,OK,OK,OK,OK,291630,2026-06-09 21:00:08,11014981.0,MAREESWARAN ,13616,104339022020,104319220140,140HPW501   ,AUTOMODE,BV141A,22,2,302472,OK,CA1,0,0,300050104312999991395364110336,OK,OK,0.39,0.453,0.5,0.39,0.412,0.5,OK,,00200045104311520066-7261532228A,OK,OK,202.9,145.2,52.6,146.3,0.0,1.34766,52.2036,53.2304,0.122517,1.67436,55.3859,56.1069,56.2401,1.42129,57.6484,0.28587,0,0,0,0,05ACA007,292182,2026-06-09 21:00:50,11014981.0,MAREESWARAN ,13616.0,104339022020,104319220140,140HPW501   ,AUTOMODE,BV141B,29,2.0,302472.0,OK,,,,00200045104311520066-7261532228A,OK,OK,,OK,OK,292319,2026-06-09 21:02:44,11014981.0,MAREESWARAN ,13616,104339022020,104319220140,,AUTOMODE,BV141D,31,2,302472,OK,CA13,,,0020007910431251065004261403255C,,0,145.0,4.0,-113.55,50.1,134,19.6,-223.35,59.6,-223.35,-113.71,0.168424,1.02942,45.0,40.0,5.0,23.2204,51.9629,52.1058,0,0,0,0,0,0,0,0,0,0,0,1.62,0,20.0,0,361340
5009090,1,0020007910431251065004261403267C,2026-06-02 00:17:49,304212, , ,104319220139,0,0,0,0,57000,110000,50000,0,120000,0,0,0,2,1:20,1011,16,33.22,199,8.39,44,32.89,163,4.66,88,35.78,198,9.31,24,0,0,0,0,29.17,79,2.93,24,7.88,158,2.33,250,5.45,166,10.25,123,0,0,0,0,0,0,0,0,0,0,0,0,UCX31_x0001_|_x0007_:, ,1.6,4.92,46.44,14,4.74,94,64.97,1:45      ,3,2026-06-02 18:12:23,11014981.0,MAREESWARAN ,1,104339022020,104319220140,,AUTOMODE_TS1,BV141E2,38,1,,OK,,0,0,0020007910431251065004261403267C,1.15635,1.14642,1.14906,5,5,3.01916,7.30659,4.56287,1,1.2,1.2,1.2,1,1.2,0.5,12,0.5,12,0.5,12,282129,2026-06-02 18:07:13,11014981,MAREESWARAN ,13616,104339022020,104319220140,140HPW501   ,,AUTOMODE,BV141C,19,1,294856,OK,,0,0,9003102010431351065904261487869B,0020007910431251065004261403267C,00200045104311520066-7261482120A,OK,OK,OK,OK,283256,2026-06-02 18:05:55,11014981.0,MAREESWARAN ,13616,104339022020,104319220140,140HPW501   ,AUTOMODE,BV141A,21,1,294856,OK,CA1,0,0,300050104312999991395364110336,OK,OK,0.39,0.445,0.5,0.39,0.43,0.5,OK,,00200045104311520066-7261482120A,OK,OK,202.9,145.2,52.6,146.3,-0.0408363,2.16442,52.8561,53.3682,0.163353,2.32777,55.6333,56.0435,56.2401,1.86061,57.7862,0.285866,0,0,0,0,05ACA008,283776,2026-06-02 18:06:33,11014981.0,MAREESWARAN ,13616.0,104339022020,104319220140,140HPW501   ,AUTOMODE,BV141B,30,1.0,294856.0,OK,,,,00200045104311520066-7261482120A,OK,OK,,OK,OK,283931,2026-06-02 18:10:21,11014981.0,MAREESWARAN ,13616,104339022020,104319220140,,AUTOMODE,BV141D,30,1,294856,OK,CA13,,,0020007910431251065004261403267C,,0,145.5,2.8,-113.55,50.1,134,19.6,-223.15,59.6,-216.052,-106.71,3.09102,3.69929,43.9901,40.0,5.0,26.5828,48.2818,52.0502,0,0,0,0,0,0,0,0,0,0,0,1.51,0,20.0,0,351564
5018831,1,0020007910431251065004261410160B,2026-06-04 23:29:12,306217, , ,104319220140,0,0,0,0,57000,110000,0,0,120000,0,0,0,1,0:20,1011,16,8.54,114,8.54,114,19.86,26,19.86,26,0,0,0,0,0,0,0,0,17.68,110,17.68,110,10.54,280,10.54,280,10.64,18,10.64,18,0,0,0,0,0,0,0,0,0,0,0,0,UCX31_x0001_|_x0007_:, ,1.27,4.92,45.1,14,3.97,93,64.81,3:29      ,3,2026-06-05 15:49:31,11014086.0,BABU        ,1,104339022021,104319220151,,AUTOMODE_TS1,BV141E,45,1,,OK,,0,0,0020007910431251065004261410160B,1.17358,1.17396,1.17307,5,5,3.4125,3.5975,4.51,1,1.2,1.2,1.2,1,1.2,0.5,12,0.5,12,0.5,12,285648,2026-06-05 15:46:43,11014086,BABU        ,13616,104339022021,104319220151,160HP Z101  ,,AUTOMODE,BV141C,25,1,298502,OK,,0,0,9003102010431351065904261544074A,0020007910431251065004261410160B,00200045104311520066-7261530033C,OK,OK,OK,OK,286836,2026-06-05 15:45:17,11014086.0,BABU        ,13616,104339022021,104319220151,160HP Z101  ,AUTOMODE,BV141A,21,1,298502,OK,CA1,0,0,1020104313020080004674879488,OK,OK,0.39,0.447,0.5,0.39,0.443,0.5,OK,,00200045104311520066-7261530033C,OK,OK,202.9,145.2,52.6,146.3,-0.0408401,2.40944,52.3748,53.399,0.204189,2.40944,55.6615,56.0718,56.2401,2.20889,57.7151,0.367542,0,0,0,0,05ACA005,287358,2026-06-05 15:45:55,11014086.0,BABU        ,13616.0,104339022021,104319220151,160HP Z101  ,AUTOMODE,BV141B,30,1.0,298502.0,OK,,,,00200045104311520066-7261530033C,OK,OK,,OK,OK,287509,2026-06-05 15:48:19,11014086.0,BABU        ,13616,104339022021,104319220151,,AUTOMODE,BV141D,34,1,298502,OK,CA13,,,0020007910431251065004261410160B,,0,145.5,4.1,-113.55,50.1,134,19.6,-223.2,59.6,-216.052,-106.71,0.642095,2.04054,45.0,40.0,5.0,21.5241,52.3424,52.4466,0,0,0,0,0,0,0,0,0,0,0,3.35,0,20.0,0,355731
5011147,1,0020007910431251065004261410197B,2026-06-02 15:19:29,306217, , ,104319220140,0,0,0,0,57000,110000,0,0,120000,0,0,0,1,0:19,1011,16,76.57,32,76.57,32,60.51,15,60.51,15,0,0,0,0,0,0,0,0,54.35,108,54.35,108,9.54,144,9.54,144,11.55,119,11.55,119,0,0,0,0,0,0,0,0,0,0,0,0,UCX31_x0001_|_x0007_:, ,1.22,4.93,45.28,14,4.74,93,64.45,0:56      ,3,2026-06-03 14:17:18,11014086.0,BABU        ,1,104339022020,104319220140,,AUTOMODE_TS1,BV141E2,38,1,,OK,,0,0,0020007910431251065004261410197B,1.16465,1.15371,1.15899,5,5,3.15329,7.0491,5.08862,1,1.2,1.2,1.2,1,1.2,0.5,12,0.5,12,0.5,12,283173,2026-06-03 14:15:28,11014086,BABU        ,13616,104339022020,104319220140,140HPW501   ,,AUTOMODE,BV141C,16,1,295948,OK,,0,0,9003102010431351065904261500064B,0020007910431251065004261410197B,00200045104311520066-7261502278A,OK,OK,OK,OK,284324,2026-06-03 14:12:44,11014086.0,BABU        ,13616,104339022020,104319220140,140HPW501   ,AUTOMODE,BV141A,30,1,295948,OK,CA1,0,0,300050104312999991395364110336,OK,OK,0.39,0.475,0.5,0.39,0.47,0.5,OK,,00200045104311520066-7261502278A,OK,OK,202.9,145.2,52.6,146.3,0.0,2.49112,52.0664,53.2919,0.204189,2.32777,55.5569,55.9671,56.2401,1.77442,57.7201,0.285866,0,0,0,0,05ACA008,284846,2026-06-03 14:14:58,11014086.0,BABU        ,13616.0,104339022020,104319220140,140HPW501   ,AUTOMODE,BV141B,99,1.0,295948.0,OK,,,,00200045104311520066-7261502278A,OK,OK,,OK,OK,285002,2026-06-03 14:16:10,11014086.0,BABU        ,13616,104339022020,104319220140,,AUTOMODE,BV141D,31,1,295948,OK,CA13,,,0020007910431251065004261410197B,,0,145.4,3.8,-113.55,50.1,134,19.6,-223.15,59.6,-216.052,-106.71,0.268536,1.24092,45.0,40.0,5.0,25.1956,51.9145,51.9915,0,0,0,0,0,0,0,0,0,0,0,1.64,0,20.0,0,352852
5009926,1,0020007910431251065004261410248B,2026-06-02 07:37:28,304212, , ,104319220139,0,0,0,0,57000,110000,50000,0,120000,0,0,0,1,0:21,1011,16,25.51,15,25.51,15,31.58,24,31.58,24,20.03,350,20.03,350,0,0,0,0,29.39,306,29.39,306,6.37,105,6.37,105,9.44,134,9.44,134,0,0,0,0,0,0,0,0,0,0,0,0,UCX31_x0001_|_x0007_:, ,1.41,4.98,45.13,14,3.74,94,64.95,0:46      ,3,2026-06-02 17:52:59,11014981.0,MAREESWARAN ,1,104339022020,104319220140,,AUTOMODE_TS1,BV141E2,38,1,,OK,,0,0,0020007910431251065004261410248B,1.15925,1.15358,1.14868,5,5,3.83593,8.01916,4.60599,1,1.2,1.2,1.2,1,1.2,0.5,12,0.5,12,0.5,12,282110,2026-06-02 17:50:49,11014981,MAREESWARAN ,13616,104339022020,104319220140,140HPW501   ,,AUTOMODE,BV141C,18,1,294835,OK,,0,0,9003102010431351065904261487872B,0020007910431251065004261410248B,00200045104311520066-7261492106B,OK,OK,OK,OK,283235,2026-06-02 17:49:39,11014981.0,MAREESWARAN ,13616,104339022020,104319220140,140HPW501   ,AUTOMODE,BV141A,25,1,294835,OK,CA1,0,0,300050104312999991395364110336,OK,OK,0.39,0.451,0.5,0.39,0.452,0.5,OK,,00200045104311520066-7261492106B,OK,OK,202.9,145.2,52.6,146.3,0.0,1.30682,52.1071,53.1288,0.0816765,1.34766,55.4957,55.7021,57.4525,1.22514,57.3506,0.204189,0,0,0,0,05ACA003,283755,2026-06-02 17:50:17,11014981.0,MAREESWARAN ,13616.0,104339022020,104319220140,140HPW501   ,AUTOMODE,BV141B,30,1.0,294835.0,OK,,,,00200045104311520066-7261492106B,OK,OK,,OK,OK,283910,2026-06-02 17:51:51,11014981.0,MAREESWARAN ,13616,104339022020,104319220140,,AUTOMODE,BV141D,30,1,294835,OK,CA13,,,0020007910431251065004261410248B,,0,145.2,2.8,-113.55,50.1,134,19.6,-223.15,59.6,-216.052,-106.71,3.46044,4.01697,42.9404,40.0,5.0,22.7228,46.6866,51.9993,0,0,0,0,0,0,0,0,0,0,0,1.61,0,20.0,0,351526
5009749,1,0020007910431251065004261410249B,2026-06-02 05:43:29,304212, , ,104319220139,0,0,0,0,57000,110000,50000,0,120000,0,0,0,2,1:15,1011,16,17.48,309,18.92,360,20.91,73,5.57,44,20.65,278,21.69,348,0,0,0,0,21.95,3,2.47,45,13.99,154,7.21,229,6.91,60,9.14,71,0,0,0,0,0,0,0,0,0,0,0,0,UCX31_x0001_|_x0007_:, ,1.52,4.95,44.76,14,4.55,94,65.1,1:48      ,3,2026-06-02 17:55:23,11014981.0,MAREESWARAN ,1,104339022020,104319220140,,AUTOMODE_TS1,BV141E,45,1,,OK,,0,0,0020007910431251065004261410249B,1.17509,1.17231,1.17358,5,5,3.735,4.29,5.9675,1,1.2,1.2,1.2,1,1.2,0.5,12,0.5,12,0.5,12,282113,2026-06-02 17:53:25,11014981,MAREESWARAN ,13616,104339022020,104319220140,140HPW501   ,,AUTOMODE,BV141C,17,1,294838,OK,,0,0,9003102010431351065904261487875B,0020007910431251065004261410249B,00200045104311520066-7261500116A,OK,OK,OK,OK,283238,2026-06-02 17:52:05,11014981.0,MAREESWARAN ,13616,104339022020,104319220140,140HPW501   ,AUTOMODE,BV141A,22,1,294838,OK,CA1,0,0,300050104312999991395364110336,OK,OK,0.39,0.426,0.5,0.39,0.419,0.5,OK,,00200045104311520066-7261500116A,OK,OK,202.9,145.2,52.6,146.3,0.0,1.10263,52.0404,53.271,0.0816765,1.63352,55.4265,55.7323,56.2401,1.23247,57.5846,0.245029,0,0,0,0,05ACA004,283758,2026-06-02 17:52:43,11014981.0,MAREESWARAN ,13616.0,104339022020,104319220140,140HPW501   ,AUTOMODE,BV141B,31,1.0,294838.0,OK,,,,00200045104311520066-7261500116A,OK,OK,,OK,OK,283913,2026-06-02 17:54:05,11014981.0,MAREESWARAN ,13616,104339022020,104319220140,,AUTOMODE,BV141D,29,1,294838,OK,CA13,,,0020007910431251065004261410249B,,0,147.0,2.7,-113.55,50.1,134,19.6,-223.15,59.6,-216.052,-106.71,1.68876,2.42972,44.6129,40.0,5.0,26.6808,51.7339,52.0756,0,0,0,0,0,0,0,0,0,0,0,1.6,0,20.0,0,351529
5011879,1,0020007910431251065004261410253B,2026-06-02 19:40:28,306217, , ,104319220140,0,0,0,0,57000,110000,0,0,120000,0,0,0,1,0:19,1011,16,26.3,173,26.3,173,24.71,107,24.71,107,0,0,0,0,0,0,0,0,20.34,197,20.34,197,11.48,325,11.48,325,11.86,71,11.86,71,0,0,0,0,0,0,0,0,0,0,0,0,UCX31_x0001_|_x0007_:, ,1.36,4.93,45.16,14,4.35,93,64.52,0:56      ,3,2026-06-03 14:20:28,11014086.0,BABU        ,1,104339022020,104319220140,,AUTOMODE_TS1,BV141E2,38,1,,OK,,0,0,0020007910431251065004261410253B,1.16478,1.15736,1.15723,5,5,3.4515,7.42994,4.04192,1,1.2,1.2,1.2,1,1.2,0.5,12,0.5,12,0.5,12,283177,2026-06-03 14:18:36,11014086,BABU        ,13616,104339022020,104319220140,140HPW501   ,,AUTOMODE,BV141C,18,1,295952,OK,,0,0,9003102010431351065904261500063B,0020007910431251065004261410253B,00200045104311520066-7261502295A,OK,OK,OK,OK,284328,2026-06-03 14:17:02,11014086.0,BABU        ,13616,104339022020,104319220140,140HPW501   ,AUTOMODE,BV141A,22,1,295952,OK,CA1,0,0,300050104312999991395364110336,OK,OK,0.39,0.477,0.5,0.39,0.471,0.5,OK,,00200045104311520066-7261502295A,OK,OK,202.9,145.2,52.6,146.3,-0.0408401,1.47017,52.0384,52.8588,0.0816727,2.28693,54.9149,55.5315,57.8985,9.59695,57.1774,0.285866,0,0,0,0,05ACA006,284850,2026-06-03 14:17:44,11014086.0,BABU        ,13616.0,104339022020,104319220140,140HPW501   ,AUTOMODE,BV141B,30,1.0,295952.0,OK,,,,00200045104311520066-7261502295A,OK,OK,,OK,OK,285006,2026-06-03 14:19:18,11014086.0,BABU        ,13616,104339022020,104319220140,,AUTOMODE,BV141D,31,1,295952,OK,CA13,,,0020007910431251065004261410253B,,0,145.0,3.8,-113.55,50.1,134,19.6,-223.15,59.6,-216.052,-106.71,0.096242,0.622159,45.0,40.0,5.0,17.4379,51.9247,51.9229,0,0,0,0,0,0,0,0,0,0,0,1.73,0,20.0,0,352856
5009956,1,0020007910431251065004261410265B,2026-06-02 07:49:17,304212, , ,104319220139,0,0,0,0,57000,110000,50000,0,120000,0,0,0,2,1:15,1011,16,57.7,62,4.02,82,35.96,56,0.3,20,66.16,62,5.35,67,0,0,0,0,24.35,334,1.72,208,10.56,306,2.17,326,9.06,166,10.12,175,0,0,0,0,0,0,0,0,0,0,0,0,UCX31_x0001_|_x0007_:, ,1.58,4.96,45.63,14,4.03,93,64.81,1:40      ,3,2026-06-02 17:53:45,11014981.0,MAREESWARAN ,1,104339022020,104319220140,,AUTOMODE_TS1,BV141E,44,1,,OK,,0,0,0020007910431251065004261410265B,1.1756,1.17358,1.17396,5,5,4.5425,4.1975,6.175,1,1.2,1.2,1.2,1,1.2,0.5,12,0.5,12,0.5,12,282111,2026-06-02 17:51:35,11014981,MAREESWARAN ,13616,104339022020,104319220140,140HPW501   ,,AUTOMODE,BV141C,19,1,294836,OK,,0,0,9003102010431351065904261487891B,0020007910431251065004261410265B,00200045104311520066-7261482154A,OK,OK,OK,OK,283236,2026-06-02 17:50:27,11014981.0,MAREESWARAN ,13616,104339022020,104319220140,140HPW501   ,AUTOMODE,BV141A,23,1,294836,OK,CA1,0,0,300050104312999991395364110336,OK,OK,0.39,0.444,0.5,0.39,0.445,0.5,OK,,00200045104311520066-7261482154A,OK,OK,202.9,145.2,52.6,146.3,0.0,1.26598,52.5913,53.1034,0.0816765,1.75604,55.3608,55.7685,57.7176,2.36861,57.6157,0.245029,0,0,0,0,05ACA005,283756,2026-06-02 17:51:05,11014981.0,MAREESWARAN ,13616.0,104339022020,104319220140,140HPW501   ,AUTOMODE,BV141B,31,1.0,294836.0,OK,,,,00200045104311520066-7261482154A,OK,OK,,OK,OK,283911,2026-06-02 17:52:33,,,13616,104339022020,104319220140,,AUTOMODE,BV141D,30,1,294836,OK,CA13,,,0020007910431251065004261410265B,,0,146.0,2.8,-113.55,50.1,134,19.6,-223.15,59.6,-216.052,-106.71,1.90739,2.18779,44.4402,40.0,5.0,26.1078,51.7516,52.0986,0,0,0,0,0,0,0,0,0,0,0,1.6,0,20.0,0,351527
5007654,1,0020007910431251065004261413525A,2026-06-01 14:30:12,314116, , ,104319220151,0,0,0,0,57000,110000,0,0,120000,0,0,0,3,2:27,1011,16,8.51,315,8,102,29.67,151,1.26,164,0,0,0,0,0,0,0,0,28.49,124,2.39,162,15.87,312,3.3,58,7.99,245,9.36,236,0,0,0,0,0,0,0,0,0,0,0,0,UCX31_x0001_|_x0007_:, ,1.28,4.96,45.1,3,4.74,93,64.88,2:58      ,3,2026-06-01 19:07:59,11014981.0,MAREESWARAN ,1,104339022019,104319220139,,AUTOMODE_TS1,BV141E,39,1,,OK,,0,0,0020007910431251065004261413525A,1.17661,1.17383,1.17396,2,2,5.675,5.805,7.0475,1,1.2,1.2,1.2,1,1.2,0.5,12,0.5,12,0.5,12,280957,2026-06-01 19:05:33,11014981,MAREESWARAN ,13616,104339022019,104319220139,140HPW501   ,,AUTOMODE,BV141C,20,1,293635,OK,,0,0,6000102010431351066005261194092B,0020007910431251065004261413525A,00200045104311520066-7261480742B,OK,OK,OK,OK,282069,2026-06-01 19:04:17,11014981.0,MAREESWARAN ,13616,104339022019,104319220139,140HPW501   ,AUTOMODE,BV141A,24,1,293635,OK,CA1,0,0,300050104312999991395364110336,OK,OK,0.39,0.442,0.5,0.39,0.446,0.5,OK,,00200045104311520066-7261480742B,OK,OK,202.9,145.2,52.6,146.3,-0.0408363,1.34766,52.6519,53.2659,0.0,1.87855,55.3068,55.9183,56.2401,1.11632,57.3527,0.0816765,0,0,0,0,05ACA010,282579,2026-06-01 19:05:01,11014981.0,MAREESWARAN ,13616.0,104339022019,104319220139,140HPW501   ,AUTOMODE,BV141B,30,1.0,293635.0,OK,,,,00200045104311520066-7261480742B,OK,OK,,OK,OK,282739,2026-06-01 19:06:53,11014981.0,MAREESWARAN ,13616,104339022019,104319220139,,AUTOMODE,BV141D,31,1,293635,OK,CA14,,,0020007910431251065004261413525A,,0,145.3,3.8,-113.55,49.8,134,19.6,-222.95,59.6,-216.052,-106.71,0.89502,2.09342,45.0,40.0,5.0,23.816,52.3139,52.4515,0,0,0,0,0,0,0,0,0,0,0,1.63,0,20.0,0,350283
5033370,1,0020007910431251065004261413653A,2026-06-09 10:48:33,306217, , ,104319220139,0,0,0,0,57000,110000,0,0,120000,0,0,0,1,0:20,1011,16,51.04,233,51.04,233,49.46,207,49.46,207,0,0,0,0,0,0,0,0,42.61,298,42.61,298,9.63,45,9.63,45,9.77,18,9.77,18,0,0,0,0,0,0,0,0,0,0,0,0,UCX31_x0001_|_x0007_:, ,1.24,4.91,45.02,14,4.57,93,64.45,0:56      ,3,2026-06-10 07:52:00,11014086.0,BABU        ,1,104339022020,104319220140,,AUTOMODE_TS1,BV141E,41,2,,OK,,0,0,0020007910431251065004261413653A,1.17408,1.17307,1.17522,5,5,5.505,6.31,6.7475,1,1.2,1.2,1.2,1,1.2,0.5,12,0.5,12,0.5,12,290981,2026-06-10 07:49:46,11014981,MAREESWARAN ,13616,104339022020,104319220140,140HPW501   ,,AUTOMODE,BV141C,23,2,303055,OK,,0,0,9003102010431351065904261570005B,0020007910431251065004261413653A,00200045104311520066-7261502652B,OK,OK,OK,OK,292197,2026-06-10 07:48:28,11014981.0,MAREESWARAN ,13616,104339022020,104319220140,140HPW501   ,AUTOMODE,BV141A,24,2,303055,OK,CA1,0,0,300050104312999991395364110336,OK,OK,0.39,0.47,0.5,0.39,0.481,0.5,OK,,00200045104311520066-7261502652B,OK,OK,202.9,145.2,52.6,146.3,0.0,2.32777,52.0486,53.3812,0.204193,2.5728,55.5366,55.9469,56.2401,1.90359,57.5851,0.408382,0,0,0,0,05ACA004,292755,2026-06-10 07:49:12,11014981.0,MAREESWARAN ,13616.0,104339022020,104319220140,140HPW501   ,AUTOMODE,BV141B,28,2.0,303055.0,OK,,,,00200045104311520066-7261502652B,OK,OK,,OK,OK,292887,2026-06-10 07:50:54,11014981.0,MAREESWARAN ,13616,104339022020,104319220140,,AUTOMODE,BV141D,32,2,303055,OK,CA13,,,0020007910431251065004261413653A,,0,146.2,4.1,-113.55,50.1,134,19.6,-223.35,59.6,-223.35,-113.71,0.0753899,0.609833,44.8694,40.0,5.0,20.0389,51.7613,51.7831,0,0,0,0,0,0,0,0,0,0,0,1.75,0,20.0,0,362016
5039644,1,0020007910431251065004261413664A,2026-06-11 00:31:16,306217, , ,104319220140,0,0,0,0,57000,110000,0,0,120000,0,0,0,2,1:16,1011,16,17.1,262,4.39,315,16.88,197,1.79,181,0,0,0,0,0,0,0,0,14.34,285,1.32,288,8.65,56,2.53,61,8.13,33,9.17,34,0,0,0,0,0,0,0,0,0,0,0,0,UCX31_x0001_|_x0007_:, ,1.34,4.95,44.87,14,4.12,93,64.88,1:53      ,3,2026-06-12 09:45:03,11014981.0,MAREESWARAN ,1,104339022021,104319220151,,AUTOMODE_TS1,BV141E2,38,1,,OK,,0,0,0020007910431251065004261413664A,1.16642,1.16264,1.15107,5,5,2.95808,7.1497,4.9509,1,1.2,1.2,1.2,1,1.2,0.5,12,0.5,12,0.5,12,293182,2026-06-12 09:43:01,11014981,MAREESWARAN ,13616,104339022021,104319220151,160HP Z101  ,,AUTOMODE,BV141C,24,1,305382,OK,,0,0,9003102010431351065904261603637A,0020007910431251065004261413664A,00200045104311520066-7261592014B,OK,OK,OK,OK,294468,2026-06-12 09:40:19,11014981.0,MAREESWARAN ,13616,104339022021,104319220151,160HP Z101  ,AUTOMODE,BV141A,21,1,305382,OK,CA1,0,0,1020104313020080004674879488,OK,OK,0.39,0.427,0.5,0.39,0.422,0.5,OK,,00200045104311520066-7261592014B,OK,OK,202.9,145.2,52.6,146.3,0.0,1.59268,52.3645,53.19,0.122513,2.12358,55.45,55.8576,56.2401,1.8102,57.5978,0.367542,0,0,0,0,05ACA004,295056,2026-06-12 09:40:55,11014981.0,MAREESWARAN ,13616.0,104339022021,104319220151,160HP Z101  ,AUTOMODE,BV141B,29,1.0,305382.0,OK,,,,00200045104311520066-7261592014B,OK,OK,,OK,OK,295174,2026-06-12 09:43:55,11014981.0,MAREESWARAN ,13616,104339022021,104319220151,,AUTOMODE,BV141D,33,1,305382,OK,CA13,,,0020007910431251065004261413664A,,0,145.6,4.5,-113.55,50.1,134,19.6,-223.2,59.6,-223.2,-113.71,0.19725,1.07454,45.0,40.0,5.0,25.9948,51.7955,51.9659,0,0,0,0,0,0,0,0,0,0,0,3.41,0,20.0,0,365635
5032613,1,0020007910431251065004261413769A,2026-06-09 05:33:47,306217, , ,104319220139,0,0,0,0,57000,110000,0,0,120000,0,0,0,1,0:20,1011,16,29.2,177,29.2,177,30.74,175,30.74,175,0,0,0,0,0,0,0,0,26.61,267,26.61,267,1.66,161,1.66,161,11.75,213,11.75,213,0,0,0,0,0,0,0,0,0,0,0,0,UCX31_x0001_|_x0007_:, ,1.26,4.92,44.9,14,4.41,93,64.38,0:56      ,3,2026-06-09 21:11:04,11014086.0,BABU        ,1,104339022020,104319220140,,AUTOMODE_TS1,BV141E,40,2,,OK,,0,0,0020007910431251065004261413769A,1.1756,1.17307,1.17686,5,5,5.3125,4.8475,6.34,1,1.2,1.2,1.2,1,1.2,0.5,12,0.5,12,0.5,12,290434,2026-06-09 21:08:48,11014981,MAREESWARAN ,13616,104339022020,104319220140,140HPW501   ,,AUTOMODE,BV141C,20,2,302482,OK,,0,0,9003102010431351065904261568295B,0020007910431251065004261413769A,00200045104311520066-7261532043A,OK,OK,OK,OK,291640,2026-06-09 21:07:20,11014981.0,MAREESWARAN ,13616,104339022020,104319220140,140HPW501   ,AUTOMODE,BV141A,22,2,302482,OK,CA1,0,0,300050104312999991395364110336,OK,OK,0.39,0.468,0.5,0.39,0.426,0.5,OK,,00200045104311520066-7261532043A,OK,OK,202.9,145.2,52.6,146.3,0.0,2.16442,52.2349,53.3687,0.204193,2.81783,55.4223,55.8351,57.6823,3.87962,57.3765,0.490059,0,0,0,0,05ACA004,292192,2026-06-09 21:08:02,11014981.0,MAREESWARAN ,13616.0,104339022020,104319220140,140HPW501   ,AUTOMODE,BV141B,28,2.0,302482.0,OK,,,,00200045104311520066-7261532043A,OK,OK,,OK,OK,292329,2026-06-09 21:09:56,11014981.0,MAREESWARAN ,13616,104339022020,104319220140,,AUTOMODE,BV141D,31,2,302482,OK,CA13,,,0020007910431251065004261413769A,,0,145.4,4.1,-113.55,50.1,134,19.6,-223.35,59.6,-223.35,-113.71,0.118825,0.808964,45.0,40.0,5.0,21.313,51.7981,51.8342,0,0,0,0,0,0,0,0,0,0,0,1.85,0,20.0,0,361350
5032341,1,0020007910431251065004261413913A,2026-06-09 03:33:54,306217, , ,104319220139,0,0,0,0,57000,110000,0,0,120000,0,0,0,1,0:20,1011,16,30.35,19,30.35,19,36.86,4,36.86,4,0,0,0,0,0,0,0,0,31.19,96,31.19,96,3.47,252,3.47,252,8.72,311,8.72,311,0,0,0,0,0,0,0,0,0,0,0,0,UCX31_x0001_|_x0007_:, ,1.3,4.96,45.39,14,4.04,93,64.52,0:56      ,3,2026-06-09 21:09:36,11014086.0,BABU        ,1,104339022020,104319220140,,AUTOMODE_TS1,BV141E,40,2,,OK,,0,0,0020007910431251065004261413913A,1.17535,1.17598,1.1732,5,5,4.83,5.2775,6.3925,1,1.2,1.2,1.2,1,1.2,0.5,12,0.5,12,0.5,12,290432,2026-06-09 21:07:12,11014981,MAREESWARAN ,13616,104339022020,104319220140,140HPW501   ,,AUTOMODE,BV141C,23,2,302480,OK,,0,0,9003102010431351065904261568279B,0020007910431251065004261413913A,00200045104311520066-7261532158A,OK,OK,OK,OK,291638,2026-06-09 21:05:52,11014981.0,MAREESWARAN ,13616,104339022020,104319220140,140HPW501   ,AUTOMODE,BV141A,22,2,302480,OK,CA1,0,0,300050104312999991395364110336,OK,OK,0.39,0.446,0.5,0.39,0.452,0.5,OK,,00200045104311520066-7261532158A,OK,OK,202.9,145.2,52.6,146.3,0.0,2.00107,52.6755,53.394,0.163353,2.08274,55.7559,56.0616,56.2401,1.7303,57.6031,0.326706,0,0,0,0,05ACA007,292190,2026-06-09 21:06:36,11014981.0,MAREESWARAN ,13616.0,104339022020,104319220140,140HPW501   ,AUTOMODE,BV141B,28,2.0,302480.0,OK,,,,00200045104311520066-7261532158A,OK,OK,,OK,OK,292327,2026-06-09 21:08:30,11014981.0,MAREESWARAN ,13616,104339022020,104319220140,,AUTOMODE,BV141D,31,2,302480,OK,CA13,,,0020007910431251065004261413913A,,0,145.4,4.0,-113.55,50.1,134,19.6,-223.35,59.6,-223.35,-113.71,0.163718,1.19776,45.0,40.0,5.0,22.3081,51.9874,52.0348,0,0,0,0,0,0,0,0,0,0,0,1.76,0,20.0,0,361348
5006199,1,0020007910431251065004261414050B,2026-05-31 23:16:58,304212, , ,104319220151,0,0,0,0,57000,110000,0,0,120000,0,0,0,1,0:21,1011,16,44.6,300,44.6,300,25.4,243,25.4,243,0,0,0,0,0,0,0,0,24.98,144,24.98,144,17.08,219,17.08,219,9.73,48,9.73,48,0,0,0,0,0,0,0,0,0,0,0,0,UCX31_x0001_|_x0007_:, ,1.47,4.97,44.9,14,5.3,94,64.74,0:46      ,3,2026-06-01 19:10:25,11014981.0,MAREESWARAN ,1,104339022019,104319220139,,AUTOMODE_TS1,BV141E,39,1,,OK,,0,0,0020007910431251065004261414050B,1.18142,1.17573,1.1756,2,2,5.7825,4.535,8.1625,1,1.2,1.2,1.2,1,1.2,0.5,12,0.5,12,0.5,12,280959,2026-06-01 19:08:37,11014981,MAREESWARAN ,13616,104339022019,104319220139,140HPW501   ,,AUTOMODE,BV141C,22,1,293637,OK,,0,0,6000102010431351066005261194115B,0020007910431251065004261414050B,00200045104311520066-7261480737B,OK,OK,OK,OK,282071,2026-06-01 19:07:23,11014981.0,MAREESWARAN ,13616,104339022019,104319220139,140HPW501   ,AUTOMODE,BV141A,22,1,293637,OK,CA1,0,0,300050104312999991395364110336,OK,OK,0.39,0.445,0.5,0.39,0.429,0.5,OK,,00200045104311520066-7261480737B,OK,OK,202.9,145.2,52.6,146.3,-0.0408363,1.3885,52.0939,53.113,0.0,2.08274,54.9551,55.7705,56.2401,0.994446,57.1973,0.0816765,0,0,0,0,05ACA003,282581,2026-06-01 19:08:03,11014981.0,MAREESWARAN ,13616.0,104339022019,104319220139,140HPW501   ,AUTOMODE,BV141B,32,1.0,293637.0,OK,,,,00200045104311520066-7261480737B,OK,OK,,OK,OK,282741,2026-06-01 19:09:19,11014981.0,MAREESWARAN ,13616,104339022019,104319220139,,AUTOMODE,BV141D,31,1,293637,OK,CA14,,,0020007910431251065004261414050B,,0,145.8,3.9,-113.55,49.8,134,19.6,-222.95,59.6,-216.052,-106.71,0.127385,0.72179,45.0,40.0,5.0,20.1746,52.2334,52.2785,0,0,0,0,0,0,0,0,0,0,0,1.69,0,20.0,0,350285
5007331,1,0020007910431251065004261414078B,2026-06-01 12:21:38,306217, , ,104319220151,0,0,0,0,57000,110000,0,0,120000,0,0,0,1,0:19,1011,16,20.41,334,20.41,334,8.02,251,8.02,251,0,0,0,0,0,0,0,0,7.81,327,7.81,327,10.33,67,10.33,67,10.97,90,10.97,90,0,0,0,0,0,0,0,0,0,0,0,0,UCX31_x0001_|_x0007_:, ,1.18,4.93,45.19,14,4.66,93,64.45,3:03      ,3,2026-06-01 19:18:35,11014981.0,MAREESWARAN ,1,104339022019,104319220139,,AUTOMODE_TS1,BV141E,39,1,,OK,,0,0,0020007910431251065004261414078B,1.17535,1.17042,1.17446,2,2,5.2575,5.265,6.495,1,1.2,1.2,1.2,1,1.2,0.5,12,0.5,12,0.5,12,280969,2026-06-01 19:16:41,11014981,MAREESWARAN ,13616,104339022019,104319220139,140HPW501   ,,AUTOMODE,BV141C,23,1,293648,OK,,0,0,6000102010431351066005261194111B,0020007910431251065004261414078B,00200045104311520066-7261502547C,OK,OK,OK,OK,282081,2026-06-01 19:15:23,11014981.0,MAREESWARAN ,13616,104339022019,104319220139,140HPW501   ,AUTOMODE,BV141A,23,1,293648,OK,CA1,0,0,300050104312999991395364110336,OK,OK,0.39,0.398,0.5,0.39,0.398,0.5,OK,,00200045104311520066-7261502547C,OK,OK,202.9,145.2,52.6,146.3,-0.0251656,2.5728,52.0212,53.3095,0.0,3.22621,55.2535,55.865,56.2401,2.03202,57.5008,0.0816765,0,0,0,0,05ACA007,282592,2026-06-01 19:16:03,11014981.0,MAREESWARAN ,13616.0,104339022019,104319220139,140HPW501   ,AUTOMODE,BV141B,31,1.0,293648.0,OK,,,,00200045104311520066-7261502547C,OK,OK,,OK,OK,282751,2026-06-01 19:17:23,11014981.0,MAREESWARAN ,13616,104339022019,104319220139,,AUTOMODE,BV141D,31,1,293648,OK,CA14,,,0020007910431251065004261414078B,,0,145.6,3.9,-113.55,49.8,134,19.6,-222.95,59.6,-216.052,-106.71,0.00754166,0.0452347,44.437,40.0728,5.0,19.0588,52.3715,52.3852,0,0,0,0,0,0,0,0,0,0,0,1.65,0,20.0,0,350295
5006355,1,0020007910431251065004261414111B,2026-06-01 02:54:43,304212, , ,104319220151,0,0,0,0,57000,110000,0,0,120000,0,0,0,2,1:21,1011,16,54.79,147,19.36,203,17.93,106,4.29,169,0,0,0,0,0,0,0,0,16.21,351,4.2,46,19.57,49,5.9,99,7.59,306,10.16,312,0,0,0,0,0,0,0,0,0,0,0,0,UCX31_x0001_|_x0007_:, ,1.52,4.92,45.25,14,4.94,94,65.04,1:46      ,3,2026-06-01 19:01:27,11014981.0,MAREESWARAN ,1,104339022019,104319220139,,AUTOMODE_TS1,BV141E2,32,1,,OK,,0,0,0020007910431251065004261414111B,1.1483,1.14943,1.15912,2,2,3.43353,7.55928,4.98683,1,1.2,1.2,1.2,1,1.2,0.5,12,0.5,12,0.5,12,280948,2026-06-01 18:59:41,11014981,MAREESWARAN ,13616,104339022019,104319220139,140HPW501   ,,AUTOMODE,BV141C,32,1,293626,OK,,0,0,6000102010431351066005261194093B,0020007910431251065004261414111B,00200045104311520066-7261482554B,OK,OK,OK,OK,282060,2026-06-01 18:58:11,11014981.0,MAREESWARAN ,13616,104339022019,104319220139,140HPW501   ,AUTOMODE,BV141A,22,1,293626,OK,CA1,0,0,300050104312999991395364110336,OK,OK,0.39,0.442,0.5,0.39,0.446,0.5,OK,,00200045104311520066-7261482554B,OK,OK,202.9,145.2,52.6,146.3,0.0,2.32777,52.1219,53.0391,0.0,2.24609,55.0799,55.5895,56.2401,0.707806,57.3272,0.0408401,0,0,0,0,05ACA008,282570,2026-06-01 18:58:51,11014981.0,MAREESWARAN ,13616.0,104339022019,104319220139,140HPW501   ,AUTOMODE,BV141B,30,1.0,293626.0,OK,,,,00200045104311520066-7261482554B,OK,OK,,OK,OK,282730,2026-06-01 19:00:27,11014981.0,MAREESWARAN ,13616,104339022019,104319220139,,AUTOMODE,BV141D,31,1,293626,OK,CA14,,,0020007910431251065004261414111B,,0,145.2,3.8,-113.55,49.8,134,19.6,-222.95,59.6,-216.052,-106.71,0.0534,0.370842,45.0,40.0,5.0,18.9985,52.3435,52.4186,0,0,0,0,0,0,0,0,0,0,0,1.55,0,20.0,0,350274
5006429,1,0020007910431251065004261414126B,2026-06-01 04:23:41,304212, , ,104319220151,0,0,0,0,57000,110000,0,0,120000,0,0,0,1,0:22,1011,16,45.68,115,45.68,115,47.04,118,47.04,118,0,0,0,0,0,0,0,0,40.13,41,40.13,41,2.97,223,2.97,223,10.78,53,10.78,53,0,0,0,0,0,0,0,0,0,0,0,0,UCX31_x0001_|_x0007_:, ,1.55,4.91,44.84,14,4.34,94,64.67,0:47      ,3,2026-06-01 19:16:39,11014981.0,MAREESWARAN ,1,104339022019,104319220139,,AUTOMODE_TS1,BV141E2,32,1,,OK,,0,0,0020007910431251065004261414126B,1.15698,1.14704,1.16264,2,2,3.58683,8.35808,5.3521,1,1.2,1.2,1.2,1,1.2,0.5,12,0.5,12,0.5,12,280967,2026-06-01 19:14:45,11014981,MAREESWARAN ,13616,104339022019,104319220139,140HPW501   ,,AUTOMODE,BV141C,22,1,293646,OK,,0,0,6000102010431351066005261194077B,0020007910431251065004261414126B,00200045104311520066-7261500166A,OK,OK,OK,OK,282079,2026-06-01 19:13:25,11014981.0,MAREESWARAN ,13616,104339022019,104319220139,140HPW501   ,AUTOMODE,BV141A,26,1,293646,OK,CA1,0,0,300050104312999991395364110336,OK,OK,0.39,0.432,0.5,0.39,0.414,0.5,OK,,00200045104311520066-7261500166A,OK,OK,202.9,145.2,52.6,146.3,0.0,1.87855,52.0506,53.378,0.0,2.24609,55.6253,56.0329,57.5616,3.02202,57.3578,0.122517,0,0,0,0,05ACA003,282590,2026-06-01 19:14:09,11014981.0,MAREESWARAN ,13616.0,104339022019,104319220139,140HPW501   ,AUTOMODE,BV141B,32,1.0,293646.0,OK,,,,00200045104311520066-7261500166A,OK,OK,,OK,OK,282749,2026-06-01 19:15:37,11014981.0,MAREESWARAN ,13616,104339022019,104319220139,,AUTOMODE,BV141D,31,1,293646,OK,CA14,,,0020007910431251065004261414126B,,0,145.5,3.8,-113.55,49.8,134,19.6,-222.95,59.6,-216.052,-106.71,1.06412,2.18435,45.0,40.0,5.0,24.0949,52.3001,52.4614,0,0,0,0,0,0,0,0,0,0,0,1.77,0,20.0,0,350293
5013072,1,0020007910431251065004261425559B,2026-06-03 04:35:12,304212, , ,104319220140,0,0,0,0,57000,110000,0,0,120000,0,0,0,3,2:01,1011,16,21.64,188,6.92,285,18.38,120,2.09,228,0,0,0,0,0,0,0,0,18.58,33,2.56,143,9.97,120,1.88,189,7.57,72,9.17,65,0,0,0,0,0,0,0,0,0,0,0,0,UCX31_x0001_|_x0007_:, ,1.67,4.91,45.74,14,4.25,94,65.03,2:26      ,3,2026-06-03 18:52:24,11014086.0,BABU        ,1,104339022020,104319220140,,AUTOMODE_TS1,BV141E,45,1,,OK,,0,0,0020007910431251065004261425559B,1.17901,1.17547,1.17484,5,5,5.055,5.4575,6.38,1,1.2,1.2,1.2,1,1.2,0.5,12,0.5,12,0.5,12,283421,2026-06-03 18:47:52,11014086,BABU        ,13616,104339022020,104319220140,140HPW501   ,,AUTOMODE,BV141C,24,1,296203,OK,,0,0,9003102010431351065904261487899B,0020007910431251065004261425559B,00200045104311520066-7261520030A,OK,OK,OK,OK,284577,2026-06-03 18:24:38,11014086.0,BABU        ,13616,104339022020,104319220140,140HPW501   ,AUTOMODE,BV141A,23,1,296203,OK,CA1,0,0,300050104312999991395364110336,OK,OK,0.39,0.453,0.5,0.39,0.446,0.5,OK,,00200045104311520066-7261520030A,OK,OK,202.9,145.2,52.6,146.3,-0.0408363,0.775925,52.0277,53.1564,0.0408401,1.26598,55.2151,55.5208,57.5769,4.04297,57.2712,0.163353,0,0,0,0,05ACA004,285099,2026-06-03 18:25:22,11014086.0,BABU        ,13616.0,104339022020,104319220140,140HPW501   ,AUTOMODE,BV141B,30,1.0,296203.0,OK,,,,00200045104311520066-7261520030A,OK,OK,,OK,OK,285255,2026-06-03 18:50:38,11014086.0,BABU        ,13616,104339022020,104319220140,,AUTOMODE,BV141D,31,1,296203,OK,CA13,,,0020007910431251065004261425559B,,0,145.0,3.8,-113.55,50.1,134,19.6,-223.2,59.6,-216.052,-106.71,0.164222,1.09939,45.0,40.0,5.0,23.1299,51.9224,52.0374,0,0,0,0,0,0,0,0,0,0,0,1.6,0,20.0,0,353163
5013083,1,0020007910431251065004261425575B,2026-06-03 04:37:20,314116, , ,104319220140,0,0,0,0,57000,110000,0,0,120000,0,0,0,1,0:19,1011,16,27.68,349,27.68,349,6.07,326,6.07,326,0,0,0,0,0,0,0,0,7.5,304,7.5,304,10.76,309,10.76,309,13.64,54,13.64,54,0,0,0,0,0,0,0,0,0,0,0,0,UCX31_x0001_|_x0007_:, ,1.34,4.94,44.9,3,4.16,94,65.46,0:50      ,3,2026-06-03 18:25:24,11014086.0,BABU        ,1,104339022020,104319220140,,AUTOMODE_TS1,BV141E,44,1,,OK,,0,0,0020007910431251065004261425575B,1.17598,1.17686,1.17358,5,5,4.8875,5.1575,7.415,1,1.2,1.2,1.2,1,1.2,0.5,12,0.5,12,0.5,12,283418,2026-06-03 18:23:06,11014086,BABU        ,13616,104339022020,104319220140,140HPW501   ,,AUTOMODE,BV141C,20,1,296199,OK,,0,0,9003102010431351065904261498996A,0020007910431251065004261425575B,00200045104311520066-7261480585B,OK,OK,OK,OK,284573,2026-06-03 18:21:32,11014086.0,BABU        ,13616,104339022020,104319220140,140HPW501   ,AUTOMODE,BV141A,23,1,296199,OK,CA1,0,0,300050104312999991395364110336,OK,OK,0.39,0.461,0.5,0.39,0.443,0.5,OK,,00200045104311520066-7261480585B,OK,OK,202.9,145.2,52.6,146.3,-0.0408363,2.08274,52.0462,53.3813,0.122513,1.34766,55.5393,55.9495,56.2401,1.08788,57.598,0.204189,0,0,0,0,05ACA005,285095,2026-06-03 18:22:18,11014086.0,BABU        ,13616.0,104339022020,104319220140,140HPW501   ,AUTOMODE,BV141B,30,1.0,296199.0,OK,,,,00200045104311520066-7261480585B,OK,OK,,OK,OK,285251,2026-06-03 18:24:10,11014086.0,BABU        ,13616,104339022020,104319220140,,AUTOMODE,BV141D,31,1,296199,OK,CA13,,,0020007910431251065004261425575B,,0,145.6,3.6,-113.55,50.1,134,19.6,-223.2,59.6,-216.052,-106.71,0.258191,1.36246,45.0,40.0,5.0,25.6706,51.9381,52.0957,0,0,0,0,0,0,0,0,0,0,0,1.67,0,20.0,0,353159
5011528,1,0020007910431251065004261425589B,2026-06-02 17:19:29,306217, , ,104319220140,0,0,0,0,57000,110000,0,0,120000,0,0,0,2,1:21,1011,16,27.72,176,6.95,73,13.15,243,1.42,8,0,0,0,0,0,0,0,0,14.49,344,1.38,48,16.83,237,5.13,172,8.63,92,10.15,97,0,0,0,0,0,0,0,0,0,0,0,0,UCX31_x0001_|_x0007_:, ,1.39,4.92,45.02,14,4.09,93,64.88,2:42      ,3,2026-06-03 14:19:32,11014086.0,BABU        ,1,104339022020,104319220140,,AUTOMODE_TS1,BV141E,45,1,,OK,,0,0,0020007910431251065004261425589B,1.17712,1.17598,1.17509,5,5,3.56,4.815,7.7075,1,1.2,1.2,1.2,1,1.2,0.5,12,0.5,12,0.5,12,283176,2026-06-03 14:17:32,11014086,BABU        ,13616,104339022020,104319220140,140HPW501   ,,AUTOMODE,BV141C,18,1,295951,OK,,0,0,9003102010431351065904261500080B,0020007910431251065004261425589B,00200045104311520066-7261502342A,OK,OK,OK,OK,284327,2026-06-03 14:16:16,11014086.0,BABU        ,13616,104339022020,104319220140,140HPW501   ,AUTOMODE,BV141A,22,1,295951,OK,CA1,0,0,300050104312999991395364110336,OK,OK,0.39,0.487,0.5,0.39,0.479,0.5,OK,,00200045104311520066-7261502342A,OK,OK,202.9,145.2,52.6,146.3,-0.0408363,2.12358,52.8305,53.1413,0.163353,2.20526,55.3987,55.814,57.6638,7.88174,57.46,0.326706,0,0,0,0,05ACA002,284849,2026-06-03 14:17:02,11014086.0,BABU        ,13616.0,104339022020,104319220140,140HPW501   ,AUTOMODE,BV141B,30,1.0,295951.0,OK,,,,00200045104311520066-7261502342A,OK,OK,,OK,OK,285005,2026-06-03 14:18:20,11014086.0,BABU        ,13616,104339022020,104319220140,,AUTOMODE,BV141D,32,1,295951,OK,CA13,,,0020007910431251065004261425589B,,0,145.8,3.9,-113.55,50.1,134,19.6,-223.15,59.6,-216.052,-106.71,0.227685,1.08145,45.0,40.0,5.0,26.0324,51.5131,51.6382,0,0,0,0,0,0,0,0,0,0,0,1.67,0,20.0,0,352855
5012047,1,0020007910431251065004261425597B,2026-06-02 20:47:29,304212, , ,104319220140,0,0,0,0,57000,110000,0,0,120000,0,0,0,1,0:22,1011,16,27.66,112,27.66,112,31.07,108,31.07,108,0,0,0,0,0,0,0,0,29.16,31,29.16,31,3.56,175,3.56,175,10,339,10,339,0,0,0,0,0,0,0,0,0,0,0,0,UCX31_x0001_|_x0007_:, ,1.44,4.98,46,14,4.24,94,64.84,0:47      ,3,2026-06-03 14:27:20,11014086.0,BABU        ,1,104339022020,104319220140,,AUTOMODE_TS1,BV141E,45,1,,OK,,0,0,0020007910431251065004261425597B,1.17269,1.17472,1.17712,5,5,5.9275,6.58,7.31,1,1.2,1.2,1.2,1,1.2,0.5,12,0.5,12,0.5,12,283182,2026-06-03 14:25:04,10001376,DEEPAN.M    ,13616,104339022020,104319220140,140HPW501   ,,AUTOMODE,BV141C,31,1,295957,OK,,0,0,9003102010431351065904261500073B,0020007910431251065004261425597B,00200045104311520066-7261502291A,OK,OK,OK,OK,284333,2026-06-03 14:20:36,10001376.0,DEEPAN.M    ,13616,104339022020,104319220140,140HPW501   ,AUTOMODE,BV141A,22,1,295957,OK,CA1,0,0,300050104312999991395364110336,OK,OK,0.39,0.496,0.5,0.39,0.481,0.5,OK,,00200045104311520066-7261502291A,OK,OK,202.9,145.2,52.6,146.3,-0.0408363,2.49112,52.0359,53.3608,0.204189,2.45028,55.6259,55.9341,56.2401,1.88833,57.6896,0.326706,0,0,0,0,05ACA008,284855,2026-06-03 14:21:16,10001376.0,DEEPAN.M    ,13616.0,104339022020,104319220140,140HPW501   ,AUTOMODE,BV141B,30,1.0,295957.0,OK,,,,00200045104311520066-7261502291A,OK,OK,,OK,OK,285011,2026-06-03 14:26:08,10001376.0,DEEPAN.M    ,13616,104339022020,104319220140,,AUTOMODE,BV141D,31,1,295957,OK,CA13,,,0020007910431251065004261425597B,,0,145.1,3.7,-113.55,50.1,134,19.6,-223.1,59.6,-216.052,-106.71,0.253286,1.0961,45.0,40.0,5.0,26.0928,51.8853,52.0526,0,0,0,0,0,0,0,0,0,0,0,1.69,0,20.0,0,352861
5012360,1,0020007910431251065004261425682B,2026-06-02 22:49:07,314116, , ,104319220140,0,0,0,0,57000,110000,0,0,120000,0,0,0,1,0:19,1011,16,47.1,24,47.1,24,16.28,3,16.28,3,0,0,0,0,0,0,0,0,21.01,339,21.01,339,15.98,348,15.98,348,11.31,123,11.31,123,0,0,0,0,0,0,0,0,0,0,0,0,UCX31_x0001_|_x0007_:, ,1.22,5.07,44.96,3,4.53,93,65.53,0:50      ,3,2026-06-03 14:40:32,11014086.0,BABU        ,1,104339022020,104319220140,,AUTOMODE_TS1,BV141E2,38,1,,OK,,0,0,0020007910431251065004261425682B,1.16692,1.14855,1.14528,5,5,2.81078,8.9497,5.93174,1,1.2,1.2,1.2,1,1.2,0.5,12,0.5,12,0.5,12,283198,2026-06-03 14:38:42,11014086,BABU        ,13616,104339022020,104319220140,140HPW501   ,,AUTOMODE,BV141C,24,1,295973,OK,,0,0,9003102010431351065904261500099B,0020007910431251065004261425682B,00200045104311520066-7261502345A,OK,OK,OK,OK,284349,2026-06-03 14:37:24,11014086.0,BABU        ,13616,104339022020,104319220140,140HPW501   ,AUTOMODE,BV141A,31,1,295973,OK,CA1,0,0,300050104312999991395364110336,OK,OK,0.39,0.466,0.5,0.39,0.481,0.5,OK,,00200045104311520066-7261502345A,OK,OK,202.9,145.2,52.6,146.3,0.0,1.47017,52.1125,53.2463,0.0816765,1.91939,55.8196,56.2298,56.2401,1.89879,57.6643,0.326706,0,0,0,0,05ACA007,284871,2026-06-03 14:38:06,11014086.0,BABU        ,13616.0,104339022020,104319220140,140HPW501   ,AUTOMODE,BV141B,30,1.0,295973.0,OK,,,,00200045104311520066-7261502345A,OK,OK,,OK,OK,285027,2026-06-03 14:39:26,11014086.0,BABU        ,13616,104339022020,104319220140,,AUTOMODE,BV141D,32,1,295973,OK,CA13,,,0020007910431251065004261425682B,,0,145.3,3.8,-113.55,50.1,134,19.6,-223.1,59.6,-216.052,-106.71,0.411769,1.62964,45.0,40.0,5.0,23.3938,51.9057,51.9662,0,0,0,0,0,0,0,0,0,0,0,1.7,0,20.0,0,352877
5016412,1,0020007910431251065004261425706B,2026-06-04 08:08:39,304212, , ,104319220140,0,0,0,0,57000,110000,0,0,120000,0,0,0,1,0:21,1011,16,25.69,69,25.69,69,16.92,51,16.92,51,0,0,0,0,0,0,0,0,8.14,121,8.14,121,4.86,125,4.86,125,11.03,328,11.03,328,0,0,0,0,0,0,0,0,0,0,0,0,UCX31_x0001_|_x0007_:, ,1.34,4.94,45.42,14,4.35,94,65,0:47      ,3,2026-06-05 05:27:04,11014086.0,BABU        ,1,104339022021,104319220151,,AUTOMODE_TS1,BV141E2,38,2,,OK,,0,0,0020007910431251065004261425706B,1.14679,1.1561,1.14403,5,5,2.99281,8.33772,4.81078,1,1.2,1.2,1.2,1,1.2,0.5,12,0.5,12,0.5,12,285116,2026-06-05 05:24:06,11014086,BABU        ,13616,104339022021,104319220151,160HP Z101  ,,AUTOMODE,BV141C,21,2,297949,OK,,0,0,9003102010431351065904261521676B,0020007910431251065004261425706B,00200045104311520066-7261522330A,OK,OK,OK,OK,286302,2026-06-05 05:22:16,11014086.0,BABU        ,13616,104339022021,104319220151,160HP Z101  ,AUTOMODE,BV141A,22,2,297949,OK,CA1,0,0,1020104313020080004674879488,OK,OK,0.39,0.429,0.5,0.39,0.432,0.5,OK,,00200045104311520066-7261522330A,OK,OK,202.9,145.2,52.6,146.3,0.0,1.42933,52.0232,53.3608,0.122517,1.75604,55.5061,56.0183,56.2401,1.3699,57.6565,0.245029,0,0,0,0,05ACA005,286821,2026-06-05 05:22:56,11014086.0,BABU        ,13616.0,104339022021,104319220151,160HP Z101  ,AUTOMODE,BV141B,30,2.0,297949.0,OK,,,,00200045104311520066-7261522330A,OK,OK,,OK,OK,286973,2026-06-05 05:25:58,11014086.0,BABU        ,13616,104339022021,104319220151,,AUTOMODE,BV141D,37,2,297949,OK,CA13,,,0020007910431251065004261425706B,,0,145.6,5.2,-113.55,50.1,134,19.6,-223.09,59.6,-216.052,-106.71,0.348037,1.77516,45.0,40.0,5.0,24.7056,51.8552,51.9507,0,0,0,0,0,0,0,0,0,0,0,3.28,0,21.0,0,355165
5013064,1,0020007910431251065004261425726B,2026-06-03 04:26:39,304212, , ,104319220140,0,0,0,0,57000,110000,0,0,120000,0,0,0,2,1:16,1011,16,39.18,298,8.95,23,20.25,274,2.14,58,0,0,0,0,0,0,0,0,17.92,179,1.15,253,9.49,209,2.47,275,8.87,221,9.42,210,0,0,0,0,0,0,0,0,0,0,0,0,UCX31_x0001_|_x0007_:, ,1.56,4.93,45.54,14,4.54,94,65.1,1:41      ,3,2026-06-03 18:24:38,11014086.0,BABU        ,1,104339022020,104319220140,,AUTOMODE_TS1,BV141E2,38,1,,OK,,0,0,0020007910431251065004261425726B,1.17019,1.16113,1.16201,5,5,3.42156,7.96287,5.20719,1,1.2,1.2,1.2,1,1.2,0.5,12,0.5,12,0.5,12,283417,2026-06-03 18:22:32,11014086,BABU        ,13616,104339022020,104319220140,140HPW501   ,,AUTOMODE,BV141C,20,1,296198,OK,,0,0,9003102010431351065904261487186B,0020007910431251065004261425726B,00200045104311520066-7261482250A,OK,OK,OK,OK,284572,2026-06-03 18:20:50,11014086.0,BABU        ,13616,104339022020,104319220140,140HPW501   ,AUTOMODE,BV141A,22,1,296198,OK,CA1,0,0,300050104312999991395364110336,OK,OK,0.39,0.447,0.5,0.39,0.434,0.5,OK,,00200045104311520066-7261482250A,OK,OK,202.9,145.2,52.6,146.3,-0.0408363,1.63352,52.2217,53.1415,0.0816765,1.51101,55.6027,55.7046,57.5569,1.1843,57.455,0.204189,0,0,0,0,05ACA003,285094,2026-06-03 18:21:30,11014086.0,BABU        ,13616.0,104339022020,104319220140,140HPW501   ,AUTOMODE,BV141B,31,1.0,296198.0,OK,,,,00200045104311520066-7261482250A,OK,OK,,OK,OK,285250,2026-06-03 18:23:28,11014086.0,BABU        ,13616,104339022020,104319220140,,AUTOMODE,BV141D,32,1,296198,OK,CA13,,,0020007910431251065004261425726B,,0,145.6,3.9,-113.55,50.1,134,19.6,-223.2,59.6,-216.052,-106.71,0.302143,1.33537,45.0,40.0,5.0,25.7987,51.7891,51.8769,0,0,0,0,0,0,0,0,0,0,0,1.64,0,20.0,0,353158
5016419,1,0020007910431251065004261425846B,2026-06-04 08:12:54,304212, , ,104319220140,0,0,0,0,57000,110000,0,0,120000,0,0,0,3,2:10,1011,16,45.44,10,12.61,285,51.97,339,18.1,278,0,0,0,0,0,0,0,0,35.92,70,12.37,16,8.16,179,4.35,163,6.43,63,8.44,74,0,0,0,0,0,0,0,0,0,0,0,0,UCX31_x0001_|_x0007_:, ,1.48,4.98,44.82,14,4.57,94,65.01,2:36      ,3,2026-06-28 10:37:26,11014981.0,MAREESWARAN ,1,104339022020,104319220140,,AUTOMODE_TS1,BV141E,41,1,,OK,,0,0,0020007910431251065004261425846B,1.17775,1.17535,1.17446,5,5,3.9525,4.7475,8.0475,1,1.2,1.2,1.2,1,1.2,0.5,12,0.5,12,0.5,12,313028,2026-06-28 10:35:22,11014086,BABU        ,13616,104339022020,104319220140,140HPW501   ,,AUTOMODE,BV141C,43,1,322337,OK,,0,0,9003102010431351065904261758773B,0020007910431251065004261425846B,00200045104311520066-7261722691C,OK,OK,OK,OK,314431,2026-06-28 10:33:00,11014086.0,BABU        ,13616,104339022020,104319220140,140HPW501   ,AUTOMODE,BV141A,22,1,322337,OK,CA1,0,0,300050104312999991395364110336,OK,OK,0.39,0.444,0.5,0.39,0.422,0.5,OK,,00200045104311520066-7261722691C,OK,OK,202.9,145.2,52.6,146.3,0.0,1.06179,52.0891,53.2229,0.0816765,1.26598,55.4828,55.8905,57.6358,1.30682,57.5339,0.245029,0,0,0,0,05ACA003,314196,2026-06-28 10:33:34,11014086.0,BABU        ,13616.0,104339022020,104319220140,140HPW501   ,AUTOMODE,BV141B,26,1.0,322337.0,OK,,,,00200045104311520066-7261722691C,OK,OK,,OK,OK,315237,2026-06-28 10:36:12,11014086.0,BABU        ,13616,104339022020,104319220140,,AUTOMODE,BV141D,37,1,322337,OK,CA13,,,0020007910431251065004261425846B,,0,147.1,8.4,-113.55,50.1,134,19.6,-223.35,59.6,-223.35,-113.71,0.863916,2.20239,45.0,40.0,5.0,24.0798,52.3278,52.4185,0,0,0,0,0,0,0,0,0,0,0,1.59,0,20.0,0,390898
5011994,1,0020007910431251065004261425924B,2026-06-02 20:22:36,306217, , ,104319220140,0,0,0,0,57000,110000,0,0,120000,0,0,0,1,0:19,1011,16,50.71,97,50.71,97,34.42,100,34.42,100,0,0,0,0,0,0,0,0,27.56,192,27.56,192,9.25,179,9.25,179,12.39,213,12.39,213,0,0,0,0,0,0,0,0,0,0,0,0,UCX31_x0001_|_x0007_:, ,1.33,4.9,45.1,14,4.72,93,64.52,0:56      ,3,2026-06-03 14:31:40,11014086.0,BABU        ,1,104339022020,104319220140,,AUTOMODE_TS1,BV141E2,38,1,,OK,,0,0,0020007910431251065004261425924B,1.15497,1.15296,1.15497,5,5,3.03473,7.12216,4.24551,1,1.2,1.2,1.2,1,1.2,0.5,12,0.5,12,0.5,12,283187,2026-06-03 14:29:24,11014086,BABU        ,13616,104339022020,104319220140,140HPW501   ,,AUTOMODE,BV141C,20,1,295962,OK,,0,0,9003102010431351065904261500093B,0020007910431251065004261425924B,00200045104311520066-7261502189A,OK,OK,OK,OK,284338,2026-06-03 14:27:22,11014086.0,BABU        ,13616,104339022020,104319220140,140HPW501   ,AUTOMODE,BV141A,24,1,295962,OK,CA1,0,0,300050104312999991395364110336,OK,OK,0.39,0.473,0.5,0.39,0.483,0.5,OK,,00200045104311520066-7261502189A,OK,OK,202.9,145.2,52.6,146.3,0.0,2.49112,52.0614,53.394,0.204189,2.5728,55.6437,56.0565,56.2401,2.09052,57.4909,0.490059,0,0,0,0,05ACA003,284860,2026-06-03 14:28:28,11014086.0,BABU        ,13616.0,104339022020,104319220140,140HPW501   ,AUTOMODE,BV141B,30,1.0,295962.0,OK,,,,00200045104311520066-7261502189A,OK,OK,,OK,OK,285016,2026-06-03 14:30:32,11014086.0,BABU        ,13616,104339022020,104319220140,,AUTOMODE,BV141D,32,1,295962,OK,CA13,,,0020007910431251065004261425924B,,0,145.8,3.9,-113.55,50.1,134,19.6,-223.1,59.6,-216.052,-106.71,0.544067,1.81499,45.0,40.0,5.0,25.0297,51.9129,51.9994,0,0,0,0,0,0,0,0,0,0,0,1.68,0,20.0,0,352866
5018972,1,0020007910431251065004261426178C,2026-06-05 00:30:06,306217, , ,104319220140,0,0,0,0,57000,110000,0,0,120000,0,0,0,1,0:20,1011,16,43.19,156,43.19,156,34.36,117,34.36,117,0,0,0,0,0,0,0,0,26.35,206,26.35,206,13.8,299,13.8,299,10.16,56,10.16,56,0,0,0,0,0,0,0,0,0,0,0,0,UCX31_x0001_|_x0007_:, ,1.25,4.95,45.1,14,5.12,93,64.45,0:56      ,3,2026-06-05 15:45:37,11014086.0,BABU        ,1,104339022021,104319220151,,AUTOMODE_TS1,BV141E2,38,1,,OK,,0,0,0020007910431251065004261426178C,1.15308,1.16277,1.16327,5,5,3.34132,7.50419,4.64072,1,1.2,1.2,1.2,1,1.2,0.5,12,0.5,12,0.5,12,285643,2026-06-05 15:42:45,11014086,BABU        ,13616,104339022021,104319220151,160HP Z101  ,,AUTOMODE,BV141C,18,1,298497,OK,,0,0,9003102010431351065904261544088A,0020007910431251065004261426178C,00200045104311520066-7261530381A,OK,OK,OK,OK,286831,2026-06-05 15:41:21,11014086.0,BABU        ,13616,104339022021,104319220151,160HP Z101  ,AUTOMODE,BV141A,22,1,298497,OK,CA1,0,0,1020104313020080004674879488,OK,OK,0.39,0.44,0.5,0.39,0.432,0.5,OK,,00200045104311520066-7261530381A,OK,OK,202.9,145.2,52.6,146.3,0.0,1.59268,52.0867,53.3275,0.122513,2.36861,55.483,55.9951,56.2401,1.85748,57.5417,0.408379,0,0,0,0,05ACA001,287353,2026-06-05 15:42:01,11014086.0,BABU        ,13616.0,104339022021,104319220151,160HP Z101  ,AUTOMODE,BV141B,30,1.0,298497.0,OK,,,,00200045104311520066-7261530381A,OK,OK,,OK,OK,287504,2026-06-05 15:44:29,11014086.0,BABU        ,13616,104339022021,104319220151,,AUTOMODE,BV141D,34,1,298497,OK,CA13,,,0020007910431251065004261426178C,,0,145.6,4.0,-113.55,50.1,134,19.6,-223.2,59.6,-216.052,-106.71,0.571597,1.47012,45.0,40.0403,5.0,24.7433,52.0222,52.19,0,0,0,0,0,0,0,0,0,0,0,3.39,0,20.0,0,355726
5010952,1,0020007910431251065004261426337C,2026-06-02 13:44:49,304212, , ,104319220140,0,0,0,0,57000,110000,0,0,120000,0,0,0,1,0:22,1011,16,23.57,105,23.57,105,22.99,82,22.99,82,0,0,0,0,0,0,0,0,30.47,132,30.47,132,4.95,286,4.95,286,10.53,121,10.53,121,0,0,0,0,0,0,0,0,0,0,0,0,UCX31_x0001_|_x0007_:, ,1.58,4.9,46.06,14,4.84,94,64.81,0:48      ,3,2026-06-02 17:59:07,11014981.0,MAREESWARAN ,1,104339022020,104319220140,,AUTOMODE_TS1,BV141E2,38,1,,OK,,0,0,0020007910431251065004261426337C,1.15459,1.16352,1.15082,5,5,3.49581,8.3988,4.89222,1,1.2,1.2,1.2,1,1.2,0.5,12,0.5,12,0.5,12,282117,2026-06-02 17:57:07,11014981,MAREESWARAN ,13616,104339022020,104319220140,140HPW501   ,,AUTOMODE,BV141C,18,1,294842,OK,,0,0,9003102010431351065904261487864B,0020007910431251065004261426337C,00200045104311520066-7261502352C,OK,OK,OK,OK,283242,2026-06-02 17:55:05,11014981.0,MAREESWARAN ,13616,104339022020,104319220140,140HPW501   ,AUTOMODE,BV141A,22,1,294842,OK,CA1,0,0,300050104312999991395364110336,OK,OK,0.39,0.423,0.5,0.39,0.425,0.5,OK,,00200045104311520066-7261502352C,OK,OK,202.9,145.2,52.6,146.3,0.0,0.490059,52.0227,52.8457,0.0408401,1.79688,54.6929,55.5133,57.5745,8.98438,57.1643,0.285866,0,0,0,0,05ACA006,283762,2026-06-02 17:55:47,11014981.0,MAREESWARAN ,13616.0,104339022020,104319220140,140HPW501   ,AUTOMODE,BV141B,30,1.0,294842.0,OK,,,,00200045104311520066-7261502352C,OK,OK,,OK,OK,283917,2026-06-02 17:57:57,11014981.0,MAREESWARAN ,13616,104339022020,104319220140,,AUTOMODE,BV141D,30,1,294842,OK,CA13,,,0020007910431251065004261426337C,,0,145.1,3.0,-113.55,50.1,134,19.6,-223.15,59.6,-216.052,-106.71,0.588047,1.14132,44.7474,40.0,5.0,22.2554,51.7731,51.9,0,0,0,0,0,0,0,0,0,0,0,1.68,0,20.0,0,351533
5010393,1,0020007910431251065004261426345C,2026-06-02 10:18:47,304212, , ,104319220140,0,0,0,0,57000,110000,0,0,120000,0,0,0,2,1:09,1011,16,7.93,323,7.22,177,15.42,329,2.92,230,0,0,0,0,0,0,0,0,21.61,25,1.67,319,5.82,201,1.98,183,8.91,56,9.74,65,0,0,0,0,0,0,0,0,0,0,0,0,UCX31_x0001_|_x0007_:, ,1.61,4.93,45.89,14,4.17,93,65.02,1:35      ,3,2026-06-02 18:00:29,11014981.0,MAREESWARAN ,1,104339022020,104319220140,,AUTOMODE_TS1,BV141E2,38,1,,OK,,0,0,0020007910431251065004261426345C,1.15459,1.15409,1.14654,5,5,2.34371,6.2479,4.11617,1,1.2,1.2,1.2,1,1.2,0.5,12,0.5,12,0.5,12,282119,2026-06-02 17:58:39,11014981,MAREESWARAN ,13616,104339022020,104319220140,140HPW501   ,,AUTOMODE,BV141C,25,1,294844,OK,,0,0,9003102010431351065904261487141B,0020007910431251065004261426345C,00200045104311520066-7261502433C,OK,OK,OK,OK,283244,2026-06-02 17:57:23,11014981.0,MAREESWARAN ,13616,104339022020,104319220140,140HPW501   ,AUTOMODE,BV141A,22,1,294844,OK,CA1,0,0,300050104312999991395364110336,OK,OK,0.39,0.444,0.5,0.39,0.418,0.5,OK,,00200045104311520066-7261502433C,OK,OK,202.9,145.2,52.6,146.3,0.0,1.51101,52.0382,53.172,0.122513,1.51101,55.5339,55.8396,57.6919,1.96023,57.4881,0.245029,0,0,0,0,05ACA005,283764,2026-06-02 17:58:01,11014981.0,MAREESWARAN ,13616.0,104339022020,104319220140,140HPW501   ,AUTOMODE,BV141B,30,1.0,294844.0,OK,,,,00200045104311520066-7261502433C,OK,OK,,OK,OK,283919,2026-06-02 17:59:21,11014981.0,MAREESWARAN ,13616,104339022020,104319220140,,AUTOMODE,BV141D,30,1,294844,OK,CA13,,,0020007910431251065004261426345C,,0,145.1,2.9,-113.55,50.1,134,19.6,-223.15,59.6,-216.052,-106.71,0.759638,2.35505,45.0,40.0,5.0,26.2058,51.9604,52.134,0,0,0,0,0,0,0,0,0,0,0,1.59,0,20.0,0,351535
5010475,1,0020007910431251065004261426367C,2026-06-02 10:42:22,306217, , ,104319220140,0,0,0,0,57000,110000,0,0,120000,0,0,0,1,0:19,1011,16,61.9,187,61.9,187,52.87,178,52.87,178,0,0,0,0,0,0,0,0,44.48,271,44.48,271,5.98,292,5.98,292,10.17,159,10.17,159,0,0,0,0,0,0,0,0,0,0,0,0,UCX31_x0001_|_x0007_:, ,1.27,4.9,45.1,14,4.85,93,64.45,0:56      ,3,2026-06-02 17:38:21,11014981.0,MAREESWARAN ,1,104339022020,104319220140,,AUTOMODE_TS1,BV141E,45,1,,OK,,0,0,0020007910431251065004261426367C,1.17509,1.17168,1.17257,5,5,4.72,5.0475,8.92,1,1.2,1.2,1.2,1,1.2,0.5,12,0.5,12,0.5,12,282090,2026-06-02 17:36:27,11014981,MAREESWARAN ,13616,104339022020,104319220140,140HPW501   ,,AUTOMODE,BV141C,34,1,294814,OK,,0,0,9003102010431351065904261487051B,0020007910431251065004261426367C,00200045104311520066-7261472283A,OK,OK,OK,OK,283215,2026-06-02 17:34:39,11014981.0,MAREESWARAN ,13616,104339022020,104319220140,140HPW501   ,AUTOMODE,BV141A,22,1,294814,OK,CA1,0,0,300050104312999991395364110336,OK,OK,0.39,0.428,0.5,0.39,0.446,0.5,OK,,00200045104311520066-7261472283A,OK,OK,202.9,145.2,52.6,146.3,0.0,0.898438,52.1044,53.1261,0.0408401,1.59269,55.3835,55.5899,57.4498,1.96023,57.3453,0.245029,0,0,0,0,05ACA001,283735,2026-06-02 17:35:17,11014981.0,MAREESWARAN ,13616.0,104339022020,104319220140,140HPW501   ,AUTOMODE,BV141B,30,1.0,294814.0,OK,,,,00200045104311520066-7261472283A,OK,OK,,OK,OK,283890,2026-06-02 17:37:09,11014981.0,MAREESWARAN ,13616,104339022020,104319220140,,AUTOMODE,BV141D,30,1,294814,OK,CA13,,,0020007910431251065004261426367C,,0,145.4,2.8,-113.55,50.1,134,19.6,-223.15,59.6,-216.052,-106.71,0.301563,1.29657,44.9965,40.0,5.0,26.2586,51.6183,51.9559,0,0,0,0,0,0,0,0,0,0,0,1.59,0,20.0,0,351506
5010986,1,0020007910431251065004261426375C,2026-06-02 13:55:15,304212, , ,104319220140,0,0,0,0,57000,110000,0,0,120000,0,0,0,1,0:22,1011,16,59.16,18,59.16,18,43.85,349,43.85,349,0,0,0,0,0,0,0,0,52.38,30,52.38,30,7.89,133,7.89,133,12.56,117,12.56,117,0,0,0,0,0,0,0,0,0,0,0,0,UCX31_x0001_|_x0007_:, ,1.53,4.93,45.34,14,4.95,94,64.78,0:46      ,3,2026-06-02 17:37:35,11014981.0,MAREESWARAN ,1,104339022020,104319220140,,AUTOMODE_TS1,BV141E2,38,1,,OK,,0,0,0020007910431251065004261426375C,1.14742,1.14604,1.14843,5,5,2.45868,7.86108,5.09102,1,1.2,1.2,1.2,1,1.2,0.5,12,0.5,12,0.5,12,282089,2026-06-02 17:35:39,11014981,MAREESWARAN ,13616,104339022020,104319220140,140HPW501   ,,AUTOMODE,BV141C,24,1,294813,OK,,0,0,9003102010431351065904261487785B,0020007910431251065004261426375C,00200045104311520066-7261482121A,OK,OK,OK,OK,283214,2026-06-02 17:33:55,11014981.0,MAREESWARAN ,13616,104339022020,104319220140,140HPW501   ,AUTOMODE,BV141A,22,1,294813,OK,CA1,0,0,300050104312999991395364110336,OK,OK,0.39,0.433,0.5,0.39,0.439,0.5,OK,,00200045104311520066-7261482121A,OK,OK,202.9,145.2,52.6,146.3,0.0,1.38849,52.9708,53.2791,0.122513,2.5728,55.646,56.0588,56.2401,2.27006,57.7047,0.408379,0,0,0,0,05ACA004,283734,2026-06-02 17:34:35,11014981.0,MAREESWARAN ,13616.0,104339022020,104319220140,140HPW501   ,AUTOMODE,BV141B,30,1.0,294813.0,OK,,,,00200045104311520066-7261482121A,OK,OK,,OK,OK,283889,2026-06-02 17:36:27,11014981.0,MAREESWARAN ,13616,104339022020,104319220140,,AUTOMODE,BV141D,29,1,294813,OK,CA13,,,0020007910431251065004261426375C,,0,145.0,2.6,-113.55,50.1,134,19.6,-223.15,59.6,-216.052,-106.71,1.36457,2.40235,44.3687,40.0,5.0,26.2134,51.3933,52.0882,0,0,0,0,0,0,0,0,0,0,0,1.67,0,20.0,0,351505
5016547,1,0020007910431251065004261431592A,2026-06-04 09:10:12,304212, , ,104319220140,0,0,0,0,57000,110000,0,0,120000,0,0,0,3,2:02,1011,16,20.12,270,8.06,272,21.95,319,8.44,254,0,0,0,0,0,0,0,0,13.62,71,5.67,345,10.67,243,1.24,111,9.09,55,10.03,67,0,0,0,0,0,0,0,0,0,0,0,0,UCX31_x0001_|_x0007_:, ,1.43,4.97,45.14,14,3.9,93,64.98,12:55     ,3,2026-06-05 05:08:40,11014086.0,BABU        ,1,104339022021,104319220151,,AUTOMODE_TS1,BV141E,44,2,,OK,,0,0,0020007910431251065004261431592A,1.17497,1.17219,1.17358,5,5,5.225,4.8125,6.545,1,1.2,1.2,1.2,1,1.2,0.5,12,0.5,12,0.5,12,285100,2026-06-05 05:05:40,11014086,BABU        ,13616,104339022021,104319220151,160HP Z101  ,,AUTOMODE,BV141C,20,2,297930,OK,,0,0,9003102010431351065904261533021A,0020007910431251065004261431592A,00200045104311520066-7261522335A,OK,OK,OK,OK,286286,2026-06-05 05:03:28,11014086.0,BABU        ,13616,104339022021,104319220151,160HP Z101  ,AUTOMODE,BV141A,35,2,297930,OK,CA1,0,0,1020104313020080004674879488,OK,OK,0.39,0.46,0.5,0.39,0.448,0.5,OK,,00200045104311520066-7261522335A,OK,OK,202.9,145.2,52.6,146.3,0.0,2.08274,52.0717,53.5112,0.204189,2.32777,55.5571,56.0667,56.2401,1.98038,57.6133,0.408382,0,0,0,0,05ACA005,286805,2026-06-05 05:04:12,11014086.0,BABU        ,13616.0,104339022021,104319220151,160HP Z101  ,AUTOMODE,BV141B,30,2.0,297930.0,OK,,,,00200045104311520066-7261522335A,OK,OK,,OK,OK,286957,2026-06-05 05:07:30,11014086.0,BABU        ,13616,104339022021,104319220151,,AUTOMODE,BV141D,36,2,297930,OK,CA13,,,0020007910431251065004261431592A,,0,145.4,5.1,-113.55,50.1,134,19.6,-223.09,59.6,-216.052,-106.71,0.132392,0.638436,45.0,40.0,5.0,26.2812,51.8878,52.9369,0,0,0,0,0,0,0,0,0,0,0,3.39,0,20.0,0,355149
5016455,1,0020007910431251065004261431654A,2026-06-04 08:25:57,306217, , ,104319220140,0,0,0,0,57000,110000,0,0,120000,0,0,0,2,1:37,1011,16,58.11,9,30.17,351,56.23,351,17.02,350,0,0,0,0,0,0,0,0,47.97,84,14.53,92,7.42,172,7.08,73,6.77,111,9.05,115,0,0,0,0,0,0,0,0,0,0,0,0,UCX31_x0001_|_x0007_:, ,1.42,4.92,44.96,14,5.3,93,64.93,2:13      ,3,2026-06-05 05:30:16,11014086.0,BABU        ,1,104339022021,104319220151,,AUTOMODE_TS1,BV141E2,38,2,,OK,,0,0,0020007910431251065004261431654A,1.14755,1.15912,1.14679,5,5,3.18084,7.24311,4.71856,1,1.2,1.2,1.2,1,1.2,0.5,12,0.5,12,0.5,12,285120,2026-06-05 05:27:28,11014086,BABU        ,13616,104339022021,104319220151,160HP Z101  ,,AUTOMODE,BV141C,20,2,297953,OK,,0,0,9003102010431351065904261533324B,0020007910431251065004261431654A,00200045104311520066-7261532671C,OK,OK,OK,OK,286306,2026-06-05 05:25:02,11014086.0,BABU        ,13616,104339022021,104319220151,160HP Z101  ,AUTOMODE,BV141A,23,2,297953,OK,CA1,0,0,1020104313020080004674879488,OK,OK,0.39,0.433,0.5,0.39,0.441,0.5,OK,,00200045104311520066-7261532671C,OK,OK,202.9,145.2,52.6,146.3,0.0,1.47017,52.1119,53.0316,0.122517,1.87855,55.1846,55.6967,57.5439,2.32777,57.3375,0.285866,0,0,0,0,05ACA004,286825,2026-06-05 05:25:52,11014086.0,BABU        ,13616.0,104339022021,104319220151,160HP Z101  ,AUTOMODE,BV141B,30,2.0,297953.0,OK,,,,00200045104311520066-7261532671C,OK,OK,,OK,OK,286977,2026-06-05 05:29:10,11014086.0,BABU        ,13616,104339022021,104319220151,,AUTOMODE,BV141D,37,2,297953,OK,CA13,,,0020007910431251065004261431654A,,0,145.0,5.5,-113.55,50.1,134,19.6,-223.09,59.6,-216.052,-106.71,0.0410502,0.277457,45.0,40.0,5.0,18.6818,52.1814,52.1592,0,0,0,0,0,0,0,0,0,0,0,3.3,0,21.0,0,355169
5016307,1,0020007910431251065004261431745A,2026-06-04 07:13:05,304212, , ,104319220140,0,0,0,0,57000,110000,0,0,120000,0,0,0,4,2:46,1011,16,18.41,27,4.51,147,16.72,348,3.38,155,0,0,0,0,0,0,0,0,12.59,68,0.7,242,4.69,157,1.11,172,8.74,63,10.58,60,0,0,0,0,0,0,0,0,0,0,0,0,UCX31_x0001_|_x0007_:, ,1.42,4.97,45.63,14,4.07,94,64.93,3:33      ,3,2026-06-05 05:26:20,11014086.0,BABU        ,1,104339022021,104319220151,,AUTOMODE_TS1,BV141E,44,2,,OK,,0,0,0020007910431251065004261431745A,1.17623,1.17573,1.17269,5,5,3.4725,3.7525,5.745,1,1.2,1.2,1.2,1,1.2,0.5,12,0.5,12,0.5,12,285115,2026-06-05 05:23:18,11014086,BABU        ,13616,104339022021,104319220151,160HP Z101  ,,AUTOMODE,BV141C,21,2,297948,OK,,0,0,9003102010431351065904261521666B,0020007910431251065004261431745A,00200045104311520066-7261532745C,OK,OK,OK,OK,286301,2026-06-05 05:21:40,11014086.0,BABU        ,13616,104339022021,104319220151,160HP Z101  ,AUTOMODE,BV141A,22,2,297948,OK,CA1,0,0,1020104313020080004674879488,OK,OK,0.39,0.446,0.5,0.39,0.426,0.5,OK,,00200045104311520066-7261532745C,OK,OK,202.9,145.2,52.6,146.3,0.0,1.83771,52.2778,53.0982,0.204189,3.34872,55.3658,56.1862,56.2401,3.17585,57.6283,0.612572,0,0,0,0,05ACA003,286820,2026-06-05 05:22:18,11014086.0,BABU        ,13616.0,104339022021,104319220151,160HP Z101  ,AUTOMODE,BV141B,30,2.0,297948.0,OK,,,,00200045104311520066-7261532745C,OK,OK,,OK,OK,286972,2026-06-05 05:25:10,11014086.0,BABU        ,13616,104339022021,104319220151,,AUTOMODE,BV141D,37,2,297948,OK,CA13,,,0020007910431251065004261431745A,,0,145.1,5.6,-113.55,50.1,134,19.6,-223.09,59.6,-216.052,-106.71,0.310031,1.15115,45.0,40.0,5.0,23.9743,51.8272,52.2327,0,0,0,0,0,0,0,0,0,0,0,3.35,0,20.0,0,355164
5014201,1,0020007910431251065004261431766A,2026-06-03 12:53:37,306217, , ,104319220140,0,0,0,0,57000,110000,0,0,120000,0,0,0,1,0:19,1011,16,32.24,351,32.24,351,34.84,310,34.84,310,0,0,0,0,0,0,0,0,29.48,37,29.48,37,11.66,163,11.66,163,9.81,297,9.81,297,0,0,0,0,0,0,0,0,0,0,0,0,UCX31_x0001_|_x0007_:, ,1.44,4.92,46.49,14,3.42,93,64.67,0:56      ,3,2026-06-04 08:39:43,11014981.0,MAREESWARAN ,1,104339022020,104319220140,,AUTOMODE_TS1,BV141E,45,1,,OK,,0,0,0020007910431251065004261431766A,1.1775,1.17863,1.17775,5,5,4.7275,4.955,6.4775,1,1.2,1.2,1.2,1,1.2,0.5,12,0.5,12,0.5,12,284090,2026-06-04 08:37:41,11014981,MAREESWARAN ,13616,104339022020,104319220140,140HPW501   ,,AUTOMODE,BV141C,56,1,296878,OK,,0,0,9003102010431351065904261521492B,0020007910431251065004261431766A,00200045104311520066-7261480728B,OK,OK,OK,OK,285244,2026-06-04 08:35:05,11014981.0,MAREESWARAN ,13616,104339022020,104319220140,140HPW501   ,AUTOMODE,BV141A,24,1,296878,OK,CA1,0,0,300050104312999991395364110336,OK,OK,0.39,0.455,0.5,0.39,0.423,0.5,OK,,00200045104311520066-7261480728B,OK,OK,202.9,145.2,52.6,146.3,-0.0408363,1.47017,52.6166,52.8204,0.122513,1.75604,54.9835,55.4982,57.8626,13.3132,57.246,0.245029,0,0,0,0,05ACA006,285768,2026-06-04 08:35:49,11014981.0,MAREESWARAN ,13616.0,104339022020,104319220140,140HPW501   ,AUTOMODE,BV141B,30,1.0,296878.0,OK,,,,00200045104311520066-7261480728B,OK,OK,,OK,OK,285923,2026-06-04 08:38:29,11014981.0,MAREESWARAN ,13616,104339022020,104319220140,,AUTOMODE,BV141D,36,1,296878,OK,CA13,,,0020007910431251065004261431766A,,0,145.6,7.3,-113.55,50.1,134,19.6,-223.2,59.6,-216.052,-106.71,0.0,0.557892,40.0654,40.6424,5.0,24.9619,51.3575,51.4425,0,0,0,0,0,0,0,0,0,0,0,1.78,0,20.0,0,353900
5012603,1,0020007910431251065004261431771A,2026-06-03 00:48:06,306217, , ,104319220140,0,0,0,0,57000,110000,0,0,120000,0,0,0,1,0:19,1011,16,34.46,292,34.46,292,25.78,263,25.78,263,0,0,0,0,0,0,0,0,20.21,356,20.21,356,7.05,61,7.05,61,11.33,283,11.33,283,0,0,0,0,0,0,0,0,0,0,0,0,UCX31_x0001_|_x0007_:, ,1.26,4.92,45.39,14,4.01,93,64.45,0:56      ,3,2026-06-03 18:15:06,11014086.0,BABU        ,1,104339022020,104319220140,,AUTOMODE_TS1,BV141E2,38,1,,OK,,0,0,0020007910431251065004261431771A,1.15019,1.14792,1.15447,5,5,2.65389,6.14731,3.61078,1,1.2,1.2,1.2,1,1.2,0.5,12,0.5,12,0.5,12,283406,2026-06-03 18:12:48,11014086,BABU        ,13616,104339022020,104319220140,140HPW501   ,,AUTOMODE,BV141C,18,1,296185,OK,,0,0,9003102010431351065904261499042A,0020007910431251065004261431771A,00200045104311520066-7261500653B,OK,OK,OK,OK,284560,2026-06-03 18:11:00,11014086.0,BABU        ,13616,104339022020,104319220140,140HPW501   ,AUTOMODE,BV141A,23,1,296185,OK,CA1,0,0,300050104312999991395364110336,OK,OK,0.39,0.436,0.5,0.39,0.451,0.5,OK,,00200045104311520066-7261500653B,OK,OK,202.9,145.2,52.6,146.3,0.0,1.34766,52.0482,53.2839,0.0408401,1.34766,55.8573,56.0636,56.2401,1.25804,57.7121,0.204189,0,0,0,0,05ACA010,285082,2026-06-03 18:11:38,11014086.0,BABU        ,13616.0,104339022020,104319220140,140HPW501   ,AUTOMODE,BV141B,31,1.0,296185.0,OK,,,,00200045104311520066-7261500653B,OK,OK,,OK,OK,285238,2026-06-03 18:13:58,11014086.0,BABU        ,13616,104339022020,104319220140,,AUTOMODE,BV141D,31,1,296185,OK,CA13,,,0020007910431251065004261431771A,,0,145.5,3.7,-113.55,50.1,134,19.6,-223.2,59.6,-216.052,-106.71,0.761841,2.21102,45.0,40.0,5.0,25.2258,51.8357,51.9127,0,0,0,0,0,0,0,0,0,0,0,1.58,0,20.0,0,353140
5016300,1,0020007910431251065004261431775A,2026-06-04 07:09:31,304212, , ,104319220140,0,0,0,0,57000,110000,0,0,120000,0,0,0,1,0:21,1011,16,9.05,357,9.05,357,9.68,164,9.68,164,0,0,0,0,0,0,0,0,9.47,274,9.47,274,9.03,40,9.03,40,11.95,106,11.95,106,0,0,0,0,0,0,0,0,0,0,0,0,UCX31_x0001_|_x0007_:, ,1.43,4.99,44.82,14,3.91,94,64.99,0:46      ,3,2026-06-05 05:11:06,11014086.0,BABU        ,1,104339022021,104319220151,,AUTOMODE_TS1,BV141E2,38,2,,OK,,0,0,0020007910431251065004261431775A,1.16088,1.14465,1.14264,5,5,4.2503,8.76647,5.46946,1,1.2,1.2,1.2,1,1.2,0.5,12,0.5,12,0.5,12,285103,2026-06-05 05:08:02,11014086,BABU        ,13616,104339022021,104319220151,160HP Z101  ,,AUTOMODE,BV141C,22,2,297933,OK,,0,0,9003102010431351065904261533028A,0020007910431251065004261431775A,00200045104311520066-7261522293A,OK,OK,OK,OK,286289,2026-06-05 05:06:00,11014086.0,BABU        ,13616,104339022021,104319220151,160HP Z101  ,AUTOMODE,BV141A,43,2,297933,OK,CA1,0,0,1020104313020080004674879488,OK,OK,0.39,0.444,0.5,0.39,0.443,0.5,OK,,00200045104311520066-7261522293A,OK,OK,202.9,145.2,52.6,146.3,0.0,1.75604,52.0486,53.2818,0.163353,2.0419,55.4347,55.9468,57.5953,2.81783,57.3915,0.408382,0,0,0,0,05ACA001,286808,2026-06-05 05:06:42,11014086.0,BABU        ,13616.0,104339022021,104319220151,160HP Z101  ,AUTOMODE,BV141B,30,2.0,297933.0,OK,,,,00200045104311520066-7261522293A,OK,OK,,OK,OK,286960,2026-06-05 05:09:56,11014086.0,BABU        ,13616,104339022021,104319220151,,AUTOMODE,BV141D,37,2,297933,OK,CA13,,,0020007910431251065004261431775A,,0,145.1,5.8,-113.55,50.1,134,19.6,-223.09,59.6,-216.052,-106.71,0.31006,0.927307,45.0,40.4592,5.0,25.6027,51.6687,51.7422,0,0,0,0,0,0,0,0,0,0,0,3.33,0,20.0,0,355152
5016476,1,0020007910431251065004261431832A,2026-06-04 08:35:05,306217, , ,104319220140,0,0,0,0,57000,110000,0,0,120000,0,0,0,2,1:42,1011,16,45.67,160,19.74,121,54.7,104,15.23,95,0,0,0,0,0,0,0,0,47.43,192,12.52,190,23.3,331,2.88,253,7.38,163,8.52,199,0,0,0,0,0,0,0,0,0,0,0,0,UCX31_x0001_|_x0007_:, ,1.32,4.92,45.19,14,4.26,94,65.03,2:18      ,3,2026-06-05 05:09:26,11014086.0,BABU        ,1,104339022021,104319220151,,AUTOMODE_TS1,BV141E2,38,2,,OK,,0,0,0020007910431251065004261431832A,1.15094,1.1483,1.15296,5,5,2.74012,5.5988,3.83713,1,1.2,1.2,1.2,1,1.2,0.5,12,0.5,12,0.5,12,285101,2026-06-05 05:06:36,11014086,BABU        ,13616,104339022021,104319220151,160HP Z101  ,,AUTOMODE,BV141C,19,2,297931,OK,,0,0,9003102010431351065904261533103B,0020007910431251065004261431832A,00200045104311520066-7261522267A,OK,OK,OK,OK,286287,2026-06-05 05:04:12,11014086.0,BABU        ,13616,104339022021,104319220151,160HP Z101  ,AUTOMODE,BV141A,23,2,297931,OK,CA1,0,0,1020104313020080004674879488,OK,OK,0.39,0.449,0.5,0.39,0.442,0.5,OK,,00200045104311520066-7261522267A,OK,OK,202.9,145.2,52.6,146.3,-0.0408363,1.51101,52.4896,53.1062,0.122517,1.83772,55.2769,55.7865,57.5369,2.94034,57.435,0.285866,0,0,0,0,05ACA002,286806,2026-06-05 05:04:58,11014086.0,BABU        ,13616.0,104339022021,104319220151,160HP Z101  ,AUTOMODE,BV141B,30,2.0,297931.0,OK,,,,00200045104311520066-7261522267A,OK,OK,,OK,OK,286958,2026-06-05 05:08:20,11014086.0,BABU        ,13616,104339022021,104319220151,,AUTOMODE,BV141D,37,2,297931,OK,CA13,,,0020007910431251065004261431832A,,0,145.1,5.5,-113.55,50.1,134,19.6,-223.09,59.6,-216.052,-106.71,0.0165896,0.196156,45.0,40.0,5.0,23.7179,51.8107,51.9559,0,0,0,0,0,0,0,0,0,0,0,3.36,0,21.0,0,355150
5018099,1,0020007910431251065004261431852A,2026-06-04 18:59:57,314116, , ,104319220140,0,0,0,0,57000,110000,0,0,120000,0,0,0,2,1:17,1011,16,50.51,89,18.9,143,16.36,66,5.35,98,0,0,0,0,0,0,0,0,19.11,37,5.73,59,20.08,57,7.35,113,10,13,12.92,12,0,0,0,0,0,0,0,0,0,0,0,0,UCX31_x0001_|_x0007_:, ,1.34,5.03,45.02,3,4.41,93,65.03,4:56      ,3,2026-06-05 05:10:20,11014086.0,BABU        ,1,104339022021,104319220151,,AUTOMODE_TS1,BV141E,45,2,,OK,,0,0,0020007910431251065004261431852A,1.17295,1.17257,1.17307,5,5,4.585,5.0975,5.66,1,1.2,1.2,1.2,1,1.2,0.5,12,0.5,12,0.5,12,285102,2026-06-05 05:07:22,11014086,BABU        ,13616,104339022021,104319220151,160HP Z101  ,,AUTOMODE,BV141C,25,2,297932,OK,,0,0,9003102010431351065904261520876A,0020007910431251065004261431852A,00200045104311520066-7261522249A,OK,OK,OK,OK,286288,2026-06-05 05:04:58,11014086.0,BABU        ,13616,104339022021,104319220151,160HP Z101  ,AUTOMODE,BV141A,24,2,297932,OK,CA1,0,0,1020104313020080004674879488,OK,OK,0.39,0.445,0.5,0.39,0.452,0.5,OK,,00200045104311520066-7261522249A,OK,OK,202.9,145.2,52.6,146.3,0.0,1.96023,52.1151,53.1393,0.122517,2.40945,55.4935,56.0082,57.6465,3.51207,57.5446,0.367542,0,0,0,0,05ACA007,286807,2026-06-05 05:05:48,11014086.0,BABU        ,13616.0,104339022021,104319220151,160HP Z101  ,AUTOMODE,BV141B,30,2.0,297932.0,OK,,,,00200045104311520066-7261522249A,OK,OK,,OK,OK,286959,2026-06-05 05:09:08,11014086.0,BABU        ,13616,104339022021,104319220151,,AUTOMODE,BV141D,37,2,297932,OK,CA13,,,0020007910431251065004261431852A,,0,145.0,5.7,-113.55,50.1,134,19.6,-223.09,59.6,-216.052,-106.71,0.0762739,0.564068,45.0,40.0,5.0,21.7653,51.9509,51.9917,0,0,0,0,0,0,0,0,0,0,0,3.36,0,20.0,0,355151
5012549,1,0020007910431251065004261431861A,2026-06-03 00:25:01,306217, , ,104319220140,0,0,0,0,57000,110000,0,0,120000,0,0,0,1,0:19,1011,16,34.49,158,34.49,158,34.78,153,34.78,153,0,0,0,0,0,0,0,0,30.79,244,30.79,244,1.12,130,1.12,130,11.34,230,11.34,230,0,0,0,0,0,0,0,0,0,0,0,0,UCX31_x0001_|_x0007_:, ,1.3,4.91,45.25,14,4.44,93,64.45,0:56      ,3,2026-06-03 18:17:20,11014086.0,BABU        ,1,104339022020,104319220140,,AUTOMODE_TS1,BV141E,45,1,,OK,,0,0,0020007910431251065004261431861A,1.17497,1.17446,1.17459,5,5,6.07,6.8075,9.5125,1,1.2,1.2,1.2,1,1.2,0.5,12,0.5,12,0.5,12,283409,2026-06-03 18:15:02,11014086,BABU        ,13616,104339022020,104319220140,140HPW501   ,,AUTOMODE,BV141C,19,1,296188,OK,,0,0,9003102010431351065904261487925B,0020007910431251065004261431861A,00200045104311520066-7261500663B,OK,OK,OK,OK,284563,2026-06-03 18:13:10,11014086.0,BABU        ,13616,104339022020,104319220140,140HPW501   ,AUTOMODE,BV141A,23,1,296188,OK,CA1,0,0,300050104312999991395364110336,OK,OK,0.39,0.462,0.5,0.39,0.44,0.5,OK,,00200045104311520066-7261500663B,OK,OK,202.9,145.2,52.6,146.3,-0.0408363,1.63352,52.0813,53.3145,0.0816765,1.91939,55.8827,56.1936,56.2401,1.84665,57.6331,0.367542,0,0,0,0,05ACA003,285085,2026-06-03 18:13:48,11014086.0,BABU        ,13616.0,104339022020,104319220140,140HPW501   ,AUTOMODE,BV141B,30,1.0,296188.0,OK,,,,00200045104311520066-7261500663B,OK,OK,,OK,OK,285241,2026-06-03 18:16:06,11014086.0,BABU        ,13616,104339022020,104319220140,,AUTOMODE,BV141D,31,1,296188,OK,CA13,,,0020007910431251065004261431861A,,0,145.0,3.7,-113.55,50.1,134,19.6,-223.2,59.6,-216.052,-106.71,0.348438,1.69706,45.0,40.0,5.0,24.9921,51.9242,52.0272,0,0,0,0,0,0,0,0,0,0,0,1.5,0,20.0,0,353143
5016394,1,0020007910431251065004261431913B,2026-06-04 07:57:55,304212, , ,104319220140,0,0,0,0,57000,110000,0,0,120000,0,0,0,1,0:21,1011,16,39.26,227,39.26,227,19.9,186,19.9,186,0,0,0,0,0,0,0,0,13.47,256,13.47,256,9.92,291,9.92,291,10.87,340,10.87,340,0,0,0,0,0,0,0,0,0,0,0,0,UCX31_x0001_|_x0007_:, ,1.34,4.95,45.34,14,4.16,94,64.81,0:46      ,3,2026-06-05 05:13:32,11014086.0,BABU        ,1,104339022021,104319220151,,AUTOMODE_TS1,BV141E,44,2,,OK,,0,0,0020007910431251065004261431913B,1.17231,1.17143,1.17421,5,5,5.2275,5.3975,6.82,1,1.2,1.2,1.2,1,1.2,0.5,12,0.5,12,0.5,12,285106,2026-06-05 05:11:20,11014086,BABU        ,13616,104339022021,104319220151,160HP Z101  ,,AUTOMODE,BV141C,50,2,297936,OK,,0,0,9003102010431351065904261521090B,0020007910431251065004261431913B,00200045104311520066-7261520321B,OK,OK,OK,OK,286292,2026-06-05 05:08:10,11014086.0,BABU        ,13616,104339022021,104319220151,160HP Z101  ,AUTOMODE,BV141A,22,2,297936,OK,CA1,0,0,1020104313020080004674879488,OK,OK,0.39,0.439,0.5,0.39,0.447,0.5,OK,,00200045104311520066-7261520321B,OK,OK,202.9,145.2,52.6,146.3,0.0,0.857601,52.0739,52.9988,0.0408401,1.51101,55.3683,55.6741,57.827,7.7184,57.3174,0.245029,0,0,0,0,05ACA006,286811,2026-06-05 05:09:02,11014086.0,BABU        ,13616.0,104339022021,104319220151,160HP Z101  ,AUTOMODE,BV141B,30,2.0,297936.0,OK,,,,00200045104311520066-7261520321B,OK,OK,,OK,OK,286963,2026-06-05 05:12:20,11014086.0,BABU        ,13616,104339022021,104319220151,,AUTOMODE,BV141D,37,2,297936,OK,CA13,,,0020007910431251065004261431913B,,0,145.1,5.3,-113.55,50.1,134,19.6,-223.09,59.6,-216.052,-106.71,0.290914,0.731289,45.0,40.21,5.0,25.8741,51.4683,51.6811,0,0,0,0,0,0,0,0,0,0,0,3.32,0,20.0,0,355155
5015420,1,0020007910431251065004261431917B,2026-06-03 21:43:53,314116, , ,104319220140,0,0,0,0,57000,110000,0,0,120000,0,0,0,2,1:25,1011,16,47.48,201,21,306,31.71,176,5.75,247,0,0,0,0,0,0,0,0,48.4,151,5.54,209,6.21,179,9.46,273,9.48,142,10.8,147,0,0,0,0,0,0,0,0,0,0,0,0,UCX31_x0001_|_x0007_:, ,1.29,4.75,44.9,3,5.09,93,64.88,1:56      ,3,2026-06-04 08:44:25,11014981.0,MAREESWARAN ,1,104339022020,104319220140,,AUTOMODE_TS1,BV141E2,38,1,,OK,,0,0,0020007910431251065004261431917B,1.15069,1.15283,1.15107,5,5,3.21437,7.41916,5.07066,1,1.2,1.2,1.2,1,1.2,0.5,12,0.5,12,0.5,12,284096,2026-06-04 08:42:09,11014981,MAREESWARAN ,13616,104339022020,104319220140,140HPW501   ,,AUTOMODE,BV141C,27,1,296884,OK,,0,0,9003102010431351065904261509408B,0020007910431251065004261431917B,00200045104311520066-7261480181C,OK,OK,OK,OK,285250,2026-06-04 08:39:47,11014981.0,MAREESWARAN ,13616,104339022020,104319220140,140HPW501   ,AUTOMODE,BV141A,23,1,296884,OK,CA1,0,0,300050104312999991395364110336,OK,OK,0.39,0.416,0.5,0.39,0.426,0.5,OK,,00200045104311520066-7261480181C,OK,OK,202.9,145.2,52.6,146.3,-0.0408363,1.42933,52.0586,53.1847,0.0816765,1.7152,55.4574,55.8651,57.7021,3.55291,57.4982,0.245029,0,0,0,0,05ACA004,285774,2026-06-04 08:40:27,11014981.0,MAREESWARAN ,13616.0,104339022020,104319220140,140HPW501   ,AUTOMODE,BV141B,30,1.0,296884.0,OK,,,,00200045104311520066-7261480181C,OK,OK,,OK,OK,285929,2026-06-04 08:43:19,11014981.0,MAREESWARAN ,13616,104339022020,104319220140,,AUTOMODE,BV141D,36,1,296884,OK,CA13,,,0020007910431251065004261431917B,,0,145.5,6.9,-113.55,50.1,134,19.6,-223.2,59.6,-216.052,-106.71,-0.0452347,0.331718,40.022,42.1266,5.0,22.7077,51.7976,51.8489,0,0,0,0,0,0,0,0,0,0,0,1.69,0,20.0,0,353906
5024730,1,0020007910431251065004261432225C,2026-06-06 15:00:26,306217, , ,104319220140,0,0,0,0,57000,110000,0,0,120000,0,0,0,1,0:20,1011,16,14.83,66,14.83,66,25.37,98,25.37,98,0,0,0,0,0,0,0,0,23.24,190,23.24,190,9.56,51,9.56,51,12.31,75,12.31,75,0,0,0,0,0,0,0,0,0,0,0,0,UCX31_x0001_|_x0007_:, ,1.25,4.95,45.39,14,4.5,93,64.4,0:56      ,3,2026-06-08 08:43:59,11014981.0,MAREESWARAN ,1,104339022020,104319220140,,AUTOMODE_TS1,BV141E2,38,1,,OK,,0,0,0020007910431251065004261432225C,1.15698,1.16063,1.16113,5,5,2.53054,5.99641,4.12455,1,1.2,1.2,1.2,1,1.2,0.5,12,0.5,12,0.5,12,288726,2026-06-08 08:41:39,11014981,MAREESWARAN ,13616,104339022020,104319220140,140HPW501   ,,AUTOMODE,BV141C,25,1,300734,OK,,0,0,9003102010431351065904261569031B,0020007910431251065004261432225C,00200045104311520066-7261552439B,OK,OK,OK,OK,289911,2026-06-08 08:40:19,11014981.0,MAREESWARAN ,13616,104339022020,104319220140,140HPW501   ,AUTOMODE,BV141A,23,1,300734,OK,CA1,0,0,300050104312999991395364110336,OK,OK,0.39,0.465,0.5,0.39,0.448,0.5,OK,,00200045104311520066-7261552439B,OK,OK,202.9,145.2,52.6,146.3,-0.0408363,1.55185,52.3745,53.195,0.0816765,1.83771,55.4473,55.7556,57.8015,9.84198,57.4958,0.245029,0,0,0,0,05ACA002,290449,2026-06-08 08:41:03,11014981.0,MAREESWARAN ,13616.0,104339022020,104319220140,140HPW501   ,AUTOMODE,BV141B,30,1.0,300734.0,OK,,,,00200045104311520066-7261552439B,OK,OK,,OK,OK,290590,2026-06-08 08:42:53,11014981.0,MAREESWARAN ,13616,104339022020,104319220140,,AUTOMODE,BV141D,36,1,300734,OK,CA13,,,0020007910431251065004261432225C,,0,145.7,6.9,-113.55,50.1,134,19.6,-223.2,59.6,-223.2,-113.71,0.0,0.324181,40.0175,42.0433,5.0,25.4218,51.2907,51.3793,0,0,0,0,0,0,0,0,0,0,0,1.79,0,20.0,0,358917
5025140,1,0020007910431251065004261432286C,2026-06-06 17:21:23,306217, , ,104319220140,0,0,0,0,57000,110000,0,0,120000,0,0,0,2,1:22,1011,16,36.5,180,9.58,130,36.15,159,3.89,171,0,0,0,0,0,0,0,0,32.43,253,3.75,262,3.9,12,3,201,9.78,268,11.72,281,0,0,0,0,0,0,0,0,0,0,0,0,UCX31_x0001_|_x0007_:, ,1.46,4.91,45.19,14,4.24,93,64.81,1:58      ,3,2026-06-08 08:58:21,11014981.0,MAREESWARAN ,1,104339022020,104319220140,,AUTOMODE_TS1,BV141E,44,1,,OK,,0,0,0020007910431251065004261432286C,1.178,1.17686,1.178,5,5,4.455,5.0,6.305,1,1.2,1.2,1.2,1,1.2,0.5,12,0.5,12,0.5,12,288739,2026-06-08 08:56:03,11014981,MAREESWARAN ,13616,104339022020,104319220140,140HPW501   ,,AUTOMODE,BV141C,23,1,300749,OK,,0,0,9003102010431351065904261532960A,0020007910431251065004261432286C,00200045104311520066-7261562432B,OK,OK,OK,OK,289925,2026-06-08 08:54:43,11014981.0,MAREESWARAN ,13616,104339022020,104319220140,140HPW501   ,AUTOMODE,BV141A,25,1,300749,OK,CA1,0,0,300050104312999991395364110336,OK,OK,0.39,0.465,0.5,0.39,0.437,0.5,OK,,00200045104311520066-7261562432B,OK,OK,202.9,145.2,52.6,146.3,-0.0408363,0.490055,52.0992,53.3324,0.0408363,1.55185,55.1821,55.7936,56.2401,1.11437,57.437,0.285866,0,0,0,0,05ACA003,290464,2026-06-08 08:55:25,11014981.0,MAREESWARAN ,13616.0,104339022020,104319220140,140HPW501   ,AUTOMODE,BV141B,30,1.0,300749.0,OK,,,,00200045104311520066-7261562432B,OK,OK,,OK,OK,290604,2026-06-08 08:57:09,11014981.0,MAREESWARAN ,13616,104339022020,104319220140,,AUTOMODE,BV141D,36,1,300749,OK,CA13,,,0020007910431251065004261432286C,,0,145.2,6.9,-113.55,50.1,134,19.6,-223.2,59.6,-223.2,-113.71,0.354093,0.957462,45.0,40.0532,5.0,24.6377,51.7554,51.8369,0,0,0,0,0,0,0,0,0,0,0,1.71,0,20.0,0,358942
5013430,1,0020007910431251065004261432444C,2026-06-03 07:36:50,306217, , ,104319220140,0,0,0,0,57000,110000,0,0,120000,0,0,0,2,1:26,1011,16,45.86,170,17.61,103,8.47,172,0.3,325,0,0,0,0,0,0,0,0,5.14,307,0.86,308,23.85,260,9.83,191,8.91,129,10.12,140,0,0,0,0,0,0,0,0,0,0,0,0,UCX31_x0001_|_x0007_:, ,1.32,4.93,45.02,14,5.25,93,64.88,2:02      ,3,2026-06-04 08:45:19,11014981.0,MAREESWARAN ,1,104339022020,104319220140,,AUTOMODE_TS1,BV141E,44,1,,OK,,0,0,0020007910431251065004261432444C,1.17901,1.17396,1.17396,5,5,5.7825,5.53,7.4425,1,1.2,1.2,1.2,1,1.2,0.5,12,0.5,12,0.5,12,284097,2026-06-04 08:42:43,11014981,MAREESWARAN ,13616,104339022020,104319220140,140HPW501   ,,AUTOMODE,BV141C,21,1,296885,OK,,0,0,9003102010431351065904261521485B,0020007910431251065004261432444C,00200045104311520066-7261480129C,OK,OK,OK,OK,285251,2026-06-04 08:40:27,11014981.0,MAREESWARAN ,13616,104339022020,104319220140,140HPW501   ,AUTOMODE,BV141A,23,1,296885,OK,CA1,0,0,300050104312999991395364110336,OK,OK,0.39,0.424,0.5,0.39,0.413,0.5,OK,,00200045104311520066-7261480129C,OK,OK,202.9,145.2,52.6,146.3,0.0,1.26598,52.0536,53.1849,0.0816765,2.0419,55.4423,55.8525,57.4984,1.7152,57.394,0.367542,0,0,0,0,05ACA010,285775,2026-06-04 08:41:13,11014981.0,MAREESWARAN ,13616.0,104339022020,104319220140,140HPW501   ,AUTOMODE,BV141B,30,1.0,296885.0,OK,,,,00200045104311520066-7261480129C,OK,OK,,OK,OK,285930,2026-06-04 08:44:07,11014981.0,MAREESWARAN ,13616,104339022020,104319220140,,AUTOMODE,BV141D,36,1,296885,OK,CA13,,,0020007910431251065004261432444C,,0,145.0,6.9,-113.55,50.1,134,19.6,-223.2,59.6,-216.052,-106.71,0.0681252,0.4236,45.0,40.0,5.0,23.3259,51.8257,51.882,0,0,0,0,0,0,0,0,0,0,0,1.6,0,20.0,0,353907
5028470,1,0020007910431251065004261437089B,2026-06-07 14:27:12,306217, , ,104319220140,0,0,0,0,57000,110000,0,0,120000,0,0,0,2,1:25,1011,16,47.36,119,30.99,83,25.96,51,14.19,46,0,0,0,0,0,0,0,0,18.69,136,9.98,145,24.17,244,10.55,194,8.04,246,11.63,230,0,0,0,0,0,0,0,0,0,0,0,0,UCX31_x0001_|_x0007_:, ,1.36,4.94,45.3,14,3.86,93,65.03,2:01      ,3,2026-06-09 06:09:33,11014981.0,MAREESWARAN ,1,104339022020,104319220140,,AUTOMODE_TS1,BV141E,41,2,,OK,,0,0,0020007910431251065004261437089B,1.17307,1.1737,1.17674,5,5,3.7375,4.0375,5.5675,1,1.2,1.2,1.2,1,1.2,0.5,12,0.5,12,0.5,12,289741,2026-06-09 06:06:55,11014981,MAREESWARAN ,13616,104339022020,104319220140,140HPW501   ,,AUTOMODE,BV141C,23,2,301770,OK,,0,0,9003102010431351065904261569203B,0020007910431251065004261437089B,00200045104311520066-7261532102A,OK,OK,OK,OK,290938,2026-06-09 06:03:51,11014981.0,MAREESWARAN ,13616,104339022020,104319220140,140HPW501   ,AUTOMODE,BV141A,38,2,301770,OK,CA1,0,0,300050104312999991395364110336,OK,OK,0.39,0.423,0.5,0.39,0.422,0.5,OK,,00200045104311520066-7261532102A,OK,OK,202.9,145.2,52.6,146.3,0.0,2.81783,52.0765,53.3071,0.204193,2.00106,55.6613,55.9671,56.2401,1.66656,57.6206,0.326706,0,0,0,0,05ACA003,291482,2026-06-09 06:04:31,11014981.0,MAREESWARAN ,13616.0,104339022020,104319220140,140HPW501   ,AUTOMODE,BV141B,28,2.0,301770.0,OK,,,,00200045104311520066-7261532102A,OK,OK,,OK,OK,291620,2026-06-09 06:08:25,11014981.0,MAREESWARAN ,13616,104339022020,104319220140,,AUTOMODE,BV141D,31,2,301770,OK,CA13,,,0020007910431251065004261437089B,,0,145.0,3.4,-113.55,50.1,134,19.6,-223.2,59.6,-223.2,-113.71,0.308051,1.63165,45.0,40.0,5.0,23.831,52.2904,52.4106,0,0,0,0,0,0,0,0,0,0,0,1.59,0,20.0,0,360365
5012851,1,0020007910431251065004261437154B,2026-06-03 02:44:08,314116, , ,104319220140,11011006,0,0,0,57000,110000,0,0,120000,0,0,0,3,2:12,1011,16,13.39,155,17.77,304,13.79,93,1.93,289,0,0,0,0,0,0,0,0,24.46,65,0.94,280,6.5,217,6.52,258,7.16,129,8.82,128,0,0,0,0,0,0,0,0,0,0,0,0,UCX31_x0001_|_x0007_:, ,1.36,5.02,45.25,3,4.67,93,64.81,2:43      ,3,2026-06-03 18:51:30,11014086.0,BABU        ,1,104339022020,104319220140,,AUTOMODE_TS1,BV141E2,38,1,,OK,,0,0,0020007910431251065004261437154B,1.15774,1.1634,1.14906,5,5,3.06946,7.40359,4.01198,1,1.2,1.2,1.2,1,1.2,0.5,12,0.5,12,0.5,12,283420,2026-06-03 18:47:02,11014086,BABU        ,13616,104339022020,104319220140,140HPW501   ,,AUTOMODE,BV141C,21,1,296202,OK,,0,0,9003102010431351065904261498981A,0020007910431251065004261437154B,00200045104311520066-7261520170A,OK,OK,OK,OK,284576,2026-06-03 18:24:00,11014086.0,BABU        ,13616,104339022020,104319220140,140HPW501   ,AUTOMODE,BV141A,25,1,296202,OK,CA1,0,0,300050104312999991395364110336,OK,OK,0.39,0.447,0.5,0.39,0.458,0.5,OK,,00200045104311520066-7261520170A,OK,OK,202.9,145.2,52.6,146.3,-0.0408363,1.26598,52.1422,52.9626,0.0408401,1.55185,55.4315,55.5334,56.2401,0.871147,57.4851,0.163353,0,0,0,0,05ACA008,285098,2026-06-03 18:24:38,11014086.0,BABU        ,13616.0,104339022020,104319220140,140HPW501   ,AUTOMODE,BV141B,30,1.0,296202.0,OK,,,,00200045104311520066-7261520170A,OK,OK,,OK,OK,285254,2026-06-03 18:49:44,11014086.0,BABU        ,13616,104339022020,104319220140,,AUTOMODE,BV141D,31,1,296202,OK,CA13,,,0020007910431251065004261437154B,,0,145.3,3.7,-113.55,50.1,134,19.6,-223.2,59.6,-216.052,-106.71,0.309917,1.57518,45.0,40.0,5.0,19.9936,52.1684,52.1721,0,0,0,0,0,0,0,0,0,0,0,1.53,0,20.0,0,353162
5016355,1,0020007910431251065004261437163B,2026-06-04 07:36:46,304212, , ,104319220140,0,0,0,0,57000,110000,0,0,120000,0,0,0,3,2:04,1011,16,29.74,277,9.91,343,15.2,269,5.26,348,0,0,0,0,0,0,0,0,7.53,333,1.26,50,6.28,324,2.56,18,9.29,274,9.25,283,0,0,0,0,0,0,0,0,0,0,0,0,UCX31_x0001_|_x0007_:, ,1.43,4.95,45.05,14,4.19,94,64.87,2:29      ,3,2026-06-05 05:23:08,11014086.0,BABU        ,1,104339022021,104319220151,,AUTOMODE_TS1,BV141E,45,2,,OK,,0,0,0020007910431251065004261437163B,1.17472,1.17307,1.17345,5,5,4.575,5.0475,7.12,1,1.2,1.2,1.2,1,1.2,0.5,12,0.5,12,0.5,12,285111,2026-06-05 05:20:18,11014086,BABU        ,13616,104339022021,104319220151,160HP Z101  ,,AUTOMODE,BV141C,20,2,297944,OK,,0,0,9003102010431351065904261521661B,0020007910431251065004261437163B,00200045104311520066-7261520333B,OK,OK,OK,OK,286297,2026-06-05 05:19:00,11014086.0,BABU        ,13616,104339022021,104319220151,160HP Z101  ,AUTOMODE,BV141A,21,2,297944,OK,CA1,0,0,1020104313020080004674879488,OK,OK,0.39,0.434,0.5,0.39,0.441,0.5,OK,,00200045104311520066-7261520333B,OK,OK,202.9,145.2,52.6,146.3,0.0,2.24609,52.1198,53.2459,0.163353,2.94034,55.4982,55.8065,57.6461,2.08274,57.4422,0.490059,0,0,0,0,05ACA001,286816,2026-06-05 05:19:40,11014086.0,BABU        ,13616.0,104339022021,104319220151,160HP Z101  ,AUTOMODE,BV141B,30,2.0,297944.0,OK,,,,00200045104311520066-7261520333B,OK,OK,,OK,OK,286968,2026-06-05 05:21:58,11014086.0,BABU        ,13616,104339022021,104319220151,,AUTOMODE,BV141D,36,2,297944,OK,CA13,,,0020007910431251065004261437163B,,0,145.4,5.2,-113.55,50.1,134,19.6,-223.09,59.6,-216.052,-106.71,0.149572,0.677307,45.0,40.0,5.0,25.8967,51.5504,51.6457,0,0,0,0,0,0,0,0,0,0,0,3.32,0,21.0,0,355160
5016074,1,0020007910431251065004261437259B,2026-06-04 03:52:41,304212, , ,104319220140,0,0,0,0,57000,110000,0,0,120000,0,0,0,1,0:21,1011,16,45.73,67,45.73,67,30.28,73,30.28,73,0,0,0,0,0,0,0,0,14.31,168,14.31,168,9.4,70,9.4,70,10.23,165,10.23,165,0,0,0,0,0,0,0,0,0,0,0,0,UCX31_x0001_|_x0007_:, ,1.33,4.93,45.48,14,4.47,94,65.03,0:47      ,3,2026-06-05 00:19:34,11014086.0,BABU        ,1,104339022021,104319220151,,AUTOMODE_TS1,BV141E,45,2,,OK,,0,0,0020007910431251065004261437259B,1.17282,1.17383,1.17307,5,5,4.76,4.9775,7.07,1,1.2,1.2,1.2,1,1.2,0.5,12,0.5,12,0.5,12,284860,2026-06-05 00:16:42,11014086,BABU        ,13616,104339022021,104319220151,160HP Z101  ,,AUTOMODE,BV141C,23,2,297690,OK,,0,0,9003102010431351065904261532692A,0020007910431251065004261437259B,00200045104311520066-7261532708C,OK,OK,OK,OK,286017,2026-06-05 00:14:44,11014086.0,BABU        ,13616,104339022021,104319220151,160HP Z101  ,AUTOMODE,BV141A,22,2,297690,OK,CA1,0,0,1020104313020080004674879488,OK,OK,0.39,0.441,0.5,0.39,0.435,0.5,OK,,00200045104311520066-7261532708C,OK,OK,202.9,145.2,52.6,146.3,0.0,0.490059,52.0305,53.256,0.0408401,1.51101,55.4064,55.6127,57.7657,3.10369,57.251,0.285866,0,0,0,0,05ACA001,286544,2026-06-05 00:15:28,11014086.0,BABU        ,13616.0,104339022021,104319220151,160HP Z101  ,AUTOMODE,BV141B,30,2.0,297690.0,OK,,,,00200045104311520066-7261532708C,OK,OK,,OK,OK,286698,2026-06-05 00:18:22,11014086.0,BABU        ,13616,104339022021,104319220151,,AUTOMODE,BV141D,36,2,297690,OK,CA13,,,0020007910431251065004261437259B,,0,145.4,4.2,-113.55,50.1,134,19.6,-223.09,59.6,-216.052,-106.71,0.899585,2.2335,45.0,40.0,5.0,26.2586,51.7219,51.839,0,0,0,0,0,0,0,0,0,0,0,3.44,0,20.0,0,354845
5016434,1,0020007910431251065004261437284B,2026-06-04 08:19:26,304212, , ,104319220140,0,0,0,0,57000,110000,0,0,120000,0,0,0,3,2:02,1011,16,32.78,122,6.75,242,15.17,64,6.3,290,0,0,0,0,0,0,0,0,13.06,133,3.53,52,10.73,192,3.28,224,7.99,140,10.23,142,0,0,0,0,0,0,0,0,0,0,0,0,UCX31_x0001_|_x0007_:, ,1.54,4.96,45.28,14,4.03,94,64.88,2:28      ,3,2026-06-05 05:19:50,11014086.0,BABU        ,1,104339022021,104319220151,,AUTOMODE_TS1,BV141E,45,2,,OK,,0,0,0020007910431251065004261437284B,1.17547,1.1737,1.17446,5,5,5.0625,4.6075,6.5725,1,1.2,1.2,1.2,1,1.2,0.5,12,0.5,12,0.5,12,285107,2026-06-05 05:17:54,11014086,BABU        ,13616,104339022021,104319220151,160HP Z101  ,,AUTOMODE,BV141C,24,2,297940,OK,,0,0,9003102010431351065904261533017A,0020007910431251065004261437284B,00200045104311520066-7261520324B,OK,OK,OK,OK,286293,2026-06-05 05:16:02,11014086.0,BABU        ,13616,104339022021,104319220151,160HP Z101  ,AUTOMODE,BV141A,22,2,297940,OK,CA1,0,0,1020104313020080004674879488,OK,OK,0.39,0.44,0.5,0.39,0.445,0.5,OK,,00200045104311520066-7261520324B,OK,OK,202.9,145.2,52.6,146.3,0.0,2.20526,52.0687,53.1924,0.163353,2.65448,55.4599,55.9746,56.2401,2.23875,57.5186,0.449219,0,0,0,0,05ACA003,286812,2026-06-05 05:16:42,11014086.0,BABU        ,13616.0,104339022021,104319220151,160HP Z101  ,AUTOMODE,BV141B,30,2.0,297940.0,OK,,,,00200045104311520066-7261520324B,OK,OK,,OK,OK,286964,2026-06-05 05:18:42,11014086.0,BABU        ,13616,104339022021,104319220151,,AUTOMODE,BV141D,37,2,297940,OK,CA13,,,0020007910431251065004261437284B,,0,145.6,5.4,-113.55,50.1,134,19.6,-223.09,59.6,-216.052,-106.71,0.266351,1.04793,45.0,40.195,5.0,24.7583,51.7748,51.8694,0,0,0,0,0,0,0,0,0,0,0,3.37,0,20.0,0,355156
5014054,1,0020007910431251065004261437293B,2026-06-03 11:20:39,304212, , ,104319220140,0,0,0,0,57000,110000,0,0,120000,0,0,0,1,0:21,1011,16,58.94,200,58.94,200,47.8,192,47.8,192,0,0,0,0,0,0,0,0,36.78,109,36.78,109,7.36,108,7.36,108,11.89,64,11.89,64,0,0,0,0,0,0,0,0,0,0,0,0,UCX31_x0001_|_x0007_:, ,1.56,4.93,45.77,14,4.01,94,64.98,0:49      ,3,2026-06-04 08:57:25,11014981.0,MAREESWARAN ,1,104339022020,104319220140,,AUTOMODE_TS1,BV141E,45,1,,OK,,0,0,0020007910431251065004261437293B,1.17686,1.1756,1.17623,5,5,4.2925,4.2225,6.64,1,1.2,1.2,1.2,1,1.2,0.5,12,0.5,12,0.5,12,284110,2026-06-04 08:54:51,11014981,MAREESWARAN ,13616,104339022020,104319220140,140HPW501   ,,AUTOMODE,BV141C,20,1,296899,OK,,0,0,9003102010431351065904261509546B,0020007910431251065004261437293B,00200045104311520066-7261480625B,OK,OK,OK,OK,285264,2026-06-04 08:53:13,11014981.0,MAREESWARAN ,13616,104339022020,104319220140,140HPW501   ,AUTOMODE,BV141A,24,1,296899,OK,CA1,0,0,300050104312999991395364110336,OK,OK,0.39,0.422,0.5,0.39,0.405,0.5,OK,,00200045104311520066-7261480625B,OK,OK,202.9,145.2,52.6,146.3,0.0,2.12358,52.0685,53.7094,0.204189,2.37319,55.9693,56.2401,56.2776,2.61364,57.7146,0.490059,0,0,0,0,05ACA005,285788,2026-06-04 08:53:53,11014981.0,MAREESWARAN ,13616.0,104339022020,104319220140,140HPW501   ,AUTOMODE,BV141B,31,1.0,296899.0,OK,,,,00200045104311520066-7261480625B,OK,OK,,OK,OK,285943,2026-06-04 08:56:13,11014981.0,MAREESWARAN ,13616,104339022020,104319220140,,AUTOMODE,BV141D,36,1,296899,OK,CA13,,,0020007910431251065004261437293B,,0,145.3,7.2,-113.55,50.1,134,19.6,-223.2,59.6,-216.052,-106.71,0.400455,0.874535,45.0,40.716,5.0,23.3938,51.859,51.9278,0,0,0,0,0,0,0,0,0,0,0,1.7,0,20.0,0,353920
5046053,1,0020007910431251065004261437430C,2026-06-12 19:05:38,306217, , ,104319220151,0,0,0,0,57000,110000,0,0,120000,0,0,0,2,1:26,1011,16,44.69,167,20.89,109,24.84,107,6,78,0,0,0,0,0,0,0,0,17.81,194,4.03,206,20.7,290,8.67,196,4.83,223,6.7,238,0,0,0,0,0,0,0,0,0,0,0,0,UCX31_x0001_|_x0007_:, ,1.28,4.95,44.9,14,3.42,93,64.88,2:03      ,3,2026-06-13 20:51:23,11014981.0,MAREESWARAN ,1,104339022021,104319220151,,AUTOMODE_TS1,BV141E,44,2,,OK,,0,0,0020007910431251065004261437430C,1.17611,1.17535,1.17547,5,5,4.2475,4.16,7.8725,1,1.2,1.2,1.2,1,1.2,0.5,12,0.5,12,0.5,12,294866,2026-06-13 20:47:05,11014981,MAREESWARAN ,13616,104339022021,104319220151,160HP Z101  ,,AUTOMODE,BV141C,20,2,307132,OK,,0,0,9003102010431351065904261579446A,0020007910431251065004261437430C,00200045104311520066-7261572207A,OK,OK,OK,OK,296175,2026-06-13 20:44:51,11014981.0,MAREESWARAN ,13616,104339022021,104319220151,160HP Z101  ,AUTOMODE,BV141A,25,2,307132,OK,CA1,0,0,1020104313020080004674879488,OK,OK,0.39,0.424,0.5,0.39,0.41,0.5,OK,,00200045104311520066-7261572207A,OK,OK,202.9,145.2,52.6,146.3,-0.0408401,1.02095,52.3975,53.009,0.0408363,1.63352,55.269,55.6843,57.534,2.16442,57.4321,0.204189,0,0,0,0,05ACA004,296785,2026-06-13 20:45:27,11014981.0,MAREESWARAN ,13616.0,104339022021,104319220151,160HP Z101  ,AUTOMODE,BV141B,28,2.0,307132.0,OK,,,,00200045104311520066-7261572207A,OK,OK,,OK,OK,296895,2026-06-13 20:47:59,11014981.0,MAREESWARAN ,13616,104339022021,104319220151,,AUTOMODE,BV141D,36,2,307132,OK,CA13,,,0020007910431251065004261437430C,,0,145.6,4.4,-113.55,50.1,134,19.6,-223.2,59.6,-223.2,-113.71,0.159441,1.00863,45.0,40.0,5.0,23.5898,51.7969,51.8693,0,0,0,0,0,0,0,0,0,0,0,3.34,0,20.0,0,368203
5026065,1,0020007910431251065004261437432C,2026-06-06 22:02:27,306217, , ,104319220140,0,0,0,0,57000,110000,0,0,120000,0,0,0,2,1:23,1011,16,46.08,100,17.19,55,22.3,59,4.19,54,0,0,0,0,0,0,0,0,16.62,149,4.32,160,16.81,216,5.56,137,4.77,175,8.4,168,0,0,0,0,0,0,0,0,0,0,0,0,UCX31_x0001_|_x0007_:, ,1.37,4.93,45.63,14,4.87,93,64.88,2:03      ,3,2026-06-08 09:01:09,11014981.0,MAREESWARAN ,1,104339022020,104319220140,,AUTOMODE_TS1,BV141E,45,1,,OK,,0,0,0020007910431251065004261437432C,1.17851,1.17522,1.17686,5,5,4.2675,5.1325,6.4,1,1.2,1.2,1.2,1,1.2,0.5,12,0.5,12,0.5,12,288742,2026-06-08 08:58:55,11014981,MAREESWARAN ,13616,104339022020,104319220140,140HPW501   ,,AUTOMODE,BV141C,32,1,300752,OK,,0,0,9003102010431351065904261579624A,0020007910431251065004261437432C,00200045104311520066-7261562444B,OK,OK,OK,OK,289928,2026-06-08 08:56:55,11014981.0,MAREESWARAN ,13616,104339022020,104319220140,140HPW501   ,AUTOMODE,BV141A,24,1,300752,OK,CA1,0,0,300050104312999991395364110336,OK,OK,0.39,0.442,0.5,0.39,0.443,0.5,OK,,00200045104311520066-7261562444B,OK,OK,202.9,145.2,52.6,146.3,0.0408363,1.63352,52.0742,53.2029,0.122513,2.45028,55.6616,56.0718,57.71,3.92045,57.5062,0.449219,0,0,0,0,05ACA007,290467,2026-06-08 08:57:39,11014981.0,MAREESWARAN ,13616.0,104339022020,104319220140,140HPW501   ,AUTOMODE,BV141B,30,1.0,300752.0,OK,,,,00200045104311520066-7261562444B,OK,OK,,OK,OK,290607,2026-06-08 08:59:45,11014981.0,MAREESWARAN ,13616,104339022020,104319220140,,AUTOMODE,BV141D,36,1,300752,OK,CA13,,,0020007910431251065004261437432C,,0,145.1,7.2,-113.55,50.1,134,19.6,-223.2,59.6,-223.2,-113.71,0.0523868,0.310708,45.0,40.0,5.0,18.5235,52.3101,52.2816,0,0,0,0,0,0,0,0,0,0,0,1.77,0,20.0,0,358945
5026355,1,0020007910431251065004261437471C,2026-06-07 00:12:01,306217, , ,104319220140,0,0,0,0,57000,110000,0,0,120000,0,0,0,3,2:42,1011,16,57.32,238,12.38,171,57.09,205,2.12,172,0,0,0,0,0,0,0,0,48.26,294,2.23,306,18.27,46,5.07,257,7.73,278,10.6,296,0,0,0,0,0,0,0,0,0,0,0,0,UCX31_x0001_|_x0007_:, ,1.46,4.95,44.99,14,5.18,94,64.88,3:18      ,3,2026-06-08 21:20:13,11014981.0,MAREESWARAN ,1,104339022020,104319220140,,AUTOMODE_TS1,BV141E2,38,2,,OK,,0,0,0020007910431251065004261437471C,1.15547,1.15786,1.1673,5,5,2.56287,7.25269,5.02994,1,1.2,1.2,1.2,1,1.2,0.5,12,0.5,12,0.5,12,289328,2026-06-08 21:17:33,11014981,MAREESWARAN ,13616,104339022020,104319220140,140HPW501   ,,AUTOMODE,BV141C,17,2,301348,OK,,0,0,9003102010431351065904261568163A,0020007910431251065004261437471C,00200045104311520066-7261562623C,OK,OK,OK,OK,290521,2026-06-08 21:16:21,11014981.0,MAREESWARAN ,13616,104339022020,104319220140,140HPW501   ,AUTOMODE,BV141A,22,2,301348,OK,CA1,0,0,300050104312999991395364110336,OK,OK,0.39,0.424,0.5,0.39,0.43,0.5,OK,,00200045104311520066-7261562623C,OK,OK,202.9,145.2,52.6,146.3,0.0,1.06179,52.0433,52.9682,0.0816765,1.42933,55.3453,55.6511,57.6104,4.85973,57.3021,0.245029,0,0,0,0,05ACA006,291063,2026-06-08 21:16:59,11014981.0,MAREESWARAN ,13616.0,104339022020,104319220140,140HPW501   ,AUTOMODE,BV141B,28,2.0,301348.0,OK,,,,00200045104311520066-7261562623C,OK,OK,,OK,OK,291203,2026-06-08 21:19:09,11014981.0,MAREESWARAN ,13616,104339022020,104319220140,,AUTOMODE,BV141D,31,2,301348,OK,CA13,,,0020007910431251065004261437471C,,0,145.0,3.4,-113.55,50.1,134,19.6,-223.2,59.6,-223.2,-113.71,0.260584,0.866993,45.0,40.1927,5.0,24.1854,51.8817,52.0299,0,0,0,0,0,0,0,0,0,0,0,1.9,0,20.0,0,359687
5026157,1,0020007910431251065004261437480C,2026-06-06 22:30:38,306217, , ,104319220140,0,0,0,0,57000,110000,0,0,120000,0,0,0,2,1:25,1011,16,38.77,222,14.54,188,40.27,181,9.64,172,0,0,0,0,0,0,0,0,34.37,272,8.22,272,10.88,35,2.07,286,8.54,6,11.41,1,0,0,0,0,0,0,0,0,0,0,0,0,UCX31_x0001_|_x0007_:, ,1.3,4.94,44.96,14,4.65,93,65.03,2:02      ,3,2026-06-08 09:01:41,11014981.0,MAREESWARAN ,1,104339022020,104319220140,,AUTOMODE_TS1,BV141E2,38,1,,OK,,0,0,0020007910431251065004261437480C,1.15686,1.16868,1.14893,5,5,2.78802,6.69102,3.94132,1,1.2,1.2,1.2,1,1.2,0.5,12,0.5,12,0.5,12,288743,2026-06-08 08:59:39,11014981,MAREESWARAN ,13616,104339022020,104319220140,140HPW501   ,,AUTOMODE,BV141C,29,1,300753,OK,,0,0,9003102010431351065904261555928B,0020007910431251065004261437480C,00200045104311520066-7261562020A,OK,OK,OK,OK,289929,2026-06-08 08:57:39,11014981.0,MAREESWARAN ,13616,104339022020,104319220140,140HPW501   ,AUTOMODE,BV141A,25,1,300753,OK,CA1,0,0,300050104312999991395364110336,OK,OK,0.39,0.466,0.5,0.39,0.442,0.5,OK,,00200045104311520066-7261562020A,OK,OK,202.9,145.2,52.6,146.3,0.0,0.98011,52.0589,53.0831,0.0816727,2.20525,55.3431,55.8552,57.6922,5.43146,57.3864,0.367542,0,0,0,0,05ACA001,290468,2026-06-08 08:58:23,11014981.0,MAREESWARAN ,13616.0,104339022020,104319220140,140HPW501   ,AUTOMODE,BV141B,30,1.0,300753.0,OK,,,,00200045104311520066-7261562020A,OK,OK,,OK,OK,290608,2026-06-08 09:00:33,11014981.0,MAREESWARAN ,13616,104339022020,104319220140,,AUTOMODE,BV141D,36,1,300753,OK,CA13,,,0020007910431251065004261437480C,,0,145.0,6.9,-113.55,50.1,134,19.6,-223.2,59.6,-223.2,-113.71,0.583155,0.965,45.0,41.4433,5.0,22.4966,52.0176,52.0629,0,0,0,0,0,0,0,0,0,0,0,1.66,0,20.0,0,358946
5026013,1,0020007910431251065004261437508C,2026-06-06 21:49:03,304212, , ,104319220140,0,0,0,0,57000,110000,0,0,120000,0,0,0,4,3:17,1011,16,73.05,136,8.02,227,41.61,118,3.03,273,0,0,0,0,0,0,0,0,27.93,222,1.42,346,13.08,247,2.14,306,6.43,212,9.01,202,0,0,0,0,0,0,0,0,0,0,0,0,UCX31_x0001_|_x0007_:, ,1.65,4.89,45.19,14,4.78,93,65.06,8:40      ,3,2026-06-29 21:17:29,11014086.0,BABU        ,1,104339022021,104319220151,,AUTOMODE_TS1,BV141E2,38,2,,OK,,0,0,0020007910431251065004261437508C,1.14767,1.14667,1.16566,5,5,2.13293,6.19042,3.64192,1,1.2,1.2,1.2,1,1.2,0.5,12,0.5,12,0.5,12,314037,2026-06-29 21:14:29,11014086,BABU        ,13616,104339022021,104319220151,160HP Z101  ,,AUTOMODE,BV141C,19,2,323407,OK,,0,0,9003102010431351065904261771156A,0020007910431251065004261437508C,00200045104311520066-7261770028C,OK,OK,OK,OK,315470,2026-06-29 21:13:05,11014086.0,BABU        ,13616,104339022021,104319220151,160HP Z101  ,AUTOMODE,BV141A,22,2,323407,OK,CA1,0,0,1020104313020080004674879488,OK,OK,0.39,0.431,0.5,0.39,0.43,0.5,OK,,00200045104311520066-7261770028C,OK,OK,202.9,145.2,52.6,146.3,0.0,1.87855,52.0225,53.1537,0.163353,2.45028,55.2175,55.7296,57.6838,6.24823,57.3755,0.367542,0,0,0,0,05ACA006,315253,2026-06-29 21:13:43,11014086.0,BABU        ,13616.0,104339022021,104319220151,160HP Z101  ,AUTOMODE,BV141B,26,2.0,323407.0,OK,,,,00200045104311520066-7261770028C,OK,OK,,OK,OK,316289,2026-06-29 21:16:23,11014086.0,BABU        ,13616,104339022021,104319220151,,AUTOMODE,BV141D,38,2,323407,OK,CA13,,,0020007910431251065004261437508C,,0,147.8,7.5,-113.55,50.1,134,19.6,-223.2,59.6,-223.2,-113.71,0.289238,0.869421,45.0,40.0,5.0,25.6706,51.606,51.689,0,0,0,0,0,0,0,0,0,0,0,3.45,0,20.0,0,392183
5014378,1,0020007910431251065004261437626C,2026-06-03 13:58:46,306217, , ,104319220140,0,0,0,0,57000,110000,0,0,120000,0,0,0,1,0:20,1011,16,37.49,35,37.49,35,18.41,22,18.41,22,0,0,0,0,0,0,0,0,15.17,120,15.17,120,11.05,134,11.05,134,10.85,53,10.85,53,0,0,0,0,0,0,0,0,0,0,0,0,UCX31_x0001_|_x0007_:, ,1.39,4.92,45.25,14,3.39,93,64.67,0:56      ,3,2026-06-03 19:23:11,11014086.0,BABU        ,1,104339022020,104319220140,,AUTOMODE_TS1,BV141E2,38,1,,OK,,0,0,0020007910431251065004261437626C,1.16164,1.15912,1.15258,5,5,3.09701,8.05988,4.61677,1,1.2,1.2,1.2,1,1.2,0.5,12,0.5,12,0.5,12,283460,2026-06-03 19:20:37,11014086,BABU        ,13616,104339022020,104319220140,140HPW501   ,,AUTOMODE,BV141C,26,1,296242,OK,,0,0,9003102010431351065904261510228C,0020007910431251065004261437626C,00200045104311520066-7261482163A,OK,OK,OK,OK,284616,2026-06-03 19:18:47,11014086.0,BABU        ,13616,104339022020,104319220140,140HPW501   ,AUTOMODE,BV141A,23,1,296242,OK,CA1,0,0,300050104312999991395364110336,OK,OK,0.39,0.439,0.5,0.39,0.424,0.5,OK,,00200045104311520066-7261482163A,OK,OK,202.9,145.2,52.6,146.3,-0.0408363,1.67436,52.5682,52.6701,0.122513,2.24609,54.9224,55.6435,57.5951,7.47337,57.1849,0.367542,0,0,0,0,05ACA006,285138,2026-06-03 19:19:27,11014086.0,BABU        ,13616.0,104339022020,104319220140,140HPW501   ,AUTOMODE,BV141B,30,1.0,296242.0,OK,,,,00200045104311520066-7261482163A,OK,OK,,OK,OK,285294,2026-06-03 19:22:03,11014086.0,BABU        ,13616,104339022020,104319220140,,AUTOMODE,BV141D,31,1,296242,OK,CA13,,,0020007910431251065004261437626C,,0,146.7,3.8,-113.55,50.1,134,19.6,-223.2,59.6,-216.052,-106.71,0.0527725,0.3906,44.9177,40.0,5.0,20.9888,51.9349,52.0322,0,0,0,0,0,0,0,0,0,0,0,1.69,0,20.0,0,353223
5015452,1,0020007910431251065004261437740C,2026-06-03 22:01:25,306217, , ,104319220140,0,0,0,0,57000,110000,0,0,120000,0,0,0,2,1:44,1011,16,50.75,80,22.56,31,61.62,50,9.87,31,0,0,0,0,0,0,0,0,54.07,141,8.13,140,13.76,279,6.45,108,7.6,166,10.52,174,0,0,0,0,0,0,0,0,0,0,0,0,UCX31_x0001_|_x0007_:, ,1.38,4.93,45.43,14,4.33,93,64.97,2:21      ,3,2026-06-28 10:33:00,11014981.0,MAREESWARAN ,1,104339022020,104319220140,,AUTOMODE_TS1,BV141E2,34,1,,OK,,0,0,0020007910431251065004261437740C,1.16453,1.16126,1.14843,5,5,2.08263,7.19521,3.88263,1,1.2,1.2,1.2,1,1.2,0.5,12,0.5,12,0.5,12,313023,2026-06-28 10:28:28,11014086,BABU        ,13616,104339022020,104319220140,140HPW501   ,,AUTOMODE,BV141C,30,1,322332,OK,,0,0,9003102010431351065904261758009B,0020007910431251065004261437740C,00200045104311520066-7261750552A,OK,OK,OK,OK,314426,2026-06-28 10:25:56,11014086.0,BABU        ,13616,104339022020,104319220140,140HPW501   ,AUTOMODE,BV141A,33,1,322332,OK,CA1,0,0,300050104312999991395364110336,OK,OK,0.39,0.438,0.5,0.39,0.429,0.5,OK,,00200045104311520066-7261750552A,OK,OK,202.9,145.2,52.6,146.3,0.0,1.7152,52.0503,53.286,0.122513,1.87855,55.4415,55.8517,57.6021,3.59375,57.3983,0.367542,0,0,0,0,05ACA004,314191,2026-06-28 10:26:42,11014086.0,BABU        ,13616.0,104339022020,104319220140,140HPW501   ,AUTOMODE,BV141B,26,1.0,322332.0,OK,,,,00200045104311520066-7261750552A,OK,OK,,OK,OK,315232,2026-06-28 10:31:02,11014086.0,BABU        ,13616,104339022020,104319220140,,AUTOMODE,BV141D,37,1,322332,OK,CA13,,,0020007910431251065004261437740C,,0,147.1,8.6,-113.55,50.1,134,19.6,-223.35,59.6,-223.35,-113.71,0.315392,1.20625,45.0,40.1132,5.0,20.0917,52.3502,52.3723,0,0,0,0,0,0,0,0,0,0,0,1.64,0,20.0,0,390891
5015349,1,0020007910431251065004261437777C,2026-06-03 21:05:19,314116, , ,104319220140,0,0,0,0,57000,110000,0,0,120000,0,0,0,1,0:19,1011,16,28.85,281,28.85,281,12.7,297,12.7,297,0,0,0,0,0,0,0,0,20.5,279,20.5,279,10.17,205,10.17,205,11.53,271,11.53,271,0,0,0,0,0,0,0,0,0,0,0,0,UCX31_x0001_|_x0007_:, ,1.2,5.02,45.05,3,4.83,93,65.53,0:50      ,3,2026-06-04 08:55:51,11014981.0,MAREESWARAN ,1,104339022020,104319220140,,AUTOMODE_TS1,BV141E,44,1,,OK,,0,0,0020007910431251065004261437777C,1.17396,1.17383,1.17396,5,5,4.74,4.985,6.065,1,1.2,1.2,1.2,1,1.2,0.5,12,0.5,12,0.5,12,284108,2026-06-04 08:52:51,11014981,MAREESWARAN ,13616,104339022020,104319220140,140HPW501   ,,AUTOMODE,BV141C,20,1,296897,OK,,0,0,9003102010431351065904261509346B,0020007910431251065004261437777C,00200045104311520066-7261480649B,OK,OK,OK,OK,285262,2026-06-04 08:51:37,11014981.0,MAREESWARAN ,13616,104339022020,104319220140,140HPW501   ,AUTOMODE,BV141A,27,1,296897,OK,CA1,0,0,300050104312999991395364110336,OK,OK,0.39,0.411,0.5,0.39,0.419,0.5,OK,,00200045104311520066-7261480649B,OK,OK,202.9,145.2,52.6,146.3,-0.0816765,1.42933,52.7107,52.8126,0.0408363,1.83771,55.2815,55.6917,57.8344,8.57599,57.2229,0.326702,0,0,0,0,05ACA006,285786,2026-06-04 08:52:19,11014981.0,MAREESWARAN ,13616.0,104339022020,104319220140,140HPW501   ,AUTOMODE,BV141B,30,1.0,296897.0,OK,,,,00200045104311520066-7261480649B,OK,OK,,OK,OK,285941,2026-06-04 08:54:37,11014981.0,MAREESWARAN ,13616,104339022020,104319220140,,AUTOMODE,BV141D,35,1,296897,OK,CA13,,,0020007910431251065004261437777C,,0,145.1,6.6,-113.55,50.1,134,19.6,-223.2,59.6,-216.052,-106.71,0.105815,0.575541,45.0,40.0,5.0,26.2134,51.4123,51.5896,0,0,0,0,0,0,0,0,0,0,0,1.8,0,20.0,0,353918
5025337,1,0020007910431251065004261437913C,2026-06-06 18:08:12,306217, , ,104319220140,0,0,0,0,57000,110000,0,0,120000,0,0,0,1,0:20,1011,16,25.67,259,25.67,259,32.49,220,32.49,220,0,0,0,0,0,0,0,0,28.97,311,28.97,311,9.49,100,9.49,100,8.68,336,8.68,336,0,0,0,0,0,0,0,0,0,0,0,0,UCX31_x0001_|_x0007_:, ,1.28,4.93,45.05,14,4.94,93,64.45,0:56      ,3,2026-06-08 08:41:39,11014981.0,MAREESWARAN ,1,104339022020,104319220140,,AUTOMODE_TS1,BV141E,44,1,,OK,,0,0,0020007910431251065004261437913C,1.17712,1.17649,1.17649,5,5,4.1975,5.4575,6.1325,1,1.2,1.2,1.2,1,1.2,0.5,12,0.5,12,0.5,12,288723,2026-06-08 08:39:25,11014981,MAREESWARAN ,13616,104339022020,104319220140,140HPW501   ,,AUTOMODE,BV141C,20,1,300731,OK,,0,0,9003102010431351065904261569025B,0020007910431251065004261437913C,00200045104311520066-7261502150A,OK,OK,OK,OK,289908,2026-06-08 08:38:03,11014981.0,MAREESWARAN ,13616,104339022020,104319220140,140HPW501   ,AUTOMODE,BV141A,24,1,300731,OK,CA1,0,0,300050104312999991395364110336,OK,OK,0.39,0.456,0.5,0.39,0.464,0.5,OK,,00200045104311520066-7261502150A,OK,OK,202.9,145.2,52.6,146.3,0.0246029,1.22514,52.0212,52.9866,0.122513,2.12358,55.0427,55.6542,57.8122,13.3132,57.1982,0.367542,0,0,0,0,05ACA006,290446,2026-06-08 08:38:47,11014981.0,MAREESWARAN ,13616.0,104339022020,104319220140,140HPW501   ,AUTOMODE,BV141B,30,1.0,300731.0,OK,,,,00200045104311520066-7261502150A,OK,OK,,OK,OK,290587,2026-06-08 08:40:29,11014981.0,MAREESWARAN ,13616,104339022020,104319220140,,AUTOMODE,BV141D,36,1,300731,OK,CA13,,,0020007910431251065004261437913C,,0,145.4,6.9,-113.55,50.1,134,19.6,-223.2,59.6,-223.2,-113.71,0.607966,1.92619,45.0,40.0,5.0,23.4164,51.3909,51.458,0,0,0,0,0,0,0,0,0,0,0,1.64,0,20.0,0,358914
5029162,1,0020007910431251065004261437917C,2026-06-08 09:13:38,306217, , ,104319220140,0,0,0,0,57000,110000,0,0,120000,0,0,0,2,1:27,1011,16,39.49,136,21.65,104,29.58,86,10.12,73,0,0,0,0,0,0,0,0,24.45,175,8.5,176,15.03,278,5.95,211,7.34,212,10.24,216,0,0,0,0,0,0,0,0,0,0,0,0,UCX31_x0001_|_x0007_:, ,1.36,4.96,45.16,14,3.87,93,65.03,11:37     ,3,2026-06-09 06:10:09,11014981.0,MAREESWARAN ,1,104339022020,104319220140,,AUTOMODE_TS1,BV141E2,34,2,,OK,,0,0,0020007910431251065004261437917C,1.14604,1.16717,1.15597,5,5,1.97844,6.50778,3.84671,1,1.2,1.2,1.2,1,1.2,0.5,12,0.5,12,0.5,12,289742,2026-06-09 06:07:39,11014981,MAREESWARAN ,13616,104339022020,104319220140,140HPW501   ,,AUTOMODE,BV141C,19,2,301771,OK,,0,0,9003102010431351065904261569176B,0020007910431251065004261437917C,00200045104311520066-7261532116A,OK,OK,OK,OK,290939,2026-06-09 06:04:33,11014981.0,MAREESWARAN ,13616,104339022020,104319220140,140HPW501   ,AUTOMODE,BV141A,22,2,301771,OK,CA1,0,0,300050104312999991395364110336,OK,OK,0.39,0.406,0.5,0.39,0.425,0.5,OK,,00200045104311520066-7261532116A,OK,OK,202.9,145.2,52.6,146.3,0.0,2.32777,52.0763,53.4165,0.163353,1.83772,55.6765,56.0841,57.7275,1.79688,57.6256,0.285866,0,0,0,0,05ACA005,291483,2026-06-09 06:05:15,11014981.0,MAREESWARAN ,13616.0,104339022020,104319220140,140HPW501   ,AUTOMODE,BV141B,28,2.0,301771.0,OK,,,,00200045104311520066-7261532116A,OK,OK,,OK,OK,291621,2026-06-09 06:09:07,11014981.0,MAREESWARAN ,13616,104339022020,104319220140,,AUTOMODE,BV141D,31,2,301771,OK,CA13,,,0020007910431251065004261437917C,,0,145.0,3.4,-113.55,50.1,134,19.6,-223.2,59.6,-223.2,-113.71,0.244544,1.23607,45.0,40.0,5.0,22.2931,52.3895,52.5198,0,0,0,0,0,0,0,0,0,0,0,1.62,0,20.0,0,360366
5027046,1,0020007910431251065004261437953C,2026-06-07 04:29:56,306217, , ,104319220140,0,0,0,0,57000,110000,0,0,120000,0,0,0,2,1:20,1011,16,10.4,184,6.05,161,25.62,232,6,218,0,0,0,0,0,0,0,0,23.51,321,4.74,313,11.66,171,3.01,195,8.77,110,10.13,106,0,0,0,0,0,0,0,0,0,0,0,0,UCX31_x0001_|_x0007_:, ,1.31,4.92,45.48,14,5.1,93,65.1,1:57      ,3,2026-06-08 21:07:57,11014981.0,MAREESWARAN ,1,104339022020,104319220140,,AUTOMODE_TS1,BV141E2,38,2,,OK,,0,0,0020007910431251065004261437953C,1.16176,1.14855,1.16528,5,5,2.54731,7.05629,4.22156,1,1.2,1.2,1.2,1,1.2,0.5,12,0.5,12,0.5,12,289317,2026-06-08 21:05:45,11014981,MAREESWARAN ,13616,104339022020,104319220140,140HPW501   ,,AUTOMODE,BV141C,27,2,301336,OK,,0,0,9003102010431351065904261568991B,0020007910431251065004261437953C,00200045104311520066-7261562530B,OK,OK,OK,OK,290509,2026-06-08 21:04:03,11014981.0,MAREESWARAN ,13616,104339022020,104319220140,140HPW501   ,AUTOMODE,BV141A,23,2,301336,OK,CA1,0,0,300050104312999991395364110336,OK,OK,0.39,0.428,0.5,0.39,0.42,0.5,OK,,00200045104311520066-7261562530B,OK,OK,202.9,145.2,52.6,146.3,0.0,1.91939,52.0585,53.5032,0.163353,2.16442,55.6536,56.1682,56.2401,1.99164,57.7071,0.326702,0,0,0,0,05ACA007,291051,2026-06-08 21:04:47,11014981.0,MAREESWARAN ,13616.0,104339022020,104319220140,140HPW501   ,AUTOMODE,BV141B,30,2.0,301336.0,OK,,,,00200045104311520066-7261562530B,OK,OK,,OK,OK,291191,2026-06-08 21:06:53,11014981.0,MAREESWARAN ,13616,104339022020,104319220140,,AUTOMODE,BV141D,31,2,301336,OK,CA13,,,0020007910431251065004261437953C,,0,145.1,3.5,-113.55,50.1,134,19.6,-223.2,59.6,-223.2,-113.71,1.35216,2.95082,45.0,40.0,5.0,26.2134,51.9662,52.0426,0,0,0,0,0,0,0,0,0,0,0,1.65,0,20.0,0,359662
5026318,1,0020007910431251065004261437954C,2026-06-06 23:54:45,306217, , ,104319220140,0,0,0,0,57000,110000,0,0,120000,0,0,0,2,1:19,1011,16,30.41,317,11.1,283,23.99,269,5.83,287,0,0,0,0,0,0,0,0,19.1,357,5.55,22,11.18,101,2.5,351,10.13,11,11.8,19,0,0,0,0,0,0,0,0,0,0,0,0,UCX31_x0001_|_x0007_:, ,1.43,4.92,45.34,14,3.41,93,64.88,1:55      ,3,2026-06-08 21:19:37,11014981.0,MAREESWARAN ,1,104339022020,104319220140,,AUTOMODE_TS1,BV141E,45,2,,OK,,0,0,0020007910431251065004261437954C,1.17686,1.17383,1.17459,5,5,3.9275,4.2075,7.07,1,1.2,1.2,1.2,1,1.2,0.5,12,0.5,12,0.5,12,289327,2026-06-08 21:16:57,11014981,MAREESWARAN ,13616,104339022020,104319220140,140HPW501   ,,AUTOMODE,BV141C,21,2,301347,OK,,0,0,9003102010431351065904261568032A,0020007910431251065004261437954C,00200045104311520066-7261562078A,OK,OK,OK,OK,290520,2026-06-08 21:15:43,11014981.0,MAREESWARAN ,13616,104339022020,104319220140,140HPW501   ,AUTOMODE,BV141A,22,2,301347,OK,CA1,0,0,300050104312999991395364110336,OK,OK,0.39,0.419,0.5,0.39,0.44,0.5,OK,,00200045104311520066-7261562078A,OK,OK,202.9,145.2,52.6,146.3,0.0,1.63352,53.0748,53.1767,0.122517,2.20526,55.5436,56.0583,57.6991,3.14453,57.5972,0.367542,0,0,0,0,05ACA010,291062,2026-06-08 21:16:19,11014981.0,MAREESWARAN ,13616.0,104339022020,104319220140,140HPW501   ,AUTOMODE,BV141B,28,2.0,301347.0,OK,,,,00200045104311520066-7261562078A,OK,OK,,OK,OK,291202,2026-06-08 21:18:27,11014981.0,MAREESWARAN ,13616,104339022020,104319220140,,AUTOMODE,BV141D,31,2,301347,OK,CA13,,,0020007910431251065004261437954C,,0,145.4,3.4,-113.55,50.1,134,19.6,-223.2,59.6,-223.2,-113.71,0.428102,2.07598,45.0,40.0,5.0,22.4438,52.3213,52.4568,0,0,0,0,0,0,0,0,0,0,0,1.74,0,20.0,0,359686
5026245,1,0020007910431251065004261437956C,2026-06-06 22:59:51,306217, , ,104319220140,0,0,0,0,57000,110000,0,0,120000,0,0,0,4,3:18,1011,16,42.13,19,5.6,22,46.8,19,5.49,20,0,0,0,0,0,0,0,0,41.83,112,4.21,113,4.25,340,0.34,36,10.07,290,10.82,284,0,0,0,0,0,0,0,0,0,0,0,0,UCX31_x0001_|_x0007_:, ,1.31,4.94,45.16,14,4.55,93,65.03,3:54      ,3,2026-06-08 08:48:55,11014981.0,MAREESWARAN ,1,104339022020,104319220140,,AUTOMODE_TS1,BV141E2,38,1,,OK,,0,0,0020007910431251065004261437956C,1.16553,1.16176,1.16742,5,5,4.06347,7.97605,6.06707,1,1.2,1.2,1.2,1,1.2,0.5,12,0.5,12,0.5,12,288730,2026-06-08 08:46:35,11014981,MAREESWARAN ,13616,104339022020,104319220140,140HPW501   ,,AUTOMODE,BV141C,23,1,300739,OK,,0,0,9003102010431351065904261533194B,0020007910431251065004261437956C,00200045104311520066-7261500241A,OK,OK,OK,OK,289915,2026-06-08 08:45:19,11014981.0,MAREESWARAN ,13616,104339022020,104319220140,140HPW501   ,AUTOMODE,BV141A,24,1,300739,OK,CA1,0,0,300050104312999991395364110336,OK,OK,0.39,0.445,0.5,0.39,0.474,0.5,OK,,00200045104311520066-7261500241A,OK,OK,202.9,145.2,52.6,146.3,-0.0408363,2.81783,52.2194,53.45,0.204189,3.14453,55.603,56.1151,56.2401,2.79443,57.5572,0.571732,0,0,0,0,05ACA010,290454,2026-06-08 08:46:01,11014981.0,MAREESWARAN ,13616.0,104339022020,104319220140,140HPW501   ,AUTOMODE,BV141B,30,1.0,300739.0,OK,,,,00200045104311520066-7261500241A,OK,OK,,OK,OK,290594,2026-06-08 08:47:49,11014981.0,MAREESWARAN ,13616,104339022020,104319220140,,AUTOMODE,BV141D,35,1,300739,OK,CA13,,,0020007910431251065004261437956C,,0,145.0,6.9,-113.55,50.1,134,19.6,-223.2,59.6,-223.2,-113.71,0.408343,1.14594,45.0,40.6859,5.0,24.0874,51.7847,51.8621,0,0,0,0,0,0,0,0,0,0,0,1.79,0,20.0,0,358921
5069904,1,0020007910431251065004261440009B,2026-06-20 02:29:47,304212, , ,104319220140,0,0,0,0,57000,110000,0,0,120000,0,0,0,3,2:23,1011,16,113.6,354,19.2,35,85.84,354,9.95,40,0,0,0,0,0,0,0,0,56.26,97,5.05,134,10.06,71,3.74,122,8.75,45,10.34,46,0,0,0,0,0,0,0,0,0,0,0,0,UCX31_x0001_|_x0007_:, ,1.41,4.93,45.25,14,4.04,93,65.03,3:53      ,3,2026-06-21 14:24:53,11014981.0,MAREESWARAN ,1,104339022020,104319220140,,AUTOMODE_TS1,BV141E2,34,1,,OK,,0,0,0020007910431251065004261440009B,1.15447,1.16214,1.14667,5,5,2.49581,6.8,3.2479,1,1.2,1.2,1.2,1,1.2,0.5,12,0.5,12,0.5,12,303286,2026-06-21 14:21:37,11014981,MAREESWARAN ,13616,104339022020,104319220140,140HPW501   ,,AUTOMODE,BV141C,36,1,314852,OK,,0,0,9003102010431351065904261665011A,0020007910431251065004261440009B,00200045104311520066-7261632409B,OK,OK,OK,OK,304588,2026-06-21 14:19:49,11014981.0,MAREESWARAN ,13616,104339022020,104319220140,140HPW501   ,AUTOMODE,BV141A,30,1,314852,OK,CA1,0,0,300050104312999991395364110336,OK,OK,0.39,0.428,0.5,0.39,0.426,0.5,OK,,00200045104311520066-7261632409B,OK,OK,202.9,145.2,52.6,146.3,0.0,2.00107,52.1015,53.1283,0.163353,1.83772,55.2889,55.6966,57.5412,2.0419,57.3348,0.28587,0,0,0,0,05ACA006,305253,2026-06-21 14:20:31,11014981.0,MAREESWARAN ,13616.0,104339022020,104319220140,140HPW501   ,AUTOMODE,BV141B,29,1.0,314852.0,OK,,,,00200045104311520066-7261632409B,OK,OK,,OK,OK,305345,2026-06-21 14:23:49,11014981.0,MAREESWARAN ,13616,104339022020,104319220140,,AUTOMODE,BV141D,35,1,314852,OK,CA13,,,0020007910431251065004261440009B,,0,145.2,6.1,-113.55,50.1,134,19.6,-223.35,59.6,-223.35,-113.71,0.210668,0.693596,45.0,41.0316,5.0,20.4008,52.0147,52.0376,0,0,0,0,0,0,0,0,0,0,0,1.71,0,20.0,0,379553
5030798,1,0020007910431251065004261442512A,2026-06-08 18:16:16,304212, , ,104319220140,0,0,0,0,57000,110000,0,0,120000,0,0,0,2,1:19,1011,16,54.97,132,5.45,105,24.52,97,1.8,35,0,0,0,0,0,0,0,0,17.16,199,1.13,147,15.02,249,1.83,209,5.1,296,6.47,282,0,0,0,0,0,0,0,0,0,0,0,0,UCX31_x0001_|_x0007_:, ,1.51,4.94,44.67,14,4.64,94,64.96,1:50      ,3,2026-06-14 09:57:59,11014981.0,MAREESWARAN ,1,104339022020,104319220140,,AUTOMODE_TS1,BV141E,40,1,,OK,,0,0,0020007910431251065004261442512A,1.1756,1.17257,1.17396,5,5,5.03,5.4975,5.5925,1,1.2,1.2,1.2,1,1.2,0.5,12,0.5,12,0.5,12,295462,2026-06-14 09:53:35,11014981,MAREESWARAN ,13616,104339022020,104319220140,140HPW501   ,,AUTOMODE,BV141C,26,1,307752,OK,,0,0,9003102010431351065904261605303B,0020007910431251065004261442512A,00200045104311520066-7261620033B,OK,OK,OK,OK,296777,2026-06-14 09:52:11,11014981.0,MAREESWARAN ,13616,104339022020,104319220140,140HPW501   ,AUTOMODE,BV141A,27,1,307752,OK,CA1,0,0,300050104312999991395364110336,OK,OK,0.39,0.435,0.5,0.39,0.428,0.5,OK,,00200045104311520066-7261620033B,OK,OK,202.9,145.2,52.6,146.3,0.0,1.1843,52.0617,53.0834,0.0816765,1.63352,55.351,55.7612,57.7128,9.2294,57.3052,0.285866,0,0,0,0,05ACA002,297393,2026-06-14 09:52:53,11014981.0,MAREESWARAN ,13616.0,104339022020,104319220140,140HPW501   ,AUTOMODE,BV141B,28,1.0,307752.0,OK,,,,00200045104311520066-7261620033B,OK,OK,,OK,OK,297501,2026-06-14 09:54:43,11014981.0,MAREESWARAN ,13616,104339022020,104319220140,,AUTOMODE,BV141D,34,1,307752,OK,CA14,,,0020007910431251065004261442512A,,0,146.4,4.7,-113.55,50.1,134,19.6,-223.35,59.6,-223.35,-113.71,0.145974,0.806683,45.0,40.0651,5.0,21.1094,51.8805,51.8818,0,0,0,0,0,0,0,0,0,0,0,1.69,0,20.0,0,369679
5024674,1,0020007910431251065004261442594A,2026-06-06 14:40:20,306217, , ,104319220140,0,0,0,0,57000,110000,0,0,120000,0,0,0,1,0:20,1011,16,23.43,87,23.43,87,32.3,46,32.3,46,0,0,0,0,0,0,0,0,28.65,134,28.65,134,10.14,286,10.14,286,10.2,65,10.2,65,0,0,0,0,0,0,0,0,0,0,0,0,UCX31_x0001_|_x0007_:, ,1.31,4.95,45.13,14,4.66,93,64.45,2:10      ,3,2026-06-09 06:16:39,11014981.0,MAREESWARAN ,1,104339022020,104319220140,,AUTOMODE_TS1,BV141E,40,2,,OK,,0,0,0020007910431251065004261442594A,1.17522,1.17623,1.17522,5,5,4.0475,4.405,5.8425,1,1.2,1.2,1.2,1,1.2,0.5,12,0.5,12,0.5,12,289751,2026-06-09 06:14:43,11014981,MAREESWARAN ,13616,104339022020,104319220140,140HPW501   ,,AUTOMODE,BV141C,30,2,301780,OK,,0,0,9003102010431351065904261569174B,0020007910431251065004261442594A,00200045104311520066-7261532016A,OK,OK,OK,OK,290948,2026-06-09 06:12:49,11014981.0,MAREESWARAN ,13616,104339022020,104319220140,140HPW501   ,AUTOMODE,BV141A,22,2,301780,OK,CA1,0,0,300050104312999991395364110336,OK,OK,0.39,0.423,0.5,0.39,0.437,0.5,OK,,00200045104311520066-7261532016A,OK,OK,202.9,145.2,52.6,146.3,0.0,1.87855,52.0559,53.0827,0.122517,1.91939,55.4395,55.7452,57.6026,4.77805,57.5007,0.285866,0,0,0,0,05ACA002,291492,2026-06-09 06:13:29,11014981.0,MAREESWARAN ,13616.0,104339022020,104319220140,140HPW501   ,AUTOMODE,BV141B,28,2.0,301780.0,OK,,,,00200045104311520066-7261532016A,OK,OK,,OK,OK,291630,2026-06-09 06:15:33,11014981.0,MAREESWARAN ,13616,104339022020,104319220140,,AUTOMODE,BV141D,31,2,301780,OK,CA13,,,0020007910431251065004261442594A,,0,145.1,3.5,-113.55,50.1,134,19.6,-223.2,59.6,-223.2,-113.71,0.0986629,0.421951,45.0,40.0,5.0,25.8817,51.9256,52.0091,0,0,0,0,0,0,0,0,0,0,0,1.63,0,20.0,0,360375
5024880,1,0020007910431251065004261442614A,2026-06-06 15:58:16,306217, , ,104319220140,0,0,0,0,57000,110000,0,0,120000,0,0,0,2,1:27,1011,16,24.86,20,12.42,333,39.21,24,7.17,342,0,0,0,0,0,0,0,0,36.74,116,5.64,81,10.13,322,2.67,54,8.6,227,11.09,224,0,0,0,0,0,0,0,0,0,0,0,0,UCX31_x0001_|_x0007_:, ,1.39,4.92,45.25,14,4.68,93,64.88,2:04      ,3,2026-06-08 08:38:49,11014981.0,MAREESWARAN ,1,104339022020,104319220140,,AUTOMODE_TS1,BV141E,44,1,,OK,,0,0,0020007910431251065004261442614A,1.17661,1.17396,1.1775,5,5,4.525,5.46,6.3225,1,1.2,1.2,1.2,1,1.2,0.5,12,0.5,12,0.5,12,288720,2026-06-08 08:36:49,11014981,MAREESWARAN ,13616,104339022020,104319220140,140HPW501   ,,AUTOMODE,BV141C,20,1,300728,OK,,0,0,9003102010431351065904261569009B,0020007910431251065004261442614A,00200045104311520066-7261562121A,OK,OK,OK,OK,289905,2026-06-08 08:35:31,11014981.0,MAREESWARAN ,13616,104339022020,104319220140,140HPW501   ,AUTOMODE,BV141A,23,1,300728,OK,CA1,0,0,300050104312999991395364110336,OK,OK,0.39,0.44,0.5,0.39,0.433,0.5,OK,,00200045104311520066-7261562121A,OK,OK,202.9,145.2,52.6,146.3,0.0,0.571732,52.1533,53.1776,0.0816727,1.59268,55.0299,55.7509,57.7,2.24609,57.3917,0.285866,0,0,0,0,05ACA001,290443,2026-06-08 08:36:15,11014981.0,MAREESWARAN ,13616.0,104339022020,104319220140,140HPW501   ,AUTOMODE,BV141B,30,1.0,300728.0,OK,,,,00200045104311520066-7261562121A,OK,OK,,OK,OK,290584,2026-06-08 08:37:35,11014981.0,MAREESWARAN ,13616,104339022020,104319220140,,AUTOMODE,BV141D,36,1,300728,OK,CA13,,,0020007910431251065004261442614A,,0,145.1,7.0,-113.55,50.1,134,19.6,-223.2,59.6,-223.2,-113.71,0.0,0.00754166,40.7189,40.0911,5.0,24.4719,51.8907,52.0476,0,0,0,0,0,0,0,0,0,0,0,1.75,0,20.0,0,358911
5024886,1,0020007910431251065004261442619A,2026-06-06 15:59:13,306217, , ,104319220140,0,0,0,0,57000,110000,0,0,120000,0,0,0,1,0:20,1011,16,35.72,0,35.72,0,27.65,346,27.65,346,0,0,0,0,0,0,0,0,22.93,80,22.93,80,5.44,100,5.44,100,10.73,349,10.73,349,0,0,0,0,0,0,0,0,0,0,0,0,UCX31_x0001_|_x0007_:, ,1.37,4.91,45.25,14,4.87,93,64.52,0:56      ,3,2026-06-08 08:47:23,11014981.0,MAREESWARAN ,1,104339022020,104319220140,,AUTOMODE_TS1,BV141E2,38,1,,OK,,0,0,0020007910431251065004261442619A,1.15774,1.14818,1.16541,5,5,3.76886,7.14371,5.34731,1,1.2,1.2,1.2,1,1.2,0.5,12,0.5,12,0.5,12,288728,2026-06-08 08:45:15,11014981,MAREESWARAN ,13616,104339022020,104319220140,140HPW501   ,,AUTOMODE,BV141C,23,1,300737,OK,,0,0,9003102010431351065904261533127B,0020007910431251065004261442619A,00200045104311520066-7261500202A,OK,OK,OK,OK,289913,2026-06-08 08:43:39,11014981.0,MAREESWARAN ,13616,104339022020,104319220140,140HPW501   ,AUTOMODE,BV141A,24,1,300737,OK,CA1,0,0,300050104312999991395364110336,OK,OK,0.39,0.462,0.5,0.39,0.444,0.5,OK,,00200045104311520066-7261500202A,OK,OK,202.9,145.2,52.6,146.3,-0.0408363,1.51101,52.1075,53.333,0.0816765,1.51101,55.5879,55.8962,57.6389,2.69531,57.4325,0.285866,0,0,0,0,05ACA001,290452,2026-06-08 08:44:25,11014981.0,MAREESWARAN ,13616.0,104339022020,104319220140,140HPW501   ,AUTOMODE,BV141B,30,1.0,300737.0,OK,,,,00200045104311520066-7261500202A,OK,OK,,OK,OK,290592,2026-06-08 08:46:15,11014981.0,MAREESWARAN ,13616,104339022020,104319220140,,AUTOMODE,BV141D,36,1,300737,OK,CA13,,,0020007910431251065004261442619A,,0,145.2,6.9,-113.55,50.1,134,19.6,-223.2,59.6,-223.2,-113.71,-0.00753784,0.429729,40.0582,41.9544,5.0,22.0217,51.9792,52.0529,0,0,0,0,0,0,0,0,0,0,0,1.79,0,20.0,0,358919
5025275,1,0020007910431251065004261442663A,2026-06-06 17:51:11,314116, , ,104319220140,0,0,0,0,57000,110000,0,0,120000,0,0,0,2,1:14,1011,16,26.9,137,20.28,166,5.27,19,2.92,114,0,0,0,0,0,0,0,0,11.07,326,2.54,37,16.69,111,10.09,134,8.36,74,10.94,62,0,0,0,0,0,0,0,0,0,0,0,0,UCX31_x0001_|_x0007_:, ,1.44,5.03,45.05,3,4.64,93,65.03,1:45      ,3,2026-06-08 08:40:47,11014981.0,MAREESWARAN ,1,104339022020,104319220140,,AUTOMODE_TS1,BV141E2,38,1,,OK,,0,0,0020007910431251065004261442663A,1.14881,1.1644,1.15748,5,5,3.89102,7.3018,5.04551,1,1.2,1.2,1.2,1,1.2,0.5,12,0.5,12,0.5,12,288722,2026-06-08 08:38:55,11014981,MAREESWARAN ,13616,104339022020,104319220140,140HPW501   ,,AUTOMODE,BV141C,19,1,300730,OK,,0,0,9003102010431351065904261569037B,0020007910431251065004261442663A,00200045104311520066-7261562069A,OK,OK,OK,OK,289907,2026-06-08 08:37:21,11014981.0,MAREESWARAN ,13616,104339022020,104319220140,140HPW501   ,AUTOMODE,BV141A,24,1,300730,OK,CA1,0,0,300050104312999991395364110336,OK,OK,0.39,0.45,0.5,0.39,0.444,0.5,OK,,00200045104311520066-7261562069A,OK,OK,202.9,145.2,52.6,146.3,0.0,1.10263,52.5051,53.2211,0.0816727,1.14346,55.3766,55.9957,57.6365,2.36861,57.5346,0.204189,0,0,0,0,05ACA010,290445,2026-06-08 08:38:05,11014981.0,MAREESWARAN ,13616.0,104339022020,104319220140,140HPW501   ,AUTOMODE,BV141B,30,1.0,300730.0,OK,,,,00200045104311520066-7261562069A,OK,OK,,OK,OK,290586,2026-06-08 08:39:41,11014981.0,MAREESWARAN ,13616,104339022020,104319220140,,AUTOMODE,BV141D,36,1,300730,OK,CA13,,,0020007910431251065004261442663A,,0,145.5,7.0,-113.55,50.1,134,19.6,-223.2,59.6,-223.2,-113.71,0.199231,0.580509,45.0,40.3377,5.0,24.7433,51.7982,51.8622,0,0,0,0,0,0,0,0,0,0,0,1.79,0,20.0,0,358913
5027215,1,0020007910431251065004261442766A,2026-06-07 05:49:13,306217, , ,104319220140,0,0,0,0,57000,110000,0,0,120000,0,0,0,1,0:19,1011,16,38.73,259,38.73,259,29.11,226,29.11,226,0,0,0,0,0,0,0,0,24.31,319,24.31,319,8.34,39,8.34,39,9.19,0,9.19,0,0,0,0,0,0,0,0,0,0,0,0,0,UCX31_x0001_|_x0007_:, ,1.25,4.96,45.02,14,4.51,93,64.45,0:56      ,3,2026-06-08 21:30:47,11014981.0,MAREESWARAN ,1,104339022020,104319220140,,AUTOMODE_TS1,BV141E,45,2,,OK,,0,0,0020007910431251065004261442766A,1.17535,1.17067,1.1799,5,5,5.07,5.2,6.09,1,1.2,1.2,1.2,1,1.2,0.5,12,0.5,12,0.5,12,289343,2026-06-08 21:28:43,11014981,MAREESWARAN ,13616,104339022020,104319220140,140HPW501   ,,AUTOMODE,BV141C,25,2,301363,OK,,0,0,9003102010431351065904261568967B,0020007910431251065004261442766A,00200045104311520066-7261562656B,OK,OK,OK,OK,290536,2026-06-08 21:27:17,11014981.0,MAREESWARAN ,13616,104339022020,104319220140,140HPW501   ,AUTOMODE,BV141A,30,2,301363,OK,CA1,0,0,300050104312999991395364110336,OK,OK,0.39,0.437,0.5,0.39,0.455,0.5,OK,,00200045104311520066-7261562656B,OK,OK,202.9,145.2,52.6,146.3,-0.0408401,0.449219,52.1249,53.3529,0.0,1.59268,55.404,55.8116,57.6665,1.75603,57.4626,0.245029,0,0,0,0,05ACA010,291078,2026-06-08 21:27:59,11014981.0,MAREESWARAN ,13616.0,104339022020,104319220140,140HPW501   ,AUTOMODE,BV141B,28,2.0,301363.0,OK,,,,00200045104311520066-7261562656B,OK,OK,,OK,OK,291218,2026-06-08 21:29:39,11014981.0,MAREESWARAN ,13616,104339022020,104319220140,,AUTOMODE,BV141D,31,2,301363,OK,CA13,,,0020007910431251065004261442766A,,0,145.8,3.5,-113.55,50.1,134,19.6,-223.2,59.6,-223.2,-113.71,0.590529,1.56813,45.0,40.0196,5.0,24.5322,51.8847,51.9228,0,0,0,0,0,0,0,0,0,0,0,1.7,0,20.0,0,359702
5029049,1,0020007910431251065004261442805B,2026-06-08 08:14:03,306217, , ,104319220140,0,0,0,0,57000,110000,0,0,120000,0,0,0,1,0:19,1011,16,5.13,186,5.13,186,19.34,334,19.34,334,0,0,0,0,0,0,0,0,19.48,56,19.48,56,13.54,252,13.54,252,11.55,51,11.55,51,0,0,0,0,0,0,0,0,0,0,0,0,UCX31_x0001_|_x0007_:, ,1.3,4.91,45.25,14,5.17,93,64.45,0:56      ,3,2026-06-09 06:08:21,11014981.0,MAREESWARAN ,1,104339022020,104319220140,,AUTOMODE_TS1,BV141E,41,2,,OK,,0,0,0020007910431251065004261442805B,1.17573,1.17434,1.17939,5,5,5.2475,7.66,9.445,1,1.2,1.2,1.2,1,1.2,0.5,12,0.5,12,0.5,12,289739,2026-06-09 06:03:33,11014981,MAREESWARAN ,13616,104339022020,104319220140,140HPW501   ,,AUTOMODE,BV141C,21,2,301768,OK,,0,0,9003102010431351065904261569181B,0020007910431251065004261442805B,00200045104311520066-7261530640B,OK,OK,OK,OK,290936,2026-06-09 06:02:15,11014981.0,MAREESWARAN ,13616,104339022020,104319220140,140HPW501   ,AUTOMODE,BV141A,36,2,301768,OK,CA1,0,0,300050104312999991395364110336,OK,OK,0.39,0.437,0.5,0.39,0.398,0.5,OK,,00200045104311520066-7261530640B,OK,OK,202.9,145.2,52.6,146.3,0.0,2.12358,52.0789,53.7248,0.163353,2.05339,55.995,56.2401,56.3033,2.20526,57.7377,0.408382,0,0,0,0,05ACA010,291480,2026-06-09 06:02:55,11014981.0,MAREESWARAN ,13616.0,104339022020,104319220140,140HPW501   ,AUTOMODE,BV141B,28,2.0,301768.0,OK,,,,00200045104311520066-7261530640B,OK,OK,,OK,OK,291618,2026-06-09 06:04:39,11014981.0,MAREESWARAN ,13616,104339022020,104319220140,,AUTOMODE,BV141D,31,2,301768,OK,CA13,,,0020007910431251065004261442805B,,0,145.0,3.4,-113.55,50.1,134,19.6,-223.2,59.6,-223.2,-113.71,0.784306,1.88477,45.0,40.2001,5.0,19.1719,52.3084,52.299,0,0,0,0,0,0,0,0,0,0,0,1.8,0,20.0,0,360351
5088757,1,0020007910431251065004261443025B,2026-06-26 00:34:25,304212, , ,104319220140,0,0,0,0,57000,110000,0,0,120000,0,0,0,2,1:21,1011,16,50.59,193,21.37,276,38.59,195,13.33,278,0,0,0,0,0,0,0,0,31.76,162,13.59,255,14.67,150,4.41,224,9.25,98,9.69,95,0,0,0,0,0,0,0,0,0,0,0,0,UCX31_x0001_|_x0007_:, ,1.59,4.89,46.44,14,4.03,94,65.01,1:47      ,3,2026-06-26 21:37:33,11014981.0,MAREESWARAN ,1,104339022021,104319220151,,AUTOMODE_TS1,BV141E2,38,2,,OK,,0,0,0020007910431251065004261443025B,1.15321,1.15748,1.15723,5,5,2.58922,7.84072,5.39521,1,1.2,1.2,1.2,1,1.2,0.5,12,0.5,12,0.5,12,308838,2026-06-26 21:34:59,11014981,MAREESWARAN ,13616,104339022021,104319220151,160HP Z101  ,,AUTOMODE,BV141C,16,2,320603,OK,,0,0,9003102010431351065904261666004B,0020007910431251065004261443025B,00200045104311520066-7261672206A,OK,OK,OK,OK,310208,2026-06-26 21:33:41,11014981.0,MAREESWARAN ,13616,104339022021,104319220151,160HP Z101  ,AUTOMODE,BV141A,21,2,320603,OK,CA1,0,0,1020104313020080004674879488,OK,OK,0.39,0.475,0.5,0.39,0.473,0.5,OK,,00200045104311520066-7261672206A,OK,OK,202.9,145.2,52.6,146.3,0.0,2.40944,52.1069,53.3401,0.163349,2.28693,55.595,56.0077,56.2401,1.79601,57.5466,0.408379,0,0,0,0,05ACA010,310947,2026-06-26 21:34:21,11014981.0,MAREESWARAN ,13616.0,104339022021,104319220151,160HP Z101  ,AUTOMODE,BV141B,28,2.0,320603.0,OK,,,,00200045104311520066-7261672206A,OK,OK,,OK,OK,310995,2026-06-26 21:36:27,11014981.0,MAREESWARAN ,13616,104339022021,104319220151,,AUTOMODE,BV141D,37,2,320603,OK,CA13,,,0020007910431251065004261443025B,,0,147.3,6.2,-113.55,50.1,134,19.6,-223.2,59.6,-223.2,-113.71,0.497611,1.92723,45.0,40.0,5.0,23.6275,52.334,52.4366,0,0,0,0,0,0,0,0,0,0,0,3.57,0,20.0,0,386121
5088586,1,0020007910431251065004261443083C,2026-06-25 23:21:18,304212, , ,104319220140,0,0,0,0,57000,110000,0,0,120000,0,0,0,1,0:21,1011,16,24.93,110,24.93,110,21.88,93,21.88,93,0,0,0,0,0,0,0,0,32.67,76,32.67,76,1.95,129,1.95,129,8.88,80,8.88,80,0,0,0,0,0,0,0,0,0,0,0,0,UCX31_x0001_|_x0007_:, ,1.59,4.92,44.76,14,4.02,94,65.01,0:47      ,3,2026-06-26 21:39:13,11014981.0,MAREESWARAN ,1,104339022021,104319220151,,AUTOMODE_TS1,BV141E2,38,2,,OK,,0,0,0020007910431251065004261443083C,1.14868,1.14843,1.16956,5,5,2.19401,6.82275,3.66347,1,1.2,1.2,1.2,1,1.2,0.5,12,0.5,12,0.5,12,308840,2026-06-26 21:36:53,11014981,MAREESWARAN ,13616,104339022021,104319220151,160HP Z101  ,,AUTOMODE,BV141C,22,2,320605,OK,,0,0,9003102010431351065904261690083A,0020007910431251065004261443083C,00200045104311520066-7261672622B,OK,OK,OK,OK,310210,2026-06-26 21:35:35,11014981.0,MAREESWARAN ,13616,104339022021,104319220151,160HP Z101  ,AUTOMODE,BV141A,22,2,320605,OK,CA1,0,0,1020104313020080004674879488,OK,OK,0.39,0.47,0.5,0.39,0.467,0.5,OK,,00200045104311520066-7261672622B,OK,OK,202.9,145.2,52.6,146.3,0.0,1.63352,52.2545,53.3832,0.163353,2.12358,55.5361,55.9463,56.2401,1.57235,57.6941,0.285866,0,0,0,0,05ACA005,310949,2026-06-26 21:36:17,11014981.0,MAREESWARAN ,13616.0,104339022021,104319220151,160HP Z101  ,AUTOMODE,BV141B,28,2.0,320605.0,OK,,,,00200045104311520066-7261672622B,OK,OK,,OK,OK,310997,2026-06-26 21:38:05,11014981.0,MAREESWARAN ,13616,104339022021,104319220151,,AUTOMODE,BV141D,38,2,320605,OK,CA13,,,0020007910431251065004261443083C,,0,147.6,6.1,-113.55,50.1,134,19.6,-223.2,59.6,-223.2,-113.71,0.517035,2.26057,45.0,40.0,5.0,25.8817,51.9289,52.0348,0,0,0,0,0,0,0,0,0,0,0,3.52,0,20.0,0,386123
5087825,1,0020007910431251065004261443164C,2026-06-25 18:50:23,304212, , ,104319220140,0,0,0,0,57000,110000,0,0,120000,0,0,0,2,1:33,1011,16,39.55,286,8.84,60,35.75,269,7.02,279,0,0,0,0,0,0,0,0,50.97,244,20.67,266,6.28,289,8.12,31,9,221,9.83,217,0,0,0,0,0,0,0,0,0,0,0,0,UCX31_x0001_|_x0007_:, ,1.62,4.84,45.89,14,3.92,94,65.07,2:00      ,3,2026-06-26 08:38:01,11014981.0,MAREESWARAN ,1,104339022020,104319220140,,AUTOMODE_TS1,BV141E2,34,1,,OK,,0,0,0020007910431251065004261443164C,1.14893,1.14855,1.15811,5,5,2.12695,6.88503,3.45629,1,1.2,1.2,1.2,1,1.2,0.5,12,0.5,12,0.5,12,308159,2026-06-26 08:35:55,11014981,MAREESWARAN ,13616,104339022020,104319220140,140HPW501   ,,AUTOMODE,BV141C,22,1,319923,OK,,0,0,9003102010431351065904261702864B,0020007910431251065004261443164C,00200045104311520066-7261552013A,OK,OK,OK,OK,309542,2026-06-26 08:34:45,11014981.0,MAREESWARAN ,13616,104339022020,104319220140,140HPW501   ,AUTOMODE,BV141A,21,1,319923,OK,CA1,0,0,300050104312999991395364110336,OK,OK,0.39,0.45,0.5,0.39,0.451,0.5,OK,,00200045104311520066-7261552013A,OK,OK,202.9,145.2,52.6,146.3,-0.0408363,2.65448,52.0635,53.3909,0.204193,2.69531,55.6509,56.0585,56.2401,2.42682,57.6025,0.449219,0,0,0,0,05ACA003,310272,2026-06-26 08:35:21,11014981.0,MAREESWARAN ,13616.0,104339022020,104319220140,140HPW501   ,AUTOMODE,BV141B,29,1.0,319923.0,OK,,,,00200045104311520066-7261552013A,OK,OK,,OK,OK,310323,2026-06-26 08:36:59,11014981.0,MAREESWARAN ,13616,104339022020,104319220140,,AUTOMODE,BV141D,42,1,319923,OK,CA13,,,0020007910431251065004261443164C,,0,147.5,13.9,-113.55,50.1,134,19.6,-223.35,59.6,-223.35,-113.71,0.79315,1.70383,45.0,40.6169,5.0,25.844,51.8771,51.9508,0,0,0,0,0,0,0,0,0,0,0,1.77,0,20.0,0,385247
5032294,1,0020007910431251065004261443235C,2026-06-09 03:14:22,306217, , ,104319220139,0,0,0,0,57000,110000,0,0,120000,0,0,0,1,0:20,1011,16,35.86,172,35.86,172,34.55,151,34.55,151,0,0,0,0,0,0,0,0,29.37,240,29.37,240,5.48,343,5.48,343,10.04,139,10.04,139,0,0,0,0,0,0,0,0,0,0,0,0,UCX31_x0001_|_x0007_:, ,1.3,4.92,45.05,14,4.69,93,64.44,0:56      ,3,2026-06-09 21:06:44,11014086.0,BABU        ,1,104339022020,104319220140,,AUTOMODE_TS1,BV141E,40,2,,OK,,0,0,0020007910431251065004261443235C,1.17585,1.1737,1.17408,5,5,5.8425,5.8125,6.9625,1,1.2,1.2,1.2,1,1.2,0.5,12,0.5,12,0.5,12,290428,2026-06-09 21:04:26,11014981,MAREESWARAN ,13616,104339022020,104319220140,140HPW501   ,,AUTOMODE,BV141C,24,2,302476,OK,,0,0,9003102010431351065904261568267B,0020007910431251065004261443235C,00200045104311520066-7261532015A,OK,OK,OK,OK,291634,2026-06-09 21:03:04,11014981.0,MAREESWARAN ,13616,104339022020,104319220140,140HPW501   ,AUTOMODE,BV141A,22,2,302476,OK,CA1,0,0,300050104312999991395364110336,OK,OK,0.39,0.433,0.5,0.39,0.405,0.5,OK,,00200045104311520066-7261532015A,OK,OK,202.9,145.2,52.6,146.3,0.0,1.22514,52.0914,53.113,0.122517,2.20526,55.0724,55.6864,57.5285,6.69744,57.2228,0.408382,0,0,0,0,05ACA006,292186,2026-06-09 21:03:46,11014981.0,MAREESWARAN ,13616.0,104339022020,104319220140,140HPW501   ,AUTOMODE,BV141B,28,2.0,302476.0,OK,,,,00200045104311520066-7261532015A,OK,OK,,OK,OK,292323,2026-06-09 21:05:38,11014981.0,MAREESWARAN ,13616,104339022020,104319220140,,AUTOMODE,BV141D,31,2,302476,OK,CA13,,,0020007910431251065004261443235C,,0,145.1,4.1,-113.55,50.1,134,19.6,-223.35,59.6,-223.35,-113.71,0.934155,2.09844,45.0,40.0,5.0,22.9791,51.491,51.5469,0,0,0,0,0,0,0,0,0,0,0,1.71,0,20.0,0,361344
5032280,1,0020007910431251065004261443309C,2026-06-09 03:09:36,306217, , ,104319220139,0,0,0,0,57000,110000,0,0,120000,0,0,0,4,3:35,1011,16,67.83,84,19.63,25,53.47,51,9.12,53,0,0,0,0,0,0,0,0,42.97,139,8.93,150,23.71,232,6.38,93,8.03,99,9.73,136,0,0,0,0,0,0,0,0,0,0,0,0,UCX31_x0001_|_x0007_:, ,1.38,4.93,45.19,14,3.81,93,65.03,4:12      ,3,2026-06-09 21:04:30,11014086.0,BABU        ,1,104339022020,104319220140,,AUTOMODE_TS1,BV141E2,34,2,,OK,,0,0,0020007910431251065004261443309C,1.15333,1.16767,1.15547,5,5,3.16048,6.92455,3.50778,1,1.2,1.2,1.2,1,1.2,0.5,12,0.5,12,0.5,12,290425,2026-06-09 21:02:00,11014981,MAREESWARAN ,13616,104339022020,104319220140,140HPW501   ,,AUTOMODE,BV141C,21,2,302473,OK,,0,0,9003102010431351065904261568259B,0020007910431251065004261443309C,00200045104311520066-7261522498B,OK,OK,OK,OK,291631,2026-06-09 21:00:50,11014981.0,MAREESWARAN ,13616,104339022020,104319220140,140HPW501   ,AUTOMODE,BV141A,22,2,302473,OK,CA1,0,0,300050104312999991395364110336,OK,OK,0.39,0.452,0.5,0.39,0.412,0.5,OK,,00200045104311520066-7261522498B,OK,OK,202.9,145.2,52.6,146.3,0.0,1.3885,52.2726,53.4038,0.122517,2.08274,55.5695,55.9797,57.6307,2.45029,57.4269,0.449219,0,0,0,0,05ACA001,292183,2026-06-09 21:01:28,11014981.0,MAREESWARAN ,13616.0,104339022020,104319220140,140HPW501   ,AUTOMODE,BV141B,28,2.0,302473.0,OK,,,,00200045104311520066-7261522498B,OK,OK,,OK,OK,292320,2026-06-09 21:03:28,11014981.0,MAREESWARAN ,13616,104339022020,104319220140,,AUTOMODE,BV141D,32,2,302473,OK,CA13,,,0020007910431251065004261443309C,,0,145.2,4.3,-113.55,50.1,134,19.6,-223.35,59.6,-223.35,-113.71,0.299201,1.49149,45.0,40.0,5.0,19.0513,51.8535,51.8748,0,0,0,0,0,0,0,0,0,0,0,1.82,0,20.0,0,361341
5033755,1,0020007910431251065004261443347C,2026-06-09 13:01:33,304212, , ,104319220140,0,0,0,0,57000,110000,0,0,120000,0,0,0,2,1:18,1011,16,64.76,351,17.41,335,35.87,316,4.33,304,0,0,0,0,0,0,0,0,25.15,59,3.53,34,15.37,122,5.14,84,9.24,39,10.17,44,0,0,0,0,0,0,0,0,0,0,0,0,UCX31_x0001_|_x0007_:, ,1.44,4.95,45.1,14,4.48,94,65.03,1:48      ,3,2026-06-10 07:21:16,11014086.0,BABU        ,1,104339022020,104319220140,,AUTOMODE_TS1,BV141E,40,2,,OK,,0,0,0020007910431251065004261443347C,1.17345,1.17332,1.17332,5,5,4.365,4.5075,4.81,1,1.2,1.2,1.2,1,1.2,0.5,12,0.5,12,0.5,12,290944,2026-06-10 07:18:34,11014981,MAREESWARAN ,13616,104339022020,104319220140,140HPW501   ,,AUTOMODE,BV141C,17,2,303018,OK,,0,0,9003102010431351065904261567933A,0020007910431251065004261443347C,00200045104311520066-7261532131A,OK,OK,OK,OK,292160,2026-06-10 07:15:34,11014981.0,MAREESWARAN ,13616,104339022020,104319220140,140HPW501   ,AUTOMODE,BV141A,22,2,303018,OK,CA1,0,0,300050104312999991395364110336,OK,OK,0.39,0.406,0.5,0.39,0.404,0.5,OK,,00200045104311520066-7261532131A,OK,OK,202.9,145.2,52.6,146.3,0.0,1.3885,52.2194,52.9353,0.122517,1.96023,55.2055,55.8246,57.5622,2.00107,57.4578,0.367542,0,0,0,0,05ACA003,292718,2026-06-10 07:17:22,11014981.0,MAREESWARAN ,13616.0,104339022020,104319220140,140HPW501   ,AUTOMODE,BV141B,29,2.0,303018.0,OK,,,,00200045104311520066-7261532131A,OK,OK,,OK,OK,292850,2026-06-10 07:20:12,11014981.0,MAREESWARAN ,13616,104339022020,104319220140,,AUTOMODE,BV141D,32,2,303018,OK,CA13,,,0020007910431251065004261443347C,,0,145.0,4.2,-113.55,50.1,134,19.6,-223.35,59.6,-223.35,-113.71,0.801722,3.42938,45.0,40.0,5.0,22.5946,51.8141,51.862,0,0,0,0,0,0,0,0,0,0,0,1.81,0,20.0,0,361979
5031445,1,0020007910431251065004261443360C,2026-06-08 21:52:29,306217, , ,104319220139,0,0,0,0,57000,110000,0,0,120000,0,0,0,1,0:20,1011,16,56.25,51,56.25,51,41.01,5,41.01,5,0,0,0,0,0,0,0,0,32.59,93,32.59,93,23.65,193,23.65,193,11.17,126,11.17,126,0,0,0,0,0,0,0,0,0,0,0,0,UCX31_x0001_|_x0007_:, ,1.34,4.95,45.13,14,4.11,93,64.52,0:57      ,3,2026-06-09 22:04:02,11014086.0,BABU        ,1,104339022020,104319220140,,AUTOMODE_TS1,BV141E,40,2,,OK,,0,0,0020007910431251065004261443360C,1.17598,1.17522,1.17358,5,5,4.9875,5.3575,5.15,1,1.2,1.2,1.2,1,1.2,0.5,12,0.5,12,0.5,12,290498,2026-06-09 22:02:14,11014981,MAREESWARAN ,13616,104339022020,104319220140,140HPW501   ,,AUTOMODE,BV141C,29,2,302547,OK,,0,0,9003102010431351065904261555429A,0020007910431251065004261443360C,00200045104311520066-7261522533B,OK,OK,OK,OK,291705,2026-06-09 22:00:06,11014981.0,MAREESWARAN ,13616,104339022020,104319220140,140HPW501   ,AUTOMODE,BV141A,25,2,302547,OK,CA1,0,0,300050104312999991395364110336,OK,OK,0.39,0.42,0.5,0.39,0.432,0.5,OK,,00200045104311520066-7261522533B,OK,OK,202.9,145.2,52.6,146.3,-0.0408401,2.16442,52.8611,53.3758,0.163353,2.45028,55.6307,55.939,57.4804,3.10369,57.2766,0.571732,0,0,0,0,05ACA010,292257,2026-06-09 22:00:46,11014981.0,MAREESWARAN ,13616.0,104339022020,104319220140,140HPW501   ,AUTOMODE,BV141B,28,2.0,302547.0,OK,,,,00200045104311520066-7261522533B,OK,OK,,OK,OK,292394,2026-06-09 22:02:56,11014981.0,MAREESWARAN ,13616,104339022020,104319220140,,AUTOMODE,BV141D,31,2,302547,OK,CA13,,,0020007910431251065004261443360C,,0,145.6,4.2,-113.55,50.1,134,19.6,-223.35,59.6,-223.35,-113.71,0.513396,2.01432,45.0,40.0,5.0,21.5768,52.3396,52.3934,0,0,0,0,0,0,0,0,0,0,0,1.52,0,20.0,0,361428
5024971,1,0020007910431251065004261447999A,2026-06-06 16:23:13,304212, , ,104319220140,0,0,0,0,57000,110000,0,0,120000,0,0,0,2,1:20,1011,16,66.28,149,12.29,150,30.48,124,4.37,109,0,0,0,0,0,0,0,0,21.01,222,3.92,208,17.52,266,3.31,278,7.45,182,9.96,182,0,0,0,0,0,0,0,0,0,0,0,0,UCX31_x0001_|_x0007_:, ,1.57,4.93,45.42,14,4.24,94,64.81,1:52      ,3,2026-06-08 08:53:01,11014981.0,MAREESWARAN ,1,104339022020,104319220140,,AUTOMODE_TS1,BV141E,44,1,,OK,,0,0,0020007910431251065004261447999A,1.18015,1.17724,1.17977,5,5,4.5275,6.69,8.34,1,1.2,1.2,1.2,1,1.2,0.5,12,0.5,12,0.5,12,288731,2026-06-08 08:48:33,11014981,MAREESWARAN ,13616,104339022020,104319220140,140HPW501   ,,AUTOMODE,BV141C,45,1,300741,OK,,0,0,9003102010431351065904261579617A,0020007910431251065004261447999A,00200045104311520066-7261502246A,OK,OK,OK,OK,289917,2026-06-08 08:46:47,11014981.0,MAREESWARAN ,13616,104339022020,104319220140,140HPW501   ,AUTOMODE,BV141A,23,1,300741,OK,CA1,0,0,300050104312999991395364110336,OK,OK,0.39,0.452,0.5,0.39,0.478,0.5,OK,,00200045104311520066-7261502246A,OK,OK,202.9,145.2,52.6,146.3,-0.0408363,1.1843,52.0642,53.5012,0.0816765,1.7152,55.6542,56.1663,56.2401,1.56731,57.7027,0.245029,0,0,0,0,05ACA003,290456,2026-06-08 08:47:29,11014981.0,MAREESWARAN ,13616.0,104339022020,104319220140,140HPW501   ,AUTOMODE,BV141B,30,1.0,300741.0,OK,,,,00200045104311520066-7261502246A,OK,OK,,OK,OK,290596,2026-06-08 08:49:25,11014981.0,MAREESWARAN ,13616,104339022020,104319220140,,AUTOMODE,BV141D,36,1,300741,OK,CA13,,,0020007910431251065004261447999A,,0,145.4,7.1,-113.55,50.1,134,19.6,-223.2,59.6,-223.2,-113.71,0.0,0.376953,40.142,41.7789,5.0,23.1902,52.1468,52.2027,0,0,0,0,0,0,0,0,0,0,0,1.79,0,20.0,0,358923
5025092,1,0020007910431251065004261448050A,2026-06-06 16:58:54,306217, , ,104319220140,0,0,0,0,57000,110000,0,0,120000,0,0,0,1,0:20,1011,16,38.86,51,38.86,51,39.33,8,39.33,8,0,0,0,0,0,0,0,0,33.52,96,33.52,96,13.22,218,13.22,218,11.3,44,11.3,44,0,0,0,0,0,0,0,0,0,0,0,0,UCX31_x0001_|_x0007_:, ,1.29,4.95,45.19,14,3.41,93,64.45,1:39      ,3,2026-06-08 09:02:31,11014981.0,MAREESWARAN ,1,104339022020,104319220140,,AUTOMODE_TS1,BV141E,44,1,,OK,,0,0,0020007910431251065004261448050A,1.17927,1.17724,1.17826,5,5,5.39,6.275,7.0425,1,1.2,1.2,1.2,1,1.2,0.5,12,0.5,12,0.5,12,288744,2026-06-08 09:00:15,11014981,MAREESWARAN ,13616,104339022020,104319220140,140HPW501   ,,AUTOMODE,BV141C,21,1,300754,OK,,0,0,9003102010431351065904261532765A,0020007910431251065004261448050A,00200045104311520066-7261490121C,OK,OK,OK,OK,289930,2026-06-08 08:58:39,11014981.0,MAREESWARAN ,13616,104339022020,104319220140,140HPW501   ,AUTOMODE,BV141A,24,1,300754,OK,CA1,0,0,300050104312999991395364110336,OK,OK,0.39,0.45,0.5,0.39,0.446,0.5,OK,,00200045104311520066-7261490121C,OK,OK,202.9,145.2,52.6,146.3,-0.0408363,1.06179,52.0509,53.2816,0.0816765,2.16442,55.3402,55.7504,57.5976,4.32884,57.3938,0.326706,0,0,0,0,05ACA004,290469,2026-06-08 08:59:23,11014981.0,MAREESWARAN ,13616.0,104339022020,104319220140,140HPW501   ,AUTOMODE,BV141B,30,1.0,300754.0,OK,,,,00200045104311520066-7261490121C,OK,OK,,OK,OK,290609,2026-06-08 09:01:19,11014981.0,MAREESWARAN ,13616,104339022020,104319220140,,AUTOMODE,BV141D,35,1,300754,OK,CA13,,,0020007910431251065004261448050A,,0,145.4,6.4,-113.55,50.1,134,19.6,-223.2,59.6,-223.2,-113.71,-0.0226173,0.294025,40.0732,40.5638,5.0,22.2026,51.7376,51.7883,0,0,0,0,0,0,0,0,0,0,0,1.74,0,20.0,0,358947
5031139,1,0020007910431251065004261448157A,2026-06-08 20:10:05,306217, , ,104319220139,0,0,0,0,57000,110000,0,0,120000,0,0,0,1,0:20,1011,16,47.04,332,47.04,332,33.88,328,33.88,328,0,0,0,0,0,0,0,0,29.22,65,29.22,65,8.15,61,8.15,61,12.28,116,12.28,116,0,0,0,0,0,0,0,0,0,0,0,0,UCX31_x0001_|_x0007_:, ,1.21,4.96,45.1,14,3.83,93,64.45,0:56      ,3,2026-06-09 22:04:42,11014086.0,BABU        ,1,104339022020,104319220140,,AUTOMODE_TS1,BV141E2,34,2,,OK,,0,0,0020007910431251065004261448157A,1.15509,1.15333,1.15258,5,5,2.48623,6.48263,3.74012,1,1.2,1.2,1.2,1,1.2,0.5,12,0.5,12,0.5,12,290499,2026-06-09 22:02:50,11014981,MAREESWARAN ,13616,104339022020,104319220140,140HPW501   ,,AUTOMODE,BV141C,20,2,302548,OK,,0,0,9003102010431351065904261555414A,0020007910431251065004261448157A,00200045104311520066-7261522362B,OK,OK,OK,OK,291706,2026-06-09 22:00:46,11014981.0,MAREESWARAN ,13616,104339022020,104319220140,140HPW501   ,AUTOMODE,BV141A,23,2,302548,OK,CA1,0,0,300050104312999991395364110336,OK,OK,0.39,0.429,0.5,0.39,0.421,0.5,OK,,00200045104311520066-7261522362B,OK,OK,202.9,145.2,52.6,146.3,-0.0408401,1.59268,52.0433,53.065,0.0816765,2.20525,55.3301,55.7428,57.7938,12.0881,57.2817,0.367542,0,0,0,0,05ACA006,292258,2026-06-09 22:01:26,11014981.0,MAREESWARAN ,13616.0,104339022020,104319220140,140HPW501   ,AUTOMODE,BV141B,28,2.0,302548.0,OK,,,,00200045104311520066-7261522362B,OK,OK,,OK,OK,292395,2026-06-09 22:03:40,11014981.0,MAREESWARAN ,13616,104339022020,104319220140,,AUTOMODE,BV141D,32,2,302548,OK,CA13,,,0020007910431251065004261448157A,,0,145.6,4.3,-113.55,50.1,134,19.6,-223.35,59.6,-223.35,-113.71,0.368618,1.28918,45.0,40.1116,5.0,19.006,51.9855,52.0402,0,0,0,0,0,0,0,0,0,0,0,1.71,0,20.0,0,361429
5021457,1,0020007910431251065004261448180A,2026-06-05 18:31:42,304212, , ,104319220151,0,0,0,0,57000,110000,0,0,120000,0,0,0,3,2:09,1011,16,60.61,107,9.85,178,32.62,125,3.15,170,0,0,0,0,0,0,0,0,19.02,227,1.2,247,16.81,179,3.37,278,7,115,9.62,112,0,0,0,0,0,0,0,0,0,0,0,0,UCX31_x0001_|_x0007_:, ,1.47,4.93,44.82,14,4.75,94,64.88,2:40      ,3,2026-06-06 07:46:37,11014086.0,BABU        ,1,104339022020,104319220140,,AUTOMODE_TS1,BV141E2,38,2,,OK,,0,0,0020007910431251065004261448180A,1.14931,1.15145,1.15711,5,5,2.24431,5.41916,3.10778,1,1.2,1.2,1.2,1,1.2,0.5,12,0.5,12,0.5,12,286483,2026-06-06 07:44:45,11014086,BABU        ,13616,104339022020,104319220140,140HPW501   ,,AUTOMODE,BV141C,24,2,299400,OK,,0,0,9003102010431351065904261555522A,0020007910431251065004261448180A,00200045104311520066-7261520287A,OK,OK,OK,OK,287675,2026-06-06 07:43:27,11014086.0,BABU        ,13616,104339022020,104319220140,140HPW501   ,AUTOMODE,BV141A,23,2,299400,OK,CA1,0,0,300050104312999991395364110336,OK,OK,0.39,0.442,0.5,0.39,0.435,0.5,OK,,00200045104311520066-7261520287A,OK,OK,202.9,145.2,52.6,146.3,-0.0408363,1.30682,52.0712,53.5107,0.0816765,1.83772,55.6611,56.1707,56.2401,1.72649,57.6052,0.326706,0,0,0,0,05ACA010,288206,2026-06-06 07:44:09,11014086.0,BABU        ,13616.0,104339022020,104319220140,140HPW501   ,AUTOMODE,BV141B,30,2.0,299400.0,OK,,,,00200045104311520066-7261520287A,OK,OK,,OK,OK,288354,2026-06-06 07:45:31,11014086.0,BABU        ,13616,104339022020,104319220140,,AUTOMODE,BV141D,34,2,299400,OK,CA14,,,0020007910431251065004261448180A,,0,145.0,4.9,-113.55,50.1,134,19.6,-223.2,59.6,-216.052,-106.71,0.644346,1.21379,45.0,41.0814,5.0,22.8886,52.3034,52.306,0,0,0,0,0,0,0,0,0,0,0,2.1,0,20.0,0,356606
5021237,1,0020007910431251065004261448186A,2026-06-05 17:28:28,304212, , ,104319220151,0,0,0,0,57000,110000,0,0,120000,0,0,0,3,2:32,1011,16,89.82,140,16.37,151,64.45,117,5.52,117,0,0,0,0,0,0,0,0,44.42,222,3.87,217,14.93,284,4.74,259,6.3,204,9.89,201,0,0,0,0,0,0,0,0,0,0,0,0,UCX31_x0001_|_x0007_:, ,1.59,4.95,44.84,14,4.48,94,65.03,8:16      ,3,2026-06-06 07:39:15,11014086.0,BABU        ,1,104339022020,104319220140,,AUTOMODE_TS1,BV141E2,39,2,,OK,,0,0,0020007910431251065004261448186A,1.16214,1.15233,1.14679,5,5,2.42994,5.43952,3.16407,1,1.2,1.2,1.2,1,1.2,0.5,12,0.5,12,0.5,12,286476,2026-06-06 07:36:49,11014086,BABU        ,13616,104339022020,104319220140,140HPW501   ,,AUTOMODE,BV141C,23,2,299390,OK,,0,0,9003102010431351065904261555523A,0020007910431251065004261448186A,00200045104311520066-7261520278A,OK,OK,OK,OK,287668,2026-06-06 07:34:53,11014086.0,BABU        ,13616,104339022020,104319220140,140HPW501   ,AUTOMODE,BV141A,23,2,299390,OK,CA1,0,0,300050104312999991395364110336,OK,OK,0.39,0.461,0.5,0.39,0.453,0.5,OK,,00200045104311520066-7261520278A,OK,OK,202.9,145.2,52.6,146.3,-0.0408363,1.59269,52.0768,53.2004,0.0816765,2.16442,55.4604,56.0744,57.7178,3.22621,57.5139,0.408382,0,0,0,0,05ACA010,288197,2026-06-06 07:35:35,11014086.0,BABU        ,13616.0,104339022020,104319220140,140HPW501   ,AUTOMODE,BV141B,30,2.0,299390.0,OK,,,,00200045104311520066-7261520278A,OK,OK,,OK,OK,288346,2026-06-06 07:38:09,11014086.0,BABU        ,13616,104339022020,104319220140,,AUTOMODE,BV141D,33,2,299390,OK,CA14,,,0020007910431251065004261448186A,,0,145.2,4.6,-113.55,50.1,134,19.6,-223.2,59.6,-216.052,-106.71,0.435719,1.23641,45.0,40.9318,5.0,21.6975,52.252,52.2758,0,0,0,0,0,0,0,0,0,0,0,1.8,0,20.0,0,356599
5023542,1,0020007910431251065004261448216A,2026-06-06 08:04:28,306217, , ,104319220140,0,0,0,0,57000,110000,0,0,120000,0,0,0,1,0:20,1011,16,12.07,235,12.07,235,12.87,169,12.87,169,0,0,0,0,0,0,0,0,11.12,254,11.12,254,6.16,34,6.16,34,9.18,286,9.18,286,0,0,0,0,0,0,0,0,0,0,0,0,UCX31_x0001_|_x0007_:, ,1.33,4.95,44.96,14,4.01,93,64.51,0:56      ,3,2026-06-09 06:18:05,11014981.0,MAREESWARAN ,1,104339022020,104319220140,,AUTOMODE_TS1,BV141E,40,2,,OK,,0,0,0020007910431251065004261448216A,1.17573,1.17206,1.17623,5,5,4.96,4.5775,7.6125,1,1.2,1.2,1.2,1,1.2,0.5,12,0.5,12,0.5,12,289753,2026-06-09 06:15:43,11014981,MAREESWARAN ,13616,104339022020,104319220140,140HPW501   ,,AUTOMODE,BV141C,19,2,301782,OK,,0,0,9003102010431351065904261569187B,0020007910431251065004261448216A,00200045104311520066-7261532756C,OK,OK,OK,OK,290950,2026-06-09 06:14:11,11014981.0,MAREESWARAN ,13616,104339022020,104319220140,140HPW501   ,AUTOMODE,BV141A,24,2,301782,OK,CA1,0,0,300050104312999991395364110336,OK,OK,0.39,0.418,0.5,0.39,0.446,0.5,OK,,00200045104311520066-7261532756C,OK,OK,202.9,145.2,52.6,146.3,0.0,1.47017,52.1425,53.2686,0.122517,2.40945,55.4216,55.8318,57.7783,3.30788,57.4726,0.408382,0,0,0,0,05ACA001,291494,2026-06-09 06:14:53,11014981.0,MAREESWARAN ,13616.0,104339022020,104319220140,140HPW501   ,AUTOMODE,BV141B,28,2.0,301782.0,OK,,,,00200045104311520066-7261532756C,OK,OK,,OK,OK,291632,2026-06-09 06:16:59,11014981.0,MAREESWARAN ,13616,104339022020,104319220140,,AUTOMODE,BV141D,31,2,301782,OK,CA13,,,0020007910431251065004261448216A,,0,145.3,3.5,-113.55,50.1,134,19.6,-223.2,59.6,-223.2,-113.71,0.891494,2.02715,45.0,40.0,5.0,24.2758,52.0696,52.1411,0,0,0,0,0,0,0,0,0,0,0,1.63,0,20.0,0,360377
5024907,1,0020007910431251065004261448297A,2026-06-06 16:05:22,306217, , ,104319220140,0,0,0,0,57000,110000,0,0,120000,0,0,0,2,1:29,1011,16,67.6,30,29.53,349,56.36,358,9.73,355,0,0,0,0,0,0,0,0,45.21,90,8.49,111,19.05,178,11.06,71,5.64,161,9.27,152,0,0,0,0,0,0,0,0,0,0,0,0,UCX31_x0001_|_x0007_:, ,1.23,4.95,45.19,14,3.83,93,64.86,2:06      ,3,2026-06-08 08:48:13,11014981.0,MAREESWARAN ,1,104339022020,104319220140,,AUTOMODE_TS1,BV141E,45,1,,OK,,0,0,0020007910431251065004261448297A,1.17573,1.17509,1.17585,5,5,5.6225,6.225,7.015,1,1.2,1.2,1.2,1,1.2,0.5,12,0.5,12,0.5,12,288729,2026-06-08 08:45:51,11014981,MAREESWARAN ,13616,104339022020,104319220140,140HPW501   ,,AUTOMODE,BV141C,22,1,300738,OK,,0,0,9003102010431351065904261532989A,0020007910431251065004261448297A,00200045104311520066-7261482476B,OK,OK,OK,OK,289914,2026-06-08 08:44:33,11014981.0,MAREESWARAN ,13616,104339022020,104319220140,140HPW501   ,AUTOMODE,BV141A,22,1,300738,OK,CA1,0,0,300050104312999991395364110336,OK,OK,0.39,0.453,0.5,0.39,0.441,0.5,OK,,00200045104311520066-7261482476B,OK,OK,202.9,145.2,52.6,146.3,0.0,0.857597,52.283,53.0014,0.0816727,2.00106,55.2589,55.8729,57.7099,4.81889,57.4042,0.326702,0,0,0,0,05ACA004,290453,2026-06-08 08:45:15,11014981.0,MAREESWARAN ,13616.0,104339022020,104319220140,140HPW501   ,AUTOMODE,BV141B,30,1.0,300738.0,OK,,,,00200045104311520066-7261482476B,OK,OK,,OK,OK,290593,2026-06-08 08:47:03,11014981.0,MAREESWARAN ,13616,104339022020,104319220140,,AUTOMODE,BV141D,36,1,300738,OK,CA13,,,0020007910431251065004261448297A,,0,145.0,6.9,-113.55,50.1,134,19.6,-223.2,59.6,-223.2,-113.71,0.466968,1.25903,45.0,40.2488,5.0,25.1428,51.7021,51.8038,0,0,0,0,0,0,0,0,0,0,0,1.85,0,20.0,0,358920
5024376,1,0020007910431251065004261448309A,2026-06-06 12:59:20,306217, , ,104319220140,0,0,0,0,57000,110000,0,0,120000,0,0,0,1,0:20,1011,16,22.44,219,22.44,219,10.13,141,10.13,141,0,0,0,0,0,0,0,0,7.41,215,7.41,215,11.37,337,11.37,337,10.41,126,10.41,126,0,0,0,0,0,0,0,0,0,0,0,0,UCX31_x0001_|_x0007_:, ,1.28,4.93,45.05,14,4.18,93,64.45,0:56      ,3,2026-06-09 06:18:43,11014981.0,MAREESWARAN ,1,104339022020,104319220140,,AUTOMODE_TS1,BV141E2,34,2,,OK,,0,0,0020007910431251065004261448309A,1.14981,1.14893,1.14717,5,5,3.18323,7.07186,4.50778,1,1.2,1.2,1.2,1,1.2,0.5,12,0.5,12,0.5,12,289754,2026-06-09 06:16:13,11014981,MAREESWARAN ,13616,104339022020,104319220140,140HPW501   ,,AUTOMODE,BV141C,17,2,301783,OK,,0,0,9003102010431351065904261569177B,0020007910431251065004261448309A,00200045104311520066-7261562468B,OK,OK,OK,OK,290951,2026-06-09 06:14:51,11014981.0,MAREESWARAN ,13616,104339022020,104319220140,140HPW501   ,AUTOMODE,BV141A,24,2,301783,OK,CA1,0,0,300050104312999991395364110336,OK,OK,0.39,0.413,0.5,0.39,0.437,0.5,OK,,00200045104311520066-7261562468B,OK,OK,202.9,145.2,52.6,146.3,0.0,2.40945,52.1248,53.3605,0.204193,2.20526,55.623,56.0306,56.2401,1.79206,57.6766,0.326706,0,0,0,0,05ACA004,291495,2026-06-09 06:15:33,11014981.0,MAREESWARAN ,13616.0,104339022020,104319220140,140HPW501   ,AUTOMODE,BV141B,28,2.0,301783.0,OK,,,,00200045104311520066-7261562468B,OK,OK,,OK,OK,291633,2026-06-09 06:17:43,11014981.0,MAREESWARAN ,13616,104339022020,104319220140,,AUTOMODE,BV141D,31,2,301783,OK,CA13,,,0020007910431251065004261448309A,,0,145.8,3.5,-113.55,50.1,134,19.6,-223.2,59.6,-223.2,-113.71,0.270141,1.60487,45.0,40.0,5.0,18.418,52.2614,52.273,0,0,0,0,0,0,0,0,0,0,0,1.66,0,20.0,0,360378
5028400,1,0020007910431251065004261448404A,2026-06-07 14:05:06,304212, , ,104319220140,0,0,0,0,57000,110000,0,0,120000,0,0,0,2,1:24,1011,16,50.24,319,9.79,311,28.54,267,2.86,304,0,0,0,0,0,0,0,0,21.94,11,2.99,32,16.02,100,1.93,60,9.19,2,11.49,12,0,0,0,0,0,0,0,0,0,0,0,0,UCX31_x0001_|_x0007_:, ,1.43,4.95,45.45,14,4.63,93,65.09,2:41      ,3,2026-06-09 06:11:33,11014981.0,MAREESWARAN ,1,104339022020,104319220140,,AUTOMODE_TS1,BV141E2,34,2,,OK,,0,0,0020007910431251065004261448404A,1.1678,1.15912,1.15094,5,5,2.24431,6.9497,4.26587,1,1.2,1.2,1.2,1,1.2,0.5,12,0.5,12,0.5,12,289744,2026-06-09 06:09:13,11014981,MAREESWARAN ,13616,104339022020,104319220140,140HPW501   ,,AUTOMODE,BV141C,26,2,301773,OK,,0,0,9003102010431351065904261569183B,0020007910431251065004261448404A,00200045104311520066-7261532120A,OK,OK,OK,OK,290941,2026-06-09 06:07:11,11014981.0,MAREESWARAN ,13616,104339022020,104319220140,140HPW501   ,AUTOMODE,BV141A,29,2,301773,OK,CA1,0,0,300050104312999991395364110336,OK,OK,0.39,0.442,0.5,0.39,0.456,0.5,OK,,00200045104311520066-7261532120A,OK,OK,202.9,145.2,52.6,146.3,-0.0408401,1.63352,52.0842,53.2155,0.0816765,1.59268,55.6792,56.092,56.2401,1.47779,57.6283,0.245026,0,0,0,0,05ACA007,291485,2026-06-09 06:07:53,11014981.0,MAREESWARAN ,13616.0,104339022020,104319220140,140HPW501   ,AUTOMODE,BV141B,28,2.0,301773.0,OK,,,,00200045104311520066-7261532120A,OK,OK,,OK,OK,291623,2026-06-09 06:10:31,11014981.0,MAREESWARAN ,13616,104339022020,104319220140,,AUTOMODE,BV141D,31,2,301773,OK,CA13,,,0020007910431251065004261448404A,,0,145.6,3.4,-113.55,50.1,134,19.6,-223.2,59.6,-223.2,-113.71,0.305151,1.35704,45.0,40.0574,5.0,19.9484,52.4007,52.4131,0,0,0,0,0,0,0,0,0,0,0,1.79,0,20.0,0,360368
5028100,1,0020007910431251065004261448459A,2026-06-07 11:59:18,306217, , ,104319220140,0,0,0,0,57000,110000,0,0,120000,0,0,0,1,0:20,1011,16,36.87,32,36.87,32,24.53,336,24.53,336,0,0,0,0,0,0,0,0,19.56,66,19.56,66,14.21,167,14.21,167,8.77,159,8.77,159,0,0,0,0,0,0,0,0,0,0,0,0,UCX31_x0001_|_x0007_:, ,1.34,4.95,44.99,14,4.47,93,64.45,0:56      ,3,2026-06-08 20:06:36,11014981.0,MAREESWARAN ,1,104339022020,104319220140,,AUTOMODE_TS1,BV141E2,38,1,,OK,,0,0,0020007910431251065004261448459A,1.15497,1.16176,1.14767,5,5,2.58443,6.23473,3.14731,1,1.2,1.2,1.2,1,1.2,0.5,12,0.5,12,0.5,12,289290,2026-06-08 20:04:40,11014981,MAREESWARAN ,13616,104339022020,104319220140,140HPW501   ,,AUTOMODE,BV141C,24,1,301308,OK,,0,0,9003102010431351065904261555612B,0020007910431251065004261448459A,00200045104311520066-7261562511B,OK,OK,OK,OK,290481,2026-06-08 20:03:06,11014981.0,MAREESWARAN ,13616,104339022020,104319220140,140HPW501   ,AUTOMODE,BV141A,23,1,301308,OK,CA1,0,0,300050104312999991395364110336,OK,OK,0.39,0.447,0.5,0.39,0.441,0.5,OK,,00200045104311520066-7261562511B,OK,OK,202.9,145.2,52.6,146.3,-0.0408401,1.1843,52.1247,52.9477,0.0408363,1.79688,55.414,55.6179,57.5721,5.10476,57.2663,0.285866,0,0,0,0,05ACA006,291023,2026-06-08 20:03:46,11014981.0,MAREESWARAN ,13616.0,104339022020,104319220140,140HPW501   ,AUTOMODE,BV141B,30,1.0,301308.0,OK,,,,00200045104311520066-7261562511B,OK,OK,,OK,OK,291163,2026-06-08 20:05:28,11014981.0,MAREESWARAN ,13616,104339022020,104319220140,,AUTOMODE,BV141D,32,1,301308,OK,CA14,,,0020007910431251065004261448459A,,0,145.0,3.3,-113.55,50.1,134,19.6,-223.2,59.6,-223.2,-113.71,0.250802,1.50629,45.0,40.0,5.0,19.6845,51.9034,51.8851,0,0,0,0,0,0,0,0,0,0,0,1.66,0,20.0,0,359519
5024794,1,0020007910431251065004261448473A,2026-06-06 15:28:47,306217, , ,104319220140,0,0,0,0,57000,110000,0,0,120000,0,0,0,1,0:20,1011,16,37.39,291,37.39,291,23.72,265,23.72,265,0,0,0,0,0,0,0,0,18.29,358,18.29,358,9.58,58,9.58,58,10.44,238,10.44,238,0,0,0,0,0,0,0,0,0,0,0,0,UCX31_x0001_|_x0007_:, ,1.28,4.92,45.02,14,3.78,93,64.45,0:56      ,3,2026-06-08 08:46:37,11014981.0,MAREESWARAN ,1,104339022020,104319220140,,AUTOMODE_TS1,BV141E,45,1,,OK,,0,0,0020007910431251065004261448473A,1.17762,1.17472,1.17686,5,5,4.615,4.73,6.7575,1,1.2,1.2,1.2,1,1.2,0.5,12,0.5,12,0.5,12,288727,2026-06-08 08:44:39,11014981,MAREESWARAN ,13616,104339022020,104319220140,140HPW501   ,,AUTOMODE,BV141C,33,1,300736,OK,,0,0,9003102010431351065904261532998A,0020007910431251065004261448473A,00200045104311520066-7261482514B,OK,OK,OK,OK,289912,2026-06-08 08:42:57,11014981.0,MAREESWARAN ,13616,104339022020,104319220140,140HPW501   ,AUTOMODE,BV141A,25,1,300736,OK,CA1,0,0,300050104312999991395364110336,OK,OK,0.39,0.443,0.5,0.39,0.429,0.5,OK,,00200045104311520066-7261482514B,OK,OK,202.9,145.2,52.6,146.3,0.0,1.06179,52.1047,53.2334,0.122513,2.40944,55.1799,55.9035,56.2401,1.66984,57.5469,0.367542,0,0,0,0,05ACA007,290451,2026-06-08 08:43:41,11014981.0,MAREESWARAN ,13616.0,104339022020,104319220140,140HPW501   ,AUTOMODE,BV141B,30,1.0,300736.0,OK,,,,00200045104311520066-7261482514B,OK,OK,,OK,OK,290591,2026-06-08 08:45:27,11014981.0,MAREESWARAN ,13616,104339022020,104319220140,,AUTOMODE,BV141D,35,1,300736,OK,CA13,,,0020007910431251065004261448473A,,0,145.6,6.5,-113.55,50.1,134,19.6,-223.2,59.6,-223.2,-113.71,0.120625,0.542816,44.9537,40.0506,5.0,21.901,51.8716,51.9258,0,0,0,0,0,0,0,0,0,0,0,1.71,0,20.0,0,358918
5086971,1,0020007910431251065004261448557B,2026-06-25 13:39:21,304212, , ,104319220140,0,0,0,0,57000,110000,0,0,120000,0,0,0,3,2:10,1011,16,13.24,132,10.49,176,13.84,203,4.25,188,0,0,0,0,0,0,0,0,25.05,209,1.06,126,8.81,21,3.38,120,7.99,7,9.3,360,0,0,0,0,0,0,0,0,0,0,0,0,UCX31_x0001_|_x0007_:, ,1.6,4.91,45.1,14,4.11,94,64.85,2:36      ,3,2026-06-27 07:49:02,11014981.0,MAREESWARAN ,1,104339022021,104319220151,,AUTOMODE_TS1,BV141E,45,2,,OK,,0,0,0020007910431251065004261448557B,1.17661,1.17699,1.1732,5,5,8.9325,10.575,9.1025,1,1.2,1.2,1.2,1,1.2,0.5,12,0.5,12,0.5,12,309292,2026-06-27 07:46:31,11014981,MAREESWARAN ,13616,104339022021,104319220151,160HP Z101  ,,AUTOMODE,BV141C,21,2,321093,OK,,0,0,9003102010431351065904261745625A,0020007910431251065004261448557B,00200045104311520066-7261750476A,OK,OK,OK,OK,310677,2026-06-27 07:44:11,11014981.0,MAREESWARAN ,13616,104339022021,104319220151,160HP Z101  ,AUTOMODE,BV141A,22,2,321093,OK,CA1,0,0,1020104313020080004674879488,OK,OK,0.39,0.475,0.5,0.39,0.47,0.5,OK,,00200045104311520066-7261750476A,OK,OK,202.9,145.2,52.6,146.3,0.0,1.75603,52.0555,52.7689,0.122513,1.63352,55.0212,55.434,57.5869,6.6566,57.2812,0.204189,0,0,0,0,05ACA008,311428,2026-06-27 07:44:51,11014981.0,MAREESWARAN ,13616.0,104339022021,104319220151,160HP Z101  ,AUTOMODE,BV141B,29,2.0,321093.0,OK,,,,00200045104311520066-7261750476A,OK,OK,,OK,OK,311472,2026-06-27 07:47:52,11014981.0,MAREESWARAN ,13616,104339022021,104319220151,,AUTOMODE,BV141D,40,2,321093,OK,CA13,,,0020007910431251065004261448557B,,0,147.4,9.3,-113.55,50.1,134,19.6,-223.2,59.6,-223.2,-113.71,0.492431,1.52771,45.0,40.0,5.0,25.8364,51.5802,51.6332,0,0,0,0,0,0,0,0,0,0,0,3.34,0,20.0,0,386699
5082560,1,0020007910431251065004261448634B,2026-06-24 05:35:39,306217, , ,104319220151,0,0,0,0,57000,110000,0,0,120000,0,0,0,2,1:23,1011,16,51.46,152,29.17,138,46.87,142,14.37,146,0,0,0,0,0,0,0,0,39.04,235,12.47,245,5.94,282,7.7,220,8.95,251,9.63,257,0,0,0,0,0,0,0,0,0,0,0,0,UCX31_x0001_|_x0007_:, ,1.34,4.95,45.05,14,3.75,93,64.82,2:00      ,3,2026-06-25 09:09:24,11014981.0,MAREESWARAN ,1,104339022020,104319220140,,AUTOMODE_TS1,BV141E2,34,1,,OK,,0,0,0020007910431251065004261448634B,1.15283,1.16063,1.14969,5,5,1.94132,6.70539,3.00599,1,1.2,1.2,1.2,1,1.2,0.5,12,0.5,12,0.5,12,307000,2026-06-25 09:07:26,11014981,MAREESWARAN ,13616,104339022020,104319220140,140HPW501   ,,AUTOMODE,BV141C,24,1,318711,OK,,0,0,9003102010431351065904261691051B,0020007910431251065004261448634B,00200045104311520066-7261722001A,OK,OK,OK,OK,308366,2026-06-25 09:06:10,11014981.0,MAREESWARAN ,13616,104339022020,104319220140,140HPW501   ,AUTOMODE,BV141A,22,1,318711,OK,CA1,0,0,300050104312999991395364110336,OK,OK,0.39,0.427,0.5,0.39,0.424,0.5,OK,,00200045104311520066-7261722001A,OK,OK,202.9,145.2,52.6,146.3,-0.0408363,1.30682,52.3766,53.1002,0.0816765,1.83772,55.2506,55.6634,57.6227,5.55398,57.215,0.285866,0,0,0,0,05ACA006,309077,2026-06-25 09:06:50,11014981.0,MAREESWARAN ,13616.0,104339022020,104319220140,140HPW501   ,AUTOMODE,BV141B,28,1.0,318711.0,OK,,,,00200045104311520066-7261722001A,OK,OK,,OK,OK,309141,2026-06-25 09:08:22,11014981.0,MAREESWARAN ,13616,104339022020,104319220140,,AUTOMODE,BV141D,37,1,318711,OK,CA13,,,0020007910431251065004261448634B,,0,145.2,8.0,-113.55,50.1,134,19.6,-223.35,59.6,-223.35,-113.71,0.366493,1.47202,45.0,40.0,5.0,25.9797,51.5696,51.6304,0,0,0,0,0,0,0,0,0,0,0,1.73,0,20.0,0,383961
5086799,1,0020007910431251065004261448807B,2026-06-25 12:38:10,304212, , ,104319220140,0,0,0,0,57000,110000,0,0,120000,0,0,0,2,1:16,1011,16,28.65,127,31.94,219,8.33,73,12.45,209,0,0,0,0,0,0,0,0,21.24,10,12.09,135,12.7,96,10.89,176,8.22,25,9.29,25,0,0,0,0,0,0,0,0,0,0,0,0,UCX31_x0001_|_x0007_:, ,1.45,4.93,44.67,14,4.87,94,64.75,1:41      ,3,2026-06-26 09:04:31,11014981.0,MAREESWARAN ,1,104339022020,104319220140,,AUTOMODE_TS1,BV141E2,34,1,,OK,,0,0,0020007910431251065004261448807B,1.15509,1.14616,1.15031,5,5,2.72695,7.81796,4.24671,1,1.2,1.2,1.2,1,1.2,0.5,12,0.5,12,0.5,12,308182,2026-06-26 09:01:27,11014981,MAREESWARAN ,13616,104339022020,104319220140,140HPW501   ,,AUTOMODE,BV141C,22,1,319950,OK,,0,0,9003102010431351065904261702880B,0020007910431251065004261448807B,00200045104311520066-7261722458C,OK,OK,OK,OK,309568,2026-06-26 09:00:01,11014981.0,MAREESWARAN ,13616,104339022020,104319220140,140HPW501   ,AUTOMODE,BV141A,75,1,319950,OK,CA1,0,0,300050104312999991395364110336,OK,OK,0.39,0.449,0.5,0.39,0.456,0.5,OK,,00200045104311520066-7261722458C,OK,OK,202.9,145.2,52.6,146.3,-0.0408363,1.87855,52.3794,53.5132,0.122517,1.96023,55.7808,56.191,56.2401,1.86177,57.7248,0.28587,0,0,0,0,05ACA005,310299,2026-06-26 09:00:39,11014981.0,MAREESWARAN ,13616.0,104339022020,104319220140,140HPW501   ,AUTOMODE,BV141B,29,1.0,319950.0,OK,,,,00200045104311520066-7261722458C,OK,OK,,OK,OK,310349,2026-06-26 09:03:31,11014981.0,MAREESWARAN ,13616,104339022020,104319220140,,AUTOMODE,BV141D,38,1,319950,OK,CA13,,,0020007910431251065004261448807B,,0,147.4,9.8,-113.55,50.1,134,19.6,-223.35,59.6,-223.35,-113.71,0.359466,0.965004,45.0,40.4848,5.0,25.8591,51.8797,52.0195,0,0,0,0,0,0,0,0,0,0,0,1.62,0,20.0,0,385281
5090623,1,0020007910431251065004261448847B,2026-06-26 12:05:42,304212, , ,104319220140,0,0,0,0,57000,110000,0,0,120000,0,0,0,2,1:25,1011,16,35.98,77,21.51,324,43.14,107,13.58,289,0,0,0,0,0,0,0,0,63.81,103,26.94,253,12.3,294,6.86,330,7.36,173,9.63,174,0,0,0,0,0,0,0,0,0,0,0,0,UCX31_x0001_|_x0007_:, ,1.6,4.89,46.18,14,3.96,93,64.98,1:50      ,3,2026-06-27 07:30:13,11014981.0,MAREESWARAN ,1,104339022021,104319220151,,AUTOMODE_TS1,BV141E2,38,2,,OK,,0,0,0020007910431251065004261448847B,1.15409,1.14755,1.16692,5,5,2.42874,6.19162,3.72695,1,1.2,1.2,1.2,1,1.2,0.5,12,0.5,12,0.5,12,309272,2026-06-27 07:27:09,11014981,MAREESWARAN ,13616,104339022021,104319220151,160HP Z101  ,,AUTOMODE,BV141C,21,2,321072,OK,,0,0,9003102010431351065904261745637A,0020007910431251065004261448847B,00200045104311520066-7261722554C,OK,OK,OK,OK,310657,2026-06-27 07:25:03,11014981.0,MAREESWARAN ,13616,104339022021,104319220151,160HP Z101  ,AUTOMODE,BV141A,22,2,321072,OK,CA1,0,0,1020104313020080004674879488,OK,OK,0.39,0.469,0.5,0.39,0.465,0.5,OK,,00200045104311520066-7261722554C,OK,OK,202.9,145.2,52.6,146.3,0.0,1.67436,52.1449,53.3781,0.122513,1.63352,55.5387,56.0508,57.5872,2.08274,57.4852,0.326702,0,0,0,0,05ACA001,311408,2026-06-27 07:25:43,11014981.0,MAREESWARAN ,13616.0,104339022021,104319220151,160HP Z101  ,AUTOMODE,BV141B,29,2.0,321072.0,OK,,,,00200045104311520066-7261722554C,OK,OK,,OK,OK,311452,2026-06-27 07:29:07,11014981.0,MAREESWARAN ,13616,104339022021,104319220151,,AUTOMODE,BV141D,39,2,321072,OK,CA13,,,0020007910431251065004261448847B,,0,147.9,9.1,-113.55,50.1,134,19.6,-223.2,59.6,-223.2,-113.71,0.393947,1.21379,45.0,40.0094,5.0,25.9194,51.6559,51.7677,0,0,0,0,0,0,0,0,0,0,0,3.36,0,20.0,0,386679
5105026,1,0020007910431251065004261448896B,2026-07-01 03:40:16,304212, , ,104319220151,0,0,0,0,57000,110000,0,0,120000,0,0,0,2,1:28,1011,16,48.65,359,24.91,61,21.43,321,16.23,38,0,0,0,0,0,0,0,0,30.88,256,20.89,351,25.02,351,8.3,82,7.41,272,10.91,274,0,0,0,0,0,0,0,0,0,0,0,0,UCX31_x0001_|_x0007_:, ,1.61,4.95,45.39,14,4.06,94,64.88,1:54      ,3,2026-06-27 07:28:31,11014981.0,MAREESWARAN ,1,104339022021,104319220151,,AUTOMODE_TS1,BV141E2,38,2,,OK,,0,0,0020007910431251065004261448896B,1.14465,1.15874,1.14717,5,5,1.46587,6.84311,2.98683,1,1.2,1.2,1.2,1,1.2,0.5,12,0.5,12,0.5,12,309270,2026-06-27 07:25:29,11014981,MAREESWARAN ,13616,104339022021,104319220151,160HP Z101  ,,AUTOMODE,BV141C,20,2,321070,OK,,0,0,9003102010431351065904261745971B,0020007910431251065004261448896B,00200045104311520066-7261722695C,OK,OK,OK,OK,310655,2026-06-27 07:23:37,11014981.0,MAREESWARAN ,13616,104339022021,104319220151,160HP Z101  ,AUTOMODE,BV141A,46,2,321070,OK,CA1,0,0,1020104313020080004674879488,OK,OK,0.39,0.482,0.5,0.39,0.469,0.5,OK,,00200045104311520066-7261722695C,OK,OK,202.9,145.2,52.6,146.3,0.0,1.59268,52.0528,53.077,0.122513,1.63352,55.2376,55.7523,57.6097,6.61576,57.3014,0.285866,0,0,0,0,05ACA006,311406,2026-06-27 07:24:19,11014981.0,MAREESWARAN ,13616.0,104339022021,104319220151,160HP Z101  ,AUTOMODE,BV141B,29,2.0,321070.0,OK,,,,00200045104311520066-7261722695C,OK,OK,,OK,OK,311450,2026-06-27 07:27:27,11014981.0,MAREESWARAN ,13616,104339022021,104319220151,,AUTOMODE,BV141D,40,2,321070,OK,CA13,,,0020007910431251065004261448896B,,0,147.0,9.6,-113.55,50.1,134,19.6,-223.2,59.6,-223.2,-113.71,0.189484,0.670979,45.0,40.1264,5.0,26.2285,51.5011,51.5873,0,0,0,0,0,0,0,0,0,0,0,3.31,0,20.0,0,386677
5088031,1,0020007910431251065004261448946B,2026-06-25 20:11:30,304212, , ,104319220140,0,0,0,0,57000,110000,0,0,120000,0,0,0,1,0:22,1011,16,22.96,231,22.96,231,30.45,240,30.45,240,0,0,0,0,0,0,0,0,53.42,232,53.42,232,7.7,34,7.7,34,9.67,194,9.67,194,0,0,0,0,0,0,0,0,0,0,0,0,UCX31_x0001_|_x0007_:, ,1.62,4.85,45.86,14,4.13,94,64.81,0:47      ,3,2026-06-26 08:42:55,11014981.0,MAREESWARAN ,1,104339022020,104319220140,,AUTOMODE_TS1,BV141E,41,1,,OK,,0,0,0020007910431251065004261448946B,1.17686,1.17421,1.17497,5,5,3.8175,5.3525,7.1525,1,1.2,1.2,1.2,1,1.2,0.5,12,0.5,12,0.5,12,308163,2026-06-26 08:39:21,11014981,MAREESWARAN ,13616,104339022020,104319220140,140HPW501   ,,AUTOMODE,BV141C,19,1,319928,OK,,0,0,9003102010431351065904261702885B,0020007910431251065004261448946B,00200045104311520066-7261722248A,OK,OK,OK,OK,309547,2026-06-26 08:38:11,11014981.0,MAREESWARAN ,13616,104339022020,104319220140,140HPW501   ,AUTOMODE,BV141A,22,1,319928,OK,CA1,0,0,300050104312999991395364110336,OK,OK,0.39,0.452,0.5,0.39,0.442,0.5,OK,,00200045104311520066-7261722248A,OK,OK,202.9,145.2,52.6,146.3,-0.0408363,1.91939,52.2771,53.6147,0.122517,2.32777,55.7626,56.1702,56.2401,2.24583,57.7117,0.367542,0,0,0,0,05ACA005,310277,2026-06-26 08:38:49,11014981.0,MAREESWARAN ,13616.0,104339022020,104319220140,140HPW501   ,AUTOMODE,BV141B,29,1.0,319928.0,OK,,,,00200045104311520066-7261722248A,OK,OK,,OK,OK,310328,2026-06-26 08:41:49,11014981.0,MAREESWARAN ,13616,104339022020,104319220140,,AUTOMODE,BV141D,42,1,319928,OK,CA13,,,0020007910431251065004261448946B,,0,147.0,13.1,-113.55,50.1,134,19.6,-223.35,59.6,-223.35,-113.71,0.509287,1.41735,45.0,40.195,5.0,25.2785,51.8312,51.9457,0,0,0,0,0,0,0,0,0,0,0,1.64,0,20.0,0,385255
5098494,1,0020007910431251065004261449119B,2026-06-29 06:47:34,304212, , ,104319220140,0,0,0,0,57000,110000,0,0,120000,0,0,0,2,1:14,1011,16,18.83,137,16.21,7,11.28,179,5.69,8,0,0,0,0,0,0,0,0,6.15,184,2.36,329,7.17,72,5.53,323,8.83,322,9.56,322,0,0,0,0,0,0,0,0,0,0,0,0,UCX31_x0001_|_x0007_:, ,1.57,4.95,45.06,14,4.3,94,64.88,1:40      ,3,2026-06-29 18:10:34,11014086.0,BABU        ,1,104339022021,104319220151,,AUTOMODE_TS1,BV141E,45,1,,OK,,0,0,0020007910431251065004261449119B,1.17623,1.17699,1.17623,5,5,3.235,4.4625,8.45,1,1.2,1.2,1.2,1,1.2,0.5,12,0.5,12,0.5,12,313935,2026-06-29 18:07:52,11014086,BABU        ,13616,104339022021,104319220151,160HP Z101  ,,AUTOMODE,BV141C,21,1,323295,OK,,0,0,9003102010431351065904261769950B,0020007910431251065004261449119B,00200045104311520066-7261750260C,OK,OK,OK,OK,315362,2026-06-29 18:05:47,11014086.0,BABU        ,13616,104339022021,104319220151,160HP Z101  ,AUTOMODE,BV141A,23,1,323295,OK,CA1,0,0,1020104313020080004674879488,OK,OK,0.39,0.433,0.5,0.39,0.429,0.5,OK,,00200045104311520066-7261750260C,OK,OK,202.9,145.2,52.6,146.3,-0.0408401,1.59268,52.1831,53.1055,0.0816765,2.28693,55.3654,55.7782,57.526,2.24609,57.4241,0.326702,0,0,0,0,05ACA001,315143,2026-06-29 18:06:27,11014086.0,BABU        ,13616.0,104339022021,104319220151,160HP Z101  ,AUTOMODE,BV141B,26,1.0,323295.0,OK,,,,00200045104311520066-7261750260C,OK,OK,,OK,OK,316180,2026-06-29 18:09:18,11014086.0,BABU        ,13616,104339022021,104319220151,,AUTOMODE,BV141D,42,1,323295,OK,CA13,,,0020007910431251065004261449119B,,0,147.2,10.3,-113.55,50.1,134,19.6,-223.2,59.6,-223.2,-113.71,0.228689,0.965004,45.0,40.0656,5.0,25.6329,51.7026,51.7553,0,0,0,0,0,0,0,0,0,0,0,3.4,0,20.0,0,392050
5087048,1,0020007910431251065004261449164C,2026-06-25 14:04:00,304212, , ,104319220140,0,0,0,0,57000,110000,0,0,120000,0,0,0,1,0:22,1011,16,40.31,121,40.31,121,29.01,128,29.01,128,0,0,0,0,0,0,0,0,30.75,110,30.75,110,7.73,56,7.73,56,8.97,4,8.97,4,0,0,0,0,0,0,0,0,0,0,0,0,UCX31_x0001_|_x0007_:, ,1.57,4.86,44.76,14,4.36,93,64.82,1:37      ,3,2026-06-25 13:48:02,11014981.0,MAREESWARAN ,1,104339022020,104319220140,,AUTOMODE_TS1,BV141E,40,1,,OK,,0,0,0020007910431251065004261449164C,1.17775,1.17649,1.17674,5,5,4.6125,4.7575,6.915,1,1.2,1.2,1.2,1,1.2,0.5,12,0.5,12,0.5,12,307231,2026-06-25 13:45:14,11014981,MAREESWARAN ,13616,104339022020,104319220140,140HPW501   ,,AUTOMODE,BV141C,22,1,318952,OK,,0,0,9003102010431351065904261690162A,0020007910431251065004261449164C,00200045104311520066-7261740039B,OK,OK,OK,OK,308603,2026-06-25 13:43:54,11014981.0,MAREESWARAN ,13616,104339022020,104319220140,140HPW501   ,AUTOMODE,BV141A,22,1,318952,OK,CA1,0,0,300050104312999991395364110336,OK,OK,0.39,0.438,0.5,0.39,0.449,0.5,OK,,00200045104311520066-7261740039B,OK,OK,202.9,145.2,52.6,146.3,-0.0408401,2.61364,52.6142,53.0244,0.204189,2.16442,55.2843,55.6945,57.6487,7.26918,57.2385,0.367542,0,0,0,0,05ACA006,309317,2026-06-25 13:44:36,11014981.0,MAREESWARAN ,13616.0,104339022020,104319220140,140HPW501   ,AUTOMODE,BV141B,28,1.0,318952.0,OK,,,,00200045104311520066-7261740039B,OK,OK,,OK,OK,309379,2026-06-25 13:46:42,11014981.0,MAREESWARAN ,13616,104339022020,104319220140,,AUTOMODE,BV141D,38,1,318952,OK,CA13,,,0020007910431251065004261449164C,,0,145.4,9.6,-113.55,50.1,134,19.6,-223.35,59.6,-223.35,-113.71,0.353826,0.8293,45.0,40.5764,5.0,25.761,51.4197,51.5239,0,0,0,0,0,0,0,0,0,0,0,1.72,0,20.0,0,384224
5030308,1,0020007910431251065004261449238C,2026-06-08 15:23:55,306217, , ,104319220140,0,0,0,0,57000,110000,0,0,120000,0,0,0,3,2:31,1011,16,55.76,113,12.62,69,38.9,79,2.75,79,0,0,0,0,0,0,0,0,31.06,168,2.95,191,17.39,248,4.72,152,6.32,144,8.96,167,0,0,0,0,0,0,0,0,0,0,0,0,UCX31_x0001_|_x0007_:, ,1.28,4.93,45.83,14,4.71,93,64.88,3:07      ,3,2026-06-14 10:22:33,11014981.0,MAREESWARAN ,1,104339022020,104319220140,,AUTOMODE_TS1,BV141E2,34,1,,OK,,0,0,0020007910431251065004261449238C,1.15258,1.14566,1.14629,5,5,2.6503,6.67425,3.84072,1,1.2,1.2,1.2,1,1.2,0.5,12,0.5,12,0.5,12,295468,2026-06-14 10:20:41,11014981,MAREESWARAN ,13616,104339022020,104319220140,140HPW501   ,,AUTOMODE,BV141C,20,1,307758,OK,,0,0,9003102010431351065904261605315B,0020007910431251065004261449238C,00200045104311520066-7261620012B,OK,OK,OK,OK,296783,2026-06-14 10:19:23,11014981.0,MAREESWARAN ,13616,104339022020,104319220140,140HPW501   ,AUTOMODE,BV141A,21,1,307758,OK,CA1,0,0,300050104312999991395364110336,OK,OK,0.39,0.41,0.5,0.39,0.426,0.5,OK,,00200045104311520066-7261620012B,OK,OK,202.9,145.2,52.6,146.3,-0.0408363,1.3885,52.0617,53.1929,0.0816765,1.59269,55.4554,55.6643,57.6134,2.81783,57.4096,0.245029,0,0,0,0,05ACA001,297399,2026-06-14 10:20:01,11014981.0,MAREESWARAN ,13616.0,104339022020,104319220140,140HPW501   ,AUTOMODE,BV141B,28,1.0,307758.0,OK,,,,00200045104311520066-7261620012B,OK,OK,,OK,OK,297507,2026-06-14 10:21:27,11014981.0,MAREESWARAN ,13616,104339022020,104319220140,,AUTOMODE,BV141D,34,1,307758,OK,CA14,,,0020007910431251065004261449238C,,0,145.6,4.8,-113.55,50.1,134,19.6,-223.35,59.6,-223.35,-113.71,0.41972,2.14729,45.0,40.0,5.0,21.1245,52.0425,52.0267,0,0,0,0,0,0,0,0,0,0,0,1.6,0,20.0,0,369871
5030311,1,0020007910431251065004261449259C,2026-06-08 15:25:48,306217, , ,104319220140,0,0,0,0,57000,110000,0,0,120000,0,0,0,2,1:15,1011,16,31.16,172,24.26,150,12.22,187,3.29,131,0,0,0,0,0,0,0,0,10.82,294,1.79,278,11.39,255,11.33,248,8.65,305,8.99,309,0,0,0,0,0,0,0,0,0,0,0,0,UCX31_x0001_|_x0007_:, ,1.28,4.97,45.83,14,4.28,93,64.88,1:52      ,3,2026-06-14 10:24:53,11014981.0,MAREESWARAN ,1,104339022020,104319220140,,AUTOMODE_TS1,BV141E,40,1,,OK,,0,0,0020007910431251065004261449259C,1.17585,1.17396,1.17206,5,5,4.22,4.6925,4.5875,1,1.2,1.2,1.2,1,1.2,0.5,12,0.5,12,0.5,12,295471,2026-06-14 10:22:53,11014981,MAREESWARAN ,13616,104339022020,104319220140,140HPW501   ,,AUTOMODE,BV141C,42,1,307761,OK,,0,0,9003102010431351065904261605251B,0020007910431251065004261449259C,00200045104311520066-7261622565B,OK,OK,OK,OK,296786,2026-06-14 10:21:17,11014981.0,MAREESWARAN ,13616,104339022020,104319220140,140HPW501   ,AUTOMODE,BV141A,24,1,307761,OK,CA1,0,0,300050104312999991395364110336,OK,OK,0.39,0.417,0.5,0.39,0.428,0.5,OK,,00200045104311520066-7261622565B,OK,OK,202.9,145.2,52.6,146.3,-0.0408363,2.32777,52.4058,53.5294,0.163353,2.40945,55.7843,56.1945,56.2401,2.28462,57.741,0.326706,0,0,0,0,05ACA010,297402,2026-06-14 10:21:57,11014981.0,MAREESWARAN ,13616.0,104339022020,104319220140,140HPW501   ,AUTOMODE,BV141B,28,1.0,307761.0,OK,,,,00200045104311520066-7261622565B,OK,OK,,OK,OK,297510,2026-06-14 10:23:45,11014981.0,MAREESWARAN ,13616,104339022020,104319220140,,AUTOMODE,BV141D,34,1,307761,OK,CA14,,,0020007910431251065004261449259C,,0,145.9,4.6,-113.55,50.1,134,19.6,-223.35,59.6,-223.35,-113.71,0.11936,0.722522,45.0,40.0,5.0,24.7508,51.8482,52.2889,0,0,0,0,0,0,0,0,0,0,0,1.65,0,20.0,0,369874
5040056,1,0020007910431251065004261449346C,2026-06-11 03:19:34,306217, , ,104319220140,0,0,0,0,57000,110000,0,0,120000,0,0,0,2,1:18,1011,16,13.1,121,6.44,162,4.32,247,2,174,0,0,0,0,0,0,0,0,5.4,327,2.32,262,8.98,196,1.87,230,10.39,196,10.66,193,0,0,0,0,0,0,0,0,0,0,0,0,UCX31_x0001_|_x0007_:, ,1.28,4.96,44.87,14,4.64,93,65.03,1:54      ,3,2026-06-12 09:47:09,11014981.0,MAREESWARAN ,1,104339022021,104319220151,,AUTOMODE_TS1,BV141E,44,1,,OK,,0,0,0020007910431251065004261449346C,1.17585,1.17649,1.17547,5,5,5.335,5.095,7.425,1,1.2,1.2,1.2,1,1.2,0.5,12,0.5,12,0.5,12,293184,2026-06-12 09:44:59,11014981,MAREESWARAN ,13616,104339022021,104319220151,160HP Z101  ,,AUTOMODE,BV141C,23,1,305384,OK,,0,0,9003102010431351065904261603433A,0020007910431251065004261449346C,00200045104311520066-7261602169A,OK,OK,OK,OK,294470,2026-06-12 09:43:45,11014981.0,MAREESWARAN ,13616,104339022021,104319220151,160HP Z101  ,AUTOMODE,BV141A,22,1,305384,OK,CA1,0,0,1020104313020080004674879488,OK,OK,0.39,0.434,0.5,0.39,0.422,0.5,OK,,00200045104311520066-7261602169A,OK,OK,202.9,145.2,52.6,146.3,-0.0408363,1.10263,52.2214,52.8354,0.0408401,1.83771,55.2992,55.7119,57.6636,9.06605,57.2559,0.285866,0,0,0,0,05ACA006,295058,2026-06-12 09:44:21,11014981.0,MAREESWARAN ,13616.0,104339022021,104319220151,160HP Z101  ,AUTOMODE,BV141B,29,1.0,305384.0,OK,,,,00200045104311520066-7261602169A,OK,OK,,OK,OK,295176,2026-06-12 09:45:45,11014981.0,MAREESWARAN ,13616,104339022021,104319220151,,AUTOMODE,BV141D,33,1,305384,OK,CA13,,,0020007910431251065004261449346C,,0,146.0,4.7,-113.55,50.1,134,19.6,-223.2,59.6,-223.2,-113.71,0.136569,0.773158,45.0,40.0,5.0,20.4837,51.8574,51.8948,0,0,0,0,0,0,0,0,0,0,0,3.42,0,20.0,0,365637
5032268,1,0020007910431251065004261449595C,2026-06-09 03:05:24,306217, , ,104319220139,0,0,0,0,57000,110000,0,0,120000,0,0,0,2,1:19,1011,16,42.81,82,20.3,51,32.53,60,9.17,64,0,0,0,0,0,0,0,0,26,153,8,163,9.43,209,6.28,128,9.62,265,11.2,254,0,0,0,0,0,0,0,0,0,0,0,0,UCX31_x0001_|_x0007_:, ,1.35,4.96,45.34,14,4.34,93,65.03,1:56      ,3,2026-06-09 21:03:04,11014086.0,BABU        ,1,104339022020,104319220140,,AUTOMODE_TS1,BV141E2,34,2,,OK,,0,0,0020007910431251065004261449595C,1.16566,1.16843,1.16792,5,5,3.72934,7.47066,4.68024,1,1.2,1.2,1.2,1,1.2,0.5,12,0.5,12,0.5,12,290423,2026-06-09 21:00:40,11014981,MAREESWARAN ,13616,104339022020,104319220140,140HPW501   ,,AUTOMODE,BV141C,18,2,302471,OK,,0,0,9003102010431351065904261568334B,0020007910431251065004261449595C,00200045104311520066-7261522622B,OK,OK,OK,OK,291629,2026-06-09 20:59:23,11014981.0,MAREESWARAN ,13616,104339022020,104319220140,140HPW501   ,AUTOMODE,BV141A,22,2,302471,OK,CA1,0,0,300050104312999991395364110336,OK,OK,0.39,0.419,0.5,0.39,0.417,0.5,OK,,00200045104311520066-7261522622B,OK,OK,202.9,145.2,52.6,146.3,-0.0408401,2.00106,52.112,53.1337,0.122513,2.00106,55.2968,55.8089,57.6561,8.08593,57.4497,0.285866,0,0,0,0,05ACA002,292181,2026-06-09 21:00:04,11014981.0,MAREESWARAN ,13616.0,104339022020,104319220140,140HPW501   ,AUTOMODE,BV141B,28,2.0,302471.0,OK,,,,00200045104311520066-7261522622B,OK,OK,,OK,OK,292318,2026-06-09 21:02:02,11014981.0,MAREESWARAN ,13616,104339022020,104319220140,,AUTOMODE,BV141D,32,2,302471,OK,CA13,,,0020007910431251065004261449595C,,0,146.2,4.2,-113.55,50.1,134,19.6,-223.35,59.6,-223.35,-113.71,0.639072,2.25672,45.0,40.0,5.0,21.9613,51.8993,51.9611,0,0,0,0,0,0,0,0,0,0,0,1.61,0,20.0,0,361339
5031165,1,0020007910431251065004261449602C,2026-06-08 20:17:10,306217, , ,104319220139,0,0,0,0,57000,110000,0,0,120000,0,0,0,1,0:20,1011,16,10.79,308,10.79,308,4.26,260,4.26,260,0,0,0,0,0,0,0,0,2.25,25,2.25,25,3.9,37,3.9,37,8.04,176,8.04,176,0,0,0,0,0,0,0,0,0,0,0,0,UCX31_x0001_|_x0007_:, ,1.23,4.94,45.05,14,4.49,93,64.45,0:56      ,3,2026-06-09 22:15:10,11014086.0,BABU        ,1,104339022020,104319220140,,AUTOMODE_TS1,BV141E2,34,2,,OK,,0,0,0020007910431251065004261449602C,1.15535,1.15635,1.14566,5,5,2.69341,6.2479,3.88503,1,1.2,1.2,1.2,1,1.2,0.5,12,0.5,12,0.5,12,290512,2026-06-09 22:13:12,11014981,MAREESWARAN ,13616,104339022020,104319220140,140HPW501   ,,AUTOMODE,BV141C,17,2,302561,OK,,0,0,9003102010431351065904261568076A,0020007910431251065004261449602C,00200045104311520066-7261510170C,OK,OK,OK,OK,291719,2026-06-09 22:10:58,11014981.0,MAREESWARAN ,13616,104339022020,104319220140,140HPW501   ,AUTOMODE,BV141A,22,2,302561,OK,CA1,0,0,300050104312999991395364110336,OK,OK,0.39,0.421,0.5,0.39,0.414,0.5,OK,,00200045104311520066-7261510170C,OK,OK,202.9,145.2,52.6,146.3,0.0,1.7152,52.0406,53.3782,0.122517,2.36861,55.6356,55.9439,57.7962,3.83878,57.4828,0.408382,0,0,0,0,05ACA001,292271,2026-06-09 22:11:38,11014981.0,MAREESWARAN ,13616.0,104339022020,104319220140,140HPW501   ,AUTOMODE,BV141B,29,2.0,302561.0,OK,,,,00200045104311520066-7261510170C,OK,OK,,OK,OK,292408,2026-06-09 22:14:08,11014981.0,MAREESWARAN ,13616,104339022020,104319220140,,AUTOMODE,BV141D,32,2,302561,OK,CA13,,,0020007910431251065004261449602C,,0,145.0,4.2,-113.55,50.1,134,19.6,-223.35,59.6,-223.35,-113.71,0.3693,1.5364,45.0,40.0,5.0,25.5575,51.6956,51.7909,0,0,0,0,0,0,0,0,0,0,0,1.69,0,20.0,0,361442
5027747,1,0020007910431251065004261449738C,2026-06-07 10:18:32,306217, , ,104319220140,0,0,0,0,57000,110000,0,0,120000,0,0,0,3,2:31,1011,16,41.63,167,7.76,131,27.49,136,2.78,139,0,0,0,0,0,0,0,0,21.89,232,2.97,235,9.68,286,1.98,193,6.66,246,8.36,249,0,0,0,0,0,0,0,0,0,0,0,0,UCX31_x0001_|_x0007_:, ,1.46,4.91,45.19,14,5.31,93,65.03,3:07      ,3,2026-06-09 06:12:57,11014981.0,MAREESWARAN ,1,104339022020,104319220140,,AUTOMODE_TS1,BV141E2,34,2,,OK,,0,0,0020007910431251065004261449738C,1.14528,1.15157,1.14742,5,5,2.78443,6.33293,3.87904,1,1.2,1.2,1.2,1,1.2,0.5,12,0.5,12,0.5,12,289746,2026-06-09 06:10:53,11014981,MAREESWARAN ,13616,104339022020,104319220140,140HPW501   ,,AUTOMODE,BV141C,18,2,301775,OK,,0,0,9003102010431351065904261569206B,0020007910431251065004261449738C,00200045104311520066-7261532170A,OK,OK,OK,OK,290943,2026-06-09 06:08:47,11014981.0,MAREESWARAN ,13616,104339022020,104319220140,140HPW501   ,AUTOMODE,BV141A,35,2,301775,OK,CA1,0,0,300050104312999991395364110336,OK,OK,0.39,0.415,0.5,0.39,0.439,0.5,OK,,00200045104311520066-7261532170A,OK,OK,202.9,145.2,52.6,146.3,0.0,0.980114,52.0385,52.9634,0.0816765,1.75604,55.1189,55.5316,57.5826,3.9613,57.2769,0.285866,0,0,0,0,05ACA004,291487,2026-06-09 06:09:29,11014981.0,MAREESWARAN ,13616.0,104339022020,104319220140,140HPW501   ,AUTOMODE,BV141B,28,2.0,301775.0,OK,,,,00200045104311520066-7261532170A,OK,OK,,OK,OK,291625,2026-06-09 06:11:55,11014981.0,MAREESWARAN ,13616,104339022020,104319220140,,AUTOMODE,BV141D,31,2,301775,OK,CA13,,,0020007910431251065004261449738C,,0,145.4,3.5,-113.55,50.1,134,19.6,-223.2,59.6,-223.2,-113.71,0.474212,1.43996,45.0,40.0574,5.0,24.1477,52.2709,52.3774,0,0,0,0,0,0,0,0,0,0,0,1.66,0,20.0,0,360370
5050210,1,0020007910431251065004261450066A,2026-06-13 20:54:41,306217, , ,104319220140,0,0,0,0,57000,110000,0,0,120000,0,0,0,1,0:20,1011,16,62.87,188,62.87,188,50.3,163,50.3,163,0,0,0,0,0,0,0,0,41.25,253,41.25,253,15.41,330,15.41,330,12.5,233,12.5,233,0,0,0,0,0,0,0,0,0,0,0,0,UCX31_x0001_|_x0007_:, ,1.16,4.96,44.87,14,4.3,93,64.44,0:56      ,3,2026-06-14 10:26:47,11014981.0,MAREESWARAN ,1,104339022020,104319220140,,AUTOMODE_TS1,BV141E,40,1,,OK,,0,0,0020007910431251065004261450066A,1.17497,1.17598,1.17396,5,5,4.7125,5.5875,5.9725,1,1.2,1.2,1.2,1,1.2,0.5,12,0.5,12,0.5,12,295473,2026-06-14 10:24:39,11014981,MAREESWARAN ,13616,104339022020,104319220140,140HPW501   ,,AUTOMODE,BV141C,24,1,307763,OK,,0,0,9003102010431351065904261605314B,0020007910431251065004261450066A,00200045104311520066-7261622116A,OK,OK,OK,OK,296788,2026-06-14 10:22:39,11014981.0,MAREESWARAN ,13616,104339022020,104319220140,140HPW501   ,AUTOMODE,BV141A,21,1,307763,OK,CA1,0,0,300050104312999991395364110336,OK,OK,0.39,0.421,0.5,0.39,0.439,0.5,OK,,00200045104311520066-7261622116A,OK,OK,202.9,145.2,52.6,146.3,-0.0408363,1.59269,52.0407,53.2714,0.0816765,2.16442,55.5262,55.939,56.2401,1.60788,57.6945,0.285866,0,0,0,0,05ACA005,297404,2026-06-14 10:23:15,11014981.0,MAREESWARAN ,13616.0,104339022020,104319220140,140HPW501   ,AUTOMODE,BV141B,28,1.0,307763.0,OK,,,,00200045104311520066-7261622116A,OK,OK,,OK,OK,297512,2026-06-14 10:25:23,11014981.0,MAREESWARAN ,13616,104339022020,104319220140,,AUTOMODE,BV141D,34,1,307763,OK,CA14,,,0020007910431251065004261450066A,,0,145.3,4.7,-113.55,50.1,134,19.6,-223.35,59.6,-223.35,-113.71,0.287722,1.50886,45.0,40.0,5.0,22.6248,52.37,52.4285,0,0,0,0,0,0,0,0,0,0,0,1.68,0,20.0,0,369876
5040358,1,0020007910431251065004261450077A,2026-06-11 06:00:37,306217, , ,104319220140,0,0,0,0,57000,110000,0,0,120000,0,0,0,4,3:26,1011,16,68.69,20,6.12,297,39.08,4,1.2,51,0,0,0,0,0,0,0,0,29.11,100,1.6,119,21.14,134,3.3,22,9.41,45,10.92,57,0,0,0,0,0,0,0,0,0,0,0,0,UCX31_x0001_|_x0007_:, ,1.37,4.93,45.25,14,4.08,93,65.09,4:03      ,3,2026-06-12 09:38:15,11014981.0,MAREESWARAN ,1,104339022021,104319220151,,AUTOMODE_TS1,BV141E,45,1,,OK,,0,0,0020007910431251065004261450077A,1.17661,1.17446,1.17206,5,5,4.0,4.22,6.9275,1,1.2,1.2,1.2,1,1.2,0.5,12,0.5,12,0.5,12,293176,2026-06-12 09:36:17,11014981,MAREESWARAN ,13616,104339022021,104319220151,160HP Z101  ,,AUTOMODE,BV141C,21,1,305375,OK,,0,0,9003102010431351065904261603644A,0020007910431251065004261450077A,00200045104311520066-7261592179B,OK,OK,OK,OK,294461,2026-06-12 09:35:05,11014981.0,MAREESWARAN ,13616,104339022021,104319220151,160HP Z101  ,AUTOMODE,BV141A,23,1,305375,OK,CA1,0,0,1020104313020080004674879488,OK,OK,0.39,0.407,0.5,0.39,0.414,0.5,OK,,00200045104311520066-7261592179B,OK,OK,202.9,145.2,52.6,146.3,0.0,1.47017,52.0379,53.1691,0.122513,2.53196,55.3297,56.0533,56.2401,2.15086,57.5948,0.449219,0,0,0,0,05ACA004,295049,2026-06-12 09:35:45,11014981.0,MAREESWARAN ,13616.0,104339022021,104319220151,160HP Z101  ,AUTOMODE,BV141B,29,1.0,305375.0,OK,,,,00200045104311520066-7261592179B,OK,OK,,OK,OK,295167,2026-06-12 09:37:01,11014981.0,MAREESWARAN ,13616,104339022021,104319220151,,AUTOMODE,BV141D,33,1,305375,OK,CA13,,,0020007910431251065004261450077A,,0,145.1,4.9,-113.55,50.1,134,19.6,-223.2,59.6,-223.2,-113.71,0.0338604,0.219304,45.0,40.0,5.0,18.5537,52.2325,52.2761,0,0,0,0,0,0,0,0,0,0,0,3.44,0,20.0,0,365629
5029499,1,0020007910431251065004261450198A,2026-06-08 10:48:43,306217, , ,104319220140,0,0,0,0,57000,110000,0,0,120000,0,0,0,2,1:27,1011,16,41.26,176,12.13,121,34.09,146,4.54,123,0,0,0,0,0,0,0,0,28.36,238,4.32,235,9.16,323,3.8,194,9.05,292,11.79,298,0,0,0,0,0,0,0,0,0,0,0,0,UCX31_x0001_|_x0007_:, ,1.38,4.92,45.13,14,3.96,93,64.88,2:04      ,3,2026-06-09 06:07:11,11014981.0,MAREESWARAN ,1,104339022020,104319220140,,AUTOMODE_TS1,BV141E,40,2,,OK,,0,0,0020007910431251065004261450198A,1.17914,1.17611,1.17522,5,5,5.0125,4.88,6.6075,1,1.2,1.2,1.2,1,1.2,0.5,12,0.5,12,0.5,12,289738,2026-06-09 06:02:57,11014981,MAREESWARAN ,13616,104339022020,104319220140,140HPW501   ,,AUTOMODE,BV141C,17,2,301767,OK,,0,0,9003102010431351065904261569212B,0020007910431251065004261450198A,00200045104311520066-7261532184A,OK,OK,OK,OK,290935,2026-06-09 06:01:21,11014981.0,MAREESWARAN ,13616,104339022020,104319220140,140HPW501   ,AUTOMODE,BV141A,23,2,301767,OK,CA1,0,0,300050104312999991395364110336,OK,OK,0.39,0.418,0.5,0.39,0.427,0.5,OK,,00200045104311520066-7261532184A,OK,OK,202.9,145.2,52.6,146.3,0.0,1.02095,52.0762,52.9985,0.0816765,1.83772,55.154,55.8827,56.2401,1.30978,57.5159,0.285866,0,0,0,0,05ACA004,291479,2026-06-09 06:02:03,11014981.0,MAREESWARAN ,13616.0,104339022020,104319220140,140HPW501   ,AUTOMODE,BV141B,28,2.0,301767.0,OK,,,,00200045104311520066-7261532184A,OK,OK,,OK,OK,291617,2026-06-09 06:03:57,11014981.0,MAREESWARAN ,13616,104339022020,104319220140,,AUTOMODE,BV141D,31,2,301767,OK,CA13,,,0020007910431251065004261450198A,,0,145.7,3.5,-113.55,50.1,134,19.6,-223.2,59.6,-223.2,-113.71,0.253737,1.46751,45.0,40.0,5.0,18.1767,52.2056,52.2328,0,0,0,0,0,0,0,0,0,0,0,1.66,0,20.0,0,360350
5070607,1,0020007910431251065004261450531B,2026-06-20 07:23:05,304212, , ,104319220151,0,0,0,0,57000,110000,0,0,120000,0,0,0,3,2:21,1011,16,72.96,243,17.12,235,67.47,254,10.29,269,0,0,0,0,0,0,0,0,46.86,306,5.68,325,5.69,257,3.27,260,8.26,297,8.91,293,0,0,0,0,0,0,0,0,0,0,0,0,UCX31_x0001_|_x0007_:, ,1.6,4.86,44.9,14,4.32,94,65.03,3:48      ,3,2026-06-21 05:48:07,11014981.0,MAREESWARAN ,1,104339022020,104319220140,,AUTOMODE_TS1,BV141E,41,2,,OK,,0,0,0020007910431251065004261450531B,1.17383,1.1737,1.17497,5,5,4.87,5.4275,9.27,1,1.2,1.2,1.2,1,1.2,0.5,12,0.5,12,0.5,12,302972,2026-06-21 05:46:15,11014981,MAREESWARAN ,13616,104339022020,104319220140,140HPW501   ,,AUTOMODE,BV141C,22,2,314523,OK,,0,0,9003102010431351065904261689905B,0020007910431251065004261450531B,00200045104311520066-7261632510B,OK,OK,OK,OK,304269,2026-06-21 05:45:01,11014981.0,MAREESWARAN ,13616,104339022020,104319220140,140HPW501   ,AUTOMODE,BV141A,23,2,314523,OK,CA1,0,0,300050104312999991395364110336,OK,OK,0.39,0.444,0.5,0.39,0.432,0.5,OK,,00200045104311520066-7261632510B,OK,OK,202.9,145.2,52.6,146.3,-0.0408363,1.22514,52.1144,53.1361,0.0408401,1.87855,55.3986,56.0203,57.656,3.14453,57.4522,0.326706,0,0,0,0,05ACA001,304929,2026-06-21 05:45:37,11014981.0,MAREESWARAN ,13616.0,104339022020,104319220140,140HPW501   ,AUTOMODE,BV141B,30,2.0,314523.0,OK,,,,00200045104311520066-7261632510B,OK,OK,,OK,OK,305026,2026-06-21 05:46:59,11014981.0,MAREESWARAN ,13616,104339022020,104319220140,,AUTOMODE,BV141D,35,2,314523,OK,CA13,,,0020007910431251065004261450531B,,0,145.1,5.8,-113.55,50.1,134,19.6,-223.35,59.6,-223.35,-113.71,-0.00754166,0.603127,40.0753,41.1302,5.0,25.1051,51.6989,52.1666,0,0,0,0,0,0,0,0,0,0,0,1.82,0,20.0,0,379160
5015153,1,0020007910431251065004261450685B,2026-06-03 19:24:02,306217, , ,104319220140,0,0,0,0,57000,110000,0,0,120000,0,0,0,2,1:23,1011,16,48.51,287,12.46,227,52.3,257,6.07,242,0,0,0,0,0,0,0,0,44.46,350,5.72,352,9.93,101,4.04,292,9.4,40,12.29,38,0,0,0,0,0,0,0,0,0,0,0,0,UCX31_x0001_|_x0007_:, ,1.24,4.94,44.96,14,4.3,93,64.88,2:00      ,3,2026-06-28 10:23:00,11014981.0,MAREESWARAN ,1,104339022020,104319220140,,AUTOMODE_TS1,BV141E,40,1,,OK,,0,0,0020007910431251065004261450685B,1.17724,1.17762,1.17699,5,5,5.125,4.7,8.4625,1,1.2,1.2,1.2,1,1.2,0.5,12,0.5,12,0.5,12,313015,2026-06-28 10:20:58,11014086,BABU        ,13616,104339022020,104319220140,140HPW501   ,,AUTOMODE,BV141C,74,1,322324,OK,,0,0,9003102010431351065904261758792B,0020007910431251065004261450685B,00200045104311520066-7261752449B,OK,OK,OK,OK,314418,2026-06-28 10:16:32,11014086.0,BABU        ,13616,104339022020,104319220140,140HPW501   ,AUTOMODE,BV141A,22,1,322324,OK,CA1,0,0,300050104312999991395364110336,OK,OK,0.39,0.43,0.5,0.39,0.441,0.5,OK,,00200045104311520066-7261752449B,OK,OK,202.9,145.2,52.6,146.3,0.0,1.96023,52.0968,53.2255,0.163353,2.12358,55.2816,55.6918,57.7454,9.88281,57.3352,0.367542,0,0,0,0,05ACA002,314183,2026-06-28 10:17:10,11014086.0,BABU        ,13616.0,104339022020,104319220140,140HPW501   ,AUTOMODE,BV141B,26,1.0,322324.0,OK,,,,00200045104311520066-7261752449B,OK,OK,,OK,OK,315224,2026-06-28 10:21:46,11014086.0,BABU        ,13616,104339022020,104319220140,,AUTOMODE,BV141D,37,1,322324,OK,CA13,,,0020007910431251065004261450685B,,0,147.0,7.8,-113.55,50.1,134,19.6,-223.35,59.6,-223.35,-113.71,0.563129,2.22442,45.0,40.0,5.0,25.565,51.4849,51.5713,0,0,0,0,0,0,0,0,0,0,0,1.66,0,20.0,0,390870
5012684,1,0020007910431251065004261450739B,2026-06-03 01:21:03,306217, , ,104319220140,0,0,0,0,57000,110000,0,0,120000,0,0,0,1,0:20,1011,16,51.53,19,51.53,19,23.99,28,23.99,28,0,0,0,0,0,0,0,0,20.64,125,20.64,125,18.23,99,18.23,99,11.26,102,11.26,102,0,0,0,0,0,0,0,0,0,0,0,0,UCX31_x0001_|_x0007_:, ,1.22,4.93,45.19,14,4.57,93,64.47,0:56      ,3,2026-06-03 18:15:52,11014086.0,BABU        ,1,104339022020,104319220140,,AUTOMODE_TS1,BV141E,45,1,,OK,,0,0,0020007910431251065004261450739B,1.17649,1.17143,1.17421,5,5,4.5625,5.8725,5.9925,1,1.2,1.2,1.2,1,1.2,0.5,12,0.5,12,0.5,12,283407,2026-06-03 18:13:26,11014086,BABU        ,13616,104339022020,104319220140,140HPW501   ,,AUTOMODE,BV141C,19,1,296186,OK,,0,0,9003102010431351065904261487930B,0020007910431251065004261450739B,00200045104311520066-7261500676B,OK,OK,OK,OK,284561,2026-06-03 18:11:40,11014086.0,BABU        ,13616,104339022020,104319220140,140HPW501   ,AUTOMODE,BV141A,23,1,296186,OK,CA1,0,0,300050104312999991395364110336,OK,OK,0.39,0.433,0.5,0.39,0.434,0.5,OK,,00200045104311520066-7261500676B,OK,OK,202.9,145.2,52.6,146.3,-0.0408363,0.653408,52.5809,52.9911,0.0408401,1.51101,55.0472,55.4574,57.7097,9.51527,57.2001,0.204189,0,0,0,0,05ACA002,285083,2026-06-03 18:12:20,11014086.0,BABU        ,13616.0,104339022020,104319220140,140HPW501   ,AUTOMODE,BV141B,30,1.0,296186.0,OK,,,,00200045104311520066-7261500676B,OK,OK,,OK,OK,285239,2026-06-03 18:14:40,11014086.0,BABU        ,13616,104339022020,104319220140,,AUTOMODE,BV141D,31,1,296186,OK,CA13,,,0020007910431251065004261450739B,,0,145.0,3.7,-113.55,50.1,134,19.6,-223.2,59.6,-216.052,-106.71,0.195967,0.913816,45.0,40.0,5.0,25.9495,51.586,51.73,0,0,0,0,0,0,0,0,0,0,0,1.57,0,20.0,0,353141
5012852,1,0020007910431251065004261450781B,2026-06-03 02:47:42,306217, , ,104319220140,0,0,0,0,57000,110000,0,0,120000,0,0,0,1,0:19,1011,16,40.98,310,40.98,310,29.94,277,29.94,277,0,0,0,0,0,0,0,0,26.4,12,26.4,12,10.36,83,10.36,83,11.13,131,11.13,131,0,0,0,0,0,0,0,0,0,0,0,0,UCX31_x0001_|_x0007_:, ,1.23,4.94,45.02,14,3.99,93,64.52,0:56      ,3,2026-06-03 18:23:58,11014086.0,BABU        ,1,104339022020,104319220140,,AUTOMODE_TS1,BV141E,45,1,,OK,,0,0,0020007910431251065004261450781B,1.1737,1.17724,1.17623,5,5,4.0525,4.9925,6.8475,1,1.2,1.2,1.2,1,1.2,0.5,12,0.5,12,0.5,12,283416,2026-06-03 18:21:10,11014086,BABU        ,13616,104339022020,104319220140,140HPW501   ,,AUTOMODE,BV141C,21,1,296197,OK,,0,0,9003102010431351065904261487893B,0020007910431251065004261450781B,00200045104311520066-7261482035A,OK,OK,OK,OK,284571,2026-06-03 18:19:56,11014086.0,BABU        ,13616,104339022020,104319220140,140HPW501   ,AUTOMODE,BV141A,23,1,296197,OK,CA1,0,0,300050104312999991395364110336,OK,OK,0.39,0.463,0.5,0.39,0.448,0.5,OK,,00200045104311520066-7261482035A,OK,OK,202.9,145.2,52.6,146.3,-0.0408363,0.735085,52.0305,52.749,0.0408401,1.38849,54.8051,55.2153,57.4651,4.16548,57.0574,0.163353,0,0,0,0,05ACA006,285093,2026-06-03 18:20:36,11014086.0,BABU        ,13616.0,104339022020,104319220140,140HPW501   ,AUTOMODE,BV141B,30,1.0,296197.0,OK,,,,00200045104311520066-7261482035A,OK,OK,,OK,OK,285249,2026-06-03 18:22:44,11014086.0,BABU        ,13616,104339022020,104319220140,,AUTOMODE,BV141D,31,1,296197,OK,CA13,,,0020007910431251065004261450781B,,0,145.1,3.8,-113.55,50.1,134,19.6,-223.2,59.6,-216.052,-106.71,0.480646,1.49082,45.0,40.0,5.0,25.7007,51.5186,51.5851,0,0,0,0,0,0,0,0,0,0,0,1.67,0,20.0,0,353157
5012989,1,0020007910431251065004261450791B,2026-06-03 03:41:13,306217, , ,104319220140,0,0,0,0,57000,110000,0,0,120000,0,0,0,1,0:19,1011,16,37.12,16,37.12,16,23.06,346,23.06,346,0,0,0,0,0,0,0,0,18.91,73,18.91,73,9.49,144,9.49,144,10.59,60,10.59,60,0,0,0,0,0,0,0,0,0,0,0,0,UCX31_x0001_|_x0007_:, ,1.19,4.93,45.16,14,4.1,93,64.48,0:56      ,3,2026-06-03 18:21:52,11014086.0,BABU        ,1,104339022020,104319220140,,AUTOMODE_TS1,BV141E,45,1,,OK,,0,0,0020007910431251065004261450791B,1.1799,1.17345,1.17585,5,5,3.995,4.8075,7.375,1,1.2,1.2,1.2,1,1.2,0.5,12,0.5,12,0.5,12,283415,2026-06-03 18:19:04,11014086,BABU        ,13616,104339022020,104319220140,140HPW501   ,,AUTOMODE,BV141C,22,1,296194,OK,,0,0,9003102010431351065904261487200B,0020007910431251065004261450791B,00200045104311520066-7261480569B,OK,OK,OK,OK,284569,2026-06-03 18:17:18,11014086.0,BABU        ,13616,104339022020,104319220140,140HPW501   ,AUTOMODE,BV141A,23,1,296194,OK,CA1,0,0,300050104312999991395364110336,OK,OK,0.39,0.434,0.5,0.39,0.468,0.5,OK,,00200045104311520066-7261480569B,OK,OK,202.9,145.2,52.6,146.3,0.0,1.79688,52.2931,53.111,0.122513,1.87855,55.5824,55.9901,57.6386,4.16548,57.5366,0.326702,0,0,0,0,05ACA010,285091,2026-06-03 18:18:02,11014086.0,BABU        ,13616.0,104339022020,104319220140,140HPW501   ,AUTOMODE,BV141B,30,1.0,296194.0,OK,,,,00200045104311520066-7261480569B,OK,OK,,OK,OK,285247,2026-06-03 18:20:38,11014086.0,BABU        ,13616,104339022020,104319220140,,AUTOMODE,BV141D,31,1,296194,OK,CA13,,,0020007910431251065004261450791B,,0,145.2,3.7,-113.55,50.1,134,19.6,-223.2,59.6,-216.052,-106.71,0.351596,1.8455,45.0,40.0,5.0,23.439,51.8931,51.9535,0,0,0,0,0,0,0,0,0,0,0,1.67,0,20.0,0,353149
5069793,1,0020007910431251065004261450996C,2026-06-20 01:25:12,304212, , ,104319220140,0,0,0,0,57000,110000,0,0,120000,0,0,0,3,2:24,1011,16,37.67,87,9.2,153,45.19,84,1.97,89,0,0,0,0,0,0,0,0,30.62,192,1.5,202,10.52,30,2.79,259,7.86,296,9.56,294,0,0,0,0,0,0,0,0,0,0,0,0,UCX31_x0001_|_x0007_:, ,1.42,4.97,45.48,14,4.37,94,65.07,2:55      ,3,2026-06-21 08:47:17,11014981.0,MAREESWARAN ,1,104339022020,104319220140,,AUTOMODE_TS1,BV141E2,34,1,,OK,,0,0,0020007910431251065004261450996C,1.14893,1.17019,1.16465,5,5,2.08623,6.01437,3.50898,1,1.2,1.2,1.2,1,1.2,0.5,12,0.5,12,0.5,12,303080,2026-06-21 08:44:29,11014981,MAREESWARAN ,13616,104339022020,104319220140,140HPW501   ,,AUTOMODE,BV141C,19,1,314632,OK,,0,0,9003102010431351065904261688402A,0020007910431251065004261450996C,00200045104311520066-7261660519B,OK,OK,OK,OK,304378,2026-06-21 08:43:15,11014981.0,MAREESWARAN ,13616,104339022020,104319220140,140HPW501   ,AUTOMODE,BV141A,24,1,314632,OK,CA1,0,0,300050104312999991395364110336,OK,OK,0.39,0.447,0.5,0.39,0.442,0.5,OK,,00200045104311520066-7261660519B,OK,OK,202.9,145.2,52.6,146.3,-0.0408363,2.00107,52.0966,53.526,0.163353,1.87855,55.791,56.0993,56.2401,1.8026,57.6331,0.326706,0,0,0,0,05ACA010,305038,2026-06-21 08:43:59,11014981.0,MAREESWARAN ,13616.0,104339022020,104319220140,140HPW501   ,AUTOMODE,BV141B,29,1.0,314632.0,OK,,,,00200045104311520066-7261660519B,OK,OK,,OK,OK,305135,2026-06-21 08:46:11,11014981.0,MAREESWARAN ,13616,104339022020,104319220140,,AUTOMODE,BV141D,35,1,314632,OK,CA13,,,0020007910431251065004261450996C,,0,145.3,6.0,-113.55,50.1,134,19.6,-223.35,59.6,-223.35,-113.71,-0.0150757,0.610668,40.0878,41.5188,5.0,25.8515,51.8696,51.9655,0,0,0,0,0,0,0,0,0,0,0,1.68,0,20.0,0,379268
5038274,1,0020007910431251065004261451049C,2026-06-10 16:55:41,306217, , ,104319220140,0,0,0,0,57000,110000,0,0,120000,0,0,0,2,1:20,1011,16,11.87,10,3.79,353,17.58,319,4.24,309,0,0,0,0,0,0,0,0,15.27,49,3.72,50,6.29,203,0.9,194,9.51,114,11.1,120,0,0,0,0,0,0,0,0,0,0,0,0,UCX31_x0001_|_x0007_:, ,1.26,4.97,44.99,14,4,93,64.88,1:57      ,3,2026-06-29 21:19:07,11014086.0,BABU        ,1,104339022021,104319220151,,AUTOMODE_TS1,BV141E2,38,2,,OK,,0,0,0020007910431251065004261451049C,1.16616,1.15384,1.14881,5,5,2.16048,6.73054,3.5521,1,1.2,1.2,1.2,1,1.2,0.5,12,0.5,12,0.5,12,314039,2026-06-29 21:16:13,11014086,BABU        ,13616,104339022021,104319220151,160HP Z101  ,,AUTOMODE,BV141C,21,2,323409,OK,,0,0,9003102010431351065904261760280B,0020007910431251065004261451049C,00200045104311520066-7261770204C,OK,OK,OK,OK,315472,2026-06-29 21:14:29,11014086.0,BABU        ,13616,104339022021,104319220151,160HP Z101  ,AUTOMODE,BV141A,22,2,323409,OK,CA1,0,0,1020104313020080004674879488,OK,OK,0.39,0.432,0.5,0.39,0.431,0.5,OK,,00200045104311520066-7261770204C,OK,OK,202.9,145.2,52.6,146.3,-0.0408363,1.42933,52.0277,53.4698,0.0816765,2.16442,55.8342,56.1425,56.2444,2.16442,57.4776,0.449219,0,0,0,0,05ACA003,315255,2026-06-29 21:15:07,11014086.0,BABU        ,13616.0,104339022021,104319220151,160HP Z101  ,AUTOMODE,BV141B,26,2.0,323409.0,OK,,,,00200045104311520066-7261770204C,OK,OK,,OK,OK,316291,2026-06-29 21:18:01,11014086.0,BABU        ,13616,104339022021,104319220151,,AUTOMODE,BV141D,38,2,323409,OK,CA13,,,0020007910431251065004261451049C,,0,147.1,7.4,-113.55,50.1,134,19.6,-223.2,59.6,-223.2,-113.71,0.35343,0.8293,45.0,40.0072,5.0,26.0852,51.8939,51.9841,0,0,0,0,0,0,0,0,0,0,0,3.37,0,20.0,0,392185
5036448,1,0020007910431251065004261451052C,2026-06-10 05:52:10,306217, , ,104319220140,0,0,0,0,57000,110000,0,0,120000,0,0,0,3,2:10,1011,16,34.7,189,8.53,196,17.85,156,1.93,233,0,0,0,0,0,0,0,0,14.05,242,1.33,301,11.75,309,3.29,285,9.42,188,10.04,194,0,0,0,0,0,0,0,0,0,0,0,0,UCX31_x0001_|_x0007_:, ,1.24,4.95,45.34,14,4.43,93,65.03,2:47      ,3,2026-06-11 07:14:20,11014086.0,BABU        ,1,104339022020,104319220140,,AUTOMODE_TS1,BV141E,41,2,,OK,,0,0,0020007910431251065004261451052C,1.17396,1.17067,1.17383,5,5,6.095,5.415,7.1175,1,1.2,1.2,1.2,1,1.2,0.5,12,0.5,12,0.5,12,291973,2026-06-11 07:12:22,11014086,BABU        ,13616,104339022020,104319220140,140HPW501   ,,AUTOMODE,BV141C,101,2,304107,OK,,0,0,9003102010431351065904261570316B,0020007910431251065004261451052C,00200045104311520066-7261602242A,OK,OK,OK,OK,293219,2026-06-11 07:09:04,11014086.0,BABU        ,13616,104339022020,104319220140,140HPW501   ,AUTOMODE,BV141A,22,2,304107,OK,CA1,0,0,300050104312999991395364110336,OK,OK,0.39,0.43,0.5,0.39,0.446,0.5,OK,,00200045104311520066-7261602242A,OK,OK,202.9,145.2,52.6,146.3,0.0408363,2.00106,52.079,53.5211,0.163353,1.59269,55.6817,56.0919,56.2401,1.52429,57.6283,0.326706,0,0,0,0,05ACA005,293789,2026-06-11 07:09:44,11014086.0,BABU        ,13616.0,104339022020,104319220140,140HPW501   ,AUTOMODE,BV141B,30,2.0,304107.0,OK,,,,00200045104311520066-7261602242A,OK,OK,,OK,OK,293917,2026-06-11 07:13:06,11014086.0,BABU        ,13616,104339022020,104319220140,,AUTOMODE,BV141D,32,2,304107,OK,CA13,,,0020007910431251065004261451052C,,0,146.5,3.7,-113.55,50.1,134,19.6,-223.35,59.6,-223.35,-113.71,0.656176,2.92717,45.0,40.0,5.0,22.1272,51.9172,51.9481,0,0,0,0,0,0,0,0,0,0,0,1.87,0,20.0,0,363713
5088173,1,0020007910431251065004261451243C,2026-06-25 21:04:09,304212, , ,104319220140,0,0,0,0,57000,110000,0,0,120000,0,0,0,1,0:22,1011,16,48.75,198,48.75,198,45.41,207,45.41,207,0,0,0,0,0,0,0,0,52.56,194,52.56,194,6.73,120,6.73,120,10.57,219,10.57,219,0,0,0,0,0,0,0,0,0,0,0,0,UCX31_x0001_|_x0007_:, ,1.62,4.89,45.16,14,3.88,94,64.87,0:48      ,3,2026-06-26 21:50:29,11014981.0,MAREESWARAN ,1,104339022021,104319220151,,AUTOMODE_TS1,BV141E,44,2,,OK,,0,0,0020007910431251065004261451243C,1.1756,1.17901,1.17611,5,5,5.0625,5.365,7.215,1,1.2,1.2,1.2,1,1.2,0.5,12,0.5,12,0.5,12,308848,2026-06-26 21:47:49,11014981,MAREESWARAN ,13616,104339022021,104319220151,160HP Z101  ,,AUTOMODE,BV141C,18,2,320615,OK,,0,0,9003102010431351065904261745635A,0020007910431251065004261451243C,00200045104311520066-7261682943C,OK,OK,OK,OK,310220,2026-06-26 21:44:47,11014981.0,MAREESWARAN ,13616,104339022021,104319220151,160HP Z101  ,AUTOMODE,BV141A,22,2,320615,OK,CA1,0,0,1020104313020080004674879488,OK,OK,0.39,0.47,0.5,0.39,0.461,0.5,OK,,00200045104311520066-7261682943C,OK,OK,202.9,145.2,52.6,146.3,-0.0408401,2.24609,52.5166,53.5408,0.163349,2.36861,55.8033,56.2136,56.2401,2.30633,57.8646,0.245026,0,0,0,0,05ACA003,310959,2026-06-26 21:46:33,11014981.0,MAREESWARAN ,13616.0,104339022021,104319220151,160HP Z101  ,AUTOMODE,BV141B,29,2.0,320615.0,OK,,,,00200045104311520066-7261682943C,OK,OK,,OK,OK,311007,2026-06-26 21:49:19,11014981.0,MAREESWARAN ,13616,104339022021,104319220151,,AUTOMODE,BV141D,37,2,320615,OK,CA13,,,0020007910431251065004261451243C,,0,147.0,6.3,-113.55,50.1,134,19.6,-223.2,59.6,-223.2,-113.71,0.267025,1.18121,45.0,40.0,5.0,26.1078,51.8826,51.9589,0,0,0,0,0,0,0,0,0,0,0,3.52,0,20.0,0,386136
5054211,1,0020007910431251065004261453508A,2026-06-15 18:25:19,306217, , ,104319220140,0,0,0,0,57000,110000,0,0,120000,0,0,0,3,2:30,1011,16,56.54,231,17.49,166,43.81,232,2.28,218,0,0,0,0,0,0,0,0,35.18,327,2.74,321,10.13,329,8.26,258,8.41,274,9.96,283,0,0,0,0,0,0,0,0,0,0,0,0,UCX31_x0001_|_x0007_:, ,1.27,4.91,44.99,14,4.44,93,65,3:07      ,3,2026-06-16 06:17:52,11014981.0,MAREESWARAN ,1,104339022020,104319220140,,AUTOMODE_TS1,BV141E,41,2,,OK,,0,0,0020007910431251065004261453508A,1.1737,1.17358,1.17408,5,5,4.16,3.89,4.8025,1,1.2,1.2,1.2,1,1.2,0.5,12,0.5,12,0.5,12,297697,2026-06-16 06:14:50,11014981,MAREESWARAN ,13616,104339022020,104319220140,140HPW501   ,,AUTOMODE,BV141C,36,2,309215,OK,,0,0,9003102010431351065904261630165A,0020007910431251065004261453508A,00200045104311520066-7261612066A,OK,OK,OK,OK,299031,2026-06-16 06:12:46,11014981.0,MAREESWARAN ,13616,104339022020,104319220140,140HPW501   ,AUTOMODE,BV141A,24,2,309215,OK,CA1,0,0,300050104312999991395364110336,OK,OK,0.39,0.437,0.5,0.39,0.458,0.5,OK,,00200045104311520066-7261612066A,OK,OK,202.9,145.2,52.6,146.3,-0.0408363,1.75604,52.5908,53.4138,0.122517,2.16442,55.6738,55.9871,56.2401,1.75896,57.5235,0.408382,0,0,0,0,05ACA010,299655,2026-06-16 06:13:24,11014981.0,MAREESWARAN ,13616.0,104339022020,104319220140,140HPW501   ,AUTOMODE,BV141B,28,2.0,309215.0,OK,,,,00200045104311520066-7261612066A,OK,OK,,OK,OK,299758,2026-06-16 06:16:46,11014981.0,MAREESWARAN ,13616,104339022020,104319220140,,AUTOMODE,BV141D,32,2,309215,OK,CA13,,,0020007910431251065004261453508A,,0,145.5,3.6,-113.55,50.1,134,19.6,-223.35,59.6,-223.35,-113.71,0.413308,1.47739,45.0,40.0,5.0,25.1504,51.9173,51.9987,0,0,0,0,0,0,0,0,0,0,0,1.73,0,20.0,0,372230
5034496,1,0020007910431251065004261453522A,2026-06-09 16:54:22,304212, , ,104319220140,0,0,0,0,57000,110000,0,0,120000,0,0,0,3,2:13,1011,16,59.51,304,8.07,32,37.75,297,3.03,60,0,0,0,0,0,0,0,0,24.78,39,0.78,165,8.84,44,3.16,116,7.54,311,8.36,312,0,0,0,0,0,0,0,0,0,0,0,0,UCX31_x0001_|_x0007_:, ,1.53,4.96,45.86,14,4.37,94,64.94,2:44      ,3,2026-06-10 07:56:20,11014086.0,BABU        ,1,104339022020,104319220140,,AUTOMODE_TS1,BV141E2,34,2,,OK,,0,0,0020007910431251065004261453522A,1.15082,1.14591,1.16516,5,5,2.82275,6.24311,3.81078,1,1.2,1.2,1.2,1,1.2,0.5,12,0.5,12,0.5,12,290984,2026-06-10 07:54:28,11014981,MAREESWARAN ,13616,104339022020,104319220140,140HPW501   ,,AUTOMODE,BV141C,19,2,303058,OK,,0,0,9003102010431351065904261570018B,0020007910431251065004261453522A,00200045104311520066-7261520436B,OK,OK,OK,OK,292200,2026-06-10 07:53:06,11014981.0,MAREESWARAN ,13616,104339022020,104319220140,140HPW501   ,AUTOMODE,BV141A,21,2,303058,OK,CA1,0,0,300050104312999991395364110336,OK,OK,0.39,0.402,0.5,0.39,0.439,0.5,OK,,00200045104311520066-7261520436B,OK,OK,202.9,145.2,52.6,146.3,-0.0408401,2.61364,52.5882,53.4112,0.204189,2.5728,55.6686,56.0762,56.2401,2.14165,57.526,0.449219,0,0,0,0,05ACA003,292758,2026-06-10 07:53:44,11014981.0,MAREESWARAN ,13616.0,104339022020,104319220140,140HPW501   ,AUTOMODE,BV141B,28,2.0,303058.0,OK,,,,00200045104311520066-7261520436B,OK,OK,,OK,OK,292890,2026-06-10 07:55:18,11014981.0,MAREESWARAN ,13616,104339022020,104319220140,,AUTOMODE,BV141D,32,2,303058,OK,CA13,,,0020007910431251065004261453522A,,0,145.9,4.2,-113.55,50.1,134,19.6,-223.35,59.6,-223.35,-113.71,0.320087,1.58161,45.0,40.0,5.0,17.6565,52.0102,52.0475,0,0,0,0,0,0,0,0,0,0,0,1.59,0,20.0,0,362019
5034785,1,0020007910431251065004261453531A,2026-06-09 18:34:57,306217, , ,104319220140,0,0,0,0,57000,110000,0,0,120000,0,0,0,2,1:24,1011,16,40.62,242,16.51,214,23.2,181,2.74,152,0,0,0,0,0,0,0,0,19.07,268,0.74,277,18.85,13,7.85,314,9.84,301,12.74,309,0,0,0,0,0,0,0,0,0,0,0,0,UCX31_x0001_|_x0007_:, ,1.44,4.94,46.55,14,4.18,93,64.88,2:00      ,3,2026-06-10 07:55:40,11014086.0,BABU        ,1,104339022020,104319220140,,AUTOMODE_TS1,BV141E,41,2,,OK,,0,0,0020007910431251065004261453531A,1.17686,1.17408,1.17307,5,5,5.6525,6.1825,6.845,1,1.2,1.2,1.2,1,1.2,0.5,12,0.5,12,0.5,12,290983,2026-06-10 07:53:50,11014981,MAREESWARAN ,13616,104339022020,104319220140,140HPW501   ,,AUTOMODE,BV141C,33,2,303057,OK,,0,0,9003102010431351065904261579997B,0020007910431251065004261453531A,00200045104311520066-7261520455B,OK,OK,OK,OK,292199,2026-06-10 07:52:24,11014981.0,MAREESWARAN ,13616,104339022020,104319220140,140HPW501   ,AUTOMODE,BV141A,23,2,303057,OK,CA1,0,0,300050104312999991395364110336,OK,OK,0.39,0.421,0.5,0.39,0.399,0.5,OK,,00200045104311520066-7261520455B,OK,OK,202.9,145.2,52.6,146.3,0.0,1.02095,52.4841,52.9963,0.0816765,2.12358,55.246,55.6562,57.5034,3.87962,57.1951,0.408382,0,0,0,0,05ACA006,292757,2026-06-10 07:53:02,11014981.0,MAREESWARAN ,13616.0,104339022020,104319220140,140HPW501   ,AUTOMODE,BV141B,29,2.0,303057.0,OK,,,,00200045104311520066-7261520455B,OK,OK,,OK,OK,292889,2026-06-10 07:54:34,11014981.0,MAREESWARAN ,13616,104339022020,104319220140,,AUTOMODE,BV141D,32,2,303057,OK,CA13,,,0020007910431251065004261453531A,,0,145.0,4.2,-113.55,50.1,134,19.6,-223.35,59.6,-223.35,-113.71,0.067852,0.331722,44.9329,40.4619,5.0,17.8978,51.5634,51.5848,0,0,0,0,0,0,0,0,0,0,0,1.72,0,20.0,0,362018
5090941,1,0020007910431251065004261453847B,2026-06-26 14:12:27,304212, , ,104319220140,0,0,0,0,57000,110000,0,0,120000,0,0,0,2,1:15,1011,16,27.35,360,18.65,32,5.97,22,10.35,2,0,0,0,0,0,0,0,0,9.86,157,16.36,316,13.95,299,6.04,15,8.24,277,9.54,260,0,0,0,0,0,0,0,0,0,0,0,0,UCX31_x0001_|_x0007_:, ,1.45,4.95,45.92,14,4.04,94,64.88,13:24     ,3,2026-06-27 07:36:03,11014981.0,MAREESWARAN ,1,104339022021,104319220151,,AUTOMODE_TS1,BV141E,45,2,,OK,,0,0,0020007910431251065004261453847B,1.17712,1.17408,1.17522,5,5,5.6225,6.3325,6.0575,1,1.2,1.2,1.2,1,1.2,0.5,12,0.5,12,0.5,12,309278,2026-06-22 08:54:46,11014981,MAREESWARAN ,13616,104339022020,104319220140,140HPW501   ,,AUTOMODE,BV141C,30,1,314946,OK,,0,0,9003102010431351065904261677179A,0020007910431251065004261453847B,00200045104311520066-7261642560B,OK,OK,OK,OK,304678,2026-06-22 08:52:50,11014981.0,MAREESWARAN ,13616,104339022020,104319220140,140HPW501   ,AUTOMODE,BV141A,22,1,314946,OK,CA1,0,0,300050104312999991395364110336,OK,OK,0.39,0.425,0.5,0.39,0.431,0.5,OK,,00200045104311520066-7261642560B,OK,OK,202.9,145.2,52.6,146.3,0.0,1.47017,52.0868,52.9046,0.0816765,1.91939,55.2716,55.6869,57.6309,5.26811,57.3226,0.367542,0,0,0,0,05ACA006,305344,2026-06-22 08:53:30,11014981.0,MAREESWARAN ,13616.0,104339022020,104319220140,140HPW501   ,AUTOMODE,BV141B,29,1.0,314946.0,OK,,,,00200045104311520066-7261642560B,OK,OK,,OK,OK,305435,2026-06-22 08:56:24,11014981.0,MAREESWARAN ,13616,104339022020,104319220140,,AUTOMODE,BV141D,35,1,314946,OK,CA13,,,0020007910431251065004261453847B,,0,145.1,5.7,-113.55,50.1,134,19.6,-223.35,59.6,-223.35,-113.71,0.0301552,0.266127,44.8521,40.0,5.0,23.3636,51.5831,52.0327,0,0,0,0,0,0,0,0,0,0,0,1.95,0,20.0,0,379682
5073039,1,0020007910431251065004261454111C,2026-06-20 21:47:48,304212, , ,104319220140,0,0,0,0,57000,110000,0,0,120000,0,0,0,3,2:13,1011,16,38.33,211,11.69,200,9.4,11,2.27,204,0,0,0,0,0,0,0,0,6.93,150,2.71,266,22.69,305,2.9,301,5.53,283,9.22,275,0,0,0,0,0,0,0,0,0,0,0,0,UCX31_x0001_|_x0007_:, ,1.53,4.96,46.12,14,4.38,93,64.87,2:44      ,3,2026-06-21 10:49:14,11014981.0,MAREESWARAN ,1,104339022020,104319220140,,AUTOMODE_TS1,BV141E,40,1,,OK,,0,0,0020007910431251065004261454111C,1.17573,1.17547,1.17674,5,5,4.3225,4.7025,5.995,1,1.2,1.2,1.2,1,1.2,0.5,12,0.5,12,0.5,12,303168,2026-06-21 10:47:08,11014981,MAREESWARAN ,13616,104339022020,104319220140,140HPW501   ,,AUTOMODE,BV141C,21,1,314724,OK,,0,0,9003102010431351065904261689583B,0020007910431251065004261454111C,00200045104311520066-7261632397B,OK,OK,OK,OK,304466,2026-06-21 10:45:18,11014981.0,MAREESWARAN ,13616,104339022020,104319220140,140HPW501   ,AUTOMODE,BV141A,24,1,314724,OK,CA1,0,0,00100312104313000818-32515601299,OK,OK,0.39,0.437,0.5,0.39,0.437,0.5,OK,,00200045104311520066-7261632397B,OK,OK,202.9,145.2,52.6,146.3,-0.0408363,1.79688,52.3413,53.1643,0.122517,1.79688,55.4242,55.837,57.6893,3.14453,57.5874,0.204193,0,0,0,0,05ACA002,305128,2026-06-21 10:45:58,11014981.0,MAREESWARAN ,13616.0,104339022020,104319220140,140HPW501   ,AUTOMODE,BV141B,29,1.0,314724.0,OK,,,,00200045104311520066-7261632397B,OK,OK,,OK,OK,305223,2026-06-21 10:48:06,11014981.0,MAREESWARAN ,13616,104339022020,104319220140,,AUTOMODE,BV141D,35,1,314724,OK,CA13,,,0020007910431251065004261454111C,,0,145.2,5.7,-113.55,50.1,134,19.6,-223.35,59.6,-223.35,-113.71,0.105549,0.542816,44.9812,40.1136,5.0,25.7535,51.4734,51.5669,0,0,0,0,0,0,0,0,0,0,0,1.79,0,20.0,0,379356
5073939,1,0020007910431251065004261454153C,2026-06-21 03:29:28,306217, , ,104319220140,0,0,0,0,57000,110000,0,0,120000,0,0,0,1,0:19,1011,16,51.61,171,51.61,171,37.35,149,37.35,149,0,0,0,0,0,0,0,0,30.09,243,30.09,243,11.3,295,11.3,295,9.57,242,9.57,242,0,0,0,0,0,0,0,0,0,0,0,0,UCX31_x0001_|_x0007_:, ,1.17,4.95,45.02,14,4.48,93,64.45,0:56      ,3,2026-06-21 14:23:37,11014981.0,MAREESWARAN ,1,104339022020,104319220140,,AUTOMODE_TS1,BV141E2,34,1,,OK,,0,0,0020007910431251065004261454153C,1.15006,1.16226,1.15635,5,5,2.58922,6.57725,4.5976,1,1.2,1.2,1.2,1,1.2,0.5,12,0.5,12,0.5,12,303284,2026-06-21 14:19:23,11014981,MAREESWARAN ,13616,104339022020,104319220140,140HPW501   ,,AUTOMODE,BV141C,25,1,314850,OK,,0,0,9003102010431351065904261664994A,0020007910431251065004261454153C,00200045104311520066-7261642596C,OK,OK,OK,OK,304586,2026-06-21 14:17:57,11014981.0,MAREESWARAN ,13616,104339022020,104319220140,140HPW501   ,AUTOMODE,BV141A,26,1,314850,OK,CA1,0,0,300050104312999991395364110336,OK,OK,0.39,0.43,0.5,0.39,0.465,0.5,OK,,00200045104311520066-7261642596C,OK,OK,202.9,145.2,52.6,146.3,0.0,0.939278,52.2903,53.2151,0.0816765,1.75604,55.4751,55.7808,56.2401,1.26749,57.3172,0.408382,0,0,0,0,05ACA004,305251,2026-06-21 14:18:39,11014981.0,MAREESWARAN ,13616.0,104339022020,104319220140,140HPW501   ,AUTOMODE,BV141B,29,1.0,314850.0,OK,,,,00200045104311520066-7261642596C,OK,OK,,OK,OK,305343,2026-06-21 14:20:11,11014981.0,MAREESWARAN ,13616,104339022020,104319220140,,AUTOMODE,BV141D,35,1,314850,OK,CA13,,,0020007910431251065004261454153C,,0,145.4,6.1,-113.55,50.1,134,19.6,-223.35,59.6,-223.35,-113.71,0.0922842,0.565948,45.0,40.0,5.0,19.1191,52.4139,52.4135,0,0,0,0,0,0,0,0,0,0,0,1.73,0,20.0,0,379534
5073530,1,0020007910431251065004261454214C,2026-06-21 01:06:55,306217, , ,104319220140,0,0,0,0,57000,110000,0,0,120000,0,0,0,2,1:35,1011,16,63.93,325,26.77,288,45.41,299,9.01,274,0,0,0,0,0,0,0,0,35.87,32,6.78,22,17.25,93,9.72,22,7.3,53,10.47,64,0,0,0,0,0,0,0,0,0,0,0,0,UCX31_x0001_|_x0007_:, ,1.34,4.93,45.02,14,4.17,93,64.74,2:11      ,3,2026-06-29 09:11:08,11014086.0,BABU        ,1,104339022020,104319220140,,AUTOMODE_TS1,BV141E,40,1,,OK,,0,0,0020007910431251065004261454214C,1.17598,1.17674,1.17889,5,5,5.34,5.1975,6.23,1,1.2,1.2,1.2,1,1.2,0.5,12,0.5,12,0.5,12,313491,2026-06-29 09:08:22,11014086,BABU        ,13616,104339022020,104319220140,140HPW501   ,,AUTOMODE,BV141C,20,1,322824,OK,,0,0,9003102010431351065904261758295B,0020007910431251065004261454214C,00200045104311520066-7261752020A,OK,OK,OK,OK,314904,2026-06-29 09:06:20,11014086.0,BABU        ,13616,104339022020,104319220140,140HPW501   ,AUTOMODE,BV141A,21,1,322824,OK,CA1,0,0,300050104312999991395364110336,OK,OK,0.39,0.43,0.5,0.39,0.43,0.5,OK,,00200045104311520066-7261752020A,OK,OK,202.9,145.2,52.6,146.3,-0.0408401,2.45028,52.1778,53.4084,0.163353,2.12358,55.7703,56.1805,56.2401,2.07697,57.7321,0.326702,0,0,0,0,05ACA010,314677,2026-06-29 09:06:58,11014086.0,BABU        ,13616.0,104339022020,104319220140,140HPW501   ,AUTOMODE,BV141B,26,1.0,322824.0,OK,,,,00200045104311520066-7261752020A,OK,OK,,OK,OK,315716,2026-06-29 09:10:02,11014086.0,BABU        ,13616,104339022020,104319220140,,AUTOMODE,BV141D,37,1,322824,OK,CA13,,,0020007910431251065004261454214C,,0,147.4,10.9,-113.55,50.1,134,19.6,-223.35,59.6,-223.35,-113.71,0.901223,2.05063,45.0,40.6811,5.0,25.6329,51.7762,51.8853,0,0,0,0,0,0,0,0,0,0,0,1.65,0,20.0,0,391465
5048976,1,0020007910431251065004261461387A,2026-06-13 13:49:25,306217, , ,104319220151,0,0,0,0,57000,110000,0,0,120000,0,0,0,2,1:20,1011,16,22.16,240,3.93,185,28.65,205,4.38,177,0,0,0,0,0,0,0,0,24.23,296,3.21,275,6.36,80,0.28,201,10.05,30,10.92,27,0,0,0,0,0,0,0,0,0,0,0,0,UCX31_x0001_|_x0007_:, ,1.32,4.94,45.28,14,4.21,93,64.88,1:56      ,3,2026-06-14 10:27:29,11014981.0,MAREESWARAN ,1,104339022020,104319220140,,AUTOMODE_TS1,BV141E2,34,1,,OK,,0,0,0020007910431251065004261461387A,1.15346,1.14579,1.14792,5,5,2.97006,5.61198,3.68743,1,1.2,1.2,1.2,1,1.2,0.5,12,0.5,12,0.5,12,295474,2026-06-14 10:25:41,11014981,MAREESWARAN ,13616,104339022020,104319220140,140HPW501   ,,AUTOMODE,BV141C,20,1,307765,OK,,0,0,9003102010431351065904261605324B,0020007910431251065004261461387A,00200045104311520066-7261622424B,OK,OK,OK,OK,296789,2026-06-14 10:24:17,11014981.0,MAREESWARAN ,13616,104339022020,104319220140,140HPW501   ,AUTOMODE,BV141A,23,1,307765,OK,CA1,0,0,300050104312999991395364110336,OK,OK,0.39,0.422,0.5,0.39,0.417,0.5,OK,,00200045104311520066-7261622424B,OK,OK,202.9,145.2,52.6,146.3,-0.0408363,2.24609,52.0386,53.2641,0.163353,2.20526,55.5292,55.8349,57.6796,3.79794,57.2719,0.490059,0,0,0,0,05ACA003,297406,2026-06-14 10:24:53,11014981.0,MAREESWARAN ,13616.0,104339022020,104319220140,140HPW501   ,AUTOMODE,BV141B,29,1.0,307765.0,OK,,,,00200045104311520066-7261622424B,OK,OK,,OK,OK,297513,2026-06-14 10:26:25,11014981.0,MAREESWARAN ,13616,104339022020,104319220140,,AUTOMODE,BV141D,34,1,307765,OK,CA14,,,0020007910431251065004261461387A,,0,145.5,4.7,-113.55,50.1,134,19.6,-223.35,59.6,-223.35,-113.71,0.20296,1.23873,45.0,40.0,5.0,20.3404,52.3046,52.2836,0,0,0,0,0,0,0,0,0,0,0,1.58,0,20.0,0,369877
5037398,1,0020007910431251065004261461781A,2026-06-10 12:05:38,314116, , ,104319220151,0,0,0,0,57000,110000,0,0,120000,0,0,0,2,1:26,1011,16,55.17,170,12.34,194,23.52,119,4.81,117,0,0,0,0,0,0,0,0,18.06,98,3.2,78,16.93,164,4.59,189,8.99,85,10.62,90,0,0,0,0,0,0,0,0,0,0,0,0,UCX31_x0001_|_x0007_:, ,1.37,4.92,44.99,3,4.45,93,64.88,1:57      ,3,2026-06-11 07:29:40,11014086.0,BABU        ,1,104339022020,104319220140,,AUTOMODE_TS1,BV141E2,34,2,,OK,,0,0,0020007910431251065004261461781A,1.15962,1.14855,1.16881,5,5,1.88503,5.1006,2.83473,1,1.2,1.2,1.2,1,1.2,0.5,12,0.5,12,0.5,12,291982,2026-06-11 07:25:38,11014086,BABU        ,13616,104339022020,104319220140,140HPW501   ,,AUTOMODE,BV141C,46,2,304117,OK,,0,0,9003102010431351065904261579546A,0020007910431251065004261461781A,00200045104311520066-7261602630B,OK,OK,OK,OK,293228,2026-06-11 07:22:52,11014086.0,BABU        ,13616,104339022020,104319220140,140HPW501   ,AUTOMODE,BV141A,24,2,304117,OK,CA1,0,0,300050104312999991395364110336,OK,OK,0.39,0.453,0.5,0.39,0.451,0.5,OK,,00200045104311520066-7261602630B,OK,OK,202.9,145.2,52.6,146.3,0.0,0.939278,52.0944,53.2282,0.0816765,1.47017,55.3837,55.6895,56.2401,0.871655,57.7456,0.122517,0,0,0,0,05ACA004,293799,2026-06-11 07:23:34,11014086.0,BABU        ,13616.0,104339022020,104319220140,140HPW501   ,AUTOMODE,BV141B,28,2.0,304117.0,OK,,,,00200045104311520066-7261602630B,OK,OK,,OK,OK,293927,2026-06-11 07:28:38,11014086.0,BABU        ,13616,104339022020,104319220140,,AUTOMODE,BV141D,32,2,304117,OK,CA13,,,0020007910431251065004261461781A,,0,145.1,3.7,-113.55,50.1,134,19.6,-223.35,59.6,-223.35,-113.71,0.455539,2.1262,45.0,40.0,5.0,25.6103,51.824,51.9556,0,0,0,0,0,0,0,0,0,0,0,1.77,0,20.0,0,363734
5038997,1,0020007910431251065004261462155B,2026-06-10 20:35:51,314116, , ,104319220151,0,0,0,0,57000,110000,0,0,120000,0,0,0,1,0:20,1011,16,51.15,311,51.15,311,55.59,304,55.59,304,0,0,0,0,0,0,0,0,50.94,283,50.94,283,3.82,181,3.82,181,11.71,196,11.71,196,0,0,0,0,0,0,0,0,0,0,0,0,UCX31_x0001_|_x0007_:, ,1.24,4.98,45.39,3,3.94,93,65.53,0:56      ,3,2026-06-11 09:27:29,11014086.0,BABU        ,1,104339022021,104319220151,,AUTOMODE_TS1,BV141E,44,1,,OK,,0,0,0020007910431251065004261462155B,1.17585,1.17509,1.17547,5,5,3.9175,4.115,5.0225,1,1.2,1.2,1.2,1,1.2,0.5,12,0.5,12,0.5,12,292053,2026-06-11 09:25:23,11014981,MAREESWARAN ,13616,104339022021,104319220151,160HP Z101  ,,AUTOMODE,BV141C,46,1,304190,OK,,0,0,9003102010431351065904261570367B,0020007910431251065004261462155B,00200045104311520066-7261602371A,OK,OK,OK,OK,293300,2026-06-11 09:22:45,11014981.0,MAREESWARAN ,13616,104339022021,104319220151,160HP Z101  ,AUTOMODE,BV141A,40,1,304190,OK,CA1,0,0,1020104313020080004674879488,OK,OK,0.39,0.429,0.5,0.39,0.442,0.5,OK,,00200045104311520066-7261602371A,OK,OK,202.9,145.2,52.6,146.3,-0.0408363,1.26598,52.1199,53.0397,0.0408401,1.26598,55.4015,55.6054,57.5647,4.00213,57.2589,0.204193,0,0,0,0,05ACA006,293871,2026-06-11 09:23:31,11014981.0,MAREESWARAN ,13616.0,104339022021,104319220151,160HP Z101  ,AUTOMODE,BV141B,28,1.0,304190.0,OK,,,,00200045104311520066-7261602371A,OK,OK,,OK,OK,293999,2026-06-11 09:26:09,11014981.0,MAREESWARAN ,13616,104339022021,104319220151,,AUTOMODE,BV141D,33,1,304190,OK,CA13,,,0020007910431251065004261462155B,,0,145.6,4.4,-113.55,50.1,134,19.6,-223.2,59.6,-223.2,-113.71,0.463562,1.28918,45.0,40.1515,5.0,22.4815,51.8057,51.8768,0,0,0,0,0,0,0,0,0,0,0,3.42,0,20.0,0,363814
5058128,1,0020007910431251065004261462530C,2026-06-16 21:11:54,304212, , ,104319220140,0,0,0,0,57000,110000,0,0,120000,0,0,0,3,2:32,1011,16,89.79,30,9.95,88,58.37,9,4.08,116,0,0,0,0,0,0,0,0,40.32,112,2.12,189,16.35,167,2.52,168,6.73,83,8.79,93,0,0,0,0,0,0,0,0,0,0,0,0,UCX31_x0001_|_x0007_:, ,1.47,4.96,46.35,14,4.59,94,65.03,3:03      ,3,2026-06-19 00:33:26,11014981.0,MAREESWARAN ,1,104339022019,104319220139,,AUTOMODE_TS1,BV141E,39,2,,OK,,0,0,0020007910431251065004261462530C,1.17914,1.17497,1.17307,2,2,4.6725,4.31,5.3925,1,1.2,1.2,1.2,1,1.2,0.5,12,0.5,12,0.5,12,300970,2026-06-19 00:30:34,11014981,MAREESWARAN ,13616,104339022019,104319220139,140HPW501   ,,AUTOMODE,BV141C,15,2,312558,OK,,0,0,6000102010431351066005261416895A,0020007910431251065004261462530C,00200045104311520066-7261622776B,OK,OK,OK,OK,302334,2026-06-19 00:28:48,11014981.0,MAREESWARAN ,13616,104339022019,104319220139,140HPW501   ,AUTOMODE,BV141A,23,2,312558,OK,CA1,0,0,300050104312999991395364110336,OK,OK,0.39,0.445,0.5,0.39,0.437,0.5,OK,,00200045104311520066-7261622776B,OK,OK,202.9,145.2,52.6,146.3,0.0,1.42933,52.0687,53.1898,0.0,3.14453,55.0268,55.8446,57.5772,1.96023,57.1695,0.163353,0,0,0,0,05ACA007,302982,2026-06-19 00:29:28,11014981.0,MAREESWARAN ,13616.0,104339022019,104319220139,140HPW501   ,AUTOMODE,BV141B,28,2.0,312558.0,OK,,,,00200045104311520066-7261622776B,OK,OK,,OK,OK,303082,2026-06-19 00:32:22,11014981.0,MAREESWARAN ,13616,104339022019,104319220139,,AUTOMODE,BV141D,32,2,312558,OK,CA13,,,0020007910431251065004261462530C,,0,145.2,4.8,-113.55,49.8,134,19.6,-222.95,59.6,-222.95,-113.71,0.493526,1.43445,45.0,40.0,5.0,20.5063,52.4329,52.505,0,0,0,0,0,0,0,0,0,0,0,1.99,0,20.0,0,377038
5038227,1,0020007910431251065004261462551C,2026-06-10 16:39:19,314116, , ,104319220151,0,0,0,0,57000,110000,0,0,120000,0,0,0,2,1:34,1011,16,20.83,67,21.3,184,51.95,46,9.03,106,0,0,0,0,0,0,0,0,50.66,21,6.05,75,15.15,210,7.89,180,7.76,100,10.41,100,0,0,0,0,0,0,0,0,0,0,0,0,UCX31_x0001_|_x0007_:, ,1.31,5.06,44.99,3,3.99,93,64.88,2:05      ,3,2026-06-11 09:24:13,11014086.0,BABU        ,1,104339022021,104319220151,,AUTOMODE_TS1,BV141E,45,1,,OK,,0,0,0020007910431251065004261462551C,1.17649,1.17408,1.17889,5,5,4.38,4.265,6.5725,1,1.2,1.2,1.2,1,1.2,0.5,12,0.5,12,0.5,12,292049,2026-06-11 09:22:07,11014981,MAREESWARAN ,13616,104339022021,104319220151,160HP Z101  ,,AUTOMODE,BV141C,21,1,304186,OK,,0,0,9003102010431351065904261570317B,0020007910431251065004261462551C,00200045104311520066-7261602051A,OK,OK,OK,OK,293296,2026-06-11 09:19:47,11014981.0,MAREESWARAN ,13616,104339022021,104319220151,160HP Z101  ,AUTOMODE,BV141A,22,1,304186,OK,CA1,0,0,1020104313020080004674879488,OK,OK,0.39,0.419,0.5,0.39,0.447,0.5,OK,,00200045104311520066-7261602051A,OK,OK,202.9,145.2,52.6,146.3,0.0,1.22514,52.1049,53.1291,0.0816765,1.7152,55.4987,55.8069,57.5573,2.40945,57.4529,0.285866,0,0,0,0,05ACA002,293867,2026-06-11 09:20:27,11014981.0,MAREESWARAN ,13616.0,104339022021,104319220151,160HP Z101  ,AUTOMODE,BV141B,29,1.0,304186.0,OK,,,,00200045104311520066-7261602051A,OK,OK,,OK,OK,293995,2026-06-11 09:22:51,11014981.0,MAREESWARAN ,13616,104339022021,104319220151,,AUTOMODE,BV141D,33,1,304186,OK,CA13,,,0020007910431251065004261462551C,,0,145.2,4.4,-113.55,50.1,134,19.6,-223.2,59.6,-223.2,-113.71,0.353774,1.35194,45.0,40.0,5.0,21.8483,51.6009,51.6786,0,0,0,0,0,0,0,0,0,0,0,3.45,0,20.0,0,363810
5057621,1,0020007910431251065004261462574C,2026-06-16 17:55:45,304212, , ,104319220140,0,0,0,0,57000,110000,0,0,120000,0,0,0,2,1:28,1011,16,48.47,200,11.98,332,17,153,7.83,348,0,0,0,0,0,0,0,0,13.33,253,4.7,95,16.14,320,2.58,10,8.19,232,9.45,238,0,0,0,0,0,0,0,0,0,0,0,0,UCX31_x0001_|_x0007_:, ,1.41,4.97,45.57,14,3.72,94,65,1:59      ,3,2026-06-17 15:29:37,11014981.0,MAREESWARAN ,1,104339022020,104319220140,,AUTOMODE_TS1,BV141E2,34,1,,OK,,0,0,0020007910431251065004261462574C,1.16025,1.16528,1.15572,5,5,2.07186,6.20719,3.62635,1,1.2,1.2,1.2,1,1.2,0.5,12,0.5,12,0.5,12,299325,2026-06-17 15:27:05,11014981,MAREESWARAN ,13616,104339022020,104319220140,140HPW501   ,,AUTOMODE,BV141C,18,1,310882,OK,,0,0,9003102010431351065904261629248A,0020007910431251065004261462574C,00200045104311520066-7261660320B,OK,OK,OK,OK,300679,2026-06-17 15:25:41,11014981.0,MAREESWARAN ,13616,104339022020,104319220140,140HPW501   ,AUTOMODE,BV141A,28,1,310882,OK,CA1,0,0,300050104312999991395364110336,OK,OK,0.39,0.441,0.5,0.39,0.451,0.5,OK,,00200045104311520066-7261660320B,OK,OK,202.9,145.2,52.6,146.3,0.0,2.08274,52.0742,53.3048,0.122517,1.75604,55.6666,55.9724,57.8196,3.51207,57.4119,0.367546,0,0,0,0,05ACA001,301315,2026-06-17 15:26:19,11014981.0,MAREESWARAN ,13616.0,104339022020,104319220140,140HPW501   ,AUTOMODE,BV141B,28,1.0,310882.0,OK,,,,00200045104311520066-7261660320B,OK,OK,,OK,OK,301413,2026-06-17 15:28:33,11014981.0,MAREESWARAN ,13616,104339022020,104319220140,,AUTOMODE,BV141D,31,1,310882,OK,CA13,,,0020007910431251065004261462574C,,0,145.2,3.4,-113.55,50.1,134,19.6,-223.35,59.6,-223.35,-113.71,0.75837,2.1918,45.0,40.0,5.0,24.502,52.1941,52.7618,0,0,0,0,0,0,0,0,0,0,0,1.73,0,20.0,0,374743
5081722,1,0020007910431251065004261462645C,2026-06-24 00:11:16,304212, , ,104319220140,0,0,0,0,57000,110000,0,0,120000,0,0,0,2,1:18,1011,16,26.48,121,5.23,159,21.68,94,1.11,234,0,0,0,0,0,0,0,0,15.84,199,0.5,264,4.25,309,1.81,254,7.75,200,8.63,209,0,0,0,0,0,0,0,0,0,0,0,0,UCX31_x0001_|_x0007_:, ,1.56,4.96,45.48,14,4.7,94,64.99,1:48      ,3,2026-06-29 21:50:15,11014086.0,BABU        ,1,104339022021,104319220151,,AUTOMODE_TS1,BV141E2,38,2,,OK,,0,0,0020007910431251065004261462645C,1.15233,1.14843,1.16138,5,5,2.41078,6.77126,4.96168,1,1.2,1.2,1.2,1,1.2,0.5,12,0.5,12,0.5,12,314070,2026-06-29 21:47:51,11014086,BABU        ,13616,104339022021,104319220151,160HP Z101  ,,AUTOMODE,BV141C,26,2,323440,OK,,0,0,9003102010431351065904261760004B,0020007910431251065004261462645C,00200045104311520066-7261752379C,OK,OK,OK,OK,315503,2026-06-29 21:46:15,11014086.0,BABU        ,13616,104339022021,104319220151,160HP Z101  ,AUTOMODE,BV141A,25,2,323440,OK,CA1,0,0,1020104313020080004674879488,OK,OK,0.39,0.432,0.5,0.39,0.435,0.5,OK,,00200045104311520066-7261752379C,OK,OK,202.9,145.2,52.6,146.3,-0.0408401,1.75603,52.5983,52.9091,0.122513,2.08274,55.2684,55.5767,57.8341,8.08593,57.4265,0.245026,0,0,0,0,05ACA008,315286,2026-06-29 21:46:55,11014086.0,BABU        ,13616.0,104339022021,104319220151,160HP Z101  ,AUTOMODE,BV141B,26,2.0,323440.0,OK,,,,00200045104311520066-7261752379C,OK,OK,,OK,OK,316322,2026-06-29 21:49:09,11014086.0,BABU        ,13616,104339022021,104319220151,,AUTOMODE,BV141D,38,2,323440,OK,CA13,,,0020007910431251065004261462645C,,0,147.2,7.8,-113.55,50.1,134,19.6,-223.2,59.6,-223.2,-113.71,0.450325,1.83993,45.0,40.0,5.0,25.9344,51.4708,51.5718,0,0,0,0,0,0,0,0,0,0,0,3.36,0,20.0,0,392216
5085666,1,0020007910431251065004261462661C,2026-06-25 03:19:18,304212, , ,104319220151,0,0,0,0,57000,110000,0,0,120000,0,0,0,2,1:21,1011,16,44.38,210,3.79,5,29.83,182,3.95,59,0,0,0,0,0,0,0,0,41.42,290,3.75,222,8.86,335,2.15,28,7.81,313,8.74,317,0,0,0,0,0,0,0,0,0,0,0,0,UCX31_x0001_|_x0007_:, ,1.39,4.94,44.84,14,4.7,93,64.88,1:52      ,3,2026-06-26 03:49:17,11014981.0,MAREESWARAN ,1,104339022020,104319220140,,AUTOMODE_TS1,BV141E,40,2,,OK,,0,0,0020007910431251065004261462661C,1.17851,1.17446,1.17472,5,5,4.4075,5.3,6.2675,1,1.2,1.2,1.2,1,1.2,0.5,12,0.5,12,0.5,12,307991,2026-06-26 03:46:51,11014981,MAREESWARAN ,13616,104339022020,104319220140,140HPW501   ,,AUTOMODE,BV141C,19,2,319745,OK,,0,0,9003102010431351065904261735065B,0020007910431251065004261462661C,00200045104311520066-7261692617C,OK,OK,OK,OK,309370,2026-06-26 03:45:01,11014981.0,MAREESWARAN ,13616,104339022020,104319220140,140HPW501   ,AUTOMODE,BV141A,22,2,319745,OK,CA1,0,0,300050104312999991395364110336,OK,OK,0.39,0.403,0.5,0.39,0.407,0.5,OK,,00200045104311520066-7261692617C,OK,OK,202.9,145.2,52.6,146.3,0.0,1.91939,52.0557,52.7691,0.122513,1.91939,55.1284,55.4341,57.7017,6.53409,57.2941,0.245029,0,0,0,0,05ACA008,310098,2026-06-26 03:45:45,11014981.0,MAREESWARAN ,13616.0,104339022020,104319220140,140HPW501   ,AUTOMODE,BV141B,28,2.0,319745.0,OK,,,,00200045104311520066-7261692617C,OK,OK,,OK,OK,310150,2026-06-26 03:48:13,11014981.0,MAREESWARAN ,13616,104339022020,104319220140,,AUTOMODE,BV141D,32,2,319745,OK,CA13,,,0020007910431251065004261462661C,,0,147.4,4.4,-113.55,50.1,134,19.6,-223.35,59.6,-223.35,-113.71,0.653188,2.21052,45.0,40.0,5.0,24.5774,51.8985,52.0751,0,0,0,0,0,0,0,0,0,0,0,1.64,0,20.0,0,385047
5083309,1,0020007910431251065004261462685C,2026-06-24 11:17:30,304212, , ,104319220151,0,0,0,0,57000,110000,0,0,120000,0,0,0,1,0:23,1011,16,67.21,283,67.21,283,77.15,267,77.15,267,0,0,0,0,0,0,0,0,80.54,318,80.54,318,15.56,68,15.56,68,10.22,298,10.22,298,0,0,0,0,0,0,0,0,0,0,0,0,UCX31_x0001_|_x0007_:, ,1.3,4.94,45.02,14,4.6,94,64.67,0:54      ,3,2026-06-25 13:13:26,11014981.0,MAREESWARAN ,1,104339022020,104319220140,,AUTOMODE_TS1,BV141E2,34,1,,OK,,0,0,0020007910431251065004261462685C,1.14893,1.16541,1.16868,5,5,1.45389,6.93772,3.30778,1,1.2,1.2,1.2,1,1.2,0.5,12,0.5,12,0.5,12,307198,2026-06-25 13:09:56,11014981,MAREESWARAN ,13616,104339022020,104319220140,140HPW501   ,,AUTOMODE,BV141C,21,1,318918,OK,,0,0,9003102010431351065904261702841B,0020007910431251065004261462685C,00200045104311520066-7261742219B,OK,OK,OK,OK,308570,2026-06-25 13:08:04,11014981.0,MAREESWARAN ,13616,104339022020,104319220140,140HPW501   ,AUTOMODE,BV141A,22,1,318918,OK,CA1,0,0,300050104312999991395364110336,OK,OK,0.39,0.449,0.5,0.39,0.441,0.5,OK,,00200045104311520066-7261742219B,OK,OK,202.9,145.2,52.6,146.3,0.0,1.67436,52.0816,53.5186,0.122513,1.716,55.7683,56.2401,56.2805,1.79688,57.7149,0.326702,0,0,0,0,05ACA010,309283,2026-06-25 13:08:42,11014981.0,MAREESWARAN ,13616.0,104339022020,104319220140,140HPW501   ,AUTOMODE,BV141B,28,1.0,318918.0,OK,,,,00200045104311520066-7261742219B,OK,OK,,OK,OK,309346,2026-06-25 13:12:24,11014981.0,MAREESWARAN ,13616,104339022020,104319220140,,AUTOMODE,BV141D,39,1,318918,OK,CA13,,,0020007910431251065004261462685C,,0,145.0,9.9,-113.55,50.1,134,19.6,-223.35,59.6,-223.35,-113.71,0.41626,1.11578,45.0,40.045,5.0,25.9571,51.872,52.3778,0,0,0,0,0,0,0,0,0,0,0,1.64,0,20.0,0,384191
5055169,1,0020007910431251065004261462866C,2026-06-16 02:16:56,306217, , ,104319220140,0,0,0,0,57000,110000,0,0,120000,0,0,0,1,0:20,1011,16,31.88,315,31.88,315,27.22,313,27.22,313,0,0,0,0,0,0,0,0,24.42,45,24.42,45,2.1,356,2.1,356,11.02,46,11.02,46,0,0,0,0,0,0,0,0,0,0,0,0,UCX31_x0001_|_x0007_:, ,1.27,4.91,44.96,14,4.33,93,64.52,5:54      ,3,2026-06-18 21:40:29,11014981.0,MAREESWARAN ,1,104339022019,104319220139,,AUTOMODE_TS1,BV141E2,32,2,,OK,,0,0,0020007910431251065004261462866C,1.16075,1.16327,1.15182,2,2,3.93293,7.16647,4.04311,1,1.2,1.2,1.2,1,1.2,0.5,12,0.5,12,0.5,12,300779,2026-06-18 21:38:10,11014981,MAREESWARAN ,13616,104339022019,104319220139,140HPW501   ,,AUTOMODE,BV141C,20,2,312366,OK,,0,0,6000102010431351066005261405859B,0020007910431251065004261462866C,00200045104311520066-7261622052A,OK,OK,OK,OK,302142,2026-06-18 21:37:00,11014981.0,MAREESWARAN ,13616,104339022019,104319220139,140HPW501   ,AUTOMODE,BV141A,37,2,312366,OK,CA1,0,0,300050104312999991395364110336,OK,OK,0.39,0.425,0.5,0.39,0.43,0.5,OK,,00200045104311520066-7261622052A,OK,OK,202.9,145.2,52.6,146.3,-0.0408401,2.49112,52.0692,53.496,0.0,2.73615,55.5394,56.049,56.2401,2.27145,57.4758,0.122513,0,0,0,0,05ACA003,302790,2026-06-18 21:37:38,11014981.0,MAREESWARAN ,13616.0,104339022019,104319220139,140HPW501   ,AUTOMODE,BV141B,28,2.0,312366.0,OK,,,,00200045104311520066-7261622052A,OK,OK,,OK,OK,302889,2026-06-18 21:39:25,11014981.0,MAREESWARAN ,13616,104339022019,104319220139,,AUTOMODE,BV141D,31,2,312366,OK,CA13,,,0020007910431251065004261462866C,,0,145.7,4.7,-113.55,49.8,134,19.6,-222.95,59.6,-222.95,-113.71,0.448141,1.02531,45.0,40.365,5.0,23.3712,52.3253,52.4232,0,0,0,0,0,0,0,0,0,0,0,1.8,0,20.0,0,376799
5046345,1,0020007910431251065004261464564A,2026-06-12 20:50:03,306217, , ,104319220151,0,0,0,0,57000,110000,0,0,120000,0,0,0,3,2:27,1011,16,46.79,200,11.53,112,8.1,161,1.63,75,0,0,0,0,0,0,0,0,1.49,249,1.94,228,24.75,302,5.56,200,7.97,220,9.22,237,0,0,0,0,0,0,0,0,0,0,0,0,UCX31_x0001_|_x0007_:, ,1.39,4.94,45.1,14,4.01,93,64.88,3:04      ,3,2026-06-13 07:27:31,11014890.0,SUDALAI     ,1,104339022020,104319220140,,AUTOMODE_TS1,BV141E,40,2,,OK,,0,0,0020007910431251065004261464564A,1.17889,1.17269,1.17623,5,5,4.3925,4.6825,5.835,1,1.2,1.2,1.2,1,1.2,0.5,12,0.5,12,0.5,12,294224,2026-06-13 07:24:37,11014890,SUDALAI     ,13616,104339022020,104319220140,140HPW501   ,,AUTOMODE,BV141C,22,2,306469,OK,,0,0,9003102010431351065904261591518A,0020007910431251065004261464564A,00200045104311520066-7261572016A,OK,OK,OK,OK,295527,2026-06-13 07:23:03,11014890.0,SUDALAI     ,13616,104339022020,104319220140,140HPW501   ,AUTOMODE,BV141A,99,2,306469,OK,CA1,0,0,300050104312999991395364110336,OK,OK,0.39,0.395,0.5,0.39,0.402,0.5,OK,,00200045104311520066-7261572016A,OK,OK,202.9,145.2,52.6,146.3,0.0,1.10263,52.2374,53.2591,0.0816765,1.63352,55.5242,55.728,57.4708,1.51101,57.3688,0.326706,0,0,0,0,05ACA010,296130,2026-06-13 07:23:41,11014890.0,SUDALAI     ,13616.0,104339022020,104319220140,140HPW501   ,AUTOMODE,BV141B,29,2.0,306469.0,OK,CA4,,,00200045104311520066-7261572016A,OK,OK,,OK,OK,296243,2026-06-13 07:25:23,11014890.0,SUDALAI     ,13616,104339022020,104319220140,,AUTOMODE,BV141D,32,2,306469,OK,CA13,,,0020007910431251065004261464564A,,0,145.9,3.8,-113.55,50.1,134,19.6,-223.35,59.6,-223.35,-113.71,0.0903556,0.637819,45.0,40.0,5.0,22.7906,51.8387,51.8968,0,0,0,0,0,0,0,0,0,0,0,1.6,0,20.0,0,367505
5049178,1,0020007910431251065004261464581A,2026-06-13 15:01:55,306217, , ,104319220151,0,0,0,0,57000,110000,0,0,120000,0,0,0,1,0:20,1011,16,33.78,141,33.78,141,37.04,137,37.04,137,0,0,0,0,0,0,0,0,33.07,231,33.07,231,3.21,98,3.21,98,9.39,24,9.39,24,0,0,0,0,0,0,0,0,0,0,0,0,UCX31_x0001_|_x0007_:, ,1.28,4.93,45.19,14,3.98,93,64.39,1:00      ,3,2026-06-14 10:29:49,11014981.0,MAREESWARAN ,1,104339022020,104319220140,,AUTOMODE_TS1,BV141E,40,1,,OK,,0,0,0020007910431251065004261464581A,1.17332,1.17269,1.17219,5,5,3.9475,4.245,5.485,1,1.2,1.2,1.2,1,1.2,0.5,12,0.5,12,0.5,12,295477,2026-06-14 10:27:25,11014981,MAREESWARAN ,13616,104339022020,104319220140,140HPW501   ,,AUTOMODE,BV141C,20,1,307768,OK,,0,0,9003102010431351065904261605241B,0020007910431251065004261464581A,00200045104311520066-7261622443B,OK,OK,OK,OK,296792,2026-06-14 10:26:13,11014981.0,MAREESWARAN ,13616,104339022020,104319220140,140HPW501   ,AUTOMODE,BV141A,21,1,307768,OK,CA1,0,0,300050104312999991395364110336,OK,OK,0.39,0.42,0.5,0.39,0.418,0.5,OK,,00200045104311520066-7261622443B,OK,OK,202.9,145.2,52.6,146.3,0.0,1.59269,52.0741,53.1978,0.122513,1.59269,55.4475,55.6513,56.2401,1.01872,57.5062,0.204189,0,0,0,0,05ACA004,297409,2026-06-14 10:26:51,11014981.0,MAREESWARAN ,13616.0,104339022020,104319220140,140HPW501   ,AUTOMODE,BV141B,28,1.0,307768.0,OK,,,,00200045104311520066-7261622443B,OK,OK,,OK,OK,297516,2026-06-14 10:28:43,11014981.0,MAREESWARAN ,13616,104339022020,104319220140,,AUTOMODE,BV141D,34,1,307768,OK,CA14,,,0020007910431251065004261464581A,,0,145.5,4.4,-113.55,50.1,134,19.6,-223.35,59.6,-223.35,-113.71,0.373003,1.8739,45.0,40.0,5.0,24.404,51.7986,51.8591,0,0,0,0,0,0,0,0,0,0,0,1.7,0,20.0,0,369880
5041655,1,0020007910431251065004261464602A,2026-06-11 16:01:00,306217, , ,104319220151,0,0,0,0,57000,110000,0,0,120000,0,0,0,2,1:27,1011,16,50.66,178,27.28,151,40.89,159,11.78,145,0,0,0,0,0,0,0,0,34.27,252,9.52,249,9.79,317,8.48,242,9.69,319,11.85,320,0,0,0,0,0,0,0,0,0,0,0,0,UCX31_x0001_|_x0007_:, ,1.37,4.93,45.05,14,4.28,93,65.03,2:04      ,3,2026-06-12 09:38:57,11014981.0,MAREESWARAN ,1,104339022021,104319220151,,AUTOMODE_TS1,BV141E2,38,1,,OK,,0,0,0020007910431251065004261464602A,1.16604,1.16063,1.16214,5,5,3.29461,7.11258,4.49341,1,1.2,1.2,1.2,1,1.2,0.5,12,0.5,12,0.5,12,293177,2026-06-12 09:37:03,11014981,MAREESWARAN ,13616,104339022021,104319220151,160HP Z101  ,,AUTOMODE,BV141C,20,1,305376,OK,,0,0,9003102010431351065904261603646A,0020007910431251065004261464602A,00200045104311520066-7261602181A,OK,OK,OK,OK,294462,2026-06-12 09:35:55,11014981.0,MAREESWARAN ,13616,104339022021,104319220151,160HP Z101  ,AUTOMODE,BV141A,22,1,305376,OK,CA1,0,0,1020104313020080004674879488,OK,OK,0.39,0.422,0.5,0.39,0.418,0.5,OK,,00200045104311520066-7261602181A,OK,OK,202.9,145.2,52.6,146.3,-0.0408363,1.26598,52.0558,53.2813,0.0816765,1.55185,55.6483,55.8521,57.605,1.47017,57.5031,0.204189,0,0,0,0,05ACA010,295050,2026-06-12 09:36:31,11014981.0,MAREESWARAN ,13616.0,104339022021,104319220151,160HP Z101  ,AUTOMODE,BV141B,28,1.0,305376.0,OK,,,,00200045104311520066-7261602181A,OK,OK,,OK,OK,295168,2026-06-12 09:37:47,11014981.0,MAREESWARAN ,13616,104339022021,104319220151,,AUTOMODE,BV141D,34,1,305376,OK,CA13,,,0020007910431251065004261464602A,,0,145.7,4.8,-113.55,50.1,134,19.6,-223.2,59.6,-223.2,-113.71,0.201099,1.0437,45.0,40.0,5.0,19.3604,52.3347,52.3525,0,0,0,0,0,0,0,0,0,0,0,3.44,0,20.0,0,365630
5049196,1,0020007910431251065004261464605A,2026-06-13 15:12:06,306217, , ,104319220151,0,0,0,0,57000,110000,0,0,120000,0,0,0,1,0:20,1011,16,38.07,30,38.07,30,26.38,1,26.38,1,0,0,0,0,0,0,0,0,21.06,94,21.06,94,9.25,153,9.25,153,10.91,159,10.91,159,0,0,0,0,0,0,0,0,0,0,0,0,UCX31_x0001_|_x0007_:, ,1.3,4.93,44.84,14,4.24,93,64.45,0:56      ,3,2026-06-16 02:02:25,11014981.0,MAREESWARAN ,1,104339022020,104319220140,,AUTOMODE_TS1,BV141E,40,2,,OK,,0,0,0020007910431251065004261464605A,1.17269,1.17674,1.17573,5,5,3.89,3.9625,4.8375,1,1.2,1.2,1.2,1,1.2,0.5,12,0.5,12,0.5,12,297453,2026-06-16 02:00:21,11014981,MAREESWARAN ,13616,104339022020,104319220140,140HPW501   ,,AUTOMODE,BV141C,23,2,308970,OK,,0,0,9003102010431351065904261591542A,0020007910431251065004261464605A,00200045104311520066-7261612352A,OK,OK,OK,OK,298786,2026-06-16 01:58:47,11014981.0,MAREESWARAN ,13616,104339022020,104319220140,140HPW501   ,AUTOMODE,BV141A,22,2,308970,OK,CA1,0,0,300050104312999991395364110336,OK,OK,0.39,0.414,0.5,0.39,0.425,0.5,OK,,00200045104311520066-7261612352A,OK,OK,202.9,145.2,52.6,146.3,0.0,2.69531,52.0251,53.5716,0.204189,2.40945,55.7271,56.1373,56.2401,2.24436,57.5718,0.449219,0,0,0,0,05ACA007,299410,2026-06-16 01:59:29,11014981.0,MAREESWARAN ,13616.0,104339022020,104319220140,140HPW501   ,AUTOMODE,BV141B,28,2.0,308970.0,OK,,,,00200045104311520066-7261612352A,OK,OK,,OK,OK,299513,2026-06-16 02:01:11,11014981.0,MAREESWARAN ,13616,104339022020,104319220140,,AUTOMODE,BV141D,39,2,308970,OK,CA13,,,0020007910431251065004261464605A,,0,145.3,3.5,-113.55,50.1,134,19.6,-223.35,59.6,-223.35,-113.71,0.285264,1.15348,45.0,40.2964,5.0,23.9441,51.927,52.0039,0,0,0,0,0,0,0,0,0,0,0,1.76,0,20.0,1,371974
5042200,1,0020007910431251065004261464633B,2026-06-11 19:03:44,306217, , ,104319220151,0,0,0,0,57000,110000,0,0,120000,0,0,0,2,1:20,1011,16,41.71,353,16.46,307,22.33,308,3.73,306,0,0,0,0,0,0,0,0,16.81,37,3.78,69,16.03,116,6.24,29,6.77,114,8.65,107,0,0,0,0,0,0,0,0,0,0,0,0,UCX31_x0001_|_x0007_:, ,1.34,4.93,45.13,14,4.67,93,64.88,1:56      ,3,2026-06-12 09:48:27,11014981.0,MAREESWARAN ,1,104339022021,104319220151,,AUTOMODE_TS1,BV141E,44,1,,OK,,0,0,0020007910431251065004261464633B,1.17573,1.17181,1.17345,5,5,5.495,6.7,7.79,1,1.2,1.2,1.2,1,1.2,0.5,12,0.5,12,0.5,12,293186,2026-06-12 09:46:13,11014981,MAREESWARAN ,13616,104339022021,104319220151,160HP Z101  ,,AUTOMODE,BV141C,21,1,305386,OK,,0,0,9003102010431351065904261592410B,0020007910431251065004261464633B,00200045104311520066-7261602152A,OK,OK,OK,OK,294472,2026-06-12 09:45:01,11014981.0,MAREESWARAN ,13616,104339022021,104319220151,160HP Z101  ,AUTOMODE,BV141A,22,1,305386,OK,CA1,0,0,1020104313020080004674879488,OK,OK,0.39,0.414,0.5,0.39,0.428,0.5,OK,,00200045104311520066-7261602152A,OK,OK,202.9,145.2,52.6,146.3,0.0,2.36861,52.3077,53.546,0.204189,2.28693,55.7066,56.1193,56.2401,2.07931,57.6582,0.408379,0,0,0,0,05ACA005,295060,2026-06-12 09:45:39,11014981.0,MAREESWARAN ,13616.0,104339022021,104319220151,160HP Z101  ,AUTOMODE,BV141B,29,1.0,305386.0,OK,,,,00200045104311520066-7261602152A,OK,OK,,OK,OK,295178,2026-06-12 09:47:15,11014981.0,MAREESWARAN ,13616,104339022021,104319220151,,AUTOMODE,BV141D,34,1,305386,OK,CA13,,,0020007910431251065004261464633B,,0,145.7,4.6,-113.55,50.1,134,19.6,-223.2,59.6,-223.2,-113.71,0.535591,1.24395,45.0,41.288,5.0,24.3211,52.3943,53.3844,0,0,0,0,0,0,0,0,0,0,0,3.42,0,20.0,0,365639
5042222,1,0020007910431251065004261464661B,2026-06-11 19:09:23,306217, , ,104319220151,0,0,0,0,57000,110000,0,0,120000,0,0,0,1,0:20,1011,16,39.96,103,39.96,103,26.65,50,26.65,50,0,0,0,0,0,0,0,0,20.64,142,20.64,142,14.08,233,14.08,233,9.81,270,9.81,270,0,0,0,0,0,0,0,0,0,0,0,0,UCX31_x0001_|_x0007_:, ,1.3,4.94,45.13,14,5.36,93,64.5,0:56      ,3,2026-06-12 09:41:17,11014981.0,MAREESWARAN ,1,104339022021,104319220151,,AUTOMODE_TS1,BV141E,45,1,,OK,,0,0,0020007910431251065004261464661B,1.17762,1.17459,1.17219,5,5,3.9525,4.2025,6.275,1,1.2,1.2,1.2,1,1.2,0.5,12,0.5,12,0.5,12,293180,2026-06-12 09:39:19,11014981,MAREESWARAN ,13616,104339022021,104319220151,160HP Z101  ,,AUTOMODE,BV141C,30,1,305379,OK,,0,0,9003102010431351065904261603636A,0020007910431251065004261464661B,00200045104311520066-7261592128B,OK,OK,OK,OK,294465,2026-06-12 09:37:55,11014981.0,MAREESWARAN ,13616,104339022021,104319220151,160HP Z101  ,AUTOMODE,BV141A,25,1,305379,OK,CA1,0,0,1020104313020080004674879488,OK,OK,0.39,0.416,0.5,0.39,0.419,0.5,OK,,00200045104311520066-7261592128B,OK,OK,202.9,145.2,52.6,146.3,-0.0408363,2.28693,52.7159,53.5388,0.163353,1.51101,55.8064,56.2192,56.2401,1.48584,57.6587,0.245029,0,0,0,0,05ACA005,295053,2026-06-12 09:38:39,11014981.0,MAREESWARAN ,13616.0,104339022021,104319220151,160HP Z101  ,AUTOMODE,BV141B,28,1.0,305379.0,OK,,,,00200045104311520066-7261592128B,OK,OK,,OK,OK,295171,2026-06-12 09:40:03,11014981.0,MAREESWARAN ,13616,104339022021,104319220151,,AUTOMODE,BV141D,33,1,305379,OK,CA13,,,0020007910431251065004261464661B,,0,145.7,4.5,-113.55,50.1,134,19.6,-223.2,59.6,-223.2,-113.71,0.794903,1.37211,45.0,40.8124,5.0,26.3717,51.8939,52.0039,0,0,0,0,0,0,0,0,0,0,0,3.4,0,20.0,0,365633
5041928,1,0020007910431251065004261464726B,2026-06-11 17:29:19,306217, , ,104319220151,0,0,0,0,57000,110000,0,0,120000,0,0,0,1,0:20,1011,16,62.36,71,62.36,71,51.99,41,51.99,41,0,0,0,0,0,0,0,0,43.71,132,43.71,132,15,217,15,217,10.51,147,10.51,147,0,0,0,0,0,0,0,0,0,0,0,0,UCX31_x0001_|_x0007_:, ,1.3,4.94,45.6,14,3.99,93,64.45,0:56      ,3,2026-06-12 09:45:53,11014981.0,MAREESWARAN ,1,104339022021,104319220151,,AUTOMODE_TS1,BV141E,45,1,,OK,,0,0,0020007910431251065004261464726B,1.17472,1.17219,1.17585,5,5,4.38,4.5625,5.935,1,1.2,1.2,1.2,1,1.2,0.5,12,0.5,12,0.5,12,293183,2026-06-12 09:43:35,11014981,MAREESWARAN ,13616,104339022021,104319220151,160HP Z101  ,,AUTOMODE,BV141C,22,1,305383,OK,,0,0,9003102010431351065904261603632A,0020007910431251065004261464726B,00200045104311520066-7261602176A,OK,OK,OK,OK,294469,2026-06-12 09:40:57,11014981.0,MAREESWARAN ,13616,104339022021,104319220151,160HP Z101  ,AUTOMODE,BV141A,22,1,305383,OK,CA1,0,0,1020104313020080004674879488,OK,OK,0.39,0.425,0.5,0.39,0.45,0.5,OK,,00200045104311520066-7261602176A,OK,OK,202.9,145.2,52.6,146.3,0.0,1.34766,52.4027,53.3251,0.122513,1.91939,55.5952,56.2118,56.2401,1.86266,57.7456,0.326702,0,0,0,0,05ACA010,295057,2026-06-12 09:41:33,11014981.0,MAREESWARAN ,13616.0,104339022021,104319220151,160HP Z101  ,AUTOMODE,BV141B,28,1.0,305383.0,OK,,,,00200045104311520066-7261602176A,OK,OK,,OK,OK,295175,2026-06-12 09:44:41,11014981.0,MAREESWARAN ,13616,104339022021,104319220151,,AUTOMODE,BV141D,34,1,305383,OK,CA13,,,0020007910431251065004261464726B,,0,145.9,4.6,-113.55,50.1,134,19.6,-223.2,59.6,-223.2,-113.71,0.391552,1.26656,45.0,40.073,5.0,26.2888,51.8915,52.0423,0,0,0,0,0,0,0,0,0,0,0,3.38,0,20.0,0,365636
5079296,1,0020007910431251065004261464860B,2026-06-23 08:41:51,306217, , ,104319220140,0,0,0,0,57000,110000,0,0,120000,0,0,0,3,2:38,1011,16,68.42,15,13.74,7,62.16,356,12.06,357,0,0,0,0,0,0,0,0,58.36,88,14.12,84,20.28,98,0.35,72,6.76,50,8.99,59,0,0,0,0,0,0,0,0,0,0,0,0,UCX31_x0001_|_x0007_:, ,1.32,4.93,45.1,14,3.58,93,65.03,3:15      ,3,2026-06-28 09:53:07,11014981.0,MAREESWARAN ,1,104339022020,104319220140,,AUTOMODE_TS1,BV141E2,34,1,,OK,,0,0,0020007910431251065004261464860B,1.14692,1.14818,1.14843,5,5,2.69581,7.37964,4.16168,1,1.2,1.2,1.2,1,1.2,0.5,12,0.5,12,0.5,12,313007,2026-06-28 09:48:11,11014086,BABU        ,13616,104339022020,104319220140,140HPW501   ,,AUTOMODE,BV141C,27,1,322314,OK,,0,0,9003102010431351065904261758304B,0020007910431251065004261464860B,00200045104311520066-7261702143A,OK,OK,OK,OK,314408,2026-06-28 09:46:47,11014086.0,BABU        ,13616,104339022020,104319220140,140HPW501   ,AUTOMODE,BV141A,22,1,322314,OK,CA1,0,0,300050104312999991395364110336,OK,OK,0.39,0.462,0.5,0.39,0.423,0.5,OK,,00200045104311520066-7261702143A,OK,OK,202.9,145.2,52.6,146.3,-0.0816765,1.10263,52.8256,52.9275,0.0408363,1.83771,55.0779,55.59,57.5417,6.12571,57.1289,0.326702,0,0,0,0,05ACA006,314173,2026-06-28 09:47:25,11014086.0,BABU        ,13616.0,104339022020,104319220140,140HPW501   ,AUTOMODE,BV141B,26,1.0,322314.0,OK,,,,00200045104311520066-7261702143A,OK,OK,,OK,OK,315214,2026-06-28 09:52:05,11014086.0,BABU        ,13616,104339022020,104319220140,,AUTOMODE,BV141D,38,1,322314,OK,CA13,,,0020007910431251065004261464860B,,0,147.0,8.9,-113.55,50.1,134,19.6,-223.35,59.6,-223.35,-113.71,0.646225,1.76149,45.0,40.0,5.0,26.04,51.8831,52.0519,0,0,0,0,0,0,0,0,0,0,0,1.65,0,20.0,0,390845
5079206,1,0020007910431251065004261464877B,2026-06-23 08:00:05,304212, , ,104319220140,0,0,0,0,57000,110000,0,0,120000,0,0,0,5,3:50,1011,16,82.41,199,9.45,208,69.16,194,5.84,181,0,0,0,0,0,0,0,0,46.91,296,4.49,288,5.39,346,1.28,4,5.79,297,9.09,291,0,0,0,0,0,0,0,0,0,0,0,0,UCX31_x0001_|_x0007_:, ,1.35,4.96,46.29,14,3.91,94,65.1,4:21      ,3,2026-06-28 07:28:10,11014981.0,MAREESWARAN ,1,104339022020,104319220140,,AUTOMODE_TS1,BV141E2,34,2,,OK,,0,0,0020007910431251065004261464877B,1.16981,1.16151,1.14956,5,5,2.58683,7.34611,4.48982,1,1.2,1.2,1.2,1,1.2,0.5,12,0.5,12,0.5,12,312922,2026-06-28 07:25:52,11014086,BABU        ,13616,104339022020,104319220140,140HPW501   ,,AUTOMODE,BV141C,36,2,322224,OK,,0,0,9003102010431351065904261769601A,0020007910431251065004261464877B,00200045104311520066-7261762028A,OK,OK,OK,OK,314320,2026-06-28 07:23:22,11014086.0,BABU        ,13616,104339022020,104319220140,140HPW501   ,AUTOMODE,BV141A,22,2,322224,OK,CA1,0,0,300050104312999991395364110336,OK,OK,0.39,0.457,0.5,0.39,0.453,0.5,OK,,00200045104311520066-7261762028A,OK,OK,202.9,145.2,52.6,146.3,-0.0408363,2.08274,52.3335,53.4546,0.163353,2.16442,55.712,56.0177,56.2401,1.88218,57.4623,0.449219,0,0,0,0,05ACA003,314083,2026-06-28 07:23:58,11014086.0,BABU        ,13616.0,104339022020,104319220140,140HPW501   ,AUTOMODE,BV141B,26,2.0,322224.0,OK,,,,00200045104311520066-7261762028A,OK,OK,,OK,OK,315125,2026-06-28 07:27:08,11014086.0,BABU        ,13616,104339022020,104319220140,,AUTOMODE,BV141D,32,2,322224,OK,CA13,,,0020007910431251065004261464877B,,0,148.1,4.0,-113.55,50.1,134,19.6,-223.35,59.6,-223.35,-113.71,0.282608,1.18197,45.0,40.0,5.0,25.4821,51.9585,52.0976,0,0,0,0,0,0,0,0,0,0,0,1.65,0,20.0,0,390731
5056692,1,0020007910431251065004261464932C,2026-06-16 11:42:50,304212, , ,104319220140,0,0,0,0,57000,110000,0,0,120000,0,0,0,1,0:22,1011,16,31.77,340,31.77,340,24.34,358,24.34,358,0,0,0,0,0,0,0,0,16.27,103,16.27,103,7.25,359,7.25,359,10.46,27,10.46,27,0,0,0,0,0,0,0,0,0,0,0,0,UCX31_x0001_|_x0007_:, ,1.34,4.98,44.82,14,4.78,94,64.88,0:57      ,3,2026-06-17 15:32:25,11014981.0,MAREESWARAN ,1,104339022020,104319220140,,AUTOMODE_TS1,BV141E2,34,1,,OK,,0,0,0020007910431251065004261464932C,1.14956,1.14881,1.15019,5,5,2.49341,6.1497,3.16407,1,1.2,1.2,1.2,1,1.2,0.5,12,0.5,12,0.5,12,299329,2026-06-17 15:29:57,11014981,MAREESWARAN ,13616,104339022020,104319220140,140HPW501   ,,AUTOMODE,BV141C,20,1,310886,OK,,0,0,9003102010431351065904261630893A,0020007910431251065004261464932C,00200045104311520066-7261660228A,OK,OK,OK,OK,300683,2026-06-17 15:28:13,11014981.0,MAREESWARAN ,13616,104339022020,104319220140,140HPW501   ,AUTOMODE,BV141A,22,1,310886,OK,CA1,0,0,300050104312999991395364110336,OK,OK,0.39,0.441,0.5,0.39,0.428,0.5,OK,,00200045104311520066-7261660228A,OK,OK,202.9,145.2,52.6,146.3,-0.00904846,1.83771,52.0212,52.9687,0.122513,2.36861,55.2286,55.6388,57.6847,6.94247,57.1752,0.367542,0,0,0,0,05ACA006,301319,2026-06-17 15:28:51,11014981.0,MAREESWARAN ,13616.0,104339022020,104319220140,140HPW501   ,AUTOMODE,BV141B,29,1.0,310886.0,OK,,,,00200045104311520066-7261660228A,OK,OK,,OK,OK,301417,2026-06-17 15:31:21,11014981.0,MAREESWARAN ,13616,104339022020,104319220140,,AUTOMODE,BV141D,31,1,310886,OK,CA13,,,0020007910431251065004261464932C,,0,145.7,3.1,-113.55,50.1,134,19.6,-223.35,59.6,-223.35,-113.71,0.64022,2.42536,45.0,40.0,5.0,22.2177,52.035,52.1056,0,0,0,0,0,0,0,0,0,0,0,1.54,0,20.0,0,374747
5059191,1,0020007910431251065004261464962C,2026-06-17 03:26:16,304212, , ,104319220140,0,0,0,0,57000,110000,0,0,120000,0,0,0,2,1:22,1011,16,40.65,39,9.63,118,37.65,10,2.95,67,0,0,0,0,0,0,0,0,26.68,115,2.71,165,6.19,247,2.58,238,8.33,165,10.99,169,0,0,0,0,0,0,0,0,0,0,0,0,UCX31_x0001_|_x0007_:, ,1.43,4.93,44.9,14,4.29,94,65.06,1:53      ,3,2026-06-17 20:47:38,11014981.0,MAREESWARAN ,1,104339022020,104319220140,,AUTOMODE_TS1,BV141E2,34,2,,OK,,0,0,0020007910431251065004261464962C,1.16038,1.15044,1.14881,5,5,2.66826,6.01677,3.50659,1,1.2,1.2,1.2,1,1.2,0.5,12,0.5,12,0.5,12,299546,2026-06-17 20:45:42,11014981,MAREESWARAN ,13616,104339022020,104319220140,140HPW501   ,,AUTOMODE,BV141C,16,2,311112,OK,,0,0,9003102010431351065904261665623A,0020007910431251065004261464962C,00200045104311520066-7261650508A,OK,OK,OK,OK,300904,2026-06-17 20:44:26,11014981.0,MAREESWARAN ,13616,104339022020,104319220140,140HPW501   ,AUTOMODE,BV141A,23,2,311112,OK,CA1,0,0,300050104312999991395364110336,OK,OK,0.39,0.397,0.5,0.39,0.43,0.5,OK,,00200045104311520066-7261650508A,OK,OK,202.9,145.2,52.6,146.3,-0.0408401,1.34766,52.0226,53.0545,0.0816765,1.87855,55.0062,55.6176,57.577,2.65447,57.2687,0.285866,0,0,0,0,05ACA004,301542,2026-06-17 20:45:04,11014981.0,MAREESWARAN ,13616.0,104339022020,104319220140,140HPW501   ,AUTOMODE,BV141B,28,2.0,311112.0,OK,,,,00200045104311520066-7261650508A,OK,OK,,OK,OK,301639,2026-06-17 20:46:34,11014981.0,MAREESWARAN ,13616,104339022020,104319220140,,AUTOMODE,BV141D,34,2,311112,OK,CA13,,,0020007910431251065004261464962C,,0,145.3,4.7,-113.55,50.1,134,19.6,-223.35,59.6,-223.35,-113.71,0.147171,0.49004,45.0,40.2732,5.0,22.0367,52.3846,52.3797,0,0,0,0,0,0,0,0,0,0,0,1.81,0,20.0,0,375067
5056352,1,0020007910431251065004261464982C,2026-06-16 09:41:53,306217, , ,104319220140,0,0,0,0,57000,110000,0,0,120000,0,0,0,2,1:17,1011,16,20.05,76,10.73,115,12.11,22,2.49,101,0,0,0,0,0,0,0,0,9.45,116,2.67,221,6.89,199,4.12,197,10.04,200,10.89,200,0,0,0,0,0,0,0,0,0,0,0,0,UCX31_x0001_|_x0007_:, ,1.31,4.95,45.02,14,5.34,93,65.01,1:54      ,3,2026-06-17 15:31:47,11014981.0,MAREESWARAN ,1,104339022020,104319220140,,AUTOMODE_TS1,BV141E,41,1,,OK,,0,0,0020007910431251065004261464982C,1.17585,1.17383,1.17383,5,5,3.8075,3.9225,4.055,1,1.2,1.2,1.2,1,1.2,0.5,12,0.5,12,0.5,12,299328,2026-06-17 15:29:15,11014981,MAREESWARAN ,13616,104339022020,104319220140,140HPW501   ,,AUTOMODE,BV141C,20,1,310885,OK,,0,0,9003102010431351065904261628162A,0020007910431251065004261464982C,00200045104311520066-7261660139A,OK,OK,OK,OK,300682,2026-06-17 15:27:35,11014981.0,MAREESWARAN ,13616,104339022020,104319220140,140HPW501   ,AUTOMODE,BV141A,22,1,310885,OK,CA1,0,0,300050104312999991395364110336,OK,OK,0.39,0.446,0.5,0.39,0.429,0.5,OK,,00200045104311520066-7261660139A,OK,OK,202.9,145.2,52.6,146.3,-0.0408363,1.59269,52.2551,53.0832,0.0816765,1.42933,55.547,55.9546,57.6974,1.83771,57.5955,0.204189,0,0,0,0,05ACA010,301318,2026-06-17 15:28:13,11014981.0,MAREESWARAN ,13616.0,104339022020,104319220140,140HPW501   ,AUTOMODE,BV141B,28,1.0,310885.0,OK,,,,00200045104311520066-7261660139A,OK,OK,,OK,OK,301416,2026-06-17 15:30:39,11014981.0,MAREESWARAN ,13616,104339022020,104319220140,,AUTOMODE,BV141D,31,1,310885,OK,CA13,,,0020007910431251065004261464982C,,0,146.0,3.2,-113.55,50.1,134,19.6,-223.35,59.6,-223.35,-113.71,0.948965,2.72514,45.0,40.0,5.0,22.9037,52.3321,52.4366,0,0,0,0,0,0,0,0,0,0,0,1.5,0,20.0,0,374746
5056686,1,0020007910431251065004261464984C,2026-06-16 11:41:53,304212, , ,104319220140,0,0,0,0,57000,110000,0,0,120000,0,0,0,1,0:22,1011,16,32.82,338,32.82,338,10.45,352,10.45,352,0,0,0,0,0,0,0,0,5.41,104,5.41,104,11.64,53,11.64,53,9.73,134,9.73,134,0,0,0,0,0,0,0,0,0,0,0,0,UCX31_x0001_|_x0007_:, ,1.35,5.03,44.7,14,4.89,93,64.73,0:54      ,3,2026-06-17 15:31:01,11014981.0,MAREESWARAN ,1,104339022020,104319220140,,AUTOMODE_TS1,BV141E2,34,1,,OK,,0,0,0020007910431251065004261464984C,1.16201,1.14956,1.14654,5,5,2.69461,6.08743,3.25509,1,1.2,1.2,1.2,1,1.2,0.5,12,0.5,12,0.5,12,299327,2026-06-17 15:28:25,11014981,MAREESWARAN ,13616,104339022020,104319220140,140HPW501   ,,AUTOMODE,BV141C,18,1,310884,OK,,0,0,9003102010431351065904261617864B,0020007910431251065004261464984C,00200045104311520066-7261660299A,OK,OK,OK,OK,300681,2026-06-17 15:26:57,11014981.0,MAREESWARAN ,13616,104339022020,104319220140,140HPW501   ,AUTOMODE,BV141A,22,1,310884,OK,CA1,0,0,300050104312999991395364110336,OK,OK,0.39,0.446,0.5,0.39,0.425,0.5,OK,,00200045104311520066-7261660299A,OK,OK,202.9,145.2,52.6,146.3,0.0,1.87855,52.0843,53.3175,0.122517,2.00107,55.4678,55.8755,57.6131,1.67436,57.5112,0.28587,0,0,0,0,05ACA004,301317,2026-06-17 15:27:35,11014981.0,MAREESWARAN ,13616.0,104339022020,104319220140,140HPW501   ,AUTOMODE,BV141B,28,1.0,310884.0,OK,,,,00200045104311520066-7261660299A,OK,OK,,OK,OK,301415,2026-06-17 15:29:57,11014981.0,MAREESWARAN ,13616,104339022020,104319220140,,AUTOMODE,BV141D,31,1,310884,OK,CA13,,,0020007910431251065004261464984C,,0,145.5,3.2,-113.55,50.1,134,19.6,-223.35,59.6,-223.35,-113.71,0.684932,2.72117,45.0,40.0,5.0,22.1347,52.366,52.439,0,0,0,0,0,0,0,0,0,0,0,1.63,0,20.0,0,374745
5047568,1,0020007910431251065004261465076C,2026-06-13 03:27:16,306217, , ,104319220151,0,0,0,0,57000,110000,0,0,120000,0,0,0,2,1:24,1011,16,27.3,196,5.9,148,17.02,265,3.15,277,0,0,0,0,0,0,0,0,17.41,3,2.89,2,15.68,253,3.74,224,8.04,212,9.59,211,0,0,0,0,0,0,0,0,0,0,0,0,UCX31_x0001_|_x0007_:, ,1.28,4.92,45.25,14,4.36,93,64.88,2:01      ,3,2026-06-13 22:28:00,11014981.0,MAREESWARAN ,1,104339022021,104319220151,,AUTOMODE_TS1,BV141E2,38,2,,OK,,0,0,0020007910431251065004261465076C,1.16893,1.16453,1.15597,5,5,1.89461,4.91976,3.50659,1,1.2,1.2,1.2,1,1.2,0.5,12,0.5,12,0.5,12,294954,2026-06-13 22:25:44,11014981,MAREESWARAN ,13616,104339022021,104319220151,160HP Z101  ,,AUTOMODE,BV141C,25,2,307227,OK,,0,0,9003102010431351065904261604644B,0020007910431251065004261465076C,00200045104311520066-7261572703C,OK,OK,OK,OK,296265,2026-06-13 22:24:18,11014981.0,MAREESWARAN ,13616,104339022021,104319220151,160HP Z101  ,AUTOMODE,BV141A,22,2,307227,OK,CA1,0,0,1020104313020080004674879488,OK,OK,0.39,0.428,0.5,0.39,0.428,0.5,OK,,00200045104311520066-7261572703C,OK,OK,202.9,145.2,52.6,146.3,0.0,1.55185,52.0586,53.0778,0.122517,2.16442,55.1364,55.6485,57.6104,2.16442,57.3021,0.367542,0,0,0,0,05ACA004,296875,2026-06-13 22:24:56,11014981.0,MAREESWARAN ,13616.0,104339022021,104319220151,160HP Z101  ,AUTOMODE,BV141B,29,2.0,307227.0,OK,,,,00200045104311520066-7261572703C,OK,OK,,OK,OK,296985,2026-06-13 22:26:50,11014981.0,MAREESWARAN ,13616,104339022021,104319220151,,AUTOMODE,BV141D,36,2,307227,OK,CA13,,,0020007910431251065004261465076C,,0,145.9,4.4,-113.55,50.1,134,19.6,-223.2,59.6,-223.2,-113.71,0.380529,1.99392,45.0,40.0,5.0,25.7535,51.8321,51.9683,0,0,0,0,0,0,0,0,0,0,0,3.39,0,20.0,0,368313
5049114,1,0020007910431251065004261465225C,2026-06-13 14:34:48,306217, , ,104319220151,0,0,0,0,57000,110000,0,0,120000,0,0,0,3,2:10,1011,16,7.96,46,2.05,318,10.96,119,0.87,187,0,0,0,0,0,0,0,0,11.11,211,0.76,296,7.41,71,1.17,64,8.26,336,9.9,335,0,0,0,0,0,0,0,0,0,0,0,0,UCX31_x0001_|_x0007_:, ,1.37,4.94,44.84,14,3.87,93,65.03,2:47      ,3,2026-06-14 10:33:33,11014981.0,MAREESWARAN ,1,104339022020,104319220140,,AUTOMODE_TS1,BV141E2,34,1,,OK,,0,0,0020007910431251065004261465225C,1.15484,1.14767,1.15006,5,5,1.54012,5.07425,1.72216,1,1.2,1.2,1.2,1,1.2,0.5,12,0.5,12,0.5,12,295482,2026-06-14 10:30:51,11014981,MAREESWARAN ,13616,104339022020,104319220140,140HPW501   ,,AUTOMODE,BV141C,22,1,307773,OK,,0,0,9003102010431351065904261605331B,0020007910431251065004261465225C,00200045104311520066-7261622168A,OK,OK,OK,OK,296797,2026-06-14 10:29:23,11014981.0,MAREESWARAN ,13616,104339022020,104319220140,140HPW501   ,AUTOMODE,BV141A,22,1,307773,OK,CA1,0,0,300050104312999991395364110336,OK,OK,0.39,0.422,0.5,0.39,0.425,0.5,OK,,00200045104311520066-7261622168A,OK,OK,202.9,145.2,52.6,146.3,-0.0408363,2.00106,52.0334,53.4653,0.122513,2.24609,55.6183,55.9291,57.7789,4.24716,57.4731,0.449219,0,0,0,0,05ACA001,297414,2026-06-14 10:30:01,11014981.0,MAREESWARAN ,13616.0,104339022020,104319220140,140HPW501   ,AUTOMODE,BV141B,28,1.0,307773.0,OK,,,,00200045104311520066-7261622168A,OK,OK,,OK,OK,297521,2026-06-14 10:32:29,11014981.0,MAREESWARAN ,13616,104339022020,104319220140,,AUTOMODE,BV141D,34,1,307773,OK,CA14,,,0020007910431251065004261465225C,,0,145.2,4.7,-113.55,50.1,134,19.6,-223.35,59.6,-223.35,-113.71,0.372284,1.40981,45.0,40.0705,5.0,21.2753,52.0497,52.055,0,0,0,0,0,0,0,0,0,0,0,1.76,0,20.0,0,369885
5049775,1,0020007910431251065004261472959A,2026-06-13 18:28:05,306217, , ,104319220140,0,0,0,0,57000,110000,0,0,120000,0,0,0,2,1:26,1011,16,43.6,207,12.16,191,42.94,174,4.49,170,0,0,0,0,0,0,0,0,35.6,264,3.18,271,10.72,13,3.72,289,8.8,323,10.21,326,0,0,0,0,0,0,0,0,0,0,0,0,UCX31_x0001_|_x0007_:, ,1.39,4.94,44.84,14,3.7,93,64.88,2:02      ,3,2026-06-28 10:28:46,11014981.0,MAREESWARAN ,1,104339022020,104319220140,,AUTOMODE_TS1,BV141E,40,1,,OK,,0,0,0020007910431251065004261472959A,1.17636,1.17509,1.17472,5,5,5.1525,5.1775,8.87,1,1.2,1.2,1.2,1,1.2,0.5,12,0.5,12,0.5,12,313019,2026-06-28 10:25:14,11014086,BABU        ,13616,104339022020,104319220140,140HPW501   ,,AUTOMODE,BV141C,31,1,322328,OK,,0,0,9003102010431351065904261758293B,0020007910431251065004261472959A,00200045104311520066-7261750741B,OK,OK,OK,OK,314422,2026-06-28 10:21:40,11014086.0,BABU        ,13616,104339022020,104319220140,140HPW501   ,AUTOMODE,BV141A,66,1,322328,OK,CA1,0,0,300050104312999991395364110336,OK,OK,0.39,0.445,0.5,0.39,0.46,0.5,OK,,00200045104311520066-7261750741B,OK,OK,202.9,145.2,52.6,146.3,0.0,2.16442,52.0811,53.1027,0.122513,1.87855,55.4621,55.7704,57.6176,5.88068,57.3118,0.326706,0,0,0,0,05ACA006,314187,2026-06-28 10:23:26,11014086.0,BABU        ,13616.0,104339022020,104319220140,140HPW501   ,AUTOMODE,BV141B,26,1.0,322328.0,OK,,,,00200045104311520066-7261750741B,OK,OK,,OK,OK,315228,2026-06-28 10:26:08,11014086.0,BABU        ,13616,104339022020,104319220140,,AUTOMODE,BV141D,38,1,322328,OK,CA13,,,0020007910431251065004261472959A,,0,147.0,8.9,-113.55,50.1,134,19.6,-223.35,59.6,-223.35,-113.71,0.270192,0.874531,45.0,40.2328,5.0,24.4492,51.8867,52.014,0,0,0,0,0,0,0,0,0,0,0,1.78,0,20.0,0,390874
5047748,1,0020007910431251065004261473103A,2026-06-13 05:08:46,306217, , ,104319220151,0,0,0,0,57000,110000,0,0,120000,0,0,0,2,1:17,1011,16,22.17,22,12.72,8,17.02,23,6.94,18,0,0,0,0,0,0,0,0,15.86,116,7.31,117,2.87,77,3.28,58,9,125,9.64,128,0,0,0,0,0,0,0,0,0,0,0,0,UCX31_x0001_|_x0007_:, ,1.38,4.93,45.25,14,4.83,93,65.03,2:53      ,3,2026-06-13 22:16:20,11014981.0,MAREESWARAN ,1,104339022021,104319220151,,AUTOMODE_TS1,BV141E,45,2,,OK,,0,0,0020007910431251065004261473103A,1.1732,1.17497,1.17168,5,5,3.9025,4.0175,4.72,1,1.2,1.2,1.2,1,1.2,0.5,12,0.5,12,0.5,12,294947,2026-06-13 22:14:20,11014981,MAREESWARAN ,13616,104339022021,104319220151,160HP Z101  ,,AUTOMODE,BV141C,37,2,307218,OK,,0,0,9003102010431351065904261628274A,0020007910431251065004261473103A,00200045104311520066-7261532175A,OK,OK,OK,OK,296257,2026-06-13 22:12:50,11014981.0,MAREESWARAN ,13616,104339022021,104319220151,160HP Z101  ,AUTOMODE,BV141A,99,2,307218,OK,CA1,0,0,1020104313020080004674879488,OK,OK,0.39,0.412,0.5,0.39,0.458,0.5,OK,,00200045104311520066-7261532175A,OK,OK,202.9,145.2,52.6,146.3,-0.0408363,1.91939,52.0609,52.9858,0.122517,1.67436,55.3527,55.6636,57.6127,9.35192,57.4089,0.245029,0,0,0,0,05ACA002,296867,2026-06-13 22:13:30,11014981.0,MAREESWARAN ,13616.0,104339022021,104319220151,160HP Z101  ,AUTOMODE,BV141B,29,2.0,307218.0,OK,,,,00200045104311520066-7261532175A,OK,OK,,OK,OK,296977,2026-06-13 22:15:08,11014981.0,MAREESWARAN ,13616,104339022021,104319220151,,AUTOMODE,BV141D,36,2,307218,OK,CA13,,,0020007910431251065004261473103A,,0,146.2,4.3,-113.55,50.1,134,19.6,-223.2,59.6,-223.2,-113.71,0.241187,1.14594,45.0,40.0553,5.0,25.3916,51.3508,51.4629,0,0,0,0,0,0,0,0,0,0,0,3.46,0,20.0,0,368305
5051761,1,0020007910431251065004261473246A,2026-06-14 08:46:02,306217, , ,104319220151,0,0,0,0,57000,110000,0,0,120000,0,0,0,2,1:42,1011,16,57.56,141,33.81,115,56.55,110,17.2,112,0,0,0,0,0,0,0,0,47.3,201,15.05,215,14.88,306,8.26,196,6.12,277,10.74,279,0,0,0,0,0,0,0,0,0,0,0,0,UCX31_x0001_|_x0007_:, ,1.31,4.93,45.54,14,4.34,93,64.88,2:18      ,3,2026-06-30 21:35:25,10001376.0,DEEPAN.M    ,1,104339022020,104319220140,,AUTOMODE_TS1,BV141E2,34,2,,OK,,0,0,0020007910431251065004261473246A,1.15396,1.16717,1.14591,5,5,2.36407,6.57964,4.16766,1,1.2,1.2,1.2,1,1.2,0.5,12,0.5,12,0.5,12,314924,2026-06-30 21:32:57,11014981,MAREESWARAN ,13616,104339022020,104319220140,140HPW501   ,,AUTOMODE,BV141C,19,2,324365,OK,,0,0,9003102010431351065904261771754B,0020007910431251065004261473246A,00200045104311520066-7261752474C,OK,OK,OK,OK,316408,2026-06-30 21:31:43,11014981.0,MAREESWARAN ,13616,104339022020,104319220140,140HPW501   ,AUTOMODE,BV141A,23,2,324365,OK,CA1,0,0,300050104312999991395364110336,OK,OK,0.39,0.423,0.5,0.39,0.434,0.5,OK,,00200045104311520066-7261752474C,OK,OK,202.9,145.2,52.6,146.3,-0.0408401,0.939274,52.2746,53.1944,0.0816765,2.12358,55.4518,55.8595,57.7016,4.81889,57.3958,0.367542,0,0,0,0,05ACA001,316199,2026-06-30 21:32:23,11014981.0,MAREESWARAN ,13616.0,104339022020,104319220140,140HPW501   ,AUTOMODE,BV141B,26,2.0,324365.0,OK,,,,00200045104311520066-7261752474C,OK,OK,,OK,OK,317232,2026-06-30 21:34:21,11014981.0,MAREESWARAN ,13616,104339022020,104319220140,,AUTOMODE,BV141D,35,2,324365,OK,CA13,,,0020007910431251065004261473246A,,0,147.2,7.6,-113.55,50.1,134,19.6,-223.35,59.6,-223.35,-113.71,0.539174,2.16682,45.0,40.0,5.0,23.8913,51.5543,51.6686,0,0,0,0,0,0,0,0,0,0,0,1.53,0,20.0,0,394052
5084793,1,0020007910431251065004261473421A,2026-06-24 21:24:09,304212, , ,104319220151,0,0,0,0,57000,110000,0,0,120000,0,0,0,3,2:10,1011,16,37.8,76,11.2,92,45.65,65,7.53,83,0,0,0,0,0,0,0,0,31.07,172,5.25,197,9.56,346,0.23,94,7.63,199,9.14,215,0,0,0,0,0,0,0,0,0,0,0,0,UCX31_x0001_|_x0007_:, ,1.37,4.97,45.42,14,4.3,94,64.88,2:41      ,3,2026-06-23 19:53:01,11014981.0,MAREESWARAN ,1,104339022021,104319220151,,AUTOMODE_TS1,BV141E2,38,1,,OK,,0,0,0020007910431251065004261473421A,1.15686,1.14717,1.14642,5,5,2.31018,6.93293,4.5018,1,1.2,1.2,1.2,1,1.2,0.5,12,0.5,12,0.5,12,305185,2026-06-23 19:50:39,11014981,MAREESWARAN ,13616,104339022021,104319220151,160HP Z101  ,,AUTOMODE,BV141C,22,1,316833,OK,,0,0,9003102010431351065904261702154A,0020007910431251065004261473421A,00200045104311520066-7261702395C,OK,OK,OK,OK,306522,2026-06-23 19:49:27,11014981.0,MAREESWARAN ,13616,104339022021,104319220151,160HP Z101  ,AUTOMODE,BV141A,23,1,316833,OK,CA1,0,0,1020104313020080004674879488,OK,OK,0.39,0.422,0.5,0.39,0.429,0.5,OK,,00200045104311520066-7261702395C,OK,OK,202.9,145.2,52.6,146.3,-0.0408363,2.08274,52.382,52.9935,0.122513,2.28693,55.2585,55.6662,57.7223,9.14773,57.414,0.326706,0,0,0,0,05ACA002,307215,2026-06-23 19:50:05,11014981.0,MAREESWARAN ,13616.0,104339022021,104319220151,160HP Z101  ,AUTOMODE,BV141B,29,1.0,316833.0,OK,,,,00200045104311520066-7261702395C,OK,OK,,OK,OK,307293,2026-06-23 19:51:55,11014981.0,MAREESWARAN ,13616,104339022021,104319220151,,AUTOMODE,BV141D,35,1,316833,OK,CA13,,,0020007910431251065004261473421A,,0,145.4,4.0,-113.55,50.1,134,19.6,-223.2,59.6,-223.2,-113.71,0.248883,1.02095,45.0,40.0,5.0,26.0324,51.5167,51.6303,0,0,0,0,0,0,0,0,0,0,0,3.49,0,20.0,0,381744
5078730,1,0020007910431251065004261473434B,2026-06-23 04:39:19,304212, , ,104319220140,0,0,0,0,57000,110000,0,0,120000,0,0,0,2,1:26,1011,16,40.17,101,1.28,211,15.51,64,2.93,303,0,0,0,0,0,0,0,0,12.34,161,1.06,103,13.29,225,1.28,290,6.87,205,9.07,205,0,0,0,0,0,0,0,0,0,0,0,0,UCX31_x0001_|_x0007_:, ,1.47,4.95,46.29,14,4.35,94,64.88,1:56      ,3,2026-06-26 03:38:25,11014981.0,MAREESWARAN ,1,104339022020,104319220140,,AUTOMODE_TS1,BV141E,40,2,,OK,,0,0,0020007910431251065004261473434B,1.1737,1.17257,1.17522,5,5,4.525,4.74,8.0575,1,1.2,1.2,1.2,1,1.2,0.5,12,0.5,12,0.5,12,307980,2026-06-26 03:36:35,11014981,MAREESWARAN ,13616,104339022020,104319220140,140HPW501   ,,AUTOMODE,BV141C,25,2,319734,OK,,0,0,9003102010431351065904261735053B,0020007910431251065004261473434B,00200045104311520066-7261692472C,OK,OK,OK,OK,309359,2026-06-26 03:35:13,11014981.0,MAREESWARAN ,13616,104339022020,104319220140,140HPW501   ,AUTOMODE,BV141A,22,2,319734,OK,CA1,0,0,300050104312999991395364110336,OK,OK,0.39,0.42,0.5,0.39,0.412,0.5,OK,,00200045104311520066-7261692472C,OK,OK,202.9,145.2,52.6,146.3,0.0,2.61364,52.1139,53.6579,0.245029,2.0419,55.8236,56.2364,56.2401,2.04041,57.8798,0.245029,0,0,0,0,05ACA005,310087,2026-06-26 03:35:55,11014981.0,MAREESWARAN ,13616.0,104339022020,104319220140,140HPW501   ,AUTOMODE,BV141B,29,2.0,319734.0,OK,,,,00200045104311520066-7261692472C,OK,OK,,OK,OK,310139,2026-06-26 03:37:17,11014981.0,MAREESWARAN ,13616,104339022020,104319220140,,AUTOMODE,BV141D,31,2,319734,OK,CA13,,,0020007910431251065004261473434B,,0,147.6,4.5,-113.55,50.1,134,19.6,-223.35,59.6,-223.35,-113.71,0.119228,0.753192,45.0,40.0,5.0,25.0674,51.9062,51.9553,0,0,0,0,0,0,0,0,0,0,0,1.7,0,20.0,0,385036
5081744,1,0020007910431251065004261473453B,2026-06-24 00:18:41,304212, , ,104319220140,0,0,0,0,57000,110000,0,0,120000,0,0,0,1,0:23,1011,16,57.33,55,57.33,55,45.8,55,45.8,55,0,0,0,0,0,0,0,0,30.47,159,30.47,159,6.22,62,6.22,62,10.01,232,10.01,232,0,0,0,0,0,0,0,0,0,0,0,0,UCX31_x0001_|_x0007_:, ,1.34,4.92,44.9,14,5.29,94,65.03,0:54      ,3,2026-06-28 08:43:27,11014981.0,MAREESWARAN ,1,104339022020,104319220140,,AUTOMODE_TS1,BV141E2,34,1,,OK,,0,0,0020007910431251065004261473453B,1.16138,1.14755,1.14692,5,5,4.40838,10.0275,7.7976,1,1.2,1.2,1.2,1,1.2,0.5,12,0.5,12,0.5,12,312936,2026-06-28 08:41:17,11014086,BABU        ,13616,104339022020,104319220140,140HPW501   ,,AUTOMODE,BV141C,19,1,322238,OK,,0,0,9003102010431351065904261769037A,0020007910431251065004261473453B,00200045104311520066-7261762078A,OK,OK,OK,OK,314334,2026-06-28 08:39:09,11014086.0,BABU        ,13616,104339022020,104319220140,140HPW501   ,AUTOMODE,BV141A,99,1,322238,OK,CA1,0,0,300050104312999991395364110336,OK,OK,0.39,0.495,0.5,0.39,0.416,0.5,OK,,00200045104311520066-7261762078A,OK,OK,202.9,145.2,52.6,146.3,-0.0816765,1.47017,52.0231,53.5696,0.0816765,2.16442,55.6232,56.1379,56.2401,2.04451,57.6793,0.326706,0,0,0,0,05ACA003,314097,2026-06-28 08:39:49,11014086.0,BABU        ,13616.0,104339022020,104319220140,140HPW501   ,AUTOMODE,BV141B,26,1.0,322238.0,OK,,,,00200045104311520066-7261762078A,OK,OK,,OK,OK,315139,2026-06-28 08:42:25,11014086.0,BABU        ,13616,104339022020,104319220140,,AUTOMODE,BV141D,35,1,322238,OK,CA13,,,0020007910431251065004261473453B,,0,147.2,8.7,-113.55,50.1,134,19.6,-223.35,59.6,-223.35,-113.71,0.639053,2.1411,45.0,40.1282,5.0,21.6522,52.343,52.3796,0,0,0,0,0,0,0,0,0,0,0,1.64,0,20.0,0,390762
5081687,1,0020007910431251065004261473459B,2026-06-23 23:57:45,306217, , ,104319220140,0,0,0,0,57000,110000,0,0,120000,0,0,0,1,0:19,1011,16,18.11,302,18.11,302,5.23,225,5.23,225,0,0,0,0,0,0,0,0,5.44,308,5.44,308,10.25,19,10.25,19,9.12,31,9.12,31,0,0,0,0,0,0,0,0,0,0,0,0,UCX31_x0001_|_x0007_:, ,1.26,4.94,45.19,14,4.17,93,64.45,0:56      ,3,2026-06-28 08:44:17,11014981.0,MAREESWARAN ,1,104339022020,104319220140,,AUTOMODE_TS1,BV141E,40,1,,OK,,0,0,0020007910431251065004261473459B,1.1737,1.17396,1.178,5,5,4.6775,4.97,6.425,1,1.2,1.2,1.2,1,1.2,0.5,12,0.5,12,0.5,12,312937,2026-06-28 08:41:55,11014086,BABU        ,13616,104339022020,104319220140,140HPW501   ,,AUTOMODE,BV141C,21,1,322239,OK,,0,0,9003102010431351065904261758678B,0020007910431251065004261473459B,00200045104311520066-7261762122B,OK,OK,OK,OK,314335,2026-06-28 08:40:15,11014086.0,BABU        ,13616,104339022020,104319220140,140HPW501   ,AUTOMODE,BV141A,57,1,322239,OK,CA1,0,0,300050104312999991395364110336,OK,OK,0.39,0.459,0.5,0.39,0.46,0.5,OK,,00200045104311520066-7261762122B,OK,OK,202.9,145.2,52.6,146.3,0.0,1.87855,52.0916,53.2178,0.163353,2.16442,55.4752,55.7809,57.6281,6.04403,57.4243,0.367542,0,0,0,0,05ACA002,314098,2026-06-28 08:40:51,11014086.0,BABU        ,13616.0,104339022020,104319220140,140HPW501   ,AUTOMODE,BV141B,26,1.0,322239.0,OK,,,,00200045104311520066-7261762122B,OK,OK,,OK,OK,315140,2026-06-28 08:43:11,11014086.0,BABU        ,13616,104339022020,104319220140,,AUTOMODE,BV141D,35,1,322239,OK,CA13,,,0020007910431251065004261473459B,,0,147.0,8.8,-113.55,50.1,134,19.6,-223.35,59.6,-223.35,-113.71,0.929029,2.84988,45.0,40.0,5.0,25.2333,51.5175,51.5944,0,0,0,0,0,0,0,0,0,0,0,1.61,0,20.0,0,390763
5079370,1,0020007910431251065004261473461B,2026-06-23 09:15:43,304212, , ,104319220140,0,0,0,0,57000,110000,0,0,120000,0,0,0,3,2:21,1011,16,83.68,324,10.22,17,54.28,311,4.52,49,0,0,0,0,0,0,0,0,36.12,51,2.06,145,16.16,94,3.1,104,7.12,5,9.34,14,0,0,0,0,0,0,0,0,0,0,0,0,UCX31_x0001_|_x0007_:, ,1.37,4.93,45.86,14,4.14,94,65.03,19:39     ,3,2026-06-28 07:30:20,11014981.0,MAREESWARAN ,1,104339022020,104319220140,,AUTOMODE_TS1,BV141E,41,2,,OK,,0,0,0020007910431251065004261473461B,1.17788,1.17611,1.1775,5,5,5.93,6.395,8.565,1,1.2,1.2,1.2,1,1.2,0.5,12,0.5,12,0.5,12,312925,2026-06-28 07:27:58,11014086,BABU        ,13616,104339022020,104319220140,140HPW501   ,,AUTOMODE,BV141C,21,2,322227,OK,,0,0,9003102010431351065904261769059A,0020007910431251065004261473461B,00200045104311520066-7261762052A,OK,OK,OK,OK,314323,2026-06-28 07:25:46,11014086.0,BABU        ,13616,104339022020,104319220140,140HPW501   ,AUTOMODE,BV141A,23,2,322227,OK,CA1,0,0,300050104312999991395364110336,OK,OK,0.39,0.433,0.5,0.39,0.459,0.5,OK,,00200045104311520066-7261762052A,OK,OK,202.9,145.2,52.6,146.3,0.0,1.51101,52.2247,52.8362,0.122513,2.12358,54.9994,55.5115,57.7791,9.80114,57.3663,0.245029,0,0,0,0,05ACA008,314086,2026-06-28 07:26:34,11014086.0,BABU        ,13616.0,104339022020,104319220140,140HPW501   ,AUTOMODE,BV141B,26,2.0,322227.0,OK,,,,00200045104311520066-7261762052A,OK,OK,,OK,OK,315128,2026-06-28 07:29:14,11014086.0,BABU        ,13616,104339022020,104319220140,,AUTOMODE,BV141D,31,2,322227,OK,CA13,,,0020007910431251065004261473461B,,0,147.7,3.9,-113.55,50.1,134,19.6,-223.35,59.6,-223.35,-113.71,0.415237,2.22129,45.0,40.0,5.0,23.0696,51.9552,52.0368,0,0,0,0,0,0,0,0,0,0,0,1.62,0,20.0,0,390734
5096879,1,0020007910431251065004261473463B,2026-06-28 11:17:59,304212, , ,104319220140,0,0,0,0,57000,110000,0,0,120000,0,0,0,2,1:33,1011,16,40.9,214,26.14,315,16.05,157,11.16,279,0,0,0,0,0,0,0,0,32.49,94,19.39,210,26.28,206,14.14,313,6.39,91,10.48,109,0,0,0,0,0,0,0,0,0,0,0,0,UCX31_x0001_|_x0007_:, ,1.52,4.97,45.77,14,4.5,94,64.82,1:58      ,3,2026-06-29 11:32:23,11014086.0,BABU        ,1,104339022021,104319220151,,AUTOMODE_TS1,BV141E,45,1,,OK,,0,0,0020007910431251065004261473463B,1.17611,1.17421,1.17661,5,5,3.845,5.145,7.885,1,1.2,1.2,1.2,1,1.2,0.5,12,0.5,12,0.5,12,313631,2026-06-29 11:29:23,11014086,BABU        ,13616,104339022021,104319220151,160HP Z101  ,,AUTOMODE,BV141C,20,1,322968,OK,,0,0,9003102010431351065904261768954A,0020007910431251065004261473463B,00200045104311520066-7261752205A,OK,OK,OK,OK,315046,2026-06-29 11:27:47,11014086.0,BABU        ,13616,104339022021,104319220151,160HP Z101  ,AUTOMODE,BV141A,22,1,322968,OK,CA1,0,0,1020104313020080004674879488,OK,OK,0.39,0.427,0.5,0.39,0.443,0.5,OK,,00200045104311520066-7261752205A,OK,OK,202.9,145.2,52.6,146.3,-0.0408401,1.10263,52.0811,53.1079,0.0408363,2.0419,55.2659,55.7781,57.7323,3.83878,57.3221,0.326702,0,0,0,0,05ACA001,314819,2026-06-29 11:28:21,11014086.0,BABU        ,13616.0,104339022021,104319220151,160HP Z101  ,AUTOMODE,BV141B,27,1.0,322968.0,OK,,,,00200045104311520066-7261752205A,OK,OK,,OK,OK,315858,2026-06-29 11:31:15,11014086.0,BABU        ,13616,104339022021,104319220151,,AUTOMODE,BV141D,45,1,322968,OK,CA13,,,0020007910431251065004261473463B,,0,147.8,10.9,-113.55,50.1,134,19.6,-223.2,59.6,-223.2,-113.71,0.160832,0.708443,45.0,40.0,5.0,25.5273,51.7159,51.834,0,0,0,0,0,0,0,0,0,0,0,3.47,0,20.0,1,391618
5078766,1,0020007910431251065004261473476B,2026-06-23 04:57:10,306217, , ,104319220140,0,0,0,0,57000,110000,0,0,120000,0,0,0,3,2:12,1011,16,25.92,64,4.63,183,16.66,60,2.09,148,0,0,0,0,0,0,0,0,17.66,150,1.65,255,6.35,114,1.86,235,8.93,132,9.1,132,0,0,0,0,0,0,0,0,0,0,0,0,UCX31_x0001_|_x0007_:, ,1.35,4.91,45.05,14,4.98,93,64.88,2:49      ,3,2026-06-26 03:45:37,11014981.0,MAREESWARAN ,1,104339022020,104319220140,,AUTOMODE_TS1,BV141E2,34,2,,OK,,0,0,0020007910431251065004261473476B,1.16792,1.16843,1.15786,5,5,1.71497,6.64671,3.32575,1,1.2,1.2,1.2,1,1.2,0.5,12,0.5,12,0.5,12,307986,2026-06-26 03:43:25,11014981,MAREESWARAN ,13616,104339022020,104319220140,140HPW501   ,,AUTOMODE,BV141C,20,2,319740,OK,,0,0,9003102010431351065904261735046B,0020007910431251065004261473476B,00200045104311520066-7261692720C,OK,OK,OK,OK,309365,2026-06-26 03:40:25,11014981.0,MAREESWARAN ,13616,104339022020,104319220140,140HPW501   ,AUTOMODE,BV141A,23,2,319740,OK,CA1,0,0,300050104312999991395364110336,OK,OK,0.39,0.435,0.5,0.39,0.414,0.5,OK,,00200045104311520066-7261692720C,OK,OK,202.9,145.2,52.6,146.3,-0.0408363,1.87855,52.0912,52.8072,0.163353,2.65448,54.9627,55.5741,57.6226,8.45348,57.2124,0.449219,0,0,0,0,05ACA006,310093,2026-06-26 03:42:25,11014981.0,MAREESWARAN ,13616.0,104339022020,104319220140,140HPW501   ,AUTOMODE,BV141B,29,2.0,319740.0,OK,,,,00200045104311520066-7261692720C,OK,OK,,OK,OK,310145,2026-06-26 03:44:37,11014981.0,MAREESWARAN ,13616,104339022020,104319220140,,AUTOMODE,BV141D,32,2,319740,OK,CA13,,,0020007910431251065004261473476B,,0,148.3,4.5,-113.55,50.1,134,19.6,-223.35,59.6,-223.35,-113.71,0.797636,2.28844,45.0,40.0,5.0,23.7783,51.9135,52.047,0,0,0,0,0,0,0,0,0,0,0,1.63,0,20.0,0,385042
5066592,1,0020007910431251065004261473602B,2026-06-19 00:04:35,304212, , ,104319220151,0,0,0,0,57000,110000,0,0,120000,0,0,0,1,0:22,1011,16,54.21,121,54.21,121,32.24,134,32.24,134,0,0,0,0,0,0,0,0,18.75,180,18.75,180,8.05,165,8.05,165,9.5,64,9.5,64,0,0,0,0,0,0,0,0,0,0,0,0,UCX31_x0001_|_x0007_:, ,1.33,4.99,45.83,14,4.43,93,64.74,0:53      ,3,2026-06-25 14:45:33,11014981.0,MAREESWARAN ,1,104339022020,104319220140,,AUTOMODE_TS1,BV141E2,34,1,,OK,,0,0,0020007910431251065004261473602B,1.1522,1.15597,1.1444,5,5,2.00958,5.39042,3.93054,1,1.2,1.2,1.2,1,1.2,0.5,12,0.5,12,0.5,12,307282,2026-06-25 14:43:17,11014981,MAREESWARAN ,13616,104339022020,104319220140,140HPW501   ,,AUTOMODE,BV141C,19,1,319007,OK,,0,0,9003102010431351065904261690147A,0020007910431251065004261473602B,00200045104311520066-7261722271A,OK,OK,OK,OK,308656,2026-06-25 14:42:07,11014981.0,MAREESWARAN ,13616,104339022020,104319220140,140HPW501   ,AUTOMODE,BV141A,21,1,319007,OK,CA1,0,0,300050104312999991395364110336,OK,OK,0.39,0.443,0.5,0.39,0.44,0.5,OK,,00200045104311520066-7261722271A,OK,OK,202.9,145.2,52.6,146.3,0.0,1.87855,52.1241,52.8452,0.163353,1.87855,55.0007,55.5103,57.6708,8.12677,57.2632,0.28587,0,0,0,0,05ACA002,309372,2026-06-25 14:42:45,11014981.0,MAREESWARAN ,13616.0,104339022020,104319220140,140HPW501   ,AUTOMODE,BV141B,29,1.0,319007.0,OK,,,,00200045104311520066-7261722271A,OK,OK,,OK,OK,309434,2026-06-25 14:44:31,11014981.0,MAREESWARAN ,13616,104339022020,104319220140,,AUTOMODE,BV141D,38,1,319007,OK,CA13,,,0020007910431251065004261473602B,,0,145.1,9.5,-113.55,50.1,134,19.6,-223.35,59.6,-223.35,-113.71,0.21636,0.753906,45.0,40.4953,5.0,24.8639,51.6207,52.0858,0,0,0,0,0,0,0,0,0,0,0,1.63,0,20.0,0,384285
5079002,1,0020007910431251065004261473618B,2026-06-23 06:45:12,304212, , ,104319220140,0,0,0,0,57000,110000,0,0,120000,0,0,0,3,2:16,1011,16,41.84,319,6.87,31,22.01,285,5.23,70,0,0,0,0,0,0,0,0,17.32,24,2.2,163,9.96,101,1.42,93,7,46,9.15,49,0,0,0,0,0,0,0,0,0,0,0,0,UCX31_x0001_|_x0007_:, ,1.51,4.93,45.83,14,4.78,94,64.81,2:47      ,3,2026-06-28 10:24:38,11014981.0,MAREESWARAN ,1,104339022020,104319220140,,AUTOMODE_TS1,BV141E,41,1,,OK,,0,0,0020007910431251065004261473618B,1.17952,1.17661,1.17472,5,5,3.7975,3.7525,7.4975,1,1.2,1.2,1.2,1,1.2,0.5,12,0.5,12,0.5,12,313016,2026-06-28 10:22:42,11014086,BABU        ,13616,104339022020,104319220140,140HPW501   ,,AUTOMODE,BV141C,81,1,322325,OK,,0,0,9003102010431351065904261758786B,0020007910431251065004261473618B,00200045104311520066-7261750589A,OK,OK,OK,OK,314419,2026-06-28 10:17:12,11014086.0,BABU        ,13616,104339022020,104319220140,140HPW501   ,AUTOMODE,BV141A,23,1,322325,OK,CA1,0,0,300050104312999991395364110336,OK,OK,0.39,0.454,0.5,0.39,0.438,0.5,OK,,00200045104311520066-7261750589A,OK,OK,202.9,145.2,52.6,146.3,0.0,1.67436,53.1086,53.3125,0.163349,1.79688,55.4679,55.8756,57.7177,2.61364,57.6158,0.245026,0,0,0,0,05ACA004,314184,2026-06-28 10:18:26,11014086.0,BABU        ,13616.0,104339022020,104319220140,140HPW501   ,AUTOMODE,BV141B,26,1.0,322325.0,OK,,,,00200045104311520066-7261750589A,OK,OK,,OK,OK,315225,2026-06-28 10:23:32,11014086.0,BABU        ,13616,104339022020,104319220140,,AUTOMODE,BV141D,37,1,322325,OK,CA13,,,0020007910431251065004261473618B,,0,147.5,8.2,-113.55,50.1,134,19.6,-223.35,59.6,-223.35,-113.71,0.507174,1.65157,45.0,40.0,5.0,25.5349,51.8318,51.9123,0,0,0,0,0,0,0,0,0,0,0,1.67,0,20.0,0,390871
5081210,1,0020007910431251065004261473620B,2026-06-23 20:51:26,306217, , ,104319220140,0,0,0,0,57000,110000,0,0,120000,0,0,0,1,0:20,1011,16,61.91,330,61.91,330,61.84,304,61.84,304,0,0,0,0,0,0,0,0,58.96,32,58.96,32,19.38,76,19.38,76,8.39,64,8.39,64,0,0,0,0,0,0,0,0,0,0,0,0,UCX31_x0001_|_x0007_:, ,1.32,4.94,45.19,14,4.35,93,64.5,0:56      ,3,2026-06-28 10:16:52,11014981.0,MAREESWARAN ,1,104339022020,104319220140,,AUTOMODE_TS1,BV141E,41,1,,OK,,0,0,0020007910431251065004261473620B,1.17927,1.17484,1.17788,5,5,4.475,4.89,7.515,1,1.2,1.2,1.2,1,1.2,0.5,12,0.5,12,0.5,12,313012,2026-06-28 09:54:43,11014086,BABU        ,13616,104339022020,104319220140,140HPW501   ,,AUTOMODE,BV141C,29,1,322319,OK,,0,0,9003102010431351065904261758001B,0020007910431251065004261473620B,00200045104311520066-7261672092A,OK,OK,OK,OK,314413,2026-06-28 09:52:21,11014086.0,BABU        ,13616,104339022020,104319220140,140HPW501   ,AUTOMODE,BV141A,22,1,322319,OK,CA1,0,0,300050104312999991395364110336,OK,OK,0.39,0.465,0.5,0.39,0.443,0.5,OK,,00200045104311520066-7261672092A,OK,OK,202.9,145.2,52.6,146.3,0.0408363,1.10263,52.0408,52.8637,0.0816765,1.83771,55.0192,55.4269,57.59,8.08594,57.3862,0.245026,0,0,0,0,05ACA008,314178,2026-06-28 09:52:59,11014086.0,BABU        ,13616.0,104339022020,104319220140,140HPW501   ,AUTOMODE,BV141B,26,1.0,322319.0,OK,,,,00200045104311520066-7261672092A,OK,OK,,OK,OK,315219,2026-06-28 10:15:44,11014086.0,BABU        ,13616,104339022020,104319220140,,AUTOMODE,BV141D,37,1,322319,OK,CA13,,,0020007910431251065004261473620B,,0,147.0,8.5,-113.55,50.1,134,19.6,-223.35,59.6,-223.35,-113.71,0.487971,2.12463,45.0,40.0,5.0,24.0497,51.9485,52.1028,0,0,0,0,0,0,0,0,0,0,0,1.73,0,20.0,0,390850
5067173,1,0020007910431251065004261473649B,2026-06-19 03:54:40,304212, , ,104319220151,0,0,0,0,57000,110000,0,0,120000,0,0,0,5,3:58,1011,16,82.73,139,9.21,159,61.86,146,11.04,165,0,0,0,0,0,0,0,0,39.55,194,7.41,215,8.29,186,0.83,108,5.69,136,8.65,133,0,0,0,0,0,0,0,0,0,0,0,0,UCX31_x0001_|_x0007_:, ,1.42,4.99,45.68,14,4.11,94,64.9,4:29      ,3,2026-06-20 08:43:40,11014981.0,MAREESWARAN ,1,104339022021,104319220151,,AUTOMODE_TS1,BV141E,44,1,,OK,,0,0,0020007910431251065004261473649B,1.17598,1.17446,1.17332,5,5,4.13,5.1725,5.97,1,1.2,1.2,1.2,1,1.2,0.5,12,0.5,12,0.5,12,301909,2026-06-20 08:41:16,11014981,MAREESWARAN ,13616,104339022021,104319220151,160HP Z101  ,,AUTOMODE,BV141C,17,1,313436,OK,,0,0,9003102010431351065904261665246A,0020007910431251065004261473649B,00200045104311520066-7261632076A,OK,OK,OK,OK,303194,2026-06-20 08:39:58,11014981.0,MAREESWARAN ,13616,104339022021,104319220151,160HP Z101  ,AUTOMODE,BV141A,23,1,313436,OK,CA1,0,0,1020104313020080004674879488,OK,OK,0.39,0.424,0.5,0.39,0.426,0.5,OK,,00200045104311520066-7261632076A,OK,OK,202.9,145.2,52.6,146.3,0.0,1.10263,52.1043,52.9247,0.0816765,2.12358,54.8764,55.6968,57.7427,9.14772,57.2332,0.367542,0,0,0,0,05ACA006,303849,2026-06-20 08:40:38,11014981.0,MAREESWARAN ,13616.0,104339022021,104319220151,160HP Z101  ,AUTOMODE,BV141B,28,1.0,313436.0,OK,,,,00200045104311520066-7261632076A,OK,OK,,OK,OK,303949,2026-06-20 08:42:28,11014981.0,MAREESWARAN ,13616,104339022021,104319220151,,AUTOMODE,BV141D,34,1,313436,OK,CA13,,,0020007910431251065004261473649B,,0,146.3,3.8,-113.55,50.1,134,19.6,-223.2,59.6,-223.2,-113.71,1.07665,1.97524,45.0,40.2864,5.0,24.9468,52.075,52.1845,0,0,0,0,0,0,0,0,0,0,0,3.38,0,20.0,0,377973
5078772,1,0020007910431251065004261473752B,2026-06-23 05:02:48,304212, , ,104319220140,0,0,0,0,57000,110000,0,0,120000,0,0,0,4,3:17,1011,16,79.81,296,7.83,50,64.21,302,2.18,27,0,0,0,0,0,0,0,0,43.67,47,1.31,144,8.55,323,2.17,132,6.86,329,8.78,318,0,0,0,0,0,0,0,0,0,0,0,0,UCX31_x0001_|_x0007_:, ,1.58,4.96,46.18,14,4.44,93,65.13,3:48      ,3,2026-06-26 03:44:11,11014981.0,MAREESWARAN ,1,104339022020,104319220140,,AUTOMODE_TS1,BV141E2,34,2,,OK,,0,0,0020007910431251065004261473752B,1.15711,1.14629,1.16906,5,5,2.35569,6.85629,4.32814,1,1.2,1.2,1.2,1,1.2,0.5,12,0.5,12,0.5,12,307984,2026-06-26 03:42:15,11014981,MAREESWARAN ,13616,104339022020,104319220140,140HPW501   ,,AUTOMODE,BV141C,22,2,319738,OK,,0,0,9003102010431351065904261734965B,0020007910431251065004261473752B,00200045104311520066-7261692545C,OK,OK,OK,OK,309363,2026-06-26 03:38:59,11014981.0,MAREESWARAN ,13616,104339022020,104319220140,140HPW501   ,AUTOMODE,BV141A,24,2,319738,OK,CA1,0,0,300050104312999991395364110336,OK,OK,0.39,0.424,0.5,0.39,0.414,0.5,OK,,00200045104311520066-7261692545C,OK,OK,202.9,145.2,52.6,146.3,0.0,2.12358,52.0786,52.8022,0.204189,2.16442,55.0596,55.4723,57.5335,6.53409,57.4316,0.245029,0,0,0,0,05ACA008,310091,2026-06-26 03:39:41,11014981.0,MAREESWARAN ,13616.0,104339022020,104319220140,140HPW501   ,AUTOMODE,BV141B,28,2.0,319738.0,OK,,,,00200045104311520066-7261692545C,OK,OK,,OK,OK,310143,2026-06-26 03:43:09,11014981.0,MAREESWARAN ,13616,104339022020,104319220140,,AUTOMODE,BV141D,32,2,319738,OK,CA13,,,0020007910431251065004261473752B,,0,147.8,4.6,-113.55,50.1,134,19.6,-223.35,59.6,-223.35,-113.71,0.787889,2.25503,45.0,40.0,5.0,23.8084,52.0286,52.0953,0,0,0,0,0,0,0,0,0,0,0,1.7,0,20.0,0,385040
5084676,1,0020007910431251065004261473763B,2026-06-24 20:48:00,304212, , ,104319220151,0,0,0,0,57000,110000,0,0,120000,0,0,0,2,1:26,1011,16,28.95,4,7.91,355,43.31,24,13.59,31,0,0,0,0,0,0,0,0,29.42,136,8.68,148,16.01,341,5.74,354,7.04,254,9.27,252,0,0,0,0,0,0,0,0,0,0,0,0,UCX31_x0001_|_x0007_:, ,1.38,4.95,44.84,14,4.72,94,65.1,4:03      ,3,2026-06-25 09:26:38,11014981.0,MAREESWARAN ,1,104339022020,104319220140,,AUTOMODE_TS1,BV141E,41,1,,OK,,0,0,0020007910431251065004261473763B,1.17547,1.17788,1.17421,5,5,4.635,5.145,6.6375,1,1.2,1.2,1.2,1,1.2,0.5,12,0.5,12,0.5,12,307016,2026-06-25 09:23:16,11014981,MAREESWARAN ,13616,104339022020,104319220140,140HPW501   ,,AUTOMODE,BV141C,20,1,318729,OK,,0,0,9003102010431351065904261691079B,0020007910431251065004261473763B,00200045104311520066-7261722210A,OK,OK,OK,OK,308384,2026-06-25 09:21:04,11014981.0,MAREESWARAN ,13616,104339022020,104319220140,140HPW501   ,AUTOMODE,BV141A,23,1,318729,OK,CA1,0,0,300050104312999991395364110336,OK,OK,0.39,0.432,0.5,0.39,0.428,0.5,OK,,00200045104311520066-7261722210A,OK,OK,202.9,145.2,52.6,146.3,0.0,2.00106,52.1348,53.4724,0.163353,1.96023,55.7222,56.1324,56.2401,1.74438,57.6713,0.285866,0,0,0,0,05ACA005,309095,2026-06-25 09:21:48,11014981.0,MAREESWARAN ,13616.0,104339022020,104319220140,140HPW501   ,AUTOMODE,BV141B,28,1.0,318729.0,OK,,,,00200045104311520066-7261722210A,OK,OK,,OK,OK,309159,2026-06-25 09:25:30,11014981.0,MAREESWARAN ,13616,104339022020,104319220140,,AUTOMODE,BV141D,37,1,318729,OK,CA13,,,0020007910431251065004261473763B,,0,145.9,7.9,-113.55,50.1,134,19.6,-223.35,59.6,-223.35,-113.71,0.120625,0.69345,44.9025,40.0,5.0,25.8214,51.8847,52.416,0,0,0,0,0,0,0,0,0,0,0,1.6,0,20.0,0,383989
5081975,1,0020007910431251065004261473881B,2026-06-24 01:54:13,306217, , ,104319220140,0,0,0,0,57000,110000,0,0,120000,0,0,0,1,0:19,1011,16,20.22,338,20.22,338,2.71,41,2.71,41,0,0,0,0,0,0,0,0,4.09,169,4.09,169,12.87,40,12.87,40,10.92,276,10.92,276,0,0,0,0,0,0,0,0,0,0,0,0,UCX31_x0001_|_x0007_:, ,1.26,4.93,44.96,14,4.41,93,64.52,0:56      ,3,2026-06-28 08:54:11,11014981.0,MAREESWARAN ,1,104339022020,104319220140,,AUTOMODE_TS1,BV141E,40,1,,OK,,0,0,0020007910431251065004261473881B,1.17674,1.17712,1.17535,5,5,6.035,6.765,8.8325,1,1.2,1.2,1.2,1,1.2,0.5,12,0.5,12,0.5,12,312949,2026-06-28 08:51:31,11014086,BABU        ,13616,104339022020,104319220140,140HPW501   ,,AUTOMODE,BV141C,22,1,322252,OK,,0,0,9003102010431351065904261769035A,0020007910431251065004261473881B,00200045104311520066-7261762159B,OK,OK,OK,OK,314348,2026-06-28 08:50:03,11014086.0,BABU        ,13616,104339022020,104319220140,140HPW501   ,AUTOMODE,BV141A,21,1,322252,OK,CA1,0,0,300050104312999991395364110336,OK,OK,0.39,0.439,0.5,0.39,0.417,0.5,OK,,00200045104311520066-7261762159B,OK,OK,202.9,145.2,52.6,146.3,0.0,1.14347,52.3338,53.2561,0.0816765,1.87855,55.6231,56.0333,56.2401,1.51028,57.5773,0.326706,0,0,0,0,05ACA003,314111,2026-06-28 08:50:35,11014086.0,BABU        ,13616.0,104339022020,104319220140,140HPW501   ,AUTOMODE,BV141B,26,1.0,322252.0,OK,,,,00200045104311520066-7261762159B,OK,OK,,OK,OK,315153,2026-06-28 08:53:07,11014086.0,BABU        ,13616,104339022020,104319220140,,AUTOMODE,BV141D,35,1,322252,OK,CA13,,,0020007910431251065004261473881B,,0,147.5,8.4,-113.55,50.1,134,19.6,-223.35,59.6,-223.35,-113.71,0.543178,1.8581,45.0,40.0,5.0,25.6329,51.6395,51.7697,0,0,0,0,0,0,0,0,0,0,0,1.62,0,20.0,0,390777
5077321,1,0020007910431251065004261473886B,2026-06-22 18:16:16,306217, , ,104319220140,0,0,0,0,57000,110000,0,0,120000,0,0,0,1,0:20,1011,16,24.69,30,24.69,30,16.34,16,16.34,16,0,0,0,0,0,0,0,0,14.06,112,14.06,112,4.45,141,4.45,141,11.24,165,11.24,165,0,0,0,0,0,0,0,0,0,0,0,0,UCX31_x0001_|_x0007_:, ,1.26,4.92,45.1,14,4.3,93,64.51,0:56      ,3,2026-06-26 05:21:55,11014981.0,MAREESWARAN ,1,104339022020,104319220140,,AUTOMODE_TS1,BV141E2,34,2,,OK,,0,0,0020007910431251065004261473886B,1.14642,1.15308,1.17182,5,5,2.56527,7.14491,4.28982,1,1.2,1.2,1.2,1,1.2,0.5,12,0.5,12,0.5,12,308004,2026-06-26 05:19:35,11014981,MAREESWARAN ,13616,104339022020,104319220140,140HPW501   ,,AUTOMODE,BV141C,23,2,319758,OK,,0,0,9003102010431351065904261702099A,0020007910431251065004261473886B,00200045104311520066-7261692503C,OK,OK,OK,OK,309383,2026-06-26 05:17:15,11014981.0,MAREESWARAN ,13616,104339022020,104319220140,140HPW501   ,AUTOMODE,BV141A,23,2,319758,OK,CA1,0,0,300050104312999991395364110336,OK,OK,0.39,0.41,0.5,0.39,0.416,0.5,OK,,00200045104311520066-7261692503C,OK,OK,202.9,145.2,52.6,146.3,-0.0408363,1.10263,52.3668,53.0853,0.0816765,2.12358,55.228,55.8395,57.5848,2.89951,57.4829,0.28587,0,0,0,0,05ACA004,310111,2026-06-26 05:17:55,11014981.0,MAREESWARAN ,13616.0,104339022020,104319220140,140HPW501   ,AUTOMODE,BV141B,29,2.0,319758.0,OK,,,,00200045104311520066-7261692503C,OK,OK,,OK,OK,310163,2026-06-26 05:20:39,11014981.0,MAREESWARAN ,13616,104339022020,104319220140,,AUTOMODE,BV141D,32,2,319758,OK,CA13,,,0020007910431251065004261473886B,,0,147.3,4.4,-113.55,50.1,134,19.6,-223.35,59.6,-223.35,-113.71,0.392029,0.64082,40.0371,40.5531,5.0,24.6453,52.3162,52.3826,0,0,0,0,0,0,0,0,0,0,0,2.01,0,20.0,0,385060
5077256,1,0020007910431251065004261473914B,2026-06-22 17:57:59,306217, , ,104319220140,0,0,0,0,57000,110000,0,0,120000,0,0,0,2,1:23,1011,16,35.31,44,12.81,25,31.06,47,5.14,41,0,0,0,0,0,0,0,0,27.05,140,3.93,138,2.75,94,3.73,106,7.89,131,8.84,132,0,0,0,0,0,0,0,0,0,0,0,0,UCX31_x0001_|_x0007_:, ,1.34,4.96,45.19,14,4.15,93,64.89,2:00      ,3,2026-06-23 05:06:55,11014981.0,MAREESWARAN ,1,104339022020,104319220140,,AUTOMODE_TS1,BV141E,41,2,,OK,,0,0,0020007910431251065004261473914B,1.1756,1.17307,1.17345,5,5,4.5725,5.085,7.34,1,1.2,1.2,1.2,1,1.2,0.5,12,0.5,12,0.5,12,304462,2026-06-23 05:04:55,11014981,MAREESWARAN ,13616,104339022020,104319220140,140HPW501   ,,AUTOMODE,BV141C,21,2,316079,OK,,0,0,9003102010431351065904261688906A,0020007910431251065004261473914B,00200045104311520066-7261672495B,OK,OK,OK,OK,305787,2026-06-23 05:03:09,11014981.0,MAREESWARAN ,13616,104339022020,104319220140,140HPW501   ,AUTOMODE,BV141A,23,2,316079,OK,CA1,0,0,300050104312999991395364110336,OK,OK,0.39,0.422,0.5,0.39,0.426,0.5,OK,,00200045104311520066-7261672495B,OK,OK,202.9,145.2,52.6,146.3,-0.0408363,1.91939,52.5165,53.0312,0.163353,2.40945,55.1969,55.709,57.7524,9.35192,57.4441,0.326706,0,0,0,0,05ACA002,306466,2026-06-23 05:03:45,11014981.0,MAREESWARAN ,13616.0,104339022020,104319220140,140HPW501   ,AUTOMODE,BV141B,28,2.0,316079.0,OK,,,,00200045104311520066-7261672495B,OK,OK,,OK,OK,306549,2026-06-23 05:05:51,11014981.0,MAREESWARAN ,13616,104339022020,104319220140,,AUTOMODE,BV141D,31,2,316079,OK,CA13,,,0020007910431251065004261473914B,,0,146.0,3.6,-113.55,50.1,134,19.6,-223.35,59.6,-223.35,-113.71,0.509482,1.22887,45.0,40.581,5.0,24.4945,51.968,52.1003,0,0,0,0,0,0,0,0,0,0,0,2.28,0,20.0,0,380929
5081852,1,0020007910431251065004261473917B,2026-06-24 00:51:31,306217, , ,104319220140,0,0,0,0,57000,110000,0,0,120000,0,0,0,2,1:36,1011,16,54.78,335,6.09,341,62.13,318,1.13,1,0,0,0,0,0,0,0,0,62.32,51,1.72,115,6.85,68,3.15,45,8,108,10.04,109,0,0,0,0,0,0,0,0,0,0,0,0,UCX31_x0001_|_x0007_:, ,1.43,4.93,45.1,14,4.06,93,65.03,2:13      ,3,2026-06-28 08:41:49,11014981.0,MAREESWARAN ,1,104339022020,104319220140,,AUTOMODE_TS1,BV141E,41,1,,OK,,0,0,0020007910431251065004261473917B,1.17775,1.17168,1.17522,5,5,4.3975,5.9975,9.1275,1,1.2,1.2,1.2,1,1.2,0.5,12,0.5,12,0.5,12,312933,2026-06-28 08:37:35,11014086,BABU        ,13616,104339022020,104319220140,140HPW501   ,,AUTOMODE,BV141C,32,1,322235,OK,,0,0,9003102010431351065904261758648B,0020007910431251065004261473917B,00200045104311520066-7261762110B,OK,OK,OK,OK,314331,2026-06-28 08:34:47,11014086.0,BABU        ,13616,104339022020,104319220140,140HPW501   ,AUTOMODE,BV141A,22,1,322235,OK,CA1,0,0,300050104312999991395364110336,OK,OK,0.39,0.45,0.5,0.39,0.446,0.5,OK,,00200045104311520066-7261762110B,OK,OK,202.9,145.2,52.6,146.3,-0.0408401,0.0816727,52.3743,53.2941,0.0,1.67436,54.3183,56.0585,56.2401,1.38646,57.5949,0.245026,0,0,0,0,05ACA010,314094,2026-06-28 08:35:49,11014086.0,BABU        ,13616.0,104339022020,104319220140,140HPW501   ,AUTOMODE,BV141B,26,1.0,322235.0,OK,,,,00200045104311520066-7261762110B,OK,OK,,OK,OK,315136,2026-06-28 08:39:51,11014086.0,BABU        ,13616,104339022020,104319220140,,AUTOMODE,BV141D,37,1,322235,OK,CA13,,,0020007910431251065004261473917B,,0,147.2,8.5,-113.55,50.1,134,19.6,-223.35,59.6,-223.35,-113.71,0.269662,1.33935,45.0,40.0,5.0,25.5575,51.9834,52.0239,0,0,0,0,0,0,0,0,0,0,0,1.76,0,20.0,0,390756
5076600,1,0020007910431251065004261474022C,2026-06-22 13:36:13,304212, , ,104319220140,0,0,0,0,57000,110000,0,0,120000,0,0,0,1,0:22,1011,16,39.69,50,39.69,50,27.45,62,27.45,62,0,0,0,0,0,0,0,0,18.23,168,18.23,168,6.8,100,6.8,100,15.82,174,15.82,174,0,0,0,0,0,0,0,0,0,0,0,0,UCX31_x0001_|_x0007_:, ,1.37,5.01,45.63,14,3.86,94,64.88,0:54      ,3,2026-06-22 21:34:33,11014981.0,MAREESWARAN ,1,104339022020,104319220140,,AUTOMODE_TS1,BV141E2,34,2,,OK,,0,0,0020007910431251065004261474022C,1.14931,1.15132,1.15069,5,5,2.07425,5.81557,3.31617,1,1.2,1.2,1.2,1,1.2,0.5,12,0.5,12,0.5,12,304046,2026-06-22 21:31:49,11014981,MAREESWARAN ,13616,104339022020,104319220140,140HPW501   ,,AUTOMODE,BV141C,19,2,315639,OK,,0,0,9003102010431351065904261676976A,0020007910431251065004261474022C,00200045104311520066-7261712404B,OK,OK,OK,OK,305359,2026-06-22 21:29:47,11014981.0,MAREESWARAN ,13616,104339022020,104319220140,140HPW501   ,AUTOMODE,BV141A,21,2,315639,OK,CA1,0,0,300050104312999991395364110336,OK,OK,0.39,0.428,0.5,0.39,0.43,0.5,OK,,00200045104311520066-7261712404B,OK,OK,202.9,145.2,52.6,146.3,-0.0816765,2.24609,52.4427,53.4669,0.163353,1.75604,55.6224,56.1345,56.2401,1.62616,57.676,0.245029,0,0,0,0,05ACA005,306032,2026-06-22 21:30:29,11014981.0,MAREESWARAN ,13616.0,104339022020,104319220140,140HPW501   ,AUTOMODE,BV141B,28,2.0,315639.0,OK,,,,00200045104311520066-7261712404B,OK,OK,,OK,OK,306119,2026-06-22 21:33:33,11014981.0,MAREESWARAN ,13616,104339022020,104319220140,,AUTOMODE,BV141D,34,2,315639,OK,CA14,,,0020007910431251065004261474022C,,0,145.3,5.0,-113.55,50.1,134,19.6,-223.35,59.6,-223.35,-113.71,0.0519328,0.422188,45.0,40.5431,5.0,19.8052,52.4817,52.4946,0,0,0,0,0,0,0,0,0,0,0,1.78,0,20.0,0,380400
5081133,1,0020007910431251065004261474036C,2026-06-23 20:20:48,306217, , ,104319220140,0,0,0,0,57000,110000,0,0,120000,0,0,0,5,4:03,1011,16,71.46,248,8.18,288,74.59,226,9.48,259,0,0,0,0,0,0,0,0,73.73,313,9.49,347,15.65,359,1.93,86,7.71,61,10.15,50,0,0,0,0,0,0,0,0,0,0,0,0,UCX31_x0001_|_x0007_:, ,1.3,4.93,45.1,14,3.53,93,65.03,4:40      ,3,2026-06-28 10:15:14,11014981.0,MAREESWARAN ,1,104339022020,104319220140,,AUTOMODE_TS1,BV141E,40,1,,OK,,0,0,0020007910431251065004261474036C,1.17939,1.17762,1.17712,5,5,6.1475,5.8075,7.87,1,1.2,1.2,1.2,1,1.2,0.5,12,0.5,12,0.5,12,313010,2026-06-28 09:53:09,11014086,BABU        ,13616,104339022020,104319220140,140HPW501   ,,AUTOMODE,BV141C,45,1,322317,OK,,0,0,9003102010431351065904261758763B,0020007910431251065004261474036C,00200045104311520066-7261722331A,OK,OK,OK,OK,314411,2026-06-28 09:50:59,11014086.0,BABU        ,13616,104339022020,104319220140,140HPW501   ,AUTOMODE,BV141A,99,1,322317,OK,CA1,0,0,300050104312999991395364110336,OK,OK,0.39,0.45,0.5,0.39,0.456,0.5,OK,,00200045104311520066-7261722331A,OK,OK,202.9,145.2,52.6,146.3,0.0,2.0419,52.1066,52.9295,0.204189,2.0419,55.0799,55.5972,57.6558,8.90269,57.3501,0.285866,0,0,0,0,05ACA002,314176,2026-06-28 09:51:33,11014086.0,BABU        ,13616.0,104339022020,104319220140,140HPW501   ,AUTOMODE,BV141B,26,1.0,322317.0,OK,,,,00200045104311520066-7261722331A,OK,OK,,OK,OK,315217,2026-06-28 09:54:31,11014086.0,BABU        ,13616,104339022020,104319220140,,AUTOMODE,BV141D,37,1,322317,OK,CA13,,,0020007910431251065004261474036C,,0,147.6,8.2,-113.55,50.1,134,19.6,-223.35,59.6,-223.35,-113.71,1.0235,2.55251,45.0,40.0,5.0,26.1003,51.4688,51.5685,0,0,0,0,0,0,0,0,0,0,0,1.71,0,20.0,0,390848
5077674,1,0020007910431251065004261474196C,2026-06-22 20:47:11,304212, , ,104319220140,0,0,0,0,57000,110000,0,0,120000,0,0,0,2,1:20,1011,16,51.59,290,21.97,275,31.84,261,8.95,261,0,0,0,0,0,0,0,0,22.56,359,5.67,345,11,70,6.21,29,8.86,342,9.87,340,0,0,0,0,0,0,0,0,0,0,0,0,UCX31_x0001_|_x0007_:, ,1.34,4.99,44.82,14,4.34,93,64.86,3:08      ,3,2026-06-23 05:05:35,11014981.0,MAREESWARAN ,1,104339022020,104319220140,,AUTOMODE_TS1,BV141E,40,2,,OK,,0,0,0020007910431251065004261474196C,1.17649,1.17636,1.17459,5,5,4.3825,5.6675,5.04,1,1.2,1.2,1.2,1,1.2,0.5,12,0.5,12,0.5,12,304460,2026-06-23 05:03:45,11014981,MAREESWARAN ,13616,104339022020,104319220140,140HPW501   ,,AUTOMODE,BV141C,28,2,316077,OK,,0,0,9003102010431351065904261688907A,0020007910431251065004261474196C,00200045104311520066-7261672362B,OK,OK,OK,OK,305785,2026-06-23 05:01:47,11014981.0,MAREESWARAN ,13616,104339022020,104319220140,140HPW501   ,AUTOMODE,BV141A,22,2,316077,OK,CA1,0,0,300050104312999991395364110336,OK,OK,0.39,0.416,0.5,0.39,0.412,0.5,OK,,00200045104311520066-7261672362B,OK,OK,202.9,145.2,52.6,146.3,0.0,2.73615,52.0988,53.439,0.245029,2.77699,55.4901,56.1015,56.2401,2.43167,57.6354,0.449219,0,0,0,0,05ACA010,306464,2026-06-23 05:02:25,11014981.0,MAREESWARAN ,13616.0,104339022020,104319220140,140HPW501   ,AUTOMODE,BV141B,28,2.0,316077.0,OK,,,,00200045104311520066-7261672362B,OK,OK,,OK,OK,306547,2026-06-23 05:04:27,11014981.0,MAREESWARAN ,13616,104339022020,104319220140,,AUTOMODE,BV141D,31,2,316077,OK,CA13,,,0020007910431251065004261474196C,,0,145.2,3.6,-113.55,50.1,134,19.6,-223.35,59.6,-223.35,-113.71,0.280765,1.22887,45.0,40.0089,5.0,19.2322,52.4606,52.4789,0,0,0,0,0,0,0,0,0,0,0,1.71,0,20.0,0,380927
5076402,1,0020007910431251065004261474250C,2026-06-22 12:04:56,306217, , ,104319220140,0,0,0,0,57000,110000,0,0,120000,0,0,0,1,0:20,1011,16,36.07,164,36.07,164,35.34,157,35.34,157,0,0,0,0,0,0,0,0,31.78,248,31.78,248,1.37,352,1.37,352,11.71,221,11.71,221,0,0,0,0,0,0,0,0,0,0,0,0,UCX31_x0001_|_x0007_:, ,1.32,4.93,45.19,14,4.32,93,64.51,0:56      ,3,2026-06-22 21:26:55,11014981.0,MAREESWARAN ,1,104339022020,104319220140,,AUTOMODE_TS1,BV141E2,34,2,,OK,,0,0,0020007910431251065004261474250C,1.16616,1.16767,1.15962,5,5,3.19162,7.23473,3.81796,1,1.2,1.2,1.2,1,1.2,0.5,12,0.5,12,0.5,12,304036,2026-06-22 21:24:09,11014981,MAREESWARAN ,13616,104339022020,104319220140,140HPW501   ,,AUTOMODE,BV141C,21,2,315629,OK,,0,0,9003102010431351065904261665529A,0020007910431251065004261474250C,00200045104311520066-7261712051A,OK,OK,OK,OK,305349,2026-06-22 21:22:27,11014981.0,MAREESWARAN ,13616,104339022020,104319220140,140HPW501   ,AUTOMODE,BV141A,22,2,315629,OK,CA1,0,0,300050104312999991395364110336,OK,OK,0.39,0.436,0.5,0.39,0.431,0.5,OK,,00200045104311520066-7261712051A,OK,OK,202.9,145.2,52.6,146.3,-0.0408363,1.7152,52.0273,53.4618,0.122513,2.43076,55.7166,56.2401,56.4377,3.06285,57.7728,0.612572,0,0,0,0,05ACA010,306022,2026-06-22 21:23:07,11014981.0,MAREESWARAN ,13616.0,104339022020,104319220140,140HPW501   ,AUTOMODE,BV141B,28,2.0,315629.0,OK,,,,00200045104311520066-7261712051A,OK,OK,,OK,OK,306109,2026-06-22 21:25:53,11014981.0,MAREESWARAN ,13616,104339022020,104319220140,,AUTOMODE,BV141D,34,2,315629,OK,CA14,,,0020007910431251065004261474250C,,0,146.0,5.0,-113.55,50.1,134,19.6,-223.35,59.6,-223.35,-113.71,0.179801,0.919769,45.0,40.0194,5.0,20.7174,52.4251,52.4894,0,0,0,0,0,0,0,0,0,0,0,1.83,0,20.0,0,380390
5077709,1,0020007910431251065004261474314C,2026-06-22 21:02:52,306217, , ,104319220140,0,0,0,0,57000,110000,0,0,120000,0,0,0,1,0:19,1011,16,31.84,105,31.84,105,26.05,112,26.05,112,0,0,0,0,0,0,0,0,23.22,210,23.22,210,6.68,147,6.68,147,9.89,230,9.89,230,0,0,0,0,0,0,0,0,0,0,0,0,UCX31_x0001_|_x0007_:, ,1.22,4.95,45.16,14,3.7,93,64.45,7:22      ,3,2026-06-23 05:06:13,11014981.0,MAREESWARAN ,1,104339022020,104319220140,,AUTOMODE_TS1,BV141E2,34,2,,OK,,0,0,0020007910431251065004261474314C,1.15849,1.14918,1.14654,5,5,2.15569,7.14491,4.9497,1,1.2,1.2,1.2,1,1.2,0.5,12,0.5,12,0.5,12,304461,2026-06-23 05:04:19,11014981,MAREESWARAN ,13616,104339022020,104319220140,140HPW501   ,,AUTOMODE,BV141C,18,2,316078,OK,,0,0,9003102010431351065904261689279A,0020007910431251065004261474314C,00200045104311520066-7261672496B,OK,OK,OK,OK,305786,2026-06-23 05:02:25,11014981.0,MAREESWARAN ,13616,104339022020,104319220140,140HPW501   ,AUTOMODE,BV141A,22,2,316078,OK,CA1,0,0,300050104312999991395364110336,OK,OK,0.39,0.41,0.5,0.39,0.419,0.5,OK,,00200045104311520066-7261672496B,OK,OK,202.9,145.2,52.6,146.3,-0.0408363,2.24609,52.3152,53.449,0.163353,2.53196,55.714,56.1217,56.2401,2.25336,57.7599,0.326706,0,0,0,0,05ACA007,306465,2026-06-23 05:03:03,11014981.0,MAREESWARAN ,13616.0,104339022020,104319220140,140HPW501   ,AUTOMODE,BV141B,29,2.0,316078.0,OK,,,,00200045104311520066-7261672496B,OK,OK,,OK,OK,306548,2026-06-23 05:05:09,11014981.0,MAREESWARAN ,13616,104339022020,104319220140,,AUTOMODE,BV141D,31,2,316078,OK,CA13,,,0020007910431251065004261474314C,,0,145.1,3.7,-113.55,50.1,134,19.6,-223.35,59.6,-223.35,-113.71,0.400815,1.04793,45.0,40.3601,5.0,24.1251,52.0245,52.1997,0,0,0,0,0,0,0,0,0,0,0,2.41,0,20.0,0,380928
5076444,1,0020007910431251065004261474357C,2026-06-22 12:23:22,306217, , ,104319220140,0,0,0,0,57000,110000,0,0,120000,0,0,0,1,0:20,1011,16,54.75,144,54.75,144,51.86,128,51.86,128,0,0,0,0,0,0,0,0,42.87,221,42.87,221,7.62,288,7.62,288,10.37,175,10.37,175,0,0,0,0,0,0,0,0,0,0,0,0,UCX31_x0001_|_x0007_:, ,1.28,4.93,45.19,14,4.56,93,64.45,0:56      ,3,2026-06-22 21:25:21,11014981.0,MAREESWARAN ,1,104339022020,104319220140,,AUTOMODE_TS1,BV141E2,34,2,,OK,,0,0,0020007910431251065004261474357C,1.15396,1.15836,1.14704,5,5,2.4479,6.03353,3.51856,1,1.2,1.2,1.2,1,1.2,0.5,12,0.5,12,0.5,12,304034,2026-06-22 21:22:39,11014981,MAREESWARAN ,13616,104339022020,104319220140,140HPW501   ,,AUTOMODE,BV141C,23,2,315627,OK,,0,0,9003102010431351065904261665379A,0020007910431251065004261474357C,00200045104311520066-7261712052A,OK,OK,OK,OK,305347,2026-06-22 21:20:55,11014981.0,MAREESWARAN ,13616,104339022020,104319220140,140HPW501   ,AUTOMODE,BV141A,22,2,315627,OK,CA1,0,0,300050104312999991395364110336,OK,OK,0.39,0.438,0.5,0.39,0.451,0.5,OK,,00200045104311520066-7261712052A,OK,OK,202.9,145.2,52.6,146.3,-0.0408363,1.96023,52.0686,53.2941,0.122513,2.65068,55.6662,56.2401,56.2828,2.73615,57.8268,0.408382,0,0,0,0,05ACA003,306020,2026-06-22 21:21:35,11014981.0,MAREESWARAN ,13616.0,104339022020,104319220140,140HPW501   ,AUTOMODE,BV141B,28,2.0,315627.0,OK,,,,00200045104311520066-7261712052A,OK,OK,,OK,OK,306107,2026-06-22 21:24:21,11014981.0,MAREESWARAN ,13616,104339022020,104319220140,,AUTOMODE,BV141D,34,2,315627,OK,CA14,,,0020007910431251065004261474357C,,0,145.1,4.7,-113.55,50.1,134,19.6,-223.35,59.6,-223.35,-113.71,0.0199871,0.309105,45.0,40.0401,5.0,24.879,51.8619,52.4008,0,0,0,0,0,0,0,0,0,0,0,1.77,0,20.0,0,380388
5075813,1,0020007910431251065004261474424C,2026-06-21 17:38:33,306217, , ,104319220140,0,0,0,0,57000,110000,0,0,120000,0,0,0,2,1:32,1011,16,61.12,60,32.66,20,43.99,32,6.7,344,0,0,0,0,0,0,0,0,33.79,123,2.6,108,20.17,193,15.41,122,5.61,192,8.32,187,0,0,0,0,0,0,0,0,0,0,0,0,UCX31_x0001_|_x0007_:, ,1.38,4.91,45.39,14,3.13,93,64.88,2:09      ,3,2026-06-22 21:20:01,11014981.0,MAREESWARAN ,1,104339022020,104319220140,,AUTOMODE_TS1,BV141E,40,2,,OK,,0,0,0020007910431251065004261474424C,1.17901,1.17396,1.17611,5,5,5.6125,6.0125,6.0925,1,1.2,1.2,1.2,1,1.2,0.5,12,0.5,12,0.5,12,304027,2026-06-22 21:18:01,11014981,MAREESWARAN ,13616,104339022020,104319220140,140HPW501   ,,AUTOMODE,BV141C,23,2,315620,OK,,0,0,9003102010431351065904261665249A,0020007910431251065004261474424C,00200045104311520066-7261660622B,OK,OK,OK,OK,305340,2026-06-22 21:15:59,11014981.0,MAREESWARAN ,13616,104339022020,104319220140,140HPW501   ,AUTOMODE,BV141A,22,2,315620,OK,CA1,0,0,300050104312999991395364110336,OK,OK,0.39,0.433,0.5,0.39,0.433,0.5,OK,,00200045104311520066-7261660622B,OK,OK,202.9,145.2,52.6,146.3,0.0,1.34766,52.0302,53.164,0.0816727,2.00106,55.5361,55.8444,56.2401,1.362,57.5897,0.285866,0,0,0,0,05ACA003,306013,2026-06-22 21:16:41,11014981.0,MAREESWARAN ,13616.0,104339022020,104319220140,140HPW501   ,AUTOMODE,BV141B,28,2.0,315620.0,OK,,,,00200045104311520066-7261660622B,OK,OK,,OK,OK,306100,2026-06-22 21:18:57,11014981.0,MAREESWARAN ,13616,104339022020,104319220140,,AUTOMODE,BV141D,34,2,315620,OK,CA14,,,0020007910431251065004261474424C,,0,145.8,5.0,-113.55,50.1,134,19.6,-223.35,59.6,-223.35,-113.71,1.12862,2.14864,45.0,40.34,5.0,24.3663,52.2863,52.4415,0,0,0,0,0,0,0,0,0,0,0,1.64,0,20.0,0,380381
5076727,1,0020007910431251065004261474459C,2026-06-22 14:33:25,304212, , ,104319220140,0,0,0,0,57000,110000,0,0,120000,0,0,0,2,1:28,1011,16,32.05,283,13.28,326,32.3,333,7.35,323,0,0,0,0,0,0,0,0,19.84,82,4.11,74,15.89,313,2.54,47,7.18,179,9.36,185,0,0,0,0,0,0,0,0,0,0,0,0,UCX31_x0001_|_x0007_:, ,1.47,4.92,44.76,14,3.84,94,65.03,2:00      ,3,2026-06-22 21:23:51,11014981.0,MAREESWARAN ,1,104339022020,104319220140,,AUTOMODE_TS1,BV141E2,34,2,,OK,,0,0,0020007910431251065004261474459C,1.15698,1.16176,1.15497,5,5,1.75329,6.6982,3.36766,1,1.2,1.2,1.2,1,1.2,0.5,12,0.5,12,0.5,12,304032,2026-06-22 21:21:11,11014981,MAREESWARAN ,13616,104339022020,104319220140,140HPW501   ,,AUTOMODE,BV141C,27,2,315625,OK,,0,0,9003102010431351065904261665280A,0020007910431251065004261474459C,00200045104311520066-7261712056A,OK,OK,OK,OK,305345,2026-06-22 21:19:35,11014981.0,MAREESWARAN ,13616,104339022020,104319220140,140HPW501   ,AUTOMODE,BV141A,22,2,315625,OK,CA1,0,0,300050104312999991395364110336,OK,OK,0.39,0.441,0.5,0.39,0.446,0.5,OK,,00200045104311520066-7261712056A,OK,OK,202.9,145.2,52.6,146.3,0.0,2.53196,52.1114,53.5535,0.285866,2.73615,55.5077,56.1218,56.2401,2.61498,57.6581,0.490055,0,0,0,0,05ACA005,306018,2026-06-22 21:20:13,11014981.0,MAREESWARAN ,13616.0,104339022020,104319220140,140HPW501   ,AUTOMODE,BV141B,28,2.0,315625.0,OK,,,,00200045104311520066-7261712056A,OK,OK,,OK,OK,306105,2026-06-22 21:22:49,11014981.0,MAREESWARAN ,13616,104339022020,104319220140,,AUTOMODE,BV141D,34,2,315625,OK,CA14,,,0020007910431251065004261474459C,,0,145.1,4.9,-113.55,50.1,134,19.6,-223.35,59.6,-223.35,-113.71,0.180436,1.15395,45.0,40.0,5.0,21.313,52.4678,52.482,0,0,0,0,0,0,0,0,0,0,0,1.67,0,20.0,0,380386
5080604,1,0020007910431251065004261474477C,2026-06-23 17:13:50,304212, , ,104319220140,0,0,0,0,57000,110000,0,0,120000,0,0,0,1,0:22,1011,16,70.89,87,70.89,87,63.78,87,63.78,87,0,0,0,0,0,0,0,0,42.07,195,42.07,195,8.12,91,8.12,91,11.71,279,11.71,279,0,0,0,0,0,0,0,0,0,0,0,0,UCX31_x0001_|_x0007_:, ,1.31,5.03,45.6,14,4.29,93,64.74,0:53      ,3,2026-06-28 10:36:16,11014981.0,MAREESWARAN ,1,104339022020,104319220140,,AUTOMODE_TS1,BV141E2,34,1,,OK,,0,0,0020007910431251065004261474477C,1.15459,1.15233,1.1522,5,5,2.54012,8.0,4.96886,1,1.2,1.2,1.2,1,1.2,0.5,12,0.5,12,0.5,12,313027,2026-06-28 10:34:24,11014086,BABU        ,13616,104339022020,104319220140,140HPW501   ,,AUTOMODE,BV141C,50,1,322336,OK,,0,0,9003102010431351065904261757762A,0020007910431251065004261474477C,00200045104311520066-7261692466C,OK,OK,OK,OK,314430,2026-06-28 10:32:20,11014086.0,BABU        ,13616,104339022020,104319220140,140HPW501   ,AUTOMODE,BV141A,22,1,322336,OK,CA1,0,0,300050104312999991395364110336,OK,OK,0.39,0.454,0.5,0.39,0.455,0.5,OK,,00200045104311520066-7261692466C,OK,OK,202.9,145.2,52.6,146.3,-0.0408363,0.0,52.4129,52.1071,-0.0408363,1.30682,54.8741,55.5977,57.6487,2.94034,57.343,0.163353,0,0,0,0,05ACA001,314195,2026-06-28 10:32:54,11014086.0,BABU        ,13616.0,104339022020,104319220140,140HPW501   ,AUTOMODE,BV141B,26,1.0,322336.0,OK,,,,00200045104311520066-7261692466C,OK,OK,,OK,OK,315236,2026-06-28 10:35:14,11014086.0,BABU        ,13616,104339022020,104319220140,,AUTOMODE,BV141D,37,1,322336,OK,CA13,,,0020007910431251065004261474477C,,0,147.0,7.9,-113.55,50.1,134,19.6,-223.35,59.6,-223.35,-113.71,0.681798,2.67565,45.0,40.0,5.0,25.6856,51.604,51.6864,0,0,0,0,0,0,0,0,0,0,0,1.67,0,20.0,0,390897
5076720,1,0020007910431251065004261474515C,2026-06-22 14:31:25,304212, , ,104319220140,0,0,0,0,57000,110000,0,0,120000,0,0,0,3,2:20,1011,16,39.81,127,0.91,309,33.47,77,3.03,346,0,0,0,0,0,0,0,0,25.51,184,2.09,116,14.79,303,1.5,312,7.59,175,9.39,180,0,0,0,0,0,0,0,0,0,0,0,0,UCX31_x0001_|_x0007_:, ,1.55,4.91,45.05,14,4.51,94,65,2:52      ,3,2026-06-22 21:27:43,11014981.0,MAREESWARAN ,1,104339022020,104319220140,,AUTOMODE_TS1,BV141E,40,2,,OK,,0,0,0020007910431251065004261474515C,1.17699,1.1756,1.17611,5,5,4.6475,4.5425,6.235,1,1.2,1.2,1.2,1,1.2,0.5,12,0.5,12,0.5,12,304037,2026-06-22 21:24:51,11014981,MAREESWARAN ,13616,104339022020,104319220140,140HPW501   ,,AUTOMODE,BV141C,18,2,315630,OK,,0,0,9003102010431351065904261665808B,0020007910431251065004261474515C,00200045104311520066-7261712028A,OK,OK,OK,OK,305350,2026-06-22 21:23:07,11014981.0,MAREESWARAN ,13616,104339022020,104319220140,140HPW501   ,AUTOMODE,BV141A,22,2,315630,OK,CA1,0,0,300050104312999991395364110336,OK,OK,0.39,0.428,0.5,0.39,0.427,0.5,OK,,00200045104311520066-7261712028A,OK,OK,202.9,145.2,52.6,146.3,-0.0408363,1.96023,52.1397,53.0595,0.122513,1.96023,55.3144,55.7271,57.5769,3.22621,57.475,0.245029,0,0,0,0,05ACA002,306023,2026-06-22 21:23:45,11014981.0,MAREESWARAN ,13616.0,104339022020,104319220140,140HPW501   ,AUTOMODE,BV141B,28,2.0,315630.0,OK,,,,00200045104311520066-7261712028A,OK,OK,,OK,OK,306110,2026-06-22 21:26:39,11014981.0,MAREESWARAN ,13616,104339022020,104319220140,,AUTOMODE,BV141D,34,2,315630,OK,CA14,,,0020007910431251065004261474515C,,0,145.1,5.0,-113.55,50.1,134,19.6,-223.35,59.6,-223.35,-113.71,-0.0301552,-0.0150795,43.8119,40.0119,5.0,20.8003,52.0696,52.0523,0,0,0,0,0,0,0,0,0,0,0,2.53,0,20.0,0,380391
5067316,1,0020007910431251065004261475293A,2026-06-19 04:51:22,304212, , ,104319220151,0,0,0,0,57000,110000,0,0,120000,0,0,0,1,0:23,1011,16,44.17,288,44.17,288,41.21,246,41.21,246,0,0,0,0,0,0,0,0,35.5,291,35.5,291,8.25,57,8.25,57,9.86,259,9.86,259,0,0,0,0,0,0,0,0,0,0,0,0,UCX31_x0001_|_x0007_:, ,1.31,4.98,45.6,14,4.79,94,64.78,0:54      ,3,2026-06-20 09:03:35,11014981.0,MAREESWARAN ,1,104339022021,104319220151,,AUTOMODE_TS1,BV141E,44,1,,OK,,0,0,0020007910431251065004261475293A,1.17585,1.17446,1.17105,5,5,5.6575,7.135,7.4525,1,1.2,1.2,1.2,1,1.2,0.5,12,0.5,12,0.5,12,301934,2026-06-20 09:00:25,11014981,MAREESWARAN ,13616,104339022021,104319220151,160HP Z101  ,,AUTOMODE,BV141C,18,1,313461,OK,,0,0,9003102010431351065904261665408A,0020007910431251065004261475293A,00200045104311520066-7261672785C,OK,OK,OK,OK,303219,2026-06-20 08:59:01,11014981.0,MAREESWARAN ,13616,104339022021,104319220151,160HP Z101  ,AUTOMODE,BV141A,22,1,313461,OK,CA1,0,0,1020104313020080004674879488,OK,OK,0.39,0.413,0.5,0.39,0.435,0.5,OK,,00200045104311520066-7261672785C,OK,OK,202.9,145.2,52.6,146.3,-0.0408401,1.47017,52.4535,53.1695,0.122513,1.79688,55.5416,56.0588,56.2401,1.47442,57.5034,0.285866,0,0,0,0,05ACA005,303874,2026-06-20 08:59:41,11014981.0,MAREESWARAN ,13616.0,104339022021,104319220151,160HP Z101  ,AUTOMODE,BV141B,28,1.0,313461.0,OK,,,,00200045104311520066-7261672785C,OK,OK,,OK,OK,303974,2026-06-20 09:02:23,11014981.0,MAREESWARAN ,13616,104339022021,104319220151,,AUTOMODE,BV141D,33,1,313461,OK,CA13,,,0020007910431251065004261475293A,,0,145.3,3.8,-113.55,50.1,134,19.6,-223.2,59.6,-223.2,-113.71,0.0484581,0.243069,45.0,40.0,5.0,26.0098,52.0319,52.0929,0,0,0,0,0,0,0,0,0,0,0,3.38,0,20.0,0,377998
5045682,1,0020007910431251065004261475409A,2026-06-12 17:25:00,306217, , ,104319220151,0,0,0,0,57000,110000,0,0,120000,0,0,0,1,0:19,1011,16,12.15,338,12.15,338,18.73,85,18.73,85,0,0,0,0,0,0,0,0,18.07,172,18.07,172,14.11,27,14.11,27,10.51,194,10.51,194,0,0,0,0,0,0,0,0,0,0,0,0,UCX31_x0001_|_x0007_:, ,1.37,4.9,45.19,14,4.53,93,64.52,0:56      ,3,2026-06-13 21:26:53,11014981.0,MAREESWARAN ,1,104339022021,104319220151,,AUTOMODE_TS1,BV141E,45,2,,OK,,0,0,0020007910431251065004261475409A,1.178,1.17282,1.17421,5,5,5.0425,4.975,6.85,1,1.2,1.2,1.2,1,1.2,0.5,12,0.5,12,0.5,12,294898,2026-06-13 21:23:35,11014981,MAREESWARAN ,13616,104339022021,104319220151,160HP Z101  ,,AUTOMODE,BV141C,32,2,307167,OK,,0,0,9003102010431351065904261590881A,0020007910431251065004261475409A,00200045104311520066-7261572188A,OK,OK,OK,OK,296208,2026-06-13 21:21:49,11014981.0,MAREESWARAN ,13616,104339022021,104319220151,160HP Z101  ,AUTOMODE,BV141A,80,2,307167,OK,CA1,0,0,1020104313020080004674879488,OK,OK,0.39,0.418,0.5,0.39,0.428,0.5,OK,,00200045104311520066-7261572188A,OK,OK,202.9,145.2,52.6,146.3,0.0,1.63352,52.089,53.2177,0.122513,1.83771,55.47,55.7758,57.7275,10.332,57.5236,0.285866,0,0,0,0,05ACA002,296818,2026-06-13 21:22:29,11014981.0,MAREESWARAN ,13616.0,104339022021,104319220151,160HP Z101  ,AUTOMODE,BV141B,28,2.0,307167.0,OK,,,,00200045104311520066-7261572188A,OK,OK,,OK,OK,296928,2026-06-13 21:25:41,11014981.0,MAREESWARAN ,13616,104339022021,104319220151,,AUTOMODE,BV141D,36,2,307167,OK,CA13,,,0020007910431251065004261475409A,,0,145.3,4.3,-113.55,50.1,134,19.6,-223.2,59.6,-223.2,-113.71,0.159191,1.08821,45.0,40.0,5.0,23.9517,51.4226,51.506,0,0,0,0,0,0,0,0,0,0,0,3.37,0,20.0,0,368256
5050161,1,0020007910431251065004261475417A,2026-06-13 20:39:26,306217, , ,104319220140,0,0,0,0,57000,110000,0,0,120000,0,0,0,3,2:22,1011,16,42.44,204,6.07,125,22.56,178,1.02,24,0,0,0,0,0,0,0,0,17.54,272,0.5,278,13.33,317,3.04,211,8.1,261,8.87,269,0,0,0,0,0,0,0,0,0,0,0,0,UCX31_x0001_|_x0007_:, ,1.36,4.95,45.05,14,3.66,93,64.88,8:41      ,3,2026-06-16 02:02:57,11014981.0,MAREESWARAN ,1,104339022020,104319220140,,AUTOMODE_TS1,BV141E2,34,2,,OK,,0,0,0020007910431251065004261475417A,1.14981,1.14755,1.1483,5,5,3.23473,6.03234,3.97485,1,1.2,1.2,1.2,1,1.2,0.5,12,0.5,12,0.5,12,297454,2026-06-16 02:00:57,11014981,MAREESWARAN ,13616,104339022020,104319220140,140HPW501   ,,AUTOMODE,BV141C,23,2,308971,OK,,0,0,9003102010431351065904261591543A,0020007910431251065004261475417A,00200045104311520066-7261612353B,OK,OK,OK,OK,298787,2026-06-16 01:59:29,11014981.0,MAREESWARAN ,13616,104339022020,104319220140,140HPW501   ,AUTOMODE,BV141A,24,2,308971,OK,CA1,0,0,300050104312999991395364110336,OK,OK,0.39,0.432,0.5,0.39,0.429,0.5,OK,,00200045104311520066-7261612353B,OK,OK,202.9,145.2,52.6,146.3,0.0,1.67436,52.2059,53.1257,0.0816765,1.63352,55.4927,55.801,56.2401,1.08353,57.4469,0.245029,0,0,0,0,05ACA003,299411,2026-06-16 02:00:07,11014981.0,MAREESWARAN ,13616.0,104339022020,104319220140,140HPW501   ,AUTOMODE,BV141B,28,2.0,308971.0,OK,,,,00200045104311520066-7261612353B,OK,OK,,OK,OK,299514,2026-06-16 02:01:55,11014981.0,MAREESWARAN ,13616,104339022020,104319220140,,AUTOMODE,BV141D,32,2,308971,OK,CA13,,,0020007910431251065004261475417A,,0,146.7,3.5,-113.55,50.1,134,19.6,-223.35,59.6,-223.35,-113.71,0.280836,1.3283,45.0,40.0,5.0,23.1827,51.8509,51.9023,0,0,0,0,0,0,0,0,0,0,0,1.76,0,20.0,0,371975
5047892,1,0020007910431251065004261475464A,2026-06-13 06:38:10,306217, , ,104319220151,0,0,0,0,57000,110000,0,0,120000,0,0,0,1,0:19,1011,16,43.28,305,43.28,305,26.86,252,26.86,252,0,0,0,0,0,0,0,0,21.14,341,21.14,341,17.59,75,17.59,75,10.97,52,10.97,52,0,0,0,0,0,0,0,0,0,0,0,0,UCX31_x0001_|_x0007_:, ,1.25,4.94,45.13,14,4.74,93,64.47,0:56      ,3,2026-06-14 10:32:03,11014981.0,MAREESWARAN ,1,104339022020,104319220140,,AUTOMODE_TS1,BV141E2,34,1,,OK,,0,0,0020007910431251065004261475464A,1.1639,1.1556,1.15195,5,5,3.19042,6.70299,3.73892,1,1.2,1.2,1.2,1,1.2,0.5,12,0.5,12,0.5,12,295480,2026-06-14 10:29:19,11014981,MAREESWARAN ,13616,104339022020,104319220140,140HPW501   ,,AUTOMODE,BV141C,19,1,307771,OK,,0,0,9003102010431351065904261605302B,0020007910431251065004261475464A,00200045104311520066-7261622496B,OK,OK,OK,OK,296795,2026-06-14 10:28:07,11014981.0,MAREESWARAN ,13616,104339022020,104319220140,140HPW501   ,AUTOMODE,BV141A,22,1,307771,OK,CA1,0,0,300050104312999991395364110336,OK,OK,0.39,0.439,0.5,0.39,0.452,0.5,OK,,00200045104311520066-7261622496B,OK,OK,202.9,145.2,52.6,146.3,0.0,1.63352,52.1148,53.1416,0.122513,2.16442,55.4984,56.0105,56.2401,1.75967,57.5494,0.367542,0,0,0,0,05ACA005,297412,2026-06-14 10:28:45,11014981.0,MAREESWARAN ,13616.0,104339022020,104319220140,140HPW501   ,AUTOMODE,BV141B,30,1.0,307771.0,OK,,,,00200045104311520066-7261622496B,OK,OK,,OK,OK,297519,2026-06-14 10:30:57,11014981.0,MAREESWARAN ,13616,104339022020,104319220140,,AUTOMODE,BV141D,34,1,307771,OK,CA14,,,0020007910431251065004261475464A,,0,145.2,4.7,-113.55,50.1,134,19.6,-223.35,59.6,-223.35,-113.71,0.36551,1.56299,45.0,40.0,5.0,23.0696,52.2939,52.3524,0,0,0,0,0,0,0,0,0,0,0,1.67,0,20.0,0,369883
5047857,1,0020007910431251065004261475490A,2026-06-13 06:04:28,306217, , ,104319220151,0,0,0,0,57000,110000,0,0,120000,0,0,0,1,0:20,1011,16,56.81,121,56.81,121,58.62,92,58.62,92,0,0,0,0,0,0,0,0,49.33,183,49.33,183,11.67,295,11.67,295,11.15,58,11.15,58,0,0,0,0,0,0,0,0,0,0,0,0,UCX31_x0001_|_x0007_:, ,1.25,4.93,45.48,14,4.88,94,64.47,0:56      ,3,2026-06-15 08:56:25,11014981.0,MAREESWARAN ,1,104339022020,104319220140,,AUTOMODE_TS1,BV141E,40,1,,OK,,0,0,0020007910431251065004261475490A,1.17863,1.18129,1.18255,5,5,5.0775,4.8775,6.8175,1,1.2,1.2,1.2,1,1.2,0.5,12,0.5,12,0.5,12,296632,2026-06-15 08:52:29,11014981,MAREESWARAN ,13616,104339022020,104319220140,140HPW501   ,,AUTOMODE,BV141C,26,1,308120,OK,,0,0,9003102010431351065904261591461A,0020007910431251065004261475490A,00200045104311520066-7261572780C,OK,OK,OK,OK,297949,2026-06-15 08:51:09,11014981.0,MAREESWARAN ,13616,104339022020,104319220140,140HPW501   ,AUTOMODE,BV141A,23,1,308120,OK,CA1,0,0,300050104312999991395364110336,OK,OK,0.39,0.41,0.5,0.39,0.429,0.5,OK,,00200045104311520066-7261572780C,OK,OK,202.9,145.2,52.6,146.3,0.0,0.939274,52.0994,53.0269,0.0816765,1.42933,55.19,55.7098,57.6538,3.63459,57.45,0.245029,0,0,0,0,05ACA001,298567,2026-06-15 08:51:49,11014981.0,MAREESWARAN ,13616.0,104339022020,104319220140,140HPW501   ,AUTOMODE,BV141B,29,1.0,308120.0,OK,,,,00200045104311520066-7261572780C,OK,OK,,OK,OK,298674,2026-06-15 08:53:15,11014981.0,MAREESWARAN ,13616,104339022020,104319220140,,AUTOMODE,BV141D,32,1,308120,OK,CA14,,,0020007910431251065004261475490A,,0,145.4,3.5,-113.55,50.1,134,19.6,-223.35,59.6,-223.35,-113.71,0.450774,2.03666,45.0,40.0,5.0,23.3938,51.6209,51.7023,0,0,0,0,0,0,0,0,0,0,0,2.15,0,20.0,0,371045
5047446,1,0020007910431251065004261475494A,2026-06-13 02:39:04,306217, , ,104319220151,0,0,0,0,57000,110000,0,0,120000,0,0,0,2,1:25,1011,16,43.44,12,20.53,314,21.12,310,3.94,271,0,0,0,0,0,0,0,0,16.37,32,2.33,45,21.4,136,9.17,48,8.99,41,10.62,58,0,0,0,0,0,0,0,0,0,0,0,0,UCX31_x0001_|_x0007_:, ,1.28,4.93,44.87,14,4.53,93,64.85,2:02      ,3,2026-06-13 22:14:00,11014981.0,MAREESWARAN ,1,104339022021,104319220151,,AUTOMODE_TS1,BV141E2,38,2,,OK,,0,0,0020007910431251065004261475494A,1.15862,1.14792,1.1556,5,5,2.18443,5.15569,3.21198,1,1.2,1.2,1.2,1,1.2,0.5,12,0.5,12,0.5,12,294945,2026-06-13 22:11:16,11014981,MAREESWARAN ,13616,104339022021,104319220151,160HP Z101  ,,AUTOMODE,BV141C,24,2,307216,OK,,0,0,9003102010431351065904261628696A,0020007910431251065004261475494A,00200045104311520066-7261572218A,OK,OK,OK,OK,296255,2026-06-13 22:10:00,11014981.0,MAREESWARAN ,13616,104339022021,104319220151,160HP Z101  ,AUTOMODE,BV141A,22,2,307216,OK,CA1,0,0,1020104313020080004674879488,OK,OK,0.39,0.425,0.5,0.39,0.414,0.5,OK,,00200045104311520066-7261572218A,OK,OK,202.9,145.2,52.6,146.3,0.0,0.530895,52.0507,53.4852,0.0816765,1.47017,55.2356,55.8496,57.6942,1.51101,57.3885,0.285866,0,0,0,0,05ACA003,296865,2026-06-13 22:10:38,11014981.0,MAREESWARAN ,13616.0,104339022021,104319220151,160HP Z101  ,AUTOMODE,BV141B,28,2.0,307216.0,OK,,,,00200045104311520066-7261572218A,OK,OK,,OK,OK,296975,2026-06-13 22:12:50,11014981.0,MAREESWARAN ,13616,104339022021,104319220151,,AUTOMODE,BV141D,37,2,307216,OK,CA13,,,0020007910431251065004261475494A,,0,145.8,4.6,-113.55,50.1,134,19.6,-223.2,59.6,-223.2,-113.71,0.274243,1.3562,45.0,40.0,5.0,21.0114,52.31,52.3039,0,0,0,0,0,0,0,0,0,0,0,3.35,0,20.0,0,368303
5068791,1,0020007910431251065004261475579B,2026-06-19 16:30:32,304212, , ,104319220151,0,0,0,0,57000,110000,0,0,120000,0,0,0,2,1:18,1011,16,57.14,273,28.19,249,29.23,243,5.54,237,0,0,0,0,0,0,0,0,22.96,278,3.37,236,10.6,1,6.53,312,8.35,276,9.99,288,0,0,0,0,0,0,0,0,0,0,0,0,UCX31_x0001_|_x0007_:, ,1.42,4.98,46.15,14,4.39,94,65.03,1:48      ,3,2026-06-20 09:10:11,11014981.0,MAREESWARAN ,1,104339022021,104319220151,,AUTOMODE_TS1,BV141E,44,1,,OK,,0,0,0020007910431251065004261475579B,1.17497,1.17358,1.17535,5,5,4.3775,4.7475,5.45,1,1.2,1.2,1.2,1,1.2,0.5,12,0.5,12,0.5,12,301942,2026-06-20 09:07:23,11014981,MAREESWARAN ,13616,104339022021,104319220151,160HP Z101  ,,AUTOMODE,BV141C,18,1,313469,OK,,0,0,9003102010431351065904261665391A,0020007910431251065004261475579B,00200045104311520066-7261672751C,OK,OK,OK,OK,303227,2026-06-20 09:06:13,11014981.0,MAREESWARAN ,13616,104339022021,104319220151,160HP Z101  ,AUTOMODE,BV141A,22,1,313469,OK,CA1,0,0,1020104313020080004674879488,OK,OK,0.39,0.432,0.5,0.39,0.442,0.5,OK,,00200045104311520066-7261672751C,OK,OK,202.9,145.2,52.6,146.3,0.0,1.7152,52.0844,53.2105,0.122517,1.63352,55.5698,55.8781,57.6234,2.00106,57.4196,0.285866,0,0,0,0,05ACA003,303882,2026-06-20 09:06:53,11014981.0,MAREESWARAN ,13616.0,104339022021,104319220151,160HP Z101  ,AUTOMODE,BV141B,30,1.0,313469.0,OK,,,,00200045104311520066-7261672751C,OK,OK,,OK,OK,303982,2026-06-20 09:08:59,11014981.0,MAREESWARAN ,13616,104339022021,104319220151,,AUTOMODE,BV141D,33,1,313469,OK,CA13,,,0020007910431251065004261475579B,,0,145.4,3.8,-113.55,50.1,134,19.6,-223.2,59.6,-223.2,-113.71,-0.00753784,0.278946,40.0272,40.7389,5.0,26.0928,51.9152,51.9685,0,0,0,0,0,0,0,0,0,0,0,3.43,0,20.0,0,378006
5046425,1,0020007910431251065004261475636B,2026-06-12 21:14:23,304212, , ,104319220151,0,0,0,0,57000,110000,0,0,120000,0,0,0,2,1:24,1011,16,67.22,235,14.66,327,37.05,210,7.83,338,0,0,0,0,0,0,0,0,27.02,309,5.03,70,11.52,7,2.05,37,8.49,316,9.32,323,0,0,0,0,0,0,0,0,0,0,0,0,UCX31_x0001_|_x0007_:, ,1.56,4.94,45.39,14,4.29,94,65.03,7:50      ,3,2026-06-18 21:41:55,11014981.0,MAREESWARAN ,1,104339022019,104319220139,,AUTOMODE_TS1,BV141E2,32,2,,OK,,0,0,0020007910431251065004261475636B,1.1634,1.15044,1.1483,2,2,7.85629,11.891,8.37485,1,1.2,1.2,1.2,1,1.2,0.5,12,0.5,12,0.5,12,300781,2026-06-18 21:39:33,11014981,MAREESWARAN ,13616,104339022019,104319220139,140HPW501   ,,AUTOMODE,BV141C,28,2,312368,OK,,0,0,6000102010431351066005261406020B,0020007910431251065004261475636B,00200045104311520066-7261622800C,OK,OK,OK,OK,302144,2026-06-18 21:38:18,11014981.0,MAREESWARAN ,13616,104339022019,104319220139,140HPW501   ,AUTOMODE,BV141A,22,2,312368,OK,CA1,0,0,300050104312999991395364110336,OK,OK,0.39,0.409,0.5,0.39,0.425,0.5,OK,,00200045104311520066-7261622800C,OK,OK,202.9,145.2,52.6,146.3,0.0,1.14347,52.1196,53.2457,0.0,1.3885,55.1923,55.9057,57.6408,2.08274,57.1312,0.0816765,0,0,0,0,05ACA007,302792,2026-06-18 21:38:56,11014981.0,MAREESWARAN ,13616.0,104339022019,104319220139,140HPW501   ,AUTOMODE,BV141B,28,2.0,312368.0,OK,,,,00200045104311520066-7261622800C,OK,OK,,OK,OK,302891,2026-06-18 21:40:55,11014981.0,MAREESWARAN ,13616,104339022019,104319220139,,AUTOMODE,BV141D,35,2,312368,OK,CA13,,,0020007910431251065004261475636B,,0,145.5,4.9,-113.55,49.8,134,19.6,-222.95,59.6,-222.95,-113.71,0.165766,1.04565,45.0,40.0,5.0,19.0437,52.5249,52.4613,0,0,0,0,0,0,0,0,0,0,0,1.71,0,20.0,0,376801
5081682,1,0020007910431251065004261475684B,2026-06-23 23:57:30,304212, , ,104319220140,0,0,0,0,57000,110000,0,0,120000,0,0,0,2,1:23,1011,16,63.28,3,20.4,7,41.25,356,2.51,71,0,0,0,0,0,0,0,0,27.57,95,0.92,159,8.51,132,8.49,98,8.53,49,9.51,54,0,0,0,0,0,0,0,0,0,0,0,0,UCX31_x0001_|_x0007_:, ,1.53,4.95,46.15,14,3.96,94,64.84,1:54      ,3,2026-06-28 08:41:03,11014981.0,MAREESWARAN ,1,104339022020,104319220140,,AUTOMODE_TS1,BV141E2,34,1,,OK,,0,0,0020007910431251065004261475684B,1.14704,1.15421,1.15119,5,5,1.8994,6.84311,3.87066,1,1.2,1.2,1.2,1,1.2,0.5,12,0.5,12,0.5,12,312932,2026-06-28 08:36:47,11014086,BABU        ,13616,104339022020,104319220140,140HPW501   ,,AUTOMODE,BV141C,30,1,322234,OK,,0,0,9003102010431351065904261769029A,0020007910431251065004261475684B,00200045104311520066-7261762058A,OK,OK,OK,OK,314330,2026-06-28 08:34:09,11014086.0,BABU        ,13616,104339022020,104319220140,140HPW501   ,AUTOMODE,BV141A,72,1,322234,OK,CA1,0,0,300050104312999991395364110336,OK,OK,0.39,0.456,0.5,0.39,0.45,0.5,OK,,00200045104311520066-7261762058A,OK,OK,202.9,145.2,52.6,146.3,-0.0408401,1.75603,52.4507,52.8609,0.163349,2.49112,54.9221,55.4342,57.6891,8.29013,57.2789,0.285866,0,0,0,0,05ACA008,314093,2026-06-28 08:34:43,11014086.0,BABU        ,13616.0,104339022020,104319220140,140HPW501   ,AUTOMODE,BV141B,27,1.0,322234.0,OK,,,,00200045104311520066-7261762058A,OK,OK,,OK,OK,315135,2026-06-28 08:37:39,11014086.0,BABU        ,13616,104339022020,104319220140,,AUTOMODE,BV141D,37,1,322234,OK,CA13,,,0020007910431251065004261475684B,,0,147.4,8.4,-113.55,50.1,134,19.6,-223.35,59.6,-223.35,-113.71,0.334949,1.80242,45.0,40.0,5.0,20.8757,52.0573,52.0799,0,0,0,0,0,0,0,0,0,0,0,1.66,0,20.0,0,390741
5089938,1,0020007910431251065004261475715B,2026-06-26 08:05:51,304212, , ,104319220140,0,0,0,0,57000,110000,0,0,120000,0,0,0,5,4:06,1011,16,86.43,356,18.01,39,59.05,6,15.48,39,0,0,0,0,0,0,0,0,47.64,322,23.11,13,27.45,322,1.06,73,4.87,273,8.55,277,0,0,0,0,0,0,0,0,0,0,0,0,UCX31_x0001_|_x0007_:, ,1.52,4.92,46.29,14,4.14,94,65.03,4:31      ,3,2026-06-26 21:35:55,11014981.0,MAREESWARAN ,1,104339022021,104319220151,,AUTOMODE_TS1,BV141E2,38,2,,OK,,0,0,0020007910431251065004261475715B,1.16365,1.15057,1.15459,5,5,5.80599,9.08862,6.17246,1,1.2,1.2,1.2,1,1.2,0.5,12,0.5,12,0.5,12,308836,2026-06-26 21:33:31,11014981,MAREESWARAN ,13616,104339022021,104319220151,160HP Z101  ,,AUTOMODE,BV141C,18,2,320601,OK,,0,0,9003102010431351065904261689031A,0020007910431251065004261475715B,00200045104311520066-7261682708C,OK,OK,OK,OK,310206,2026-06-26 21:32:05,11014981.0,MAREESWARAN ,13616,104339022021,104319220151,160HP Z101  ,AUTOMODE,BV141A,22,2,320601,OK,CA1,0,0,1020104313020080004674879488,OK,OK,0.39,0.47,0.5,0.39,0.456,0.5,OK,,00200045104311520066-7261682708C,OK,OK,202.9,145.2,52.6,146.3,-0.0408401,2.32777,52.1675,53.4007,0.204189,2.16442,55.5562,55.9689,56.2401,1.64809,57.6047,0.285866,0,0,0,0,05ACA004,310945,2026-06-26 21:32:47,11014981.0,MAREESWARAN ,13616.0,104339022021,104319220151,160HP Z101  ,AUTOMODE,BV141B,28,2.0,320601.0,OK,,,,00200045104311520066-7261682708C,OK,OK,,OK,OK,310993,2026-06-26 21:34:49,11014981.0,MAREESWARAN ,13616,104339022021,104319220151,,AUTOMODE,BV141D,37,2,320601,OK,CA13,,,0020007910431251065004261475715B,,0,147.0,6.0,-113.55,50.1,134,19.6,-223.2,59.6,-223.2,-113.71,0.224181,0.66297,45.0,40.0,5.0,23.6199,52.0622,52.3906,0,0,0,0,0,0,0,0,0,0,0,3.44,0,20.0,0,386119
5082078,1,0020007910431251065004261475739B,2026-06-24 02:35:46,304212, , ,104319220140,0,0,0,0,57000,110000,0,0,120000,0,0,0,3,2:16,1011,16,65.75,184,12.05,243,30.9,172,4.89,294,0,0,0,0,0,0,0,0,21.35,270,2.03,22,15.17,294,3.98,323,8.04,229,10.06,227,0,0,0,0,0,0,0,0,0,0,0,0,UCX31_x0001_|_x0007_:, ,1.44,4.95,45.34,14,4.36,94,65.1,2:47      ,3,2026-06-29 18:16:24,11014086.0,BABU        ,1,104339022021,104319220151,,AUTOMODE_TS1,BV141E2,38,1,,OK,,0,0,0020007910431251065004261475739B,1.14704,1.16767,1.14969,5,5,2.05509,7.19641,4.21916,1,1.2,1.2,1.2,1,1.2,0.5,12,0.5,12,0.5,12,313942,2026-06-29 18:13:24,11014086,BABU        ,13616,104339022021,104319220151,160HP Z101  ,,AUTOMODE,BV141C,24,1,323302,OK,,0,0,9003102010431351065904261769653A,0020007910431251065004261475739B,00200045104311520066-7261750314A,OK,OK,OK,OK,315369,2026-06-29 18:11:38,11014086.0,BABU        ,13616,104339022021,104319220151,160HP Z101  ,AUTOMODE,BV141A,24,1,323302,OK,CA1,0,0,1020104313020080004674879488,OK,OK,0.39,0.442,0.5,0.39,0.447,0.5,OK,,00200045104311520066-7261750314A,OK,OK,202.9,145.2,52.6,146.3,-0.0408401,1.55185,52.5984,53.215,0.122513,2.00106,55.4673,55.8775,57.8317,4.24716,57.5259,0.326702,0,0,0,0,05ACA001,315150,2026-06-29 18:12:12,11014086.0,BABU        ,13616.0,104339022021,104319220151,160HP Z101  ,AUTOMODE,BV141B,26,1.0,323302.0,OK,,,,00200045104311520066-7261750314A,OK,OK,,OK,OK,316187,2026-06-29 18:15:20,11014086.0,BABU        ,13616,104339022021,104319220151,,AUTOMODE,BV141D,42,1,323302,OK,CA13,,,0020007910431251065004261475739B,,0,148.2,10.7,-113.55,50.1,134,19.6,-223.2,59.6,-223.2,-113.71,0.250196,0.836838,45.0,40.3578,5.0,25.746,51.7653,51.8518,0,0,0,0,0,0,0,0,0,0,0,3.36,0,20.0,0,392057
5078685,1,0020007910431251065004261475945C,2026-06-23 04:14:53,304212, , ,104319220140,0,0,0,0,57000,110000,0,0,120000,0,0,0,1,0:23,1011,16,36.57,112,36.57,112,42.18,156,42.18,156,0,0,0,0,0,0,0,0,27.16,264,27.16,264,19.63,127,19.63,127,11.02,225,11.02,225,0,0,0,0,0,0,0,0,0,0,0,0,UCX31_x0001_|_x0007_:, ,1.33,4.97,46.44,14,4.59,94,64.88,0:54      ,3,2026-06-26 05:22:39,11014981.0,MAREESWARAN ,1,104339022020,104319220140,,AUTOMODE_TS1,BV141E,40,2,,OK,,0,0,0020007910431251065004261475945C,1.17699,1.17484,1.17788,5,5,5.43,6.0725,6.4275,1,1.2,1.2,1.2,1,1.2,0.5,12,0.5,12,0.5,12,308005,2026-06-26 05:20:23,11014981,MAREESWARAN ,13616,104339022020,104319220140,140HPW501   ,,AUTOMODE,BV141C,23,2,319759,OK,,0,0,9003102010431351065904261701851A,0020007910431251065004261475945C,00200045104311520066-7261692553C,OK,OK,OK,OK,309384,2026-06-26 05:17:57,11014981.0,MAREESWARAN ,13616,104339022020,104319220140,140HPW501   ,AUTOMODE,BV141A,22,2,319759,OK,CA1,0,0,300050104312999991395364110336,OK,OK,0.39,0.405,0.5,0.39,0.411,0.5,OK,,00200045104311520066-7261692553C,OK,OK,202.9,145.2,52.6,146.3,0.0408363,1.79688,52.1223,52.8357,0.122513,1.91939,55.2052,55.5161,57.7735,9.84197,57.3633,0.285866,0,0,0,0,05ACA008,310112,2026-06-26 05:18:39,11014981.0,MAREESWARAN ,13616.0,104339022020,104319220140,140HPW501   ,AUTOMODE,BV141B,28,2.0,319759.0,OK,,,,00200045104311520066-7261692553C,OK,OK,,OK,OK,310164,2026-06-26 05:21:21,11014981.0,MAREESWARAN ,13616,104339022020,104319220140,,AUTOMODE,BV141D,31,2,319759,OK,CA13,,,0020007910431251065004261475945C,,0,147.7,4.0,-113.55,50.1,134,19.6,-223.35,59.6,-223.35,-113.71,0.29003,1.36608,45.0,40.0,5.0,25.4369,51.5619,51.6255,0,0,0,0,0,0,0,0,0,0,0,1.83,0,20.0,0,385061
5082281,1,0020007910431251065004261476051C,2026-06-24 03:39:24,306217, , ,104319220151,0,0,0,0,57000,110000,0,0,120000,0,0,0,1,0:19,1011,16,47.66,54,47.66,54,24.62,50,24.62,50,0,0,0,0,0,0,0,0,21.09,148,21.09,148,13.12,151,13.12,151,10.53,214,10.53,214,0,0,0,0,0,0,0,0,0,0,0,0,UCX31_x0001_|_x0007_:, ,1.22,4.92,44.9,14,4.49,93,64.52,0:56      ,3,2026-06-26 09:24:47,11014981.0,MAREESWARAN ,1,104339022020,104319220140,,AUTOMODE_TS1,BV141E2,34,1,,OK,,0,0,0020007910431251065004261476051C,1.14843,1.14541,1.15358,5,5,2.51138,6.25509,3.62874,1,1.2,1.2,1.2,1,1.2,0.5,12,0.5,12,0.5,12,308203,2026-06-26 09:21:51,11014981,MAREESWARAN ,13616,104339022020,104319220140,140HPW501   ,,AUTOMODE,BV141C,23,1,319972,OK,,0,0,9003102010431351065904261713212A,0020007910431251065004261476051C,00200045104311520066-7261692589C,OK,OK,OK,OK,309590,2026-06-26 09:20:17,11014981.0,MAREESWARAN ,13616,104339022020,104319220140,140HPW501   ,AUTOMODE,BV141A,23,1,319972,OK,CA1,0,0,300050104312999991395364110336,OK,OK,0.39,0.448,0.5,0.39,0.457,0.5,OK,,00200045104311520066-7261692589C,OK,OK,202.9,145.2,52.6,146.3,-0.0408363,1.67436,52.066,53.3985,0.0816765,1.79688,55.6509,55.9566,57.6993,3.22621,57.3936,0.326706,0,0,0,0,05ACA001,310321,2026-06-26 09:20:59,11014981.0,MAREESWARAN ,13616.0,104339022020,104319220140,140HPW501   ,AUTOMODE,BV141B,28,1.0,319972.0,OK,,,,00200045104311520066-7261692589C,OK,OK,,OK,OK,310371,2026-06-26 09:23:47,11014981.0,MAREESWARAN ,13616,104339022020,104319220140,,AUTOMODE,BV141D,38,1,319972,OK,CA14,,,0020007910431251065004261476051C,,0,147.1,9.8,-113.55,50.1,134,19.6,-223.35,59.6,-223.35,-113.71,0.667758,1.28165,45.0,41.3186,5.0,25.8741,51.6281,51.7424,0,0,0,0,0,0,0,0,0,0,0,2.11,0,20.0,0,385305
5083346,1,0020007910431251065004261476072C,2026-06-24 11:31:51,304212, , ,104319220151,0,0,0,0,57000,110000,0,0,120000,0,0,0,2,1:10,1011,16,40.81,85,7.08,152,18.96,114,7.23,168,0,0,0,0,0,0,0,0,9.84,126,4.24,213,10.96,104,0.73,123,8.97,33,8.87,35,0,0,0,0,0,0,0,0,0,0,0,0,UCX31_x0001_|_x0007_:, ,1.44,4.98,46.32,14,4.44,94,65.03,12:23     ,3,2026-06-25 13:15:08,11014981.0,MAREESWARAN ,1,104339022020,104319220140,,AUTOMODE_TS1,BV141E2,34,1,,OK,,0,0,0020007910431251065004261476072C,1.16377,1.15849,1.1644,5,5,2.81198,7.43473,3.96287,1,1.2,1.2,1.2,1,1.2,0.5,12,0.5,12,0.5,12,307200,2026-06-25 13:12:04,11014981,MAREESWARAN ,13616,104339022020,104319220140,140HPW501   ,,AUTOMODE,BV141C,19,1,318920,OK,,0,0,9003102010431351065904261703085B,0020007910431251065004261476072C,00200045104311520066-7261742207B,OK,OK,OK,OK,308572,2026-06-25 13:09:22,11014981.0,MAREESWARAN ,13616,104339022020,104319220140,140HPW501   ,AUTOMODE,BV141A,23,1,318920,OK,CA1,0,0,300050104312999991395364110336,OK,OK,0.39,0.463,0.5,0.39,0.439,0.5,OK,,00200045104311520066-7261742207B,OK,OK,202.9,145.2,52.6,146.3,-0.0408401,2.53196,52.094,53.1157,0.163353,2.32777,55.2762,55.689,57.5387,6.86079,57.2305,0.367542,0,0,0,0,05ACA006,309285,2026-06-25 13:10:40,11014981.0,MAREESWARAN ,13616.0,104339022020,104319220140,140HPW501   ,AUTOMODE,BV141B,44,1.0,318920.0,OK,,,,00200045104311520066-7261742207B,OK,OK,,OK,OK,309348,2026-06-25 13:14:06,11014981.0,MAREESWARAN ,13616,104339022020,104319220140,,AUTOMODE,BV141D,39,1,318920,OK,CA13,,,0020007910431251065004261476072C,,0,145.3,10.2,-113.55,50.1,134,19.6,-223.35,59.6,-223.35,-113.71,0.248719,0.972542,45.0,40.0196,5.0,25.0071,51.5173,51.5873,0,0,0,0,0,0,0,0,0,0,0,1.74,0,20.0,0,384193
5083726,1,0020007910431251065004261476123C,2026-06-24 13:47:52,304212, , ,104319220151,0,0,0,0,57000,110000,0,0,120000,0,0,0,1,0:22,1011,16,70.16,284,70.16,284,44.26,253,44.26,253,0,0,0,0,0,0,0,0,57.27,288,57.27,288,23.04,1,23.04,1,11.76,262,11.76,262,0,0,0,0,0,0,0,0,0,0,0,0,UCX31_x0001_|_x0007_:, ,1.41,5.01,45.92,14,4.01,93,64.83,0:53      ,3,2026-06-25 13:19:56,11014981.0,MAREESWARAN ,1,104339022020,104319220140,,AUTOMODE_TS1,BV141E,41,1,,OK,,0,0,0020007910431251065004261476123C,1.17712,1.17509,1.17686,5,5,3.6875,5.795,5.0775,1,1.2,1.2,1.2,1,1.2,0.5,12,0.5,12,0.5,12,307205,2026-06-25 13:16:16,11014981,MAREESWARAN ,13616,104339022020,104319220140,140HPW501   ,,AUTOMODE,BV141C,20,1,318925,OK,,0,0,9003102010431351065904261702773B,0020007910431251065004261476123C,00200045104311520066-7261742158B,OK,OK,OK,OK,308577,2026-06-25 13:13:52,11014981.0,MAREESWARAN ,13616,104339022020,104319220140,140HPW501   ,AUTOMODE,BV141A,25,1,318925,OK,CA1,0,0,300050104312999991395364110336,OK,OK,0.39,0.454,0.5,0.39,0.445,0.5,OK,,00200045104311520066-7261742158B,OK,OK,202.9,145.2,52.6,146.3,-0.0408401,1.34766,52.3643,52.7796,0.0816765,1.75603,55.139,55.5517,57.7098,8.78019,57.2996,0.204189,0,0,0,0,05ACA008,309290,2026-06-25 13:14:50,11014981.0,MAREESWARAN ,13616.0,104339022020,104319220140,140HPW501   ,AUTOMODE,BV141B,28,1.0,318925.0,OK,,,,00200045104311520066-7261742158B,OK,OK,,OK,OK,309353,2026-06-25 13:18:16,11014981.0,MAREESWARAN ,13616,104339022020,104319220140,,AUTOMODE,BV141D,38,1,318925,OK,CA13,,,0020007910431251065004261476123C,,0,145.2,8.9,-113.55,50.1,134,19.6,-223.35,59.6,-223.35,-113.71,0.42166,1.79231,45.0,40.0,5.0,25.0901,51.4958,51.5797,0,0,0,0,0,0,0,0,0,0,0,1.57,0,20.0,0,384198
5088873,1,0020007910431251065004261476134C,2026-06-26 01:18:34,304212, , ,104319220140,0,0,0,0,57000,110000,0,0,120000,0,0,0,2,1:34,1011,16,33.63,109,9.05,269,54.27,86,6.29,178,0,0,0,0,0,0,0,0,93.85,69,18.3,156,15.03,189,6.26,269,8.23,94,10.78,95,0,0,0,0,0,0,0,0,0,0,0,0,UCX31_x0001_|_x0007_:, ,1.58,4.93,45.25,14,4.53,93,65.03,1:59      ,3,2026-06-26 21:21:41,11014981.0,MAREESWARAN ,1,104339022021,104319220151,,AUTOMODE_TS1,BV141E,44,2,,OK,,0,0,0020007910431251065004261476134C,1.17826,1.17522,1.17598,5,5,5.3775,5.74,7.4,1,1.2,1.2,1.2,1,1.2,0.5,12,0.5,12,0.5,12,308817,2026-06-26 21:17:25,11014981,MAREESWARAN ,13616,104339022021,104319220151,160HP Z101  ,,AUTOMODE,BV141C,22,2,320581,OK,,0,0,9003102010431351065904261666182B,0020007910431251065004261476134C,00200045104311520066-7261682081A,OK,OK,OK,OK,310187,2026-06-26 21:16:05,11014981.0,MAREESWARAN ,13616,104339022021,104319220151,160HP Z101  ,AUTOMODE,BV141A,22,2,320581,OK,CA1,0,0,1020104313020080004674879488,OK,OK,0.39,0.469,0.5,0.39,0.464,0.5,OK,,00200045104311520066-7261682081A,OK,OK,202.9,145.2,52.6,146.3,0.0,2.16442,52.1165,53.2477,0.163349,2.00106,55.6019,55.9128,57.8593,4.36967,57.5536,0.326702,0,0,0,0,05ACA001,310926,2026-06-26 21:16:47,11014981.0,MAREESWARAN ,13616.0,104339022021,104319220151,160HP Z101  ,AUTOMODE,BV141B,29,2.0,320581.0,OK,,,,00200045104311520066-7261682081A,OK,OK,,OK,OK,310974,2026-06-26 21:18:15,11014981.0,MAREESWARAN ,13616,104339022021,104319220151,,AUTOMODE,BV141D,37,2,320581,OK,CA13,,,0020007910431251065004261476134C,,0,147.4,6.4,-113.55,50.1,134,19.6,-223.2,59.6,-223.2,-113.71,0.823329,1.832,45.0,40.1163,5.0,24.6528,52.1822,52.2508,0,0,0,0,0,0,0,0,0,0,0,3.73,0,20.0,0,386091
5085446,1,0020007910431251065004261476182C,2026-06-25 01:51:26,304212, , ,104319220151,0,0,0,0,57000,110000,0,0,120000,0,0,0,2,1:14,1011,16,32.43,359,18.39,54,10.59,340,5.91,37,0,0,0,0,0,0,0,0,5,14,2.36,70,9.22,68,4.81,119,7.42,28,8.23,36,0,0,0,0,0,0,0,0,0,0,0,0,UCX31_x0001_|_x0007_:, ,1.47,4.9,45.1,14,4.33,94,65.06,23:34     ,3,2026-06-26 21:13:11,11014981.0,MAREESWARAN ,1,104339022020,104319220140,,AUTOMODE_TS1,BV141E2,34,2,,OK,,0,0,0020007910431251065004261476182C,1.16654,1.15044,1.16906,5,5,6.03473,10.3293,6.2515,1,1.2,1.2,1.2,1,1.2,0.5,12,0.5,12,0.5,12,308816,2026-06-26 21:10:35,11014981,MAREESWARAN ,13616,104339022020,104319220140,140HPW501   ,,AUTOMODE,BV141C,18,2,320580,OK,,0,0,9003102010431351065904261688729A,0020007910431251065004261476182C,00200045104311520066-7261682238B,OK,OK,OK,OK,310186,2026-06-26 21:09:23,11014981.0,MAREESWARAN ,13616,104339022020,104319220140,140HPW501   ,AUTOMODE,BV141A,23,2,320580,OK,CA1,0,0,300050104312999991395364110336,OK,OK,0.39,0.47,0.5,0.39,0.456,0.5,OK,,00200045104311520066-7261682238B,OK,OK,202.9,145.2,52.6,146.3,-0.0408401,1.22514,52.0508,53.3808,0.0816727,1.96022,55.7452,56.0535,56.2401,1.63129,57.6,0.326702,0,0,0,0,05ACA005,310925,2026-06-26 21:10:05,11014981.0,MAREESWARAN ,13616.0,104339022020,104319220140,140HPW501   ,AUTOMODE,BV141B,28,2.0,320580.0,OK,,,,00200045104311520066-7261682238B,OK,OK,,OK,OK,310973,2026-06-26 21:12:09,11014981.0,MAREESWARAN ,13616,104339022020,104319220140,,AUTOMODE,BV141D,34,2,320580,OK,CA13,,,0020007910431251065004261476182C,,0,147.4,6.0,-113.55,50.1,134,19.6,-223.35,59.6,-223.35,-113.71,0.349766,1.70445,45.0,40.0,5.0,24.0572,51.9986,52.0475,0,0,0,0,0,0,0,0,0,0,0,1.71,0,20.0,0,386090
5083866,1,0020007910431251065004261476189C,2026-06-24 14:42:47,304212, , ,104319220151,0,0,0,0,57000,110000,0,0,120000,0,0,0,2,1:42,1011,16,103.7,5,30.34,304,105.06,3,18.4,314,0,0,0,0,0,0,0,0,81.53,299,12.96,260,20.05,319,8.81,227,6.24,273,8.28,281,0,0,0,0,0,0,0,0,0,0,0,0,UCX31_x0001_|_x0007_:, ,1.56,4.89,46.03,14,4.27,94,65.08,2:06      ,3,2026-06-25 09:07:38,11014981.0,MAREESWARAN ,1,104339022020,104319220140,,AUTOMODE_TS1,BV141E2,34,1,,OK,,0,0,0020007910431251065004261476189C,1.1634,1.16277,1.15447,5,5,1.5988,6.58204,3.8515,1,1.2,1.2,1.2,1,1.2,0.5,12,0.5,12,0.5,12,306998,2026-06-25 09:05:42,11014981,MAREESWARAN ,13616,104339022020,104319220140,140HPW501   ,,AUTOMODE,BV141C,35,1,318708,OK,,0,0,9003102010431351065904261702140A,0020007910431251065004261476189C,00200045104311520066-7261722293A,OK,OK,OK,OK,308364,2026-06-25 09:03:44,11014981.0,MAREESWARAN ,13616,104339022020,104319220140,140HPW501   ,AUTOMODE,BV141A,22,1,318708,OK,CA1,0,0,300050104312999991395364110336,OK,OK,0.39,0.438,0.5,0.39,0.437,0.5,OK,,00200045104311520066-7261722293A,OK,OK,202.9,145.2,52.6,146.3,-0.0408363,4.98225,52.6755,53.4909,0.857601,3.5537,55.44,54.0897,57.5904,3.51207,57.3865,0.612572,0,0,0,0,05ACA010,309075,2026-06-25 09:04:22,11014981.0,MAREESWARAN ,13616.0,104339022020,104319220140,140HPW501   ,AUTOMODE,BV141B,29,1.0,318708.0,OK,,,,00200045104311520066-7261722293A,OK,OK,,OK,OK,309139,2026-06-25 09:06:30,11014981.0,MAREESWARAN ,13616,104339022020,104319220140,,AUTOMODE,BV141D,37,1,318708,OK,CA13,,,0020007910431251065004261476189C,,0,145.1,8.0,-113.55,50.1,134,19.6,-223.35,59.6,-223.35,-113.71,0.325901,1.44551,45.0,40.0,5.0,23.7029,52.2482,52.3828,0,0,0,0,0,0,0,0,0,0,0,1.71,0,20.0,0,383959
5081095,1,0020007910431251065004261484538A,2026-06-23 20:05:31,306217, , ,104319220140,0,0,0,0,57000,110000,0,0,120000,0,0,0,2,1:26,1011,16,33.19,109,8.32,268,38.89,93,7.18,266,0,0,0,0,0,0,0,0,41.75,183,8.04,357,1.07,260,1.38,281,8.8,203,9.8,214,0,0,0,0,0,0,0,0,0,0,0,0,UCX31_x0001_|_x0007_:, ,1.36,4.93,45.05,14,4.3,93,65.03,2:03      ,3,2026-06-29 11:36:57,11014086.0,BABU        ,1,104339022021,104319220151,,AUTOMODE_TS1,BV141E,45,1,,OK,,0,0,0020007910431251065004261484538A,1.17699,1.17332,1.17459,5,5,3.64,4.4925,7.93,1,1.2,1.2,1.2,1,1.2,0.5,12,0.5,12,0.5,12,313637,2026-06-29 11:34:13,11014086,BABU        ,13616,104339022021,104319220151,160HP Z101  ,,AUTOMODE,BV141C,36,1,322974,OK,,0,0,9003102010431351065904261768976A,0020007910431251065004261484538A,00200045104311520066-7261752295A,OK,OK,OK,OK,315052,2026-06-29 11:32:33,11014086.0,BABU        ,13616,104339022021,104319220151,160HP Z101  ,AUTOMODE,BV141A,22,1,322974,OK,CA1,0,0,1020104313020080004674879488,OK,OK,0.39,0.428,0.5,0.39,0.44,0.5,OK,,00200045104311520066-7261752295A,OK,OK,202.9,145.2,52.6,146.3,0.0,2.00106,52.0938,53.0187,0.122517,2.53196,55.2862,55.5945,57.7526,8.82103,57.3398,0.367542,0,0,0,0,05ACA006,314825,2026-06-29 11:33:13,11014086.0,BABU        ,13616.0,104339022021,104319220151,160HP Z101  ,AUTOMODE,BV141B,26,1.0,322974.0,OK,,,,00200045104311520066-7261752295A,OK,OK,,OK,OK,315864,2026-06-29 11:35:49,11014086.0,BABU        ,13616,104339022021,104319220151,,AUTOMODE,BV141D,37,1,322974,OK,CA13,,,0020007910431251065004261484538A,,0,147.2,10.4,-113.55,50.1,134,19.6,-223.2,59.6,-223.2,-113.71,0.220334,1.20089,45.0,40.0,5.0,24.4869,51.5803,51.6409,0,0,0,0,0,0,0,0,0,0,0,3.33,0,21.0,0,391624
5076139,1,0020007910431251065004261484540A,2026-06-22 10:12:19,304212, , ,104319220140,0,0,0,0,57000,110000,0,0,120000,0,0,0,1,0:22,1011,16,21.6,247,21.6,247,12.87,318,12.87,318,0,0,0,0,0,0,0,0,7.75,71,7.75,71,11.64,301,11.64,301,9.59,58,9.59,58,0,0,0,0,0,0,0,0,0,0,0,0,UCX31_x0001_|_x0007_:, ,1.49,4.94,45.77,14,3.9,93,64.75,0:53      ,3,2026-06-22 21:24:39,11014981.0,MAREESWARAN ,1,104339022020,104319220140,,AUTOMODE_TS1,BV141E,41,2,,OK,,0,0,0020007910431251065004261484540A,1.178,1.17535,1.17712,5,5,4.3375,4.28,5.3325,1,1.2,1.2,1.2,1,1.2,0.5,12,0.5,12,0.5,12,304033,2026-06-22 21:21:53,11014981,MAREESWARAN ,13616,104339022020,104319220140,140HPW501   ,,AUTOMODE,BV141C,21,2,315626,OK,,0,0,9003102010431351065904261665374A,0020007910431251065004261484540A,00200045104311520066-7261712039A,OK,OK,OK,OK,305346,2026-06-22 21:20:15,11014981.0,MAREESWARAN ,13616,104339022020,104319220140,140HPW501   ,AUTOMODE,BV141A,22,2,315626,OK,CA1,0,0,300050104312999991395364110336,OK,OK,0.39,0.431,0.5,0.39,0.442,0.5,OK,,00200045104311520066-7261712039A,OK,OK,202.9,145.2,52.6,146.3,-0.0408363,2.32777,52.4149,53.3398,0.163353,2.24609,55.5998,55.908,56.2401,1.75878,57.5489,0.326706,0,0,0,0,05ACA001,306019,2026-06-22 21:20:55,11014981.0,MAREESWARAN ,13616.0,104339022020,104319220140,140HPW501   ,AUTOMODE,BV141B,28,2.0,315626.0,OK,,,,00200045104311520066-7261712039A,OK,OK,,OK,OK,306106,2026-06-22 21:23:35,11014981.0,MAREESWARAN ,13616,104339022020,104319220140,,AUTOMODE,BV141D,34,2,315626,OK,CA14,,,0020007910431251065004261484540A,,0,145.7,4.7,-113.55,50.1,134,19.6,-223.35,59.6,-223.35,-113.71,-0.0226173,0.56543,40.0044,41.8828,5.0,24.012,51.7429,52.2076,0,0,0,0,0,0,0,0,0,0,0,2.66,0,20.0,0,380387
5076769,1,0020007910431251065004261484566A,2026-06-22 14:59:45,306217, , ,104319220140,0,0,0,0,57000,110000,0,0,120000,0,0,0,2,1:19,1011,16,39.71,320,13.79,284,27.15,289,4.29,248,0,0,0,0,0,0,0,0,22,23,3.42,360,10.31,92,4.88,23,9.07,71,11.6,77,0,0,0,0,0,0,0,0,0,0,0,0,UCX31_x0001_|_x0007_:, ,1.22,4.95,44.96,14,3.78,93,65.03,6:37      ,3,2026-06-23 05:22:45,11014981.0,MAREESWARAN ,1,104339022020,104319220140,,AUTOMODE_TS1,BV141E2,34,2,,OK,,0,0,0020007910431251065004261484566A,1.1517,1.14855,1.14277,5,5,2.00599,5.12335,2.58084,1,1.2,1.2,1.2,1,1.2,0.5,12,0.5,12,0.5,12,304484,2026-06-23 05:20:13,11014981,MAREESWARAN ,13616,104339022020,104319220140,140HPW501   ,,AUTOMODE,BV141C,18,2,316101,OK,,0,0,9003102010431351065904261690776B,0020007910431251065004261484566A,00200045104311520066-7261672494B,OK,OK,OK,OK,305809,2026-06-23 05:18:55,11014981.0,MAREESWARAN ,13616,104339022020,104319220140,140HPW501   ,AUTOMODE,BV141A,22,2,316101,OK,CA1,0,0,300050104312999991395364110336,OK,OK,0.39,0.428,0.5,0.39,0.413,0.5,OK,,00200045104311520066-7261672494B,OK,OK,202.9,145.2,52.6,146.3,0.0,1.83771,52.1166,53.1485,0.122513,2.94034,55.4135,56.1295,56.2401,2.67808,57.5716,0.571732,0,0,0,0,05ACA010,306488,2026-06-23 05:19:35,11014981.0,MAREESWARAN ,13616.0,104339022020,104319220140,140HPW501   ,AUTOMODE,BV141B,31,2.0,316101.0,OK,,,,00200045104311520066-7261672494B,OK,OK,,OK,OK,306571,2026-06-23 05:21:43,11014981.0,MAREESWARAN ,13616,104339022020,104319220140,,AUTOMODE,BV141D,31,2,316101,OK,CA13,,,0020007910431251065004261484566A,,0,145.0,3.6,-113.55,50.1,134,19.6,-223.35,59.6,-223.35,-113.71,0.610396,1.6586,45.0,40.1236,5.0,21.4562,52.3829,52.4538,0,0,0,0,0,0,0,0,0,0,0,2.06,0,20.0,0,380951
5081350,1,0020007910431251065004261484591A,2026-06-23 21:44:07,306217, , ,104319220140,0,0,0,0,57000,110000,0,0,120000,0,0,0,2,1:19,1011,16,27.65,297,11.72,75,9.79,235,5.07,60,0,0,0,0,0,0,0,0,10.34,321,5.41,151,13.87,27,4.47,133,7.7,357,9.78,4,0,0,0,0,0,0,0,0,0,0,0,0,UCX31_x0001_|_x0007_:, ,1.33,4.93,45.25,14,4.29,93,65.03,5:02      ,3,2026-06-28 10:15:56,11014981.0,MAREESWARAN ,1,104339022020,104319220140,,AUTOMODE_TS1,BV141E2,34,1,,OK,,0,0,0020007910431251065004261484591A,1.16138,1.16541,1.1522,5,5,1.77605,7.05749,4.0012,1,1.2,1.2,1.2,1,1.2,0.5,12,0.5,12,0.5,12,313011,2026-06-28 09:53:59,11014086,BABU        ,13616,104339022020,104319220140,140HPW501   ,,AUTOMODE,BV141C,28,1,322318,OK,,0,0,9003102010431351065904261758276B,0020007910431251065004261484591A,00200045104311520066-7261692165A,OK,OK,OK,OK,314412,2026-06-28 09:51:39,11014086.0,BABU        ,13616,104339022020,104319220140,140HPW501   ,AUTOMODE,BV141A,24,1,322318,OK,CA1,0,0,300050104312999991395364110336,OK,OK,0.39,0.442,0.5,0.39,0.451,0.5,OK,,00200045104311520066-7261692165A,OK,OK,202.9,145.2,52.6,146.3,-0.0408363,1.26598,52.1602,53.3959,0.122513,2.85867,55.5514,56.066,56.2401,2.66815,57.7145,0.571732,0,0,0,0,05ACA004,314177,2026-06-28 09:52:17,11014086.0,BABU        ,13616.0,104339022020,104319220140,140HPW501   ,AUTOMODE,BV141B,26,1.0,322318.0,OK,,,,00200045104311520066-7261692165A,OK,OK,,OK,OK,315218,2026-06-28 10:14:54,11014086.0,BABU        ,13616,104339022020,104319220140,,AUTOMODE,BV141D,37,1,322318,OK,CA13,,,0020007910431251065004261484591A,,0,147.5,8.4,-113.55,50.1,134,19.6,-223.35,59.6,-223.35,-113.71,0.621847,2.4348,45.0,40.0,5.0,22.7077,52.3113,52.3977,0,0,0,0,0,0,0,0,0,0,0,1.68,0,20.0,0,390849
5092769,1,0020007910431251065004261484741A,2026-06-27 03:14:31,306217, , ,104319220140,0,0,0,0,57000,110000,0,0,120000,0,0,0,2,1:25,1011,16,43.85,37,29.15,259,38.36,64,25.32,266,0,0,0,0,0,0,0,0,41.5,72,18.54,259,1.99,288,2.04,2,8.97,122,10.26,136,0,0,0,0,0,0,0,0,0,0,0,0,UCX31_x0001_|_x0007_:, ,1.34,4.95,45.13,14,5.22,93,65.03,2:06      ,3,2026-06-28 09:20:59,11014981.0,MAREESWARAN ,1,104339022020,104319220140,,AUTOMODE_TS1,BV141E2,34,1,,OK,,0,0,0020007910431251065004261484741A,1.15119,1.15346,1.16201,5,5,2.09341,5.95329,4.04192,1,1.2,1.2,1.2,1,1.2,0.5,12,0.5,12,0.5,12,312980,2026-06-28 09:18:27,11014086,BABU        ,13616,104339022020,104319220140,140HPW501   ,,AUTOMODE,BV141C,25,1,322285,OK,,0,0,9003102010431351065904261758641B,0020007910431251065004261484741A,00200045104311520066-7261762090A,OK,OK,OK,OK,314380,2026-06-28 09:17:05,11014086.0,BABU        ,13616,104339022020,104319220140,140HPW501   ,AUTOMODE,BV141A,21,1,322285,OK,CA1,0,0,300050104312999991395364110336,OK,OK,0.39,0.453,0.5,0.39,0.43,0.5,OK,,00200045104311520066-7261762090A,OK,OK,202.9,145.2,52.6,146.3,-0.0408363,1.83771,52.2777,52.8917,0.122513,2.00106,55.2587,55.6663,57.8218,13.2724,57.2052,0.367542,0,0,0,0,05ACA006,314144,2026-06-28 09:17:39,11014086.0,BABU        ,13616.0,104339022020,104319220140,140HPW501   ,AUTOMODE,BV141B,26,1.0,322285.0,OK,,,,00200045104311520066-7261762090A,OK,OK,,OK,OK,315186,2026-06-28 09:19:57,11014086.0,BABU        ,13616,104339022020,104319220140,,AUTOMODE,BV141D,37,1,322285,OK,CA13,,,0020007910431251065004261484741A,,0,147.1,8.3,-113.55,50.1,134,19.6,-223.35,59.6,-223.35,-113.71,1.24395,2.05837,44.9198,40.0,5.0,26.4396,51.3257,51.5869,0,0,0,0,0,0,0,0,0,0,0,1.76,0,20.0,0,390813
5029468,1,0020007910431251065004261484992A,2026-06-08 10:40:33,306217, , ,104319220140,0,0,0,0,57000,110000,0,0,120000,0,0,0,1,0:20,1011,16,9.37,72,9.37,72,21.1,44,21.1,44,0,0,0,0,0,0,0,0,19.32,132,19.32,132,7.38,310,7.38,310,11.24,180,11.24,180,0,0,0,0,0,0,0,0,0,0,0,0,UCX31_x0001_|_x0007_:, ,1.36,4.95,45.1,14,4.64,93,64.65,0:56      ,3,2026-06-09 06:10:55,11014981.0,MAREESWARAN ,1,104339022020,104319220140,,AUTOMODE_TS1,BV141E,41,2,,OK,,0,0,0020007910431251065004261484992A,1.17623,1.17674,1.17636,5,5,6.1375,5.89,7.55,1,1.2,1.2,1.2,1,1.2,0.5,12,0.5,12,0.5,12,289743,2026-06-09 06:08:23,11014981,MAREESWARAN ,13616,104339022020,104319220140,140HPW501   ,,AUTOMODE,BV141C,24,2,301772,OK,,0,0,9003102010431351065904261569201B,0020007910431251065004261484992A,00200045104311520066-7261532128A,OK,OK,OK,OK,290940,2026-06-09 06:06:23,11014981.0,MAREESWARAN ,13616,104339022020,104319220140,140HPW501   ,AUTOMODE,BV141A,90,2,301772,OK,CA1,0,0,300050104312999991395364110336,OK,OK,0.39,0.416,0.5,0.39,0.424,0.5,OK,,00200045104311520066-7261532128A,OK,OK,202.9,145.2,52.6,146.3,-0.0408401,1.30682,52.0537,53.1824,0.0816765,1.34766,55.3379,55.7481,57.8068,10.9854,57.501,0.163353,0,0,0,0,05ACA002,291484,2026-06-09 06:07:03,11014981.0,MAREESWARAN ,13616.0,104339022020,104319220140,140HPW501   ,AUTOMODE,BV141B,29,2.0,301772.0,OK,,,,00200045104311520066-7261532128A,OK,OK,,OK,OK,291622,2026-06-09 06:09:49,11014981.0,MAREESWARAN ,13616,104339022020,104319220140,,AUTOMODE,BV141D,31,2,301772,OK,CA13,,,0020007910431251065004261484992A,,0,145.1,3.4,-113.55,50.1,134,19.6,-223.2,59.6,-223.2,-113.71,0.414067,1.3771,45.0,40.0,5.0,25.7083,51.8727,52.0038,0,0,0,0,0,0,0,0,0,0,0,1.59,0,20.0,0,360367
5031515,1,0020007910431251065004261484998A,2026-06-08 22:09:35,306217, , ,104319220139,0,0,0,0,57000,110000,0,0,120000,0,0,0,1,0:20,1011,16,25.68,91,25.68,91,22.7,54,22.7,54,0,0,0,0,0,0,0,0,18.84,142,18.84,142,6.97,246,6.97,246,7.98,124,7.98,124,0,0,0,0,0,0,0,0,0,0,0,0,UCX31_x0001_|_x0007_:, ,1.36,4.94,45.02,14,4.41,93,64.45,0:56      ,3,2026-06-09 22:12:24,11014086.0,BABU        ,1,104339022020,104319220140,,AUTOMODE_TS1,BV141E2,34,2,,OK,,0,0,0020007910431251065004261484998A,1.14428,1.16465,1.15119,5,5,3.27665,7.6479,4.81078,1,1.2,1.2,1.2,1,1.2,0.5,12,0.5,12,0.5,12,290509,2026-06-09 22:10:18,11014981,MAREESWARAN ,13616,104339022020,104319220140,140HPW501   ,,AUTOMODE,BV141C,18,2,302558,OK,,0,0,9003102010431351065904261555444A,0020007910431251065004261484998A,00200045104311520066-7261522420B,OK,OK,OK,OK,291716,2026-06-09 22:08:58,11014981.0,MAREESWARAN ,13616,104339022020,104319220140,140HPW501   ,AUTOMODE,BV141A,24,2,302558,OK,CA1,0,0,300050104312999991395364110336,OK,OK,0.39,0.449,0.5,0.39,0.446,0.5,OK,,00200045104311520066-7261522420B,OK,OK,202.9,145.2,52.6,146.3,0.0,1.02095,52.0734,53.5079,0.0816765,1.7152,55.6736,56.0812,57.829,2.00107,57.7271,0.28587,0,0,0,0,05ACA005,292268,2026-06-09 22:09:38,11014981.0,MAREESWARAN ,13616.0,104339022020,104319220140,140HPW501   ,AUTOMODE,BV141B,28,2.0,302558.0,OK,,,,00200045104311520066-7261522420B,OK,OK,,OK,OK,292405,2026-06-09 22:11:22,11014981.0,MAREESWARAN ,13616,104339022020,104319220140,,AUTOMODE,BV141D,31,2,302558,OK,CA13,,,0020007910431251065004261484998A,,0,145.5,4.1,-113.55,50.1,134,19.6,-223.35,59.6,-223.35,-113.71,0.158265,1.01443,45.0,40.0,5.0,18.9231,52.3063,52.3272,0,0,0,0,0,0,0,0,0,0,0,1.76,0,20.0,0,361439
5031286,1,0020007910431251065004261485078B,2026-06-08 20:57:58,306217, , ,104319220139,0,0,0,0,57000,110000,0,0,120000,0,0,0,1,0:19,1011,16,38.71,90,38.71,90,43.29,63,43.29,63,0,0,0,0,0,0,0,0,38.38,153,38.38,153,9.48,290,9.48,290,10.32,150,10.32,150,0,0,0,0,0,0,0,0,0,0,0,0,UCX31_x0001_|_x0007_:, ,1.12,4.92,45.05,14,4.61,93,64.45,0:56      ,3,2026-06-09 22:10:58,11014086.0,BABU        ,1,104339022020,104319220140,,AUTOMODE_TS1,BV141E2,34,2,,OK,,0,0,0020007910431251065004261485078B,1.15698,1.16403,1.14956,5,5,2.3521,6.32695,3.86826,1,1.2,1.2,1.2,1,1.2,0.5,12,0.5,12,0.5,12,290507,2026-06-09 22:08:58,11014981,MAREESWARAN ,13616,104339022020,104319220140,140HPW501   ,,AUTOMODE,BV141C,21,2,302556,OK,,0,0,9003102010431351065904261555436A,0020007910431251065004261485078B,00200045104311520066-7261520490B,OK,OK,OK,OK,291714,2026-06-09 22:07:30,11014981.0,MAREESWARAN ,13616,104339022020,104319220140,140HPW501   ,AUTOMODE,BV141A,22,2,302556,OK,CA1,0,0,300050104312999991395364110336,OK,OK,0.39,0.437,0.5,0.39,0.407,0.5,OK,,00200045104311520066-7261520490B,OK,OK,202.9,145.2,52.6,146.3,-0.0408401,2.77699,52.1855,53.0059,0.204189,3.10369,55.1767,55.5894,57.5436,7.1875,57.2379,0.490055,0,0,0,0,05ACA006,292266,2026-06-09 22:08:12,11014981.0,MAREESWARAN ,13616.0,104339022020,104319220140,140HPW501   ,AUTOMODE,BV141B,28,2.0,302556.0,OK,,,,00200045104311520066-7261520490B,OK,OK,,OK,OK,292403,2026-06-09 22:09:56,11014981.0,MAREESWARAN ,13616,104339022020,104319220140,,AUTOMODE,BV141D,32,2,302556,OK,CA13,,,0020007910431251065004261485078B,,0,145.6,4.2,-113.55,50.1,134,19.6,-223.35,59.6,-223.35,-113.71,0.0753899,0.496725,44.9102,40.0,5.0,17.7395,51.9231,51.923,0,0,0,0,0,0,0,0,0,0,0,1.83,0,20.0,0,361437
5029681,1,0020007910431251065004261485081B,2026-06-08 11:53:52,306217, , ,104319220140,0,0,0,0,57000,110000,0,0,120000,0,0,0,2,1:18,1011,16,27.97,91,6.93,57,21.38,24,2.17,20,0,0,0,0,0,0,0,0,17.65,112,2.12,140,13.11,231,1.95,149,8.45,206,11.11,201,0,0,0,0,0,0,0,0,0,0,0,0,UCX31_x0001_|_x0007_:, ,1.42,4.93,45.16,14,4.92,93,64.99,1:55      ,3,2026-06-19 17:45:12,11014981.0,MAREESWARAN ,1,104339022020,104319220140,,AUTOMODE_TS,BV141E,46,1,,OK,,0,0,0020007910431251065004261485081B,1.18066,1.18066,1.18154,5,5,5.6875,5.41,7.685,1,1.2,1.2,1.2,1,1.2,0.5,12,0.5,12,0.5,12,301298,2026-06-09 06:02:21,11014981,MAREESWARAN ,13616,104339022020,104319220140,140HPW501   ,,AUTOMODE,BV141C,23,2,301766,OK,,0,0,9003102010431351065904261569175B,0020007910431251065004261485081B,00200045104311520066-7261530637B,OK,OK,OK,OK,290934,2026-06-09 06:00:39,11014981.0,MAREESWARAN ,13616,104339022020,104319220140,140HPW501   ,AUTOMODE,BV141A,34,2,301766,OK,CA1,0,0,300050104312999991395364110336,OK,OK,0.39,0.425,0.5,0.39,0.43,0.5,OK,,00200045104311520066-7261530637B,OK,OK,202.9,145.2,52.6,146.3,-0.0408401,1.55185,52.1221,53.3451,0.122513,2.40944,55.4012,55.9185,57.5669,1.83771,57.3631,0.449219,0,0,0,0,05ACA001,291478,2026-06-09 06:01:19,11014981.0,MAREESWARAN ,13616.0,104339022020,104319220140,140HPW501   ,AUTOMODE,BV141B,28,2.0,301766.0,OK,,,,00200045104311520066-7261530637B,OK,OK,,OK,OK,291616,2026-06-09 06:03:15,11014981.0,MAREESWARAN ,13616,104339022020,104319220140,,AUTOMODE,BV141D,31,2,301766,OK,CA13,,,0020007910431251065004261485081B,,0,146.0,3.5,-113.55,50.1,134,19.6,-223.2,59.6,-223.2,-113.71,0.673521,1.72416,45.0,40.0,5.0,25.7686,52.0852,52.2403,0,0,0,0,0,0,0,0,0,0,0,1.68,0,20.0,0,360349
5058840,1,0020007910431251065004261485089B,2026-06-17 01:23:58,304212, , ,104319220140,0,0,0,0,57000,110000,0,0,120000,0,0,0,1,0:22,1011,16,57.12,235,57.12,235,49.98,206,49.98,206,0,0,0,0,0,0,0,0,35.73,311,35.73,311,8.92,73,8.92,73,10.28,247,10.28,247,0,0,0,0,0,0,0,0,0,0,0,0,UCX31_x0001_|_x0007_:, ,1.42,4.94,45.39,14,4.18,93,64.74,6:59      ,3,2026-06-18 21:31:50,11014981.0,MAREESWARAN ,1,104339022019,104319220139,,AUTOMODE_TS1,BV141E2,32,2,,OK,,0,0,0020007910431251065004261485089B,1.15648,1.16755,1.15421,2,2,2.66108,5.70778,3.71617,1,1.2,1.2,1.2,1,1.2,0.5,12,0.5,12,0.5,12,300767,2026-06-18 21:30:02,11014981,MAREESWARAN ,13616,104339022019,104319220139,140HPW501   ,,AUTOMODE,BV141C,32,2,312354,OK,,0,0,6000102010431351066005261406053B,0020007910431251065004261485089B,00200045104311520066-7261620030B,OK,OK,OK,OK,302130,2026-06-18 21:27:44,11014981.0,MAREESWARAN ,13616,104339022019,104319220139,140HPW501   ,AUTOMODE,BV141A,22,2,312354,OK,CA1,0,0,300050104312999991395364110336,OK,OK,0.39,0.434,0.5,0.39,0.415,0.5,OK,,00200045104311520066-7261620030B,OK,OK,202.9,145.2,52.6,146.3,-0.0408363,0.816761,52.657,53.2685,-0.0408363,2.40945,55.0087,55.8266,56.2401,1.29747,57.2585,0.0816765,0,0,0,0,05ACA004,302778,2026-06-18 21:28:20,11014981.0,MAREESWARAN ,13616.0,104339022019,104319220139,140HPW501   ,AUTOMODE,BV141B,28,2.0,312354.0,OK,,,,00200045104311520066-7261620030B,OK,OK,,OK,OK,302877,2026-06-18 21:30:48,11014981.0,MAREESWARAN ,13616,104339022019,104319220139,,AUTOMODE,BV141D,31,2,312354,OK,CA13,,,0020007910431251065004261485089B,,0,146.0,4.8,-113.55,49.8,134,19.6,-222.95,59.6,-222.95,-113.71,0.668409,1.86969,45.0,40.1108,5.0,20.5591,52.36,52.3241,0,0,0,0,0,0,0,0,0,0,0,1.79,0,20.0,0,376787
5064756,1,0020007910431251065004261485190B,2026-06-18 11:35:33,304212, , ,104319220140,0,0,0,0,57000,110000,0,0,120000,0,0,0,1,0:22,1011,16,59.84,262,59.84,262,31.55,229,31.55,229,0,0,0,0,0,0,0,0,24.13,327,24.13,327,15.41,39,15.41,39,9.37,254,9.37,254,0,0,0,0,0,0,0,0,0,0,0,0,UCX31_x0001_|_x0007_:, ,1.4,5.02,44.99,14,4.7,94,65.03,0:53      ,3,2026-06-18 18:19:59,11014981.0,MAREESWARAN ,1,104339022021,104319220151,,AUTOMODE_TS1,BV141E2,38,1,,OK,,0,0,0020007910431251065004261485190B,1.14654,1.16088,1.14679,5,5,2.42275,6.27904,3.39042,1,1.2,1.2,1.2,1,1.2,0.5,12,0.5,12,0.5,12,300651,2026-06-18 18:17:01,11014981,MAREESWARAN ,13616,104339022021,104319220151,160HP Z101  ,,AUTOMODE,BV141C,19,1,312234,OK,,0,0,9003102010431351065904261654421A,0020007910431251065004261485190B,00200045104311520066-7261632106A,OK,OK,OK,OK,302013,2026-06-18 18:14:53,11014981.0,MAREESWARAN ,13616,104339022021,104319220151,160HP Z101  ,AUTOMODE,BV141A,22,1,312234,OK,CA1,0,0,1020104313020080004674879488,OK,OK,0.39,0.402,0.5,0.39,0.402,0.5,OK,,00200045104311520066-7261632106A,OK,OK,202.9,145.2,52.6,146.3,0.0,2.65448,52.1119,53.1387,0.285866,3.06285,55.3018,55.8139,56.2401,2.09669,57.5643,0.449219,0,0,0,0,05ACA004,302659,2026-06-18 18:15:37,11014981.0,MAREESWARAN ,13616.0,104339022021,104319220151,160HP Z101  ,AUTOMODE,BV141B,28,1.0,312234.0,OK,,,,00200045104311520066-7261632106A,OK,OK,,OK,OK,302759,2026-06-18 18:18:53,11014981.0,MAREESWARAN ,13616,104339022021,104319220151,,AUTOMODE,BV141D,36,1,312234,OK,CA14,,,0020007910431251065004261485190B,,0,145.1,4.6,-113.55,50.1,134,19.6,-223.2,59.6,-223.2,-113.71,0.321698,0.927307,45.0,40.205,5.0,26.2737,51.7231,52.4259,0,0,0,0,0,0,0,0,0,0,0,3.45,0,20.0,0,376646
5067397,1,0020007910431251065004261485272B,2026-06-19 05:19:57,306217, , ,104319220151,0,0,0,0,57000,110000,0,0,120000,0,0,0,1,0:19,1011,16,37.94,281,37.94,281,25.21,249,25.21,249,0,0,0,0,0,0,0,0,19.03,342,19.03,342,10.65,42,10.65,42,11.09,149,11.09,149,0,0,0,0,0,0,0,0,0,0,0,0,UCX31_x0001_|_x0007_:, ,1.24,4.93,45.42,14,5.08,93,64.51,0:56      ,3,2026-06-20 09:02:03,11014981.0,MAREESWARAN ,1,104339022021,104319220151,,AUTOMODE_TS1,BV141E,44,1,,OK,,0,0,0020007910431251065004261485272B,1.17383,1.17535,1.17472,5,5,4.4925,4.6775,6.135,1,1.2,1.2,1.2,1,1.2,0.5,12,0.5,12,0.5,12,301932,2026-06-20 08:59:13,11014981,MAREESWARAN ,13616,104339022021,104319220151,160HP Z101  ,,AUTOMODE,BV141C,39,1,313459,OK,,0,0,9003102010431351065904261665941B,0020007910431251065004261485272B,00200045104311520066-7261672819C,OK,OK,OK,OK,303217,2026-06-20 08:57:43,11014981.0,MAREESWARAN ,13616,104339022021,104319220151,160HP Z101  ,AUTOMODE,BV141A,22,1,313459,OK,CA1,0,0,1020104313020080004674879488,OK,OK,0.39,0.427,0.5,0.39,0.444,0.5,OK,,00200045104311520066-7261672819C,OK,OK,202.9,145.2,52.6,146.3,0.0,1.91939,52.1042,53.2304,0.163353,1.91939,55.4929,56.1069,57.7554,3.55291,57.5516,0.367542,0,0,0,0,05ACA007,303872,2026-06-20 08:58:21,11014981.0,MAREESWARAN ,13616.0,104339022021,104319220151,160HP Z101  ,AUTOMODE,BV141B,28,1.0,313459.0,OK,,,,00200045104311520066-7261672819C,OK,OK,,OK,OK,303972,2026-06-20 09:00:55,11014981.0,MAREESWARAN ,13616,104339022021,104319220151,,AUTOMODE,BV141D,65,1,313459,OK,CA13,,,0020007910431251065004261485272B,,0,146.5,3.7,-113.55,50.1,134,19.6,-223.2,59.6,-223.2,-113.71,0.229141,0.708675,45.0,40.2558,5.0,25.8666,52.0355,52.1336,0,0,0,0,0,0,0,0,0,0,0,3.67,0,20.0,1,377996
5067187,1,0020007910431251065004261485279B,2026-06-19 03:57:22,306217, , ,104319220151,0,0,0,0,57000,110000,0,0,120000,0,0,0,2,1:32,1011,16,43.15,303,22.15,274,36.84,247,12.1,236,0,0,0,0,0,0,0,0,29.94,337,9.83,340,18.07,91,5.4,26,7.79,22,11.55,25,0,0,0,0,0,0,0,0,0,0,0,0,UCX31_x0001_|_x0007_:, ,1.38,4.93,44.87,14,4.28,93,65.03,2:09      ,3,2026-06-20 08:57:51,11014981.0,MAREESWARAN ,1,104339022021,104319220151,,AUTOMODE_TS1,BV141E2,38,1,,OK,,0,0,0020007910431251065004261485279B,1.15925,1.15962,1.14503,5,5,1.5521,5.66467,2.91856,1,1.2,1.2,1.2,1,1.2,0.5,12,0.5,12,0.5,12,301927,2026-06-20 08:55:41,11014981,MAREESWARAN ,13616,104339022021,104319220151,160HP Z101  ,,AUTOMODE,BV141C,80,1,313454,OK,,0,0,9003102010431351065904261664931A,0020007910431251065004261485279B,00200045104311520066-7261672873C,OK,OK,OK,OK,303212,2026-06-20 08:52:50,11014981.0,MAREESWARAN ,13616,104339022021,104319220151,160HP Z101  ,AUTOMODE,BV141A,22,1,313454,OK,CA1,0,0,1020104313020080004674879488,OK,OK,0.39,0.457,0.5,0.39,0.448,0.5,OK,,00200045104311520066-7261672873C,OK,OK,202.9,145.2,52.6,146.3,0.0,2.08274,52.1046,53.3352,0.204189,2.45028,55.5926,55.8983,56.2401,1.75356,57.3532,0.530895,0,0,0,0,05ACA003,303867,2026-06-20 08:53:28,11014981.0,MAREESWARAN ,13616.0,104339022021,104319220151,160HP Z101  ,AUTOMODE,BV141B,28,1.0,313454.0,OK,,,,00200045104311520066-7261672873C,OK,OK,,OK,OK,303967,2026-06-20 08:56:43,11014981.0,MAREESWARAN ,13616,104339022021,104319220151,,AUTOMODE,BV141D,33,1,313454,OK,CA13,,,0020007910431251065004261485279B,,0,145.0,3.8,-113.55,50.1,134,19.6,-223.2,59.6,-223.2,-113.71,0.627092,1.35703,45.0,40.5711,5.0,25.1428,52.4464,52.515,0,0,0,0,0,0,0,0,0,0,0,3.37,0,20.0,0,377991
5068010,1,0020007910431251065004261485282B,2026-06-19 10:15:43,304212, , ,104319220151,0,0,0,0,57000,110000,0,0,120000,0,0,0,1,0:22,1011,16,47.55,58,47.55,58,42.02,88,42.02,88,0,0,0,0,0,0,0,0,27.77,150,27.77,150,8.7,63,8.7,63,9.59,308,9.59,308,0,0,0,0,0,0,0,0,0,0,0,0,UCX31_x0001_|_x0007_:, ,1.35,5.02,46.12,14,4.25,94,64.72,0:53      ,3,2026-06-20 04:42:49,11014981.0,MAREESWARAN ,1,104339022021,104319220151,,AUTOMODE_TS1,BV141E,45,2,,OK,,0,0,0020007910431251065004261485282B,1.17649,1.17484,1.17699,5,5,3.0175,4.91,6.6975,1,1.2,1.2,1.2,1,1.2,0.5,12,0.5,12,0.5,12,301688,2026-06-20 04:40:33,11014981,MAREESWARAN ,13616,104339022021,104319220151,160HP Z101  ,,AUTOMODE,BV141C,18,2,313214,OK,,0,0,9003102010431351065904261643900B,0020007910431251065004261485282B,00200045104311520066-7261662347B,OK,OK,OK,OK,302973,2026-06-20 04:39:17,11014981.0,MAREESWARAN ,13616,104339022021,104319220151,160HP Z101  ,AUTOMODE,BV141A,22,2,313214,OK,CA1,0,0,1020104313020080004674879488,OK,OK,0.39,0.45,0.5,0.39,0.445,0.5,OK,,00200045104311520066-7261662347B,OK,OK,202.9,145.2,52.6,146.3,-0.0408401,1.83771,52.5503,53.2637,0.163349,3.51207,55.223,55.8396,57.7861,9.43359,57.3759,0.612568,0,0,0,0,05ACA002,303628,2026-06-20 04:39:53,11014981.0,MAREESWARAN ,13616.0,104339022021,104319220151,160HP Z101  ,AUTOMODE,BV141B,30,2.0,313214.0,OK,,,,00200045104311520066-7261662347B,OK,OK,,OK,OK,303728,2026-06-20 04:41:27,11014981.0,MAREESWARAN ,13616,104339022021,104319220151,,AUTOMODE,BV141D,30,2,313214,OK,CA13,,,0020007910431251065004261485282B,,0,145.1,4.7,-113.55,50.1,134,19.6,-223.2,59.6,-223.2,-113.71,0.0622909,0.334212,45.0,40.0,5.0,26.0551,51.5886,51.6836,0,0,0,0,0,0,0,0,0,0,0,3.39,0,20.0,0,377752
5068155,1,0020007910431251065004261485427B,2026-06-19 11:13:49,304212, , ,104319220151,0,0,0,0,57000,110000,0,0,120000,0,0,0,5,3:42,1011,16,47.29,307,3.02,306,31.63,284,1.14,336,0,0,0,0,0,0,0,0,22.5,325,0.55,37,6.43,29,0.65,340,7.84,303,8.9,305,0,0,0,0,0,0,0,0,0,0,0,0,UCX31_x0001_|_x0007_:, ,1.4,4.98,45.39,14,4.48,94,64.88,8:48      ,3,2026-06-20 04:35:45,11014981.0,MAREESWARAN ,1,104339022021,104319220151,,AUTOMODE_TS1,BV141E2,38,2,,OK,,0,0,0020007910431251065004261485427B,1.15107,1.15899,1.14352,5,5,2.50299,5.86108,3.36766,1,1.2,1.2,1.2,1,1.2,0.5,12,0.5,12,0.5,12,301679,2026-06-20 04:33:57,11014981,MAREESWARAN ,13616,104339022021,104319220151,160HP Z101  ,,AUTOMODE,BV141C,20,2,313205,OK,,0,0,9003102010431351065904261643899B,0020007910431251065004261485427B,00200045104311520066-7261662292A,OK,OK,OK,OK,302964,2026-06-20 04:32:47,11014981.0,MAREESWARAN ,13616,104339022021,104319220151,160HP Z101  ,AUTOMODE,BV141A,22,2,313205,OK,CA1,0,0,1020104313020080004674879488,OK,OK,0.39,0.441,0.5,0.39,0.437,0.5,OK,,00200045104311520066-7261662292A,OK,OK,202.9,145.2,52.6,146.3,-0.0408363,1.87855,52.0986,53.2273,0.122513,2.65448,55.4847,55.8924,56.2401,1.84549,57.5357,0.367542,0,0,0,0,05ACA003,303619,2026-06-20 04:33:27,11014981.0,MAREESWARAN ,13616.0,104339022021,104319220151,160HP Z101  ,AUTOMODE,BV141B,28,2.0,313205.0,OK,,,,00200045104311520066-7261662292A,OK,OK,,OK,OK,303719,2026-06-20 04:34:37,11014981.0,MAREESWARAN ,13616,104339022021,104319220151,,AUTOMODE,BV141D,30,2,313205,OK,CA13,,,0020007910431251065004261485427B,,0,145.2,4.7,-113.55,50.1,134,19.6,-223.2,59.6,-223.2,-113.71,0.383663,0.927307,45.0,40.7259,5.0,25.6253,51.9911,52.0445,0,0,0,0,0,0,0,0,0,0,0,3.4,0,20.0,0,377743
5066594,1,0020007910431251065004261485514B,2026-06-19 00:05:32,304212, , ,104319220151,0,0,0,0,57000,110000,0,0,120000,0,0,0,1,0:22,1011,16,33.54,135,33.54,135,20.83,61,20.83,61,0,0,0,0,0,0,0,0,22.36,102,22.36,102,10.51,236,10.51,236,11.23,15,11.23,15,0,0,0,0,0,0,0,0,0,0,0,0,UCX31_x0001_|_x0007_:, ,1.32,5.03,46.15,14,4.63,94,64.74,0:56      ,3,2026-06-20 09:13:31,11014981.0,MAREESWARAN ,1,104339022021,104319220151,,AUTOMODE_TS1,BV141E2,38,1,,OK,,0,0,0020007910431251065004261485514B,1.14377,1.14742,1.15094,5,5,1.91018,5.36407,3.12575,1,1.2,1.2,1.2,1,1.2,0.5,12,0.5,12,0.5,12,301946,2026-06-20 09:10:45,11014981,MAREESWARAN ,13616,104339022021,104319220151,160HP Z101  ,,AUTOMODE,BV141C,18,1,313473,OK,,0,0,9003102010431351065904261665919B,0020007910431251065004261485514B,00200045104311520066-7261662193A,OK,OK,OK,OK,303231,2026-06-20 09:08:59,11014981.0,MAREESWARAN ,13616,104339022021,104319220151,160HP Z101  ,AUTOMODE,BV141A,22,1,313473,OK,CA1,0,0,1020104313020080004674879488,OK,OK,0.39,0.431,0.5,0.39,0.416,0.5,OK,,00200045104311520066-7261662193A,OK,OK,202.9,145.2,52.6,146.3,0.0,4.288,52.061,53.5005,0.408382,2.61364,55.5643,55.977,56.2401,2.2167,57.6229,0.408382,0,0,0,0,05ACA010,303886,2026-06-20 09:09:39,11014981.0,MAREESWARAN ,13616.0,104339022021,104319220151,160HP Z101  ,AUTOMODE,BV141B,28,1.0,313473.0,OK,,,,00200045104311520066-7261662193A,OK,OK,,OK,OK,303986,2026-06-20 09:12:23,11014981.0,MAREESWARAN ,13616,104339022021,104319220151,,AUTOMODE,BV141D,33,1,313473,OK,CA13,,,0020007910431251065004261485514B,,0,146.0,3.6,-113.55,50.1,134,19.6,-223.2,59.6,-223.2,-113.71,0.0527725,0.2616,44.8896,40.0,5.0,25.6932,51.9861,52.0524,0,0,0,0,0,0,0,0,0,0,0,3.45,0,20.0,0,378010
5063595,1,0020007910431251065004261485601C,2026-06-18 04:47:20,306217, , ,104319220140,0,0,0,0,57000,110000,0,0,120000,0,0,0,1,0:20,1011,16,46.92,158,46.92,158,20.91,104,20.91,104,0,0,0,0,0,0,0,0,14.65,189,14.65,189,20.89,279,20.89,279,9.11,130,9.11,130,0,0,0,0,0,0,0,0,0,0,0,0,UCX31_x0001_|_x0007_:, ,1.28,4.93,45.05,14,4.48,93,64.45,0:56      ,3,2026-06-18 13:03:45,11014981.0,MAREESWARAN ,1,104339022021,104319220151,,AUTOMODE_TS1,BV141E2,38,1,,OK,,0,0,0020007910431251065004261485601C,1.15031,1.14843,1.14352,5,5,2.46707,6.56407,4.2,1,1.2,1.2,1.2,1,1.2,0.5,12,0.5,12,0.5,12,300357,2026-06-18 13:00:47,11014981,MAREESWARAN ,13616,104339022021,104319220151,160HP Z101  ,,AUTOMODE,BV141C,20,1,311935,OK,,0,0,9003102010431351065904261643696A,0020007910431251065004261485601C,00200045104311520066-7261632473B,OK,OK,OK,OK,301718,2026-06-18 12:59:05,11014981.0,MAREESWARAN ,13616,104339022021,104319220151,160HP Z101  ,AUTOMODE,BV141A,22,1,311935,OK,CA1,0,0,1020104313020080004674879488,OK,OK,0.39,0.417,0.5,0.39,0.435,0.5,OK,,00200045104311520066-7261632473B,OK,OK,202.9,145.2,52.6,146.3,-0.0408363,1.96023,52.135,53.3657,0.0816765,2.49112,55.7301,56.0384,57.7862,2.36861,57.5798,0.449219,0,0,0,0,05ACA001,302360,2026-06-18 12:59:47,11014981.0,MAREESWARAN ,13616.0,104339022021,104319220151,160HP Z101  ,AUTOMODE,BV141B,28,1.0,311935.0,OK,,,,00200045104311520066-7261632473B,OK,OK,,OK,OK,302458,2026-06-18 13:02:37,11014981.0,MAREESWARAN ,13616,104339022021,104319220151,,AUTOMODE,BV141D,37,1,311935,OK,CA13,,,0020007910431251065004261485601C,,0,145.2,4.7,-113.55,50.1,134,19.6,-223.2,59.6,-223.2,-113.71,0.44191,1.12333,45.0,40.0627,5.0,25.4218,51.7907,51.9583,0,0,0,0,0,0,0,0,0,0,0,3.39,0,20.0,0,376328
5082954,1,0020007910431251065004261485613C,2026-06-24 08:32:39,304212, , ,104319220151,0,0,0,0,57000,110000,0,0,120000,0,0,0,2,1:37,1011,16,58.59,93,17.87,303,55.62,47,7.69,258,0,0,0,0,0,0,0,0,69.16,94,12.35,277,25.06,192,7.89,1,6.9,53,10.21,77,0,0,0,0,0,0,0,0,0,0,0,0,UCX31_x0001_|_x0007_:, ,1.45,4.97,46,14,4.11,93,64.82,2:08      ,3,2026-06-25 13:14:36,11014981.0,MAREESWARAN ,1,104339022020,104319220140,,AUTOMODE_TS1,BV141E,41,1,,OK,,0,0,0020007910431251065004261485613C,1.17547,1.17509,1.17547,5,5,5.4625,6.075,9.57,1,1.2,1.2,1.2,1,1.2,0.5,12,0.5,12,0.5,12,307199,2026-06-25 13:11:12,11014981,MAREESWARAN ,13616,104339022020,104319220140,140HPW501   ,,AUTOMODE,BV141C,19,1,318919,OK,,0,0,9003102010431351065904261702702B,0020007910431251065004261485613C,00200045104311520066-7261742153B,OK,OK,OK,OK,308571,2026-06-25 13:08:44,11014981.0,MAREESWARAN ,13616,104339022020,104319220140,140HPW501   ,AUTOMODE,BV141A,22,1,318919,OK,CA1,0,0,300050104312999991395364110336,OK,OK,0.39,0.439,0.5,0.39,0.453,0.5,OK,,00200045104311520066-7261742153B,OK,OK,202.9,145.2,52.6,146.3,-0.0408401,2.16442,52.42,53.1334,0.163353,1.75603,55.3934,55.5997,57.7629,9.92365,57.3527,0.326702,0,0,0,0,05ACA002,309284,2026-06-25 13:09:20,11014981.0,MAREESWARAN ,13616.0,104339022020,104319220140,140HPW501   ,AUTOMODE,BV141B,29,1.0,318919.0,OK,,,,00200045104311520066-7261742153B,OK,OK,,OK,OK,309347,2026-06-25 13:13:16,11014981.0,MAREESWARAN ,13616,104339022020,104319220140,,AUTOMODE,BV141D,39,1,318919,OK,CA13,,,0020007910431251065004261485613C,,0,145.3,9.9,-113.55,50.1,134,19.6,-223.35,59.6,-223.35,-113.71,0.00753784,0.542812,40.0118,40.1262,5.0,25.6856,51.5662,51.7295,0,0,0,0,0,0,0,0,0,0,0,1.68,0,20.0,0,384192
5059791,1,0020007910431251065004261485761C,2026-06-17 07:15:21,306217, , ,104319220140,0,0,0,0,57000,110000,0,0,120000,0,0,0,1,0:20,1011,16,32.71,41,32.71,41,14.86,21,14.86,21,0,0,0,0,0,0,0,0,11.25,112,11.25,112,10.74,146,10.74,146,10.48,80,10.48,80,0,0,0,0,0,0,0,0,0,0,0,0,UCX31_x0001_|_x0007_:, ,1.35,4.94,45.16,14,4.58,93,64.45,6:21      ,3,2026-06-17 20:43:36,11014981.0,MAREESWARAN ,1,104339022020,104319220140,,AUTOMODE_TS1,BV141E2,34,2,,OK,,0,0,0020007910431251065004261485761C,1.16164,1.16176,1.14642,5,5,2.76647,6.84311,4.60359,1,1.2,1.2,1.2,1,1.2,0.5,12,0.5,12,0.5,12,299541,2026-06-17 20:41:24,11014981,MAREESWARAN ,13616,104339022020,104319220140,140HPW501   ,,AUTOMODE,BV141C,19,2,311106,OK,,0,0,9003102010431351065904261665911B,0020007910431251065004261485761C,00200045104311520066-7261660208A,OK,OK,OK,OK,300899,2026-06-17 20:40:10,11014981.0,MAREESWARAN ,13616,104339022020,104319220140,140HPW501   ,AUTOMODE,BV141A,22,2,311106,OK,CA1,0,0,300050104312999991395364110336,OK,OK,0.39,0.43,0.5,0.39,0.438,0.5,OK,,00200045104311520066-7261660208A,OK,OK,202.9,145.2,52.6,146.3,-0.0408401,2.65447,52.0382,53.0625,0.163353,2.00106,55.3173,55.6231,57.7862,10.1278,57.2766,0.285866,0,0,0,0,05ACA006,301537,2026-06-17 20:40:52,11014981.0,MAREESWARAN ,13616.0,104339022020,104319220140,140HPW501   ,AUTOMODE,BV141B,28,2.0,311106.0,OK,,,,00200045104311520066-7261660208A,OK,OK,,OK,OK,301634,2026-06-17 20:42:32,11014981.0,MAREESWARAN ,13616,104339022020,104319220140,,AUTOMODE,BV141D,34,2,311106,OK,CA13,,,0020007910431251065004261485761C,,0,145.2,4.7,-113.55,50.1,134,19.6,-223.35,59.6,-223.35,-113.71,0.364872,1.55257,45.0,40.0,5.0,24.2834,51.5672,51.6533,0,0,0,0,0,0,0,0,0,0,0,1.7,0,20.0,0,375062
5058021,1,0020007910431251065004261485789C,2026-06-16 20:35:17,306217, , ,104319220140,0,0,0,0,57000,110000,0,0,120000,0,0,0,1,0:19,1011,16,48.14,270,48.14,270,34.76,235,34.76,235,0,0,0,0,0,0,0,0,27.94,325,27.94,325,14.37,44,14.37,44,11.45,282,11.45,282,0,0,0,0,0,0,0,0,0,0,0,0,UCX31_x0001_|_x0007_:, ,1.24,4.93,44.99,14,4.35,93,64.44,0:56      ,3,2026-06-19 00:36:28,11014981.0,MAREESWARAN ,1,104339022019,104319220139,,AUTOMODE_TS1,BV141E2,32,2,,OK,,0,0,0020007910431251065004261485789C,1.14855,1.1605,1.16792,2,2,2.36168,6.52934,4.29461,1,1.2,1.2,1.2,1,1.2,0.5,12,0.5,12,0.5,12,300973,2026-06-19 00:34:14,11014981,MAREESWARAN ,13616,104339022019,104319220139,140HPW501   ,,AUTOMODE,BV141C,16,2,312561,OK,,0,0,6000102010431351066005261416906A,0020007910431251065004261485789C,00200045104311520066-7261622684B,OK,OK,OK,OK,302337,2026-06-19 00:33:08,11014981.0,MAREESWARAN ,13616,104339022019,104319220139,140HPW501   ,AUTOMODE,BV141A,23,2,312561,OK,CA1,0,0,300050104312999991395364110336,OK,OK,0.39,0.437,0.5,0.39,0.429,0.5,OK,,00200045104311520066-7261622684B,OK,OK,202.9,145.2,52.6,146.3,0.0,1.10263,52.1222,52.94,0.0,1.96023,54.7796,55.8013,57.8396,11.843,57.1262,0.0816765,0,0,0,0,05ACA006,302985,2026-06-19 00:33:46,11014981.0,MAREESWARAN ,13616.0,104339022019,104319220139,140HPW501   ,AUTOMODE,BV141B,30,2.0,312561.0,OK,,,,00200045104311520066-7261622684B,OK,OK,,OK,OK,303085,2026-06-19 00:35:24,11014981.0,MAREESWARAN ,13616,104339022019,104319220139,,AUTOMODE,BV141D,42,2,312561,OK,CA13,,,0020007910431251065004261485789C,,0,145.2,4.9,-113.55,49.8,134,19.6,-222.95,59.6,-222.95,-113.71,0.0226173,0.163574,44.6326,40.0,5.0,21.0642,51.9215,52.0317,0,0,0,0,0,0,0,0,0,0,0,1.84,0,20.0,1,377041
5064985,1,0020007910431251065004261485843C,2026-06-18 13:16:22,304212, , ,104319220140,0,0,0,0,57000,110000,0,0,120000,0,0,0,2,1:19,1011,16,44.13,210,4.74,301,15.38,160,3.25,326,0,0,0,0,0,0,0,0,13.29,258,1.33,38,14.97,333,0.76,36,7.17,263,9.14,271,0,0,0,0,0,0,0,0,0,0,0,0,UCX31_x0001_|_x0007_:, ,1.36,4.97,45.54,14,4.91,94,64.97,1:50      ,3,2026-06-18 18:14:27,11014981.0,MAREESWARAN ,1,104339022021,104319220151,,AUTOMODE_TS1,BV141E,45,1,,OK,,0,0,0020007910431251065004261485843C,1.17434,1.1756,1.17472,5,5,3.6325,3.7525,4.8275,1,1.2,1.2,1.2,1,1.2,0.5,12,0.5,12,0.5,12,300644,2026-06-18 18:10:33,11014981,MAREESWARAN ,13616,104339022021,104319220151,160HP Z101  ,,AUTOMODE,BV141C,18,1,312227,OK,,0,0,9003102010431351065904261654479A,0020007910431251065004261485843C,00200045104311520066-7261632138A,OK,OK,OK,OK,302006,2026-06-18 18:08:21,11014981.0,MAREESWARAN ,13616,104339022021,104319220151,160HP Z101  ,AUTOMODE,BV141A,22,1,312227,OK,CA1,0,0,1020104313020080004674879488,OK,OK,0.39,0.4,0.5,0.39,0.406,0.5,OK,,00200045104311520066-7261632138A,OK,OK,202.9,145.2,52.6,146.3,0.0,2.00106,52.1117,53.4442,0.204189,1.7152,55.6073,56.0201,56.2401,1.44831,57.559,0.326706,0,0,0,0,05ACA007,302652,2026-06-18 18:09:03,11014981.0,MAREESWARAN ,13616.0,104339022021,104319220151,160HP Z101  ,AUTOMODE,BV141B,29,1.0,312227.0,OK,,,,00200045104311520066-7261632138A,OK,OK,,OK,OK,302752,2026-06-18 18:13:17,11014981.0,MAREESWARAN ,13616,104339022021,104319220151,,AUTOMODE,BV141D,37,1,312227,OK,CA14,,,0020007910431251065004261485843C,,0,145.6,4.8,-113.55,50.1,134,19.6,-223.2,59.6,-223.2,-113.71,0.0452347,0.203556,44.9759,40.5125,5.0,22.2855,52.13,52.1717,0,0,0,0,0,0,0,0,0,0,0,3.36,0,20.0,0,376639
5064971,1,0020007910431251065004261485974C,2026-06-18 13:08:34,306217, , ,104319220140,0,0,0,0,57000,110000,0,0,120000,0,0,0,2,1:35,1011,16,78.8,225,38.02,185,57.63,198,11.8,191,0,0,0,0,0,0,0,0,45.82,289,10.61,305,22.36,358,16.05,271,8.42,299,11.77,302,0,0,0,0,0,0,0,0,0,0,0,0,UCX31_x0001_|_x0007_:, ,1.32,4.92,45.05,14,5.36,93,64.88,2:12      ,3,2026-06-18 18:17:39,11014981.0,MAREESWARAN ,1,104339022021,104319220151,,AUTOMODE_TS1,BV141E,45,1,,OK,,0,0,0020007910431251065004261485974C,1.17459,1.17585,1.17674,5,5,6.09,6.325,6.5775,1,1.2,1.2,1.2,1,1.2,0.5,12,0.5,12,0.5,12,300648,2026-06-18 18:14:39,11014981,MAREESWARAN ,13616,104339022021,104319220151,160HP Z101  ,,AUTOMODE,BV141C,17,1,312231,OK,,0,0,9003102010431351065904261654484A,0020007910431251065004261485974C,00200045104311520066-7261632104A,OK,OK,OK,OK,302010,2026-06-18 18:11:39,11014981.0,MAREESWARAN ,13616,104339022021,104319220151,160HP Z101  ,AUTOMODE,BV141A,23,1,312231,OK,CA1,0,0,1020104313020080004674879488,OK,OK,0.39,0.398,0.5,0.39,0.4,0.5,OK,,00200045104311520066-7261632104A,OK,OK,202.9,145.2,52.6,146.3,-0.0408401,2.0419,52.0229,53.4675,0.163349,2.08274,55.6204,56.1326,56.2401,1.8673,57.5721,0.367542,0,0,0,0,05ACA003,302656,2026-06-18 18:12:17,11014981.0,MAREESWARAN ,13616.0,104339022021,104319220151,160HP Z101  ,AUTOMODE,BV141B,28,1.0,312231.0,OK,,,,00200045104311520066-7261632104A,OK,OK,,OK,OK,302756,2026-06-18 18:16:29,11014981.0,MAREESWARAN ,13616,104339022021,104319220151,,AUTOMODE,BV141D,36,1,312231,OK,CA14,,,0020007910431251065004261485974C,,0,145.4,4.8,-113.55,50.1,134,19.6,-223.2,59.6,-223.2,-113.71,-0.143242,0.557892,40.0141,41.2189,5.0,25.4293,52.0113,52.1104,0,0,0,0,0,0,0,0,0,0,0,3.45,0,20.0,0,376643
5060009,1,0020007910431251065004261485998C,2026-06-17 08:14:02,304212, , ,104319220140,0,0,0,0,57000,110000,0,0,120000,0,0,0,1,0:22,1011,16,68.71,37,68.71,37,55.79,32,55.79,32,0,0,0,0,0,0,0,0,37.97,139,37.97,139,3.56,69,3.56,69,11.04,127,11.04,127,0,0,0,0,0,0,0,0,0,0,0,0,UCX31_x0001_|_x0007_:, ,1.4,4.98,44.84,14,4.45,94,64.72,0:53      ,3,2026-06-17 20:54:22,11014981.0,MAREESWARAN ,1,104339022020,104319220140,,AUTOMODE_TS1,BV141E,41,2,,OK,,0,0,0020007910431251065004261485998C,1.17661,1.17396,1.17661,5,5,7.025,7.91,8.2625,1,1.2,1.2,1.2,1,1.2,0.5,12,0.5,12,0.5,12,299555,2026-06-17 20:51:32,11014981,MAREESWARAN ,13616,104339022020,104319220140,140HPW501   ,,AUTOMODE,BV141C,16,2,311121,OK,,0,0,9003102010431351065904261665881B,0020007910431251065004261485998C,00200045104311520066-7261660197A,OK,OK,OK,OK,300913,2026-06-17 20:50:18,11014981.0,MAREESWARAN ,13616,104339022020,104319220140,140HPW501   ,AUTOMODE,BV141A,22,2,311121,OK,CA1,0,0,300050104312999991395364110336,OK,OK,0.39,0.429,0.5,0.39,0.415,0.5,OK,,00200045104311520066-7261660197A,OK,OK,202.9,145.2,52.6,146.3,-0.0408363,1.79688,52.0736,53.001,0.0816765,2.0419,55.3604,55.6661,57.7222,8.78018,57.1107,0.367546,0,0,0,0,05ACA006,301551,2026-06-17 20:50:58,11014981.0,MAREESWARAN ,13616.0,104339022020,104319220140,140HPW501   ,AUTOMODE,BV141B,28,2.0,311121.0,OK,,,,00200045104311520066-7261660197A,OK,OK,,OK,OK,301648,2026-06-17 20:53:16,11014981.0,MAREESWARAN ,13616,104339022020,104319220140,,AUTOMODE,BV141D,34,2,311121,OK,CA13,,,0020007910431251065004261485998C,,0,145.1,4.8,-113.55,50.1,134,19.6,-223.35,59.6,-223.35,-113.71,0.067852,0.346798,44.7093,40.3527,5.0,21.1848,52.0492,52.0678,0,0,0,0,0,0,0,0,0,0,0,1.58,0,20.0,0,375076
5082723,1,0020007910431251065004261486003C,2026-06-24 06:55:27,304212, , ,104319220151,0,0,0,0,57000,110000,0,0,120000,0,0,0,2,1:32,1011,16,67.42,284,23.64,357,48.19,264,12.39,327,0,0,0,0,0,0,0,0,32.13,291,10.04,351,20.54,319,6.19,37,7.36,244,10.2,249,0,0,0,0,0,0,0,0,0,0,0,0,UCX31_x0001_|_x0007_:, ,1.41,4.98,45.77,14,4.17,94,65.14,2:03      ,3,2026-06-25 09:24:58,11014981.0,MAREESWARAN ,1,104339022020,104319220140,,AUTOMODE_TS1,BV141E,41,1,,OK,,0,0,0020007910431251065004261486003C,1.17775,1.17244,1.17585,5,5,5.0625,5.8375,6.22,1,1.2,1.2,1.2,1,1.2,0.5,12,0.5,12,0.5,12,307014,2026-06-25 09:21:36,11014981,MAREESWARAN ,13616,104339022020,104319220140,140HPW501   ,,AUTOMODE,BV141C,21,1,318727,OK,,0,0,9003102010431351065904261701875A,0020007910431251065004261486003C,00200045104311520066-7261722461C,OK,OK,OK,OK,308382,2026-06-25 09:18:54,11014981.0,MAREESWARAN ,13616,104339022020,104319220140,140HPW501   ,AUTOMODE,BV141A,22,1,318727,OK,CA1,0,0,300050104312999991395364110336,OK,OK,0.39,0.439,0.5,0.39,0.441,0.5,OK,,00200045104311520066-7261722461C,OK,OK,202.9,145.2,52.6,146.3,-0.0408363,1.51101,52.1045,53.1287,0.0816765,1.87855,55.1848,55.6001,57.7633,8.49432,57.1518,0.326706,0,0,0,0,05ACA006,309093,2026-06-25 09:20:22,11014981.0,MAREESWARAN ,13616.0,104339022020,104319220140,140HPW501   ,AUTOMODE,BV141B,29,1.0,318727.0,OK,,,,00200045104311520066-7261722461C,OK,OK,,OK,OK,309157,2026-06-25 09:23:38,11014981.0,MAREESWARAN ,13616,104339022020,104319220140,,AUTOMODE,BV141D,37,1,318727,OK,CA13,,,0020007910431251065004261486003C,,0,145.0,8.0,-113.55,50.1,134,19.6,-223.35,59.6,-223.35,-113.71,0.569635,1.63583,45.0,40.0,5.0,24.1401,51.9028,51.9937,0,0,0,0,0,0,0,0,0,0,0,1.88,0,20.0,0,383987
5033991,1,0020007910431251065004261486094C,2026-06-09 14:10:21,306217, , ,104319220140,0,0,0,0,57000,110000,0,0,120000,0,0,0,1,0:20,1011,16,22.67,37,22.67,37,21.23,266,21.23,266,0,0,0,0,0,0,0,0,18.8,348,18.8,348,20.06,157,20.06,157,11.34,147,11.34,147,0,0,0,0,0,0,0,0,0,0,0,0,UCX31_x0001_|_x0007_:, ,1.43,4.99,46.55,14,5.38,93,64.38,0:56      ,3,2026-06-10 07:52:40,11014086.0,BABU        ,1,104339022020,104319220140,,AUTOMODE_TS1,BV141E2,34,2,,OK,,0,0,0020007910431251065004261486094C,1.15195,1.16151,1.16642,5,5,2.27665,7.77126,5.15928,1,1.2,1.2,1.2,1,1.2,0.5,12,0.5,12,0.5,12,290982,2026-06-10 07:50:54,11014981,MAREESWARAN ,13616,104339022020,104319220140,140HPW501   ,,AUTOMODE,BV141C,19,2,303056,OK,,0,0,9003102010431351065904261570376B,0020007910431251065004261486094C,00200045104311520066-7261520448B,OK,OK,OK,OK,292198,2026-06-10 07:49:32,11014981.0,MAREESWARAN ,13616,104339022020,104319220140,140HPW501   ,AUTOMODE,BV141A,21,2,303056,OK,CA1,0,0,300050104312999991395364110336,OK,OK,0.39,0.494,0.5,0.39,0.492,0.5,OK,,00200045104311520066-7261520448B,OK,OK,202.9,145.2,52.6,146.3,0.0,2.85867,52.0386,53.4781,0.204189,2.45028,55.7406,56.1508,56.2401,2.20592,57.5852,0.449219,0,0,0,0,05ACA010,292756,2026-06-10 07:50:10,11014981.0,MAREESWARAN ,13616.0,104339022020,104319220140,140HPW501   ,AUTOMODE,BV141B,28,2.0,303056.0,OK,,,,00200045104311520066-7261520448B,OK,OK,,OK,OK,292888,2026-06-10 07:51:38,11014981.0,MAREESWARAN ,13616,104339022020,104319220140,,AUTOMODE,BV141D,32,2,303056,OK,CA13,,,0020007910431251065004261486094C,,0,145.4,4.3,-113.55,50.1,134,19.6,-223.35,59.6,-223.35,-113.71,0.961957,2.26631,45.0,40.0,5.0,19.481,52.2675,52.2915,0,0,0,0,0,0,0,0,0,0,0,1.73,0,20.0,0,362017
5063528,1,0020007910431251065004261486264A,2026-06-18 04:19:10,304212, , ,104319220140,0,0,0,0,57000,110000,0,0,120000,0,0,0,1,0:22,1011,16,24.55,286,24.55,286,20.59,294,20.59,294,0,0,0,0,0,0,0,0,12.74,44,12.74,44,5.12,302,5.12,302,9.87,149,9.87,149,0,0,0,0,0,0,0,0,0,0,0,0,UCX31_x0001_|_x0007_:, ,1.3,4.95,46.2,14,4.1,94,64.8,4:11      ,3,2026-06-18 13:13:05,11014981.0,MAREESWARAN ,1,104339022021,104319220151,,AUTOMODE_TS1,BV141E,45,1,,OK,,0,0,0020007910431251065004261486264A,1.17472,1.17434,1.17509,5,5,3.1925,3.715,4.175,1,1.2,1.2,1.2,1,1.2,0.5,12,0.5,12,0.5,12,300366,2026-06-18 13:10:01,11014981,MAREESWARAN ,13616,104339022021,104319220151,160HP Z101  ,,AUTOMODE,BV141C,19,1,311944,OK,,0,0,9003102010431351065904261643779A,0020007910431251065004261486264A,00200045104311520066-7261672921C,OK,OK,OK,OK,301727,2026-06-18 13:08:21,11014981.0,MAREESWARAN ,13616,104339022021,104319220151,160HP Z101  ,AUTOMODE,BV141A,28,1,311944,OK,CA1,0,0,1020104313020080004674879488,OK,OK,0.39,0.414,0.5,0.39,0.401,0.5,OK,,00200045104311520066-7261672921C,OK,OK,202.9,145.2,52.6,146.3,0.0,1.75603,52.0509,52.9732,0.122513,2.40944,55.1287,55.6383,57.6893,9.39275,57.3835,0.326702,0,0,0,0,05ACA002,302369,2026-06-18 13:09:03,11014981.0,MAREESWARAN ,13616.0,104339022021,104319220151,160HP Z101  ,AUTOMODE,BV141B,28,1.0,311944.0,OK,,,,00200045104311520066-7261672921C,OK,OK,,OK,OK,302467,2026-06-18 13:11:53,11014981.0,MAREESWARAN ,13616,104339022021,104319220151,,AUTOMODE,BV141D,37,1,311944,OK,CA13,,,0020007910431251065004261486264A,,0,145.7,4.5,-113.55,50.1,134,19.6,-223.2,59.6,-223.2,-113.71,0.335785,1.27323,45.0,40.0,5.0,26.3114,51.4609,51.605,0,0,0,0,0,0,0,0,0,0,0,3.44,0,20.0,0,376337
5062863,1,0020007910431251065004261486274A,2026-06-18 00:07:33,304212, , ,104319220140,0,0,0,0,57000,110000,0,0,120000,0,0,0,3,2:06,1011,16,86.15,0,25.1,61,58.56,349,6.76,71,0,0,0,0,0,0,0,0,44.1,95,4.88,152,3.59,104,5.4,147,7.41,93,8.92,97,0,0,0,0,0,0,0,0,0,0,0,0,UCX31_x0001_|_x0007_:, ,1.51,4.93,45.74,14,4.29,94,65.03,2:40      ,3,2026-06-18 13:04:37,11014981.0,MAREESWARAN ,1,104339022021,104319220151,,AUTOMODE_TS1,BV141E,44,1,,OK,,0,0,0020007910431251065004261486274A,1.1775,1.17332,1.17396,5,5,5.0025,5.1925,6.49,1,1.2,1.2,1.2,1,1.2,0.5,12,0.5,12,0.5,12,300358,2026-06-18 13:01:37,11014981,MAREESWARAN ,13616,104339022021,104319220151,160HP Z101  ,,AUTOMODE,BV141C,18,1,311936,OK,,0,0,9003102010431351065904261643972B,0020007910431251065004261486274A,00200045104311520066-7261622852C,OK,OK,OK,OK,301719,2026-06-18 12:59:51,11014981.0,MAREESWARAN ,13616,104339022021,104319220151,160HP Z101  ,AUTOMODE,BV141A,21,1,311936,OK,CA1,0,0,1020104313020080004674879488,OK,OK,0.39,0.421,0.5,0.39,0.407,0.5,OK,,00200045104311520066-7261622852C,OK,OK,202.9,145.2,52.6,146.3,-0.0408401,2.12358,52.1472,52.8631,0.163349,2.45028,55.2301,55.5384,57.699,9.35191,57.2888,0.367542,0,0,0,0,05ACA002,302361,2026-06-18 13:00:29,11014981.0,MAREESWARAN ,13616.0,104339022021,104319220151,160HP Z101  ,AUTOMODE,BV141B,28,1.0,311936.0,OK,,,,00200045104311520066-7261622852C,OK,OK,,OK,OK,302459,2026-06-18 13:03:25,11014981.0,MAREESWARAN ,13616,104339022021,104319220151,,AUTOMODE,BV141D,37,1,311936,OK,CA13,,,0020007910431251065004261486274A,,0,145.0,4.7,-113.55,50.1,134,19.6,-223.2,59.6,-223.2,-113.71,0.679351,1.8817,45.0,40.0,5.0,26.0777,51.5116,51.6203,0,0,0,0,0,0,0,0,0,0,0,3.41,0,21.0,0,376329
5062855,1,0020007910431251065004261486282A,2026-06-18 00:04:53,304212, , ,104319220140,0,0,0,0,57000,110000,0,0,120000,0,0,0,1,0:22,1011,16,48.53,242,48.53,242,46.23,246,46.23,246,0,0,0,0,0,0,0,0,31.24,353,31.24,353,8.42,228,8.42,228,10.57,347,10.57,347,0,0,0,0,0,0,0,0,0,0,0,0,UCX31_x0001_|_x0007_:, ,1.49,5.01,46.12,14,4.18,94,64.78,0:53      ,3,2026-06-18 13:12:13,11014981.0,MAREESWARAN ,1,104339022021,104319220151,,AUTOMODE_TS1,BV141E2,38,1,,OK,,0,0,0020007910431251065004261486282A,1.15811,1.15031,1.14579,5,5,2.65269,6.12695,4.35569,1,1.2,1.2,1.2,1,1.2,0.5,12,0.5,12,0.5,12,300365,2026-06-18 13:09:17,11014981,MAREESWARAN ,13616,104339022021,104319220151,160HP Z101  ,,AUTOMODE,BV141C,19,1,311943,OK,,0,0,9003102010431351065904261643686A,0020007910431251065004261486282A,00200045104311520066-7261672861C,OK,OK,OK,OK,301726,2026-06-18 13:07:25,11014981.0,MAREESWARAN ,13616,104339022021,104319220151,160HP Z101  ,AUTOMODE,BV141A,30,1,311943,OK,CA1,0,0,1020104313020080004674879488,OK,OK,0.39,0.422,0.5,0.39,0.395,0.5,OK,,00200045104311520066-7261672861C,OK,OK,202.9,145.2,52.6,146.3,0.0,1.38849,52.0529,53.0822,0.0408363,1.83771,55.5562,55.9664,57.8161,2.20525,57.5104,0.285866,0,0,0,0,05ACA001,302368,2026-06-18 13:08:11,11014981.0,MAREESWARAN ,13616.0,104339022021,104319220151,160HP Z101  ,AUTOMODE,BV141B,28,1.0,311943.0,OK,,,,00200045104311520066-7261672861C,OK,OK,,OK,OK,302466,2026-06-18 13:11:05,11014981.0,MAREESWARAN ,13616,104339022021,104319220151,,AUTOMODE,BV141D,36,1,311943,OK,CA13,,,0020007910431251065004261486282A,,0,146.0,4.6,-113.55,50.1,134,19.6,-223.2,59.6,-223.2,-113.71,1.24721,3.20593,45.0,40.0,5.0,25.6856,51.8567,51.9152,0,0,0,0,0,0,0,0,0,0,0,3.36,0,21.0,0,376336
5067823,1,0020007910431251065004261486290A,2026-06-19 08:37:19,304212, , ,104319220151,0,0,0,0,57000,110000,0,0,120000,0,0,0,1,0:22,1011,16,28.39,187,28.39,187,32.47,206,32.47,206,0,0,0,0,0,0,0,0,23.7,266,23.7,266,4.85,156,4.85,156,10.34,80,10.34,80,0,0,0,0,0,0,0,0,0,0,0,0,UCX31_x0001_|_x0007_:, ,1.31,5.05,45.74,14,5,94,64.78,0:55      ,3,2026-06-20 04:37:17,11014981.0,MAREESWARAN ,1,104339022021,104319220151,,AUTOMODE_TS1,BV141E2,38,2,,OK,,0,0,0020007910431251065004261486290A,1.15019,1.14528,1.14428,5,5,2.46826,5.43713,3.66826,1,1.2,1.2,1.2,1,1.2,0.5,12,0.5,12,0.5,12,301681,2026-06-20 04:35:31,11014981,MAREESWARAN ,13616,104339022021,104319220151,160HP Z101  ,,AUTOMODE,BV141C,21,2,313207,OK,,0,0,9003102010431351065904261654704A,0020007910431251065004261486290A,00200045104311520066-7261662441B,OK,OK,OK,OK,302966,2026-06-20 04:34:21,11014981.0,MAREESWARAN ,13616,104339022021,104319220151,160HP Z101  ,AUTOMODE,BV141A,21,2,313207,OK,CA1,0,0,1020104313020080004674879488,OK,OK,0.39,0.458,0.5,0.39,0.444,0.5,OK,,00200045104311520066-7261662441B,OK,OK,202.9,145.2,52.6,146.3,0.0,1.75604,52.0888,52.9117,0.122517,2.16442,55.48,55.7883,57.7425,3.7571,57.4342,0.326706,0,0,0,0,05ACA001,303621,2026-06-20 04:34:59,11014981.0,MAREESWARAN ,13616.0,104339022021,104319220151,160HP Z101  ,AUTOMODE,BV141B,31,2.0,313207.0,OK,,,,00200045104311520066-7261662441B,OK,OK,,OK,OK,303721,2026-06-20 04:36:11,11014981.0,MAREESWARAN ,13616,104339022021,104319220151,,AUTOMODE,BV141D,30,2,313207,OK,CA13,,,0020007910431251065004261486290A,,0,145.7,4.7,-113.55,50.1,134,19.6,-223.2,59.6,-223.2,-113.71,0.256237,0.949924,45.0,40.0295,5.0,25.6555,51.5043,51.6022,0,0,0,0,0,0,0,0,0,0,0,3.33,0,20.0,0,377745
5062854,1,0020007910431251065004261486316A,2026-06-18 00:03:59,304212, , ,104319220140,0,0,0,0,57000,110000,0,0,120000,0,0,0,2,1:17,1011,16,37.92,2,7.77,27,29.34,316,3.15,277,0,0,0,0,0,0,0,0,20.71,62,2,35,9.98,171,3.29,146,7.97,182,10.43,174,0,0,0,0,0,0,0,0,0,0,0,0,UCX31_x0001_|_x0007_:, ,1.41,5,45.77,14,4.05,94,64.88,1:47      ,3,2026-06-18 13:09:51,11014981.0,MAREESWARAN ,1,104339022021,104319220151,,AUTOMODE_TS1,BV141E,44,1,,OK,,0,0,0020007910431251065004261486316A,1.17244,1.17484,1.1737,5,5,4.6525,5.5475,6.01,1,1.2,1.2,1.2,1,1.2,0.5,12,0.5,12,0.5,12,300362,2026-06-18 13:07:27,11014981,MAREESWARAN ,13616,104339022021,104319220151,160HP Z101  ,,AUTOMODE,BV141C,70,1,311940,OK,,0,0,9003102010431351065904261643697A,0020007910431251065004261486316A,00200045104311520066-7261632056A,OK,OK,OK,OK,301723,2026-06-18 13:04:17,11014981.0,MAREESWARAN ,13616,104339022021,104319220151,160HP Z101  ,AUTOMODE,BV141A,31,1,311940,OK,CA1,0,0,1020104313020080004674879488,OK,OK,0.39,0.411,0.5,0.39,0.418,0.5,OK,,00200045104311520066-7261632056A,OK,OK,202.9,145.2,52.6,146.3,-0.0408363,1.34766,52.8738,53.0802,0.0816765,1.79688,55.1337,55.6484,57.5975,5.67649,57.1873,0.326706,0,0,0,0,05ACA006,302365,2026-06-18 13:04:59,11014981.0,MAREESWARAN ,13616.0,104339022021,104319220151,160HP Z101  ,AUTOMODE,BV141B,28,1.0,311940.0,OK,,,,00200045104311520066-7261632056A,OK,OK,,OK,OK,302463,2026-06-18 13:08:41,11014981.0,MAREESWARAN ,13616,104339022021,104319220151,,AUTOMODE,BV141D,36,1,311940,OK,CA13,,,0020007910431251065004261486316A,,0,145.3,4.7,-113.55,50.1,134,19.6,-223.2,59.6,-223.2,-113.71,0.466355,1.47248,45.0,40.0,5.0,26.3189,51.4748,51.6454,0,0,0,0,0,0,0,0,0,0,0,3.39,0,20.0,0,376333
5090873,1,0020007910431251065004261486469A,2026-06-26 13:40:43,306217, , ,104319220140,0,0,0,0,57000,110000,0,0,120000,0,0,0,1,0:19,1011,16,40.76,76,40.76,76,28.23,79,28.23,79,0,0,0,0,0,0,0,0,28.43,65,28.43,65,5.46,97,5.46,97,8.38,168,8.38,168,0,0,0,0,0,0,0,0,0,0,0,0,UCX31_x0001_|_x0007_:, ,1.3,4.92,45.34,14,4.92,93,64.52,0:56      ,3,2026-06-27 09:32:24,11014981.0,MAREESWARAN ,1,104339022020,104319220140,,AUTOMODE_TS1,BV141E2,34,1,,OK,,0,0,0020007910431251065004261486469A,1.14906,1.15459,1.16352,5,5,3.32335,7.89341,4.27066,1,1.2,1.2,1.2,1,1.2,0.5,12,0.5,12,0.5,12,309359,2026-06-27 09:29:56,11014981,MAREESWARAN ,13616,104339022020,104319220140,140HPW501   ,,AUTOMODE,BV141C,27,1,321165,OK,,0,0,9003102010431351065904261746111B,0020007910431251065004261486469A,00200045104311520066-7261752104A,OK,OK,OK,OK,310748,2026-06-27 09:28:40,11014981.0,MAREESWARAN ,13616,104339022020,104319220140,140HPW501   ,AUTOMODE,BV141A,21,1,321165,OK,CA1,0,0,300050104312999991395364110336,OK,OK,0.39,0.481,0.5,0.39,0.46,0.5,OK,,00200045104311520066-7261752104A,OK,OK,202.9,145.2,52.6,146.3,-0.122513,2.65447,52.0533,53.2813,0.0816765,2.40945,55.4317,55.8394,57.6942,2.20525,57.4904,0.245029,0,0,0,0,05ACA004,311499,2026-06-27 09:29:18,11014981.0,MAREESWARAN ,13616.0,104339022020,104319220140,140HPW501   ,AUTOMODE,BV141B,29,1.0,321165.0,OK,,,,00200045104311520066-7261752104A,OK,OK,,OK,OK,311543,2026-06-27 09:31:20,11014981.0,MAREESWARAN ,13616,104339022020,104319220140,,AUTOMODE,BV141D,34,1,321165,OK,CA13,,,0020007910431251065004261486469A,,0,147.1,9.4,-113.55,50.1,134,19.6,-223.35,59.6,-223.35,-113.71,0.323666,1.43057,45.0,40.0,5.0,26.0551,51.6254,51.77,0,0,0,0,0,0,0,0,0,0,0,1.72,0,20.0,0,386792
5071833,1,0020007910431251065004261486477A,2026-06-20 13:48:59,304212, , ,104319220151,0,0,0,0,57000,110000,0,0,120000,0,0,0,3,2:12,1011,16,61.85,164,13.22,168,35.96,153,7.26,204,0,0,0,0,0,0,0,0,24.12,194,3.97,257,8.73,240,2.38,194,7.95,105,10.56,120,0,0,0,0,0,0,0,0,0,0,0,0,UCX31_x0001_|_x0007_:, ,1.36,5.03,45.74,14,4.21,94,64.91,5:23      ,3,2026-06-21 05:50:30,11014981.0,MAREESWARAN ,1,104339022020,104319220140,,AUTOMODE_TS1,BV141E,41,2,,OK,,0,0,0020007910431251065004261486477A,1.17585,1.17421,1.17661,5,5,3.8725,4.6175,5.2175,1,1.2,1.2,1.2,1,1.2,0.5,12,0.5,12,0.5,12,302974,2026-06-21 05:47:33,11014981,MAREESWARAN ,13616,104339022020,104319220140,140HPW501   ,,AUTOMODE,BV141C,23,2,314525,OK,,0,0,9003102010431351065904261689577B,0020007910431251065004261486477A,00200045104311520066-7261632495B,OK,OK,OK,OK,304271,2026-06-21 05:46:19,11014981.0,MAREESWARAN ,13616,104339022020,104319220140,140HPW501   ,AUTOMODE,BV141A,23,2,314525,OK,CA1,0,0,300050104312999991395364110336,OK,OK,0.39,0.43,0.5,0.39,0.439,0.5,OK,,00200045104311520066-7261632495B,OK,OK,202.9,145.2,52.6,146.3,-0.0408363,2.45028,52.1272,53.2534,0.204193,2.20526,55.3987,55.8089,57.758,9.10689,57.4522,0.326706,0,0,0,0,05ACA002,304931,2026-06-21 05:46:55,11014981.0,MAREESWARAN ,13616.0,104339022020,104319220140,140HPW501   ,AUTOMODE,BV141B,30,2.0,314525.0,OK,,,,00200045104311520066-7261632495B,OK,OK,,OK,OK,305028,2026-06-21 05:49:23,11014981.0,MAREESWARAN ,13616,104339022020,104319220140,,AUTOMODE,BV141D,85,2,314525,OK,CA13,,,0020007910431251065004261486477A,,0,145.2,5.8,-113.55,50.1,134,19.6,-223.35,59.6,-223.35,-113.71,-0.00753784,0.33926,40.0244,41.2648,5.0,25.1051,51.5125,51.6022,0,0,0,0,0,0,0,0,0,0,0,1.83,0,20.0,1,379162
5058777,1,0020007910431251065004261486652B,2026-06-17 01:00:07,306217, , ,104319220140,0,0,0,0,57000,110000,0,0,120000,0,0,0,2,1:20,1011,16,50.66,340,22.96,305,27.22,320,6.49,303,0,0,0,0,0,0,0,0,20.29,55,5.68,62,15.81,92,9.13,31,9.59,66,11.39,61,0,0,0,0,0,0,0,0,0,0,0,0,UCX31_x0001_|_x0007_:, ,1.4,4.91,45.02,14,3.89,93,65.03,1:57      ,3,2026-06-17 20:55:04,11014981.0,MAREESWARAN ,1,104339022020,104319220140,,AUTOMODE_TS1,BV141E2,34,2,,OK,,0,0,0020007910431251065004261486652B,1.14654,1.15182,1.15069,5,5,2.43832,6.17246,3.45509,1,1.2,1.2,1.2,1,1.2,0.5,12,0.5,12,0.5,12,299556,2026-06-17 20:53:06,11014981,MAREESWARAN ,13616,104339022020,104319220140,140HPW501   ,,AUTOMODE,BV141C,63,2,311122,OK,,0,0,9003102010431351065904261643977B,0020007910431251065004261486652B,00200045104311520066-7261660204A,OK,OK,OK,OK,300914,2026-06-17 20:50:58,11014981.0,MAREESWARAN ,13616,104339022020,104319220140,140HPW501   ,AUTOMODE,BV141A,23,2,311122,OK,CA1,0,0,300050104312999991395364110336,OK,OK,0.39,0.419,0.5,0.39,0.429,0.5,OK,,00200045104311520066-7261660204A,OK,OK,202.9,145.2,52.6,146.3,-0.0408363,2.20526,52.4918,53.4166,0.163353,1.83772,55.6766,55.9849,56.2401,1.3938,57.6257,0.28587,0,0,0,0,05ACA005,301552,2026-06-17 20:51:36,11014981.0,MAREESWARAN ,13616.0,104339022020,104319220140,140HPW501   ,AUTOMODE,BV141B,28,2.0,311122.0,OK,,,,00200045104311520066-7261660204A,OK,OK,,OK,OK,301649,2026-06-17 20:54:00,11014981.0,MAREESWARAN ,13616,104339022020,104319220140,,AUTOMODE,BV141D,32,2,311122,OK,CA13,,,0020007910431251065004261486652B,,0,145.1,4.8,-113.55,50.1,134,19.6,-223.35,59.6,-223.35,-113.71,0.518924,1.98797,45.0,40.0,5.0,24.2306,52.0186,52.0881,0,0,0,0,0,0,0,0,0,0,0,1.63,0,20.0,0,375077
5067684,1,0020007910431251065004261486721B,2026-06-19 07:37:01,304212, , ,104319220151,0,0,0,0,57000,110000,0,0,120000,0,0,0,1,0:23,1011,16,72.99,184,72.99,184,88.29,188,88.29,188,0,0,0,0,0,0,0,0,66.08,243,66.08,243,4.86,114,4.86,114,8.7,200,8.7,200,0,0,0,0,0,0,0,0,0,0,0,0,UCX31_x0001_|_x0007_:, ,1.3,5.02,45.42,14,4.31,94,64.75,0:54      ,3,2026-06-20 04:43:15,11014981.0,MAREESWARAN ,1,104339022021,104319220151,,AUTOMODE_TS1,BV141E2,38,2,,OK,,0,0,0020007910431251065004261486721B,1.1473,1.1644,1.16289,5,5,2.51138,6.58443,4.23353,1,1.2,1.2,1.2,1,1.2,0.5,12,0.5,12,0.5,12,301689,2026-06-20 04:41:07,11014981,MAREESWARAN ,13616,104339022021,104319220151,160HP Z101  ,,AUTOMODE,BV141C,19,2,313215,OK,,0,0,9003102010431351065904261643860B,0020007910431251065004261486721B,00200045104311520066-7261660641B,OK,OK,OK,OK,302974,2026-06-20 04:39:57,11014981.0,MAREESWARAN ,13616,104339022021,104319220151,160HP Z101  ,AUTOMODE,BV141A,24,2,313215,OK,CA1,0,0,1020104313020080004674879488,OK,OK,0.39,0.434,0.5,0.39,0.443,0.5,OK,,00200045104311520066-7261660641B,OK,OK,202.9,145.2,52.6,146.3,-0.0408401,2.73615,52.4357,53.1542,0.204189,3.2262,55.3199,55.7301,57.5773,2.16442,57.4754,0.449219,0,0,0,0,05ACA001,303629,2026-06-20 04:40:33,11014981.0,MAREESWARAN ,13616.0,104339022021,104319220151,160HP Z101  ,AUTOMODE,BV141B,28,2.0,313215.0,OK,,,,00200045104311520066-7261660641B,OK,OK,,OK,OK,303729,2026-06-20 04:42:03,11014981.0,MAREESWARAN ,13616,104339022021,104319220151,,AUTOMODE,BV141D,30,2,313215,OK,CA13,,,0020007910431251065004261486721B,,0,145.1,4.6,-113.55,50.1,134,19.6,-223.2,59.6,-223.2,-113.71,0.919806,2.04163,45.0,40.0,5.0,25.648,51.7958,51.8766,0,0,0,0,0,0,0,0,0,0,0,3.4,0,20.0,0,377753
5022196,1,0020007910431251065004261486855C,2026-06-05 22:44:36,306217, , ,104319220151,0,0,0,0,57000,110000,0,0,120000,0,0,0,1,0:20,1011,16,45.26,126,45.26,126,18.79,121,18.79,121,0,0,0,0,0,0,0,0,13.81,226,13.81,226,16.39,221,16.39,221,9.43,254,9.43,254,0,0,0,0,0,0,0,0,0,0,0,0,UCX31_x0001_|_x0007_:, ,1.51,4.95,45.1,14,4.33,93,64.52,0:56      ,3,2026-06-06 11:39:25,11014086.0,BABU        ,1,104339022020,104319220140,,AUTOMODE_TS1,BV141E2,38,1,,OK,,0,0,0020007910431251065004261486855C,1.14516,1.14805,1.14541,5,5,2.58084,5.97126,3.70898,1,1.2,1.2,1.2,1,1.2,0.5,12,0.5,12,0.5,12,286662,2026-06-06 11:36:45,11014086,BABU        ,13616,104339022020,104319220140,140HPW501   ,,AUTOMODE,BV141C,21,1,299577,OK,,0,0,9003102010431351065904261556057B,0020007910431251065004261486855C,00200045104311520066-7261552428B,OK,OK,OK,OK,287843,2026-06-06 11:35:09,11014086.0,BABU        ,13616,104339022020,104319220140,140HPW501   ,AUTOMODE,BV141A,24,1,299577,OK,CA1,0,0,300050104312999991395364110336,OK,OK,0.39,0.422,0.5,0.39,0.44,0.5,OK,,00200045104311520066-7261552428B,OK,OK,202.9,145.2,52.6,146.3,-0.0408401,1.87855,52.1401,52.9579,0.122513,2.5728,55.1236,55.5364,57.5925,5.88068,57.1848,0.367542,0,0,0,0,05ACA006,288374,2026-06-06 11:35:51,11014086.0,BABU        ,13616.0,104339022020,104319220140,140HPW501   ,AUTOMODE,BV141B,30,1.0,299577.0,OK,,,,00200045104311520066-7261552428B,OK,OK,,OK,OK,288522,2026-06-06 11:38:19,11014086.0,BABU        ,13616,104339022020,104319220140,,AUTOMODE,BV141D,32,1,299577,OK,CA14,,,0020007910431251065004261486855C,,0,145.6,4.2,-113.55,50.1,134,19.6,-223.2,59.6,-216.052,-106.71,0.393391,1.50842,45.0,40.0,5.0,24.698,51.9427,53.2573,0,0,0,0,0,0,0,0,0,0,0,1.6,0,20.0,0,356774
5022735,1,0020007910431251065004261486880C,2026-06-06 02:22:16,306217, , ,104319220151,0,0,0,0,57000,110000,0,0,120000,0,0,0,4,3:34,1011,16,73.23,48,4.04,19,46.96,42,4.13,51,0,0,0,0,0,0,0,0,35.89,137,4.04,143,20.09,152,2,34,7.41,49,10.57,53,0,0,0,0,0,0,0,0,0,0,0,0,UCX31_x0001_|_x0007_:, ,1.27,4.93,45.48,14,5.21,93,65.03,4:10      ,3,2026-06-08 13:27:45,11014981.0,MAREESWARAN ,1,104339022020,104319220140,,AUTOMODE_TS1,BV141E2,38,1,,OK,,0,0,0020007910431251065004261486880C,1.14931,1.15723,1.15208,5,5,2.80958,6.55329,4.7018,1,1.2,1.2,1.2,1,1.2,0.5,12,0.5,12,0.5,12,288959,2026-06-08 13:25:53,11014981,MAREESWARAN ,13616,104339022020,104319220140,140HPW501   ,,AUTOMODE,BV141C,76,1,300970,OK,,0,0,9003102010431351065904261555091A,0020007910431251065004261486880C,00200045104311520066-7261552277B,OK,OK,OK,OK,290145,2026-06-08 13:23:31,11014981.0,MAREESWARAN ,13616,104339022020,104319220140,140HPW501   ,AUTOMODE,BV141A,23,1,300970,OK,CA1,0,0,300050104312999991395364110336,OK,OK,0.39,0.429,0.5,0.39,0.43,0.5,OK,,00200045104311520066-7261552277B,OK,OK,202.9,145.2,52.6,146.3,-0.0408401,1.10263,52.1499,53.0723,0.0816765,1.75603,55.2405,55.7551,57.6278,1.47017,57.5259,0.204189,0,0,0,0,05ACA004,290685,2026-06-08 13:24:13,11014981.0,MAREESWARAN ,13616.0,104339022020,104319220140,140HPW501   ,AUTOMODE,BV141B,30,1.0,300970.0,OK,,,,00200045104311520066-7261552277B,OK,OK,,OK,OK,290825,2026-06-08 13:26:39,11014981.0,MAREESWARAN ,13616,104339022020,104319220140,,AUTOMODE,BV141D,33,1,300970,OK,CA13,,,0020007910431251065004261486880C,,0,145.0,4.2,-113.55,50.1,134,19.6,-223.2,59.6,-223.2,-113.71,1.42815,3.33519,45.0,40.0,5.0,23.9215,51.7724,51.8316,0,0,0,0,0,0,0,0,0,0,0,1.77,0,20.0,0,359162
5061748,1,0020007910431251065004261487041C,2026-06-17 18:04:30,306217, , ,104319220140,0,0,0,0,57000,110000,0,0,120000,0,0,0,2,1:19,1011,16,24.06,1,7.91,19,22.67,293,1.57,353,0,0,0,0,0,0,0,0,20.68,22,1.89,88,12.7,157,2.65,119,9.69,75,11.24,78,0,0,0,0,0,0,0,0,0,0,0,0,UCX31_x0001_|_x0007_:, ,1.32,4.93,45.28,14,4.33,93,64.81,1:55      ,3,2026-06-18 07:42:05,11014981.0,MAREESWARAN ,1,104339022021,104319220151,,AUTOMODE_TS1,BV141E,45,2,,OK,,0,0,0020007910431251065004261487041C,1.17408,1.17446,1.17535,5,5,4.435,4.79,5.7,1,1.2,1.2,1.2,1,1.2,0.5,12,0.5,12,0.5,12,300133,2026-06-18 07:39:07,11014981,MAREESWARAN ,13616,104339022021,104319220151,160HP Z101  ,,AUTOMODE,BV141C,26,2,311705,OK,,0,0,9003102010431351065904261629976B,0020007910431251065004261487041C,00200045104311520066-7261660602B,OK,OK,OK,OK,301493,2026-06-18 07:37:39,11014981.0,MAREESWARAN ,13616,104339022021,104319220151,160HP Z101  ,AUTOMODE,BV141A,23,2,311705,OK,CA1,0,0,1020104313020080004674879488,OK,OK,0.39,0.442,0.5,0.39,0.423,0.5,OK,,00200045104311520066-7261660602B,OK,OK,202.9,145.2,52.6,146.3,0.0,2.16442,52.0711,53.61,0.163353,2.08274,55.7706,56.1783,56.2401,2.05797,57.8191,0.245029,0,0,0,0,05ACA005,302133,2026-06-18 07:38:21,11014981.0,MAREESWARAN ,13616.0,104339022021,104319220151,160HP Z101  ,AUTOMODE,BV141B,28,2.0,311705.0,OK,,,,00200045104311520066-7261660602B,OK,OK,,OK,OK,302232,2026-06-18 07:40:53,11014981.0,MAREESWARAN ,13616,104339022021,104319220151,,AUTOMODE,BV141D,37,2,311705,OK,CA13,,,0020007910431251065004261487041C,,0,145.0,4.9,-113.55,50.1,134,19.6,-223.2,59.6,-223.2,-113.71,0.195178,0.90469,45.0,40.0449,5.0,19.4508,52.4592,52.4895,0,0,0,0,0,0,0,0,0,0,0,3.37,0,20.0,0,375673
5063138,1,0020007910431251065004261487073C,2026-06-18 01:59:15,306217, , ,104319220140,0,0,0,0,57000,110000,0,0,120000,0,0,0,1,0:20,1011,16,31.46,15,31.46,15,22.5,341,22.5,341,0,0,0,0,0,0,0,0,18.43,77,18.43,77,7.01,149,7.01,149,17.71,72,17.71,72,0,0,0,0,0,0,0,0,0,0,0,0,UCX31_x0001_|_x0007_:, ,1.25,4.9,44.99,14,3.85,93,64.64,0:56      ,3,2026-06-18 13:09:01,11014981.0,MAREESWARAN ,1,104339022021,104319220151,,AUTOMODE_TS1,BV141E2,38,1,,OK,,0,0,0020007910431251065004261487073C,1.16038,1.14742,1.14528,5,5,2.69341,4.75449,2.9521,1,1.2,1.2,1.2,1,1.2,0.5,12,0.5,12,0.5,12,300361,2026-06-18 13:05:45,11014981,MAREESWARAN ,13616,104339022021,104319220151,160HP Z101  ,,AUTOMODE,BV141C,20,1,311939,OK,,0,0,9003102010431351065904261643644A,0020007910431251065004261487073C,00200045104311520066-7261672846C,OK,OK,OK,OK,301722,2026-06-18 13:02:57,11014981.0,MAREESWARAN ,13616,104339022021,104319220151,160HP Z101  ,AUTOMODE,BV141A,34,1,311939,OK,CA1,0,0,1020104313020080004674879488,OK,OK,0.39,0.421,0.5,0.39,0.423,0.5,OK,,00200045104311520066-7261672846C,OK,OK,202.9,145.2,52.6,146.3,-0.0408363,1.79688,52.0609,53.2889,0.0816765,2.36861,55.6559,56.168,56.2401,2.22419,57.7095,0.326706,0,0,0,0,05ACA010,302364,2026-06-18 13:03:41,11014981.0,MAREESWARAN ,13616.0,104339022021,104319220151,160HP Z101  ,AUTOMODE,BV141B,28,1.0,311939.0,OK,,,,00200045104311520066-7261672846C,OK,OK,,OK,OK,302462,2026-06-18 13:07:53,11014981.0,MAREESWARAN ,13616,104339022021,104319220151,,AUTOMODE,BV141D,37,1,311939,OK,CA13,,,0020007910431251065004261487073C,,0,145.5,4.7,-113.55,50.1,134,19.6,-223.2,59.6,-223.2,-113.71,0.286566,0.919765,45.0,41.2165,5.0,24.4794,52.2557,52.469,0,0,0,0,0,0,0,0,0,0,0,3.51,0,20.0,0,376332
5028184,1,0020007910431251065004261487174C,2026-06-07 12:51:40,306217, , ,104319220140,0,0,0,0,57000,110000,0,0,120000,0,0,0,1,0:20,1011,16,23.54,336,23.54,336,19.61,335,19.61,335,0,0,0,0,0,0,0,0,17.15,66,17.15,66,1.68,26,1.68,26,10.05,20,10.05,20,0,0,0,0,0,0,0,0,0,0,0,0,UCX31_x0001_|_x0007_:, ,1.17,4.95,44.99,14,4.8,93,64.6,0:57      ,3,2026-06-09 06:12:19,11014981.0,MAREESWARAN ,1,104339022020,104319220140,,AUTOMODE_TS1,BV141E,40,2,,OK,,0,0,0020007910431251065004261487174C,1.17332,1.17585,1.17421,5,5,4.16,4.3825,7.09,1,1.2,1.2,1.2,1,1.2,0.5,12,0.5,12,0.5,12,289745,2026-06-09 06:10:11,11014981,MAREESWARAN ,13616,104339022020,104319220140,140HPW501   ,,AUTOMODE,BV141C,19,2,301774,OK,,0,0,9003102010431351065904261569186B,0020007910431251065004261487174C,00200045104311520066-7261532113A,OK,OK,OK,OK,290942,2026-06-09 06:07:53,11014981.0,MAREESWARAN ,13616,104339022020,104319220140,140HPW501   ,AUTOMODE,BV141A,22,2,301774,OK,CA1,0,0,300050104312999991395364110336,OK,OK,0.39,0.41,0.5,0.39,0.443,0.5,OK,,00200045104311520066-7261532113A,OK,OK,202.9,145.2,52.6,146.3,0.0,1.06179,52.0461,53.0754,0.0816765,1.87855,55.3354,55.9494,57.6922,3.47124,57.4858,0.326706,0,0,0,0,05ACA001,291486,2026-06-09 06:08:31,11014981.0,MAREESWARAN ,13616.0,104339022020,104319220140,140HPW501   ,AUTOMODE,BV141B,28,2.0,301774.0,OK,,,,00200045104311520066-7261532113A,OK,OK,,OK,OK,291624,2026-06-09 06:11:13,11014981.0,MAREESWARAN ,13616,104339022020,104319220140,,AUTOMODE,BV141D,31,2,301774,OK,CA13,,,0020007910431251065004261487174C,,0,146.2,3.5,-113.55,50.1,134,19.6,-223.2,59.6,-223.2,-113.71,0.483018,1.50836,45.0,40.0,5.0,25.8967,52.0643,52.1637,0,0,0,0,0,0,0,0,0,0,0,1.62,0,20.0,0,360369
5062643,1,0020007910431251065004261496348A,2026-06-17 22:42:07,304212, , ,104319220140,0,0,0,0,57000,110000,0,0,120000,0,0,0,1,0:22,1011,16,21.6,266,21.6,266,20.05,266,20.05,266,0,0,0,0,0,0,0,0,13.32,14,13.32,14,3.57,241,3.57,241,11.34,27,11.34,27,0,0,0,0,0,0,0,0,0,0,0,0,UCX31_x0001_|_x0007_:, ,1.35,4.99,46.12,14,4.48,93,64.78,0:53      ,3,2026-06-18 07:45:33,11014981.0,MAREESWARAN ,1,104339022021,104319220151,,AUTOMODE_TS1,BV141E,45,2,,OK,,0,0,0020007910431251065004261496348A,1.1775,1.17535,1.17927,5,5,3.4575,4.14,5.105,1,1.2,1.2,1.2,1,1.2,0.5,12,0.5,12,0.5,12,300136,2026-06-18 07:41:29,11014981,MAREESWARAN ,13616,104339022021,104319220151,160HP Z101  ,,AUTOMODE,BV141C,20,2,311708,OK,,0,0,9003102010431351065904261629977B,0020007910431251065004261496348A,00200045104311520066-7261662109A,OK,OK,OK,OK,301496,2026-06-18 07:40:03,11014981.0,MAREESWARAN ,13616,104339022021,104319220151,160HP Z101  ,AUTOMODE,BV141A,22,2,311708,OK,CA1,0,0,1020104313020080004674879488,OK,OK,0.39,0.419,0.5,0.39,0.41,0.5,OK,,00200045104311520066-7261662109A,OK,OK,202.9,145.2,52.6,146.3,-0.0408363,1.47017,52.0485,53.0727,0.122517,2.08274,55.0218,55.6333,57.6818,8.12678,57.3735,0.245029,0,0,0,0,05ACA002,302136,2026-06-18 07:40:43,11014981.0,MAREESWARAN ,13616.0,104339022021,104319220151,160HP Z101  ,AUTOMODE,BV141B,28,2.0,311708.0,OK,,,,00200045104311520066-7261662109A,OK,OK,,OK,OK,302235,2026-06-18 07:43:17,11014981.0,MAREESWARAN ,13616,104339022021,104319220151,,AUTOMODE,BV141D,37,2,311708,OK,CA13,,,0020007910431251065004261496348A,,0,145.0,4.9,-113.55,50.1,134,19.6,-223.2,59.6,-223.2,-113.71,0.623392,1.74344,45.0,40.0,5.0,23.3259,52.0343,52.1285,0,0,0,0,0,0,0,0,0,0,0,3.37,0,20.0,0,375676
5063923,1,0020007910431251065004261496411A,2026-06-18 07:10:03,304212, , ,104319220140,0,0,0,0,57000,110000,0,0,120000,0,0,0,1,0:22,1011,16,39.92,248,39.92,248,36.65,233,36.65,233,0,0,0,0,0,0,0,0,26.48,338,26.48,338,5.32,141,5.32,141,9.98,359,9.98,359,0,0,0,0,0,0,0,0,0,0,0,0,UCX31_x0001_|_x0007_:, ,1.39,4.99,45.34,14,4.03,94,64.67,0:54      ,3,2026-06-18 18:12:43,11014981.0,MAREESWARAN ,1,104339022021,104319220151,,AUTOMODE_TS1,BV141E,45,1,,OK,,0,0,0020007910431251065004261496411A,1.17446,1.17535,1.17509,5,5,4.2675,4.185,5.1275,1,1.2,1.2,1.2,1,1.2,0.5,12,0.5,12,0.5,12,300643,2026-06-18 18:09:55,11014981,MAREESWARAN ,13616,104339022021,104319220151,160HP Z101  ,,AUTOMODE,BV141C,21,1,312226,OK,,0,0,9003102010431351065904261654351A,0020007910431251065004261496411A,00200045104311520066-7261632089A,OK,OK,OK,OK,302005,2026-06-18 18:07:39,11014981.0,MAREESWARAN ,13616,104339022021,104319220151,160HP Z101  ,AUTOMODE,BV141A,22,1,312226,OK,CA1,0,0,1020104313020080004674879488,OK,OK,0.39,0.401,0.5,0.39,0.405,0.5,OK,,00200045104311520066-7261632089A,OK,OK,202.9,145.2,52.6,146.3,-0.0408401,2.32777,52.1753,53.1001,0.122513,2.16442,55.3601,55.7703,57.7194,3.55291,57.5156,0.285866,0,0,0,0,05ACA004,302651,2026-06-18 18:08:17,11014981.0,MAREESWARAN ,13616.0,104339022021,104319220151,160HP Z101  ,AUTOMODE,BV141B,28,1.0,312226.0,OK,,,,00200045104311520066-7261632089A,OK,OK,,OK,OK,302751,2026-06-18 18:11:33,11014981.0,MAREESWARAN ,13616,104339022021,104319220151,,AUTOMODE,BV141D,37,1,312226,OK,CA14,,,0020007910431251065004261496411A,,0,145.8,4.8,-113.55,50.1,134,19.6,-223.2,59.6,-223.2,-113.71,0.52748,1.04793,45.0,40.7642,5.0,25.761,51.8099,51.948,0,0,0,0,0,0,0,0,0,0,0,3.4,0,20.0,0,376638
5064786,1,0020007910431251065004261496412A,2026-06-18 11:44:27,306217, , ,104319220140,0,0,0,0,57000,110000,0,0,120000,0,0,0,1,0:20,1011,16,24.5,47,24.5,47,22.12,12,22.12,12,0,0,0,0,0,0,0,0,17.82,105,17.82,105,5.8,204,5.8,204,14.09,284,14.09,284,0,0,0,0,0,0,0,0,0,0,0,0,UCX31_x0001_|_x0007_:, ,1.28,4.93,45.28,14,4.59,93,64.52,0:56      ,3,2026-06-18 18:18:23,11014981.0,MAREESWARAN ,1,104339022021,104319220151,,AUTOMODE_TS1,BV141E2,38,1,,OK,,0,0,0020007910431251065004261496412A,1.14679,1.14553,1.1556,5,5,1.87665,4.6024,2.52934,1,1.2,1.2,1.2,1,1.2,0.5,12,0.5,12,0.5,12,300649,2026-06-18 18:15:25,11014981,MAREESWARAN ,13616,104339022021,104319220151,160HP Z101  ,,AUTOMODE,BV141C,18,1,312232,OK,,0,0,9003102010431351065904261643872B,0020007910431251065004261496412A,00200045104311520066-7261632100A,OK,OK,OK,OK,302011,2026-06-18 18:13:23,11014981.0,MAREESWARAN ,13616,104339022021,104319220151,160HP Z101  ,AUTOMODE,BV141A,25,1,312232,OK,CA1,0,0,1020104313020080004674879488,OK,OK,0.39,0.415,0.5,0.39,0.401,0.5,OK,,00200045104311520066-7261632100A,OK,OK,202.9,145.2,52.6,146.3,-0.0816765,2.98118,52.0712,53.2993,0.245029,2.49112,55.3554,55.7656,57.6154,2.36861,57.409,0.367542,0,0,0,0,05ACA001,302657,2026-06-18 18:14:05,11014981.0,MAREESWARAN ,13616.0,104339022021,104319220151,160HP Z101  ,AUTOMODE,BV141B,29,1.0,312232.0,OK,,,,00200045104311520066-7261632100A,OK,OK,,OK,OK,302757,2026-06-18 18:17:17,11014981.0,MAREESWARAN ,13616,104339022021,104319220151,,AUTOMODE,BV141D,36,1,312232,OK,CA14,,,0020007910431251065004261496412A,,0,145.8,4.9,-113.55,50.1,134,19.6,-223.2,59.6,-223.2,-113.71,0.446273,1.16102,45.0,40.7284,5.0,25.1428,51.8309,51.8792,0,0,0,0,0,0,0,0,0,0,0,3.41,0,20.0,0,376644
5063891,1,0020007910431251065004261496463A,2026-06-18 07:00:05,304212, , ,104319220140,0,0,0,0,57000,110000,0,0,120000,0,0,0,2,1:18,1011,16,20.04,65,8.56,202,6.28,325,3.87,226,0,0,0,0,0,0,0,0,6.73,70,2.24,3,9.85,190,3.41,255,7.77,76,8.93,82,0,0,0,0,0,0,0,0,0,0,0,0,UCX31_x0001_|_x0007_:, ,1.44,4.97,45.31,14,4.07,94,65.03,1:49      ,3,2026-06-18 18:16:05,11014981.0,MAREESWARAN ,1,104339022021,104319220151,,AUTOMODE_TS1,BV141E,45,1,,OK,,0,0,0020007910431251065004261496463A,1.17699,1.17522,1.17636,5,5,3.395,3.3025,4.46,1,1.2,1.2,1.2,1,1.2,0.5,12,0.5,12,0.5,12,300646,2026-06-18 18:12:11,11014981,MAREESWARAN ,13616,104339022021,104319220151,160HP Z101  ,,AUTOMODE,BV141C,23,1,312229,OK,,0,0,9003102010431351065904261654359A,0020007910431251065004261496463A,00200045104311520066-7261632046A,OK,OK,OK,OK,302008,2026-06-18 18:10:13,11014981.0,MAREESWARAN ,13616,104339022021,104319220151,160HP Z101  ,AUTOMODE,BV141A,22,1,312229,OK,CA1,0,0,1020104313020080004674879488,OK,OK,0.39,0.396,0.5,0.39,0.401,0.5,OK,,00200045104311520066-7261632046A,OK,OK,202.9,145.2,52.6,146.3,0.0,2.5728,52.5196,53.0394,0.204189,2.00106,55.2942,55.7019,57.6637,6.73828,57.3554,0.326706,0,0,0,0,05ACA006,302654,2026-06-18 18:10:53,11014981.0,MAREESWARAN ,13616.0,104339022021,104319220151,160HP Z101  ,AUTOMODE,BV141B,28,1.0,312229.0,OK,,,,00200045104311520066-7261632046A,OK,OK,,OK,OK,302754,2026-06-18 18:14:53,11014981.0,MAREESWARAN ,13616,104339022021,104319220151,,AUTOMODE,BV141D,37,1,312229,OK,CA14,,,0020007910431251065004261496463A,,0,145.3,4.8,-113.55,50.1,134,19.6,-223.2,59.6,-223.2,-113.71,-0.00753784,0.211094,40.0553,42.2565,5.0,25.8214,51.8791,52.0144,0,0,0,0,0,0,0,0,0,0,0,3.32,0,20.0,0,376641
5017195,1,0020007910431251065004261496750B,2026-06-04 13:07:12,314116, , ,104319220140,0,0,0,0,57000,110000,0,0,120000,0,0,0,1,0:19,1011,16,44.46,1,44.46,1,24.53,349,24.53,349,0,0,0,0,0,0,0,0,36.37,326,36.37,326,9.02,313,9.02,313,13.86,201,13.86,201,0,0,0,0,0,0,0,0,0,0,0,0,UCX31_x0001_|_x0007_:, ,1.27,4.97,45.1,3,3.33,93,65.53,0:50      ,3,2026-06-05 05:28:42,11014086.0,BABU        ,1,104339022021,104319220151,,AUTOMODE_TS1,BV141E2,38,2,,OK,,0,0,0020007910431251065004261496750B,1.14906,1.15547,1.15094,5,5,3.55569,7.68743,5.36886,1,1.2,1.2,1.2,1,1.2,0.5,12,0.5,12,0.5,12,285118,2026-06-05 05:25:42,11014086,BABU        ,13616,104339022021,104319220151,160HP Z101  ,,AUTOMODE,BV141C,22,2,297951,OK,,0,0,9003102010431351065904261521516B,0020007910431251065004261496750B,00200045104311520066-7261522636B,OK,OK,OK,OK,286304,2026-06-05 05:23:32,11014086.0,BABU        ,13616,104339022021,104319220151,160HP Z101  ,AUTOMODE,BV141A,22,2,297951,OK,CA1,0,0,1020104313020080004674879488,OK,OK,0.39,0.438,0.5,0.39,0.445,0.5,OK,,00200045104311520066-7261522636B,OK,OK,202.9,145.2,52.6,146.3,0.0,1.55185,52.0995,53.1237,0.122517,2.16442,55.2817,55.7939,57.6462,4.6147,57.3379,0.367542,0,0,0,0,05ACA007,286823,2026-06-05 05:24:16,11014086.0,BABU        ,13616.0,104339022021,104319220151,160HP Z101  ,AUTOMODE,BV141B,30,2.0,297951.0,OK,,,,00200045104311520066-7261522636B,OK,OK,,OK,OK,286975,2026-06-05 05:27:34,11014086.0,BABU        ,13616,104339022021,104319220151,,AUTOMODE,BV141D,37,2,297951,OK,CA13,,,0020007910431251065004261496750B,,0,145.1,5.8,-113.55,50.1,134,19.6,-223.09,59.6,-216.052,-106.71,-0.0301552,0.361877,40.073,40.8305,5.0,22.4288,51.7475,51.8009,0,0,0,0,0,0,0,0,0,0,0,3.27,0,20.0,0,355167
5016072,1,0020007910431251065004261496805B,2026-06-04 03:51:53,304212, , ,104319220140,0,0,0,0,57000,110000,0,0,120000,0,0,0,5,3:38,1011,16,54.88,36,9.83,66,34.75,34,5.56,79,0,0,0,0,0,0,0,0,17.3,121,1.28,145,9.64,63,2.57,101,8.8,31,9.59,34,0,0,0,0,0,0,0,0,0,0,0,0,UCX31_x0001_|_x0007_:, ,1.55,4.97,45.25,14,4.38,93,65.1,4:03      ,3,2026-06-05 00:18:40,11014086.0,BABU        ,1,104339022021,104319220151,,AUTOMODE_TS1,BV141E2,38,2,,OK,,0,0,0020007910431251065004261496805B,1.14629,1.16377,1.14704,5,5,2.53054,8.00599,5.77365,1,1.2,1.2,1.2,1,1.2,0.5,12,0.5,12,0.5,12,284859,2026-06-05 00:16:08,11014086,BABU        ,13616,104339022021,104319220151,160HP Z101  ,,AUTOMODE,BV141C,31,2,297689,OK,,0,0,9003102010431351065904261532523A,0020007910431251065004261496805B,00200045104311520066-7261532727C,OK,OK,OK,OK,286016,2026-06-05 00:14:06,11014086.0,BABU        ,13616,104339022021,104319220151,160HP Z101  ,AUTOMODE,BV141A,23,2,297689,OK,CA1,0,0,1020104313020080004674879488,OK,OK,0.39,0.448,0.5,0.39,0.453,0.5,OK,,00200045104311520066-7261532727C,OK,OK,202.9,145.2,52.6,146.3,0.0,1.34766,52.1223,53.144,0.122517,2.00106,55.3046,55.8167,56.2401,1.48985,57.6639,0.285866,0,0,0,0,05ACA007,286543,2026-06-05 00:14:46,11014086.0,BABU        ,13616.0,104339022021,104319220151,160HP Z101  ,AUTOMODE,BV141B,31,2.0,297689.0,OK,,,,00200045104311520066-7261532727C,OK,OK,,OK,OK,286697,2026-06-05 00:17:34,11014086.0,BABU        ,13616,104339022021,104319220151,,AUTOMODE,BV141D,36,2,297689,OK,CA13,,,0020007910431251065004261496805B,,0,145.1,4.3,-113.55,50.1,134,19.6,-223.09,59.6,-216.052,-106.71,0.0964317,0.588678,45.0,40.0,5.0,18.1767,52.4017,52.3499,0,0,0,0,0,0,0,0,0,0,0,3.44,0,20.0,0,354844
5091510,1,0020007910431251065004261496973C,2026-06-26 17:47:43,304212, , ,104319220140,0,0,0,0,57000,110000,0,0,120000,0,0,0,1,0:21,1011,16,46.51,164,46.51,164,29.59,159,29.59,159,0,0,0,0,0,0,0,0,26.14,134,26.14,134,11.92,111,11.92,111,9.57,192,9.57,192,0,0,0,0,0,0,0,0,0,0,0,0,UCX31_x0001_|_x0007_:, ,1.45,4.94,45.05,14,4.02,94,64.77,0:47      ,3,2026-06-27 07:42:59,11014981.0,MAREESWARAN ,1,104339022021,104319220151,,AUTOMODE_TS1,BV141E2,38,2,,OK,,0,0,0020007910431251065004261496973C,1.14868,1.1673,1.15547,5,5,2.45868,7.03353,3.51377,1,1.2,1.2,1.2,1,1.2,0.5,12,0.5,12,0.5,12,309285,2026-06-27 07:39:43,11014981,MAREESWARAN ,13616,104339022021,104319220151,160HP Z101  ,,AUTOMODE,BV141C,17,2,321086,OK,,0,0,9003102010431351065904261745610A,0020007910431251065004261496973C,00200045104311520066-7261750471A,OK,OK,OK,OK,310670,2026-06-27 07:37:31,11014981.0,MAREESWARAN ,13616,104339022021,104319220151,160HP Z101  ,AUTOMODE,BV141A,22,2,321086,OK,CA1,0,0,1020104313020080004674879488,OK,OK,0.39,0.469,0.5,0.39,0.469,0.5,OK,,00200045104311520066-7261750471A,OK,OK,202.9,145.2,52.6,146.3,-0.0408363,1.67436,52.0762,53.5107,0.0816765,1.90006,55.87,56.2401,56.2776,1.96023,57.7248,0.326706,0,0,0,0,05ACA010,311421,2026-06-27 07:38:13,11014981.0,MAREESWARAN ,13616.0,104339022021,104319220151,160HP Z101  ,AUTOMODE,BV141B,29,2.0,321086.0,OK,,,,00200045104311520066-7261750471A,OK,OK,,OK,OK,311465,2026-06-27 07:41:55,11014981.0,MAREESWARAN ,13616,104339022021,104319220151,,AUTOMODE,BV141D,48,2,321086,OK,CA13,,,0020007910431251065004261496973C,,0,147.0,9.3,-113.55,50.1,134,19.6,-223.2,59.6,-223.2,-113.71,0.529716,1.89205,45.0,40.0,5.0,21.5995,52.3209,52.4005,0,0,0,0,0,0,0,0,0,0,0,3.46,0,20.0,0,386692
5105010,1,0020007910431251065004261496975C,2026-07-01 03:30:53,304212, , ,104319220151,0,0,0,0,57000,110000,0,0,120000,0,0,0,1,0:22,1011,16,36.92,95,36.92,95,34.74,74,34.74,74,0,0,0,0,0,0,0,0,43.6,48,43.6,48,9.14,165,9.14,165,8.93,26,8.93,26,0,0,0,0,0,0,0,0,0,0,0,0,UCX31_x0001_|_x0007_:, ,1.54,4.94,45.6,14,4.36,94,64.74,5:10      ,3,2026-06-27 07:27:43,11014981.0,MAREESWARAN ,1,104339022021,104319220151,,AUTOMODE_TS1,BV141E,44,2,,OK,,0,0,0020007910431251065004261496975C,1.17724,1.17724,1.17952,5,5,4.3775,4.475,6.09,1,1.2,1.2,1.2,1,1.2,0.5,12,0.5,12,0.5,12,309269,2026-06-27 07:24:39,11014981,MAREESWARAN ,13616,104339022021,104319220151,160HP Z101  ,,AUTOMODE,BV141C,19,2,321069,OK,,0,0,9003102010431351065904261746047B,0020007910431251065004261496975C,00200045104311520066-7261750281C,OK,OK,OK,OK,310654,2026-06-27 07:22:25,11014981.0,MAREESWARAN ,13616,104339022021,104319220151,160HP Z101  ,AUTOMODE,BV141A,21,2,321069,OK,CA1,0,0,1020104313020080004674879488,OK,OK,0.39,0.467,0.5,0.39,0.473,0.5,OK,,00200045104311520066-7261750281C,OK,OK,202.9,145.2,52.6,146.3,0.0,1.83771,52.0508,53.3859,0.163349,1.83771,55.6408,56.051,56.2401,1.49374,57.4905,0.367542,0,0,0,0,05ACA010,311405,2026-06-27 07:23:15,11014981.0,MAREESWARAN ,13616.0,104339022021,104319220151,160HP Z101  ,AUTOMODE,BV141B,29,2.0,321069.0,OK,,,,00200045104311520066-7261750281C,OK,OK,,OK,OK,311449,2026-06-27 07:26:35,11014981.0,MAREESWARAN ,13616,104339022021,104319220151,,AUTOMODE,BV141D,40,2,321069,OK,CA13,,,0020007910431251065004261496975C,,0,147.2,9.6,-113.55,50.1,134,19.6,-223.2,59.6,-223.2,-113.71,0.264154,1.03285,45.0,40.0552,5.0,25.9571,51.9737,52.0397,0,0,0,0,0,0,0,0,0,0,0,3.35,0,20.0,0,386676
5043550,1,0020007910431251065004261497055C,2026-06-12 03:46:27,306217, , ,104319220151,0,0,0,0,57000,110000,0,0,120000,0,0,0,1,0:20,1011,16,25.77,175,25.77,175,11.11,150,11.11,150,0,0,0,0,0,0,0,0,8.74,257,8.74,257,7.05,266,7.05,266,9.93,61,9.93,61,0,0,0,0,0,0,0,0,0,0,0,0,UCX31_x0001_|_x0007_:, ,1.31,4.93,45.16,14,3.7,93,64.45,0:56      ,3,2026-06-12 14:42:14,11014981.0,MAREESWARAN ,1,104339022021,104319220151,,AUTOMODE_TS1,BV141E,45,1,,OK,,0,0,0020007910431251065004261497055C,1.17724,1.17206,1.17383,5,5,4.0325,4.49,5.0,1,1.2,1.2,1.2,1,1.2,0.5,12,0.5,12,0.5,12,293390,2026-06-12 14:39:52,11014981,MAREESWARAN ,13616,104339022021,104319220151,160HP Z101  ,,AUTOMODE,BV141C,22,1,305605,OK,,0,0,9003102010431351065904261590946A,0020007910431251065004261497055C,00200045104311520066-7261602270C,OK,OK,OK,OK,294684,2026-06-12 14:37:57,11014981.0,MAREESWARAN ,13616,104339022021,104319220151,160HP Z101  ,AUTOMODE,BV141A,65,1,305605,OK,CA1,0,0,1020104313020080004674879488,OK,OK,0.39,0.418,0.5,0.39,0.429,0.5,OK,,00200045104311520066-7261602270C,OK,OK,202.9,145.2,52.6,146.3,-0.0408401,1.30682,52.4867,53.1033,0.0816765,1.63352,55.2638,55.99,57.534,1.87855,57.4321,0.326702,0,0,0,0,05ACA001,295277,2026-06-12 14:38:45,11014981.0,MAREESWARAN ,13616.0,104339022021,104319220151,160HP Z101  ,AUTOMODE,BV141B,28,1.0,305605.0,OK,,,,00200045104311520066-7261602270C,OK,OK,,OK,OK,295393,2026-06-12 14:41:02,11014981.0,MAREESWARAN ,13616,104339022021,104319220151,,AUTOMODE,BV141D,33,1,305605,OK,CA13,,,0020007910431251065004261497055C,,0,145.4,4.4,-113.55,50.1,134,19.6,-223.2,59.6,-223.2,-113.71,0.333848,1.53403,45.0,40.0,5.0,26.0701,51.5589,51.7425,0,0,0,0,0,0,0,0,0,0,0,3.38,0,20.0,0,365982
5042248,1,0020007910431251065004261497138C,2026-06-11 19:18:31,306217, , ,104319220151,0,0,0,0,57000,110000,0,0,120000,0,0,0,2,1:20,1011,16,56.52,333,27.47,292,26.9,312,5.54,296,0,0,0,0,0,0,0,0,18.04,48,4.37,58,20.88,86,12.48,21,9.47,7,9.83,19,0,0,0,0,0,0,0,0,0,0,0,0,UCX31_x0001_|_x0007_:, ,1.29,4.94,44.96,14,4.31,93,64.88,1:56      ,3,2026-06-13 21:34:54,11014981.0,MAREESWARAN ,1,104339022021,104319220151,,AUTOMODE_TS1,BV141E,44,2,,OK,,0,0,0020007910431251065004261497138C,1.17724,1.17193,1.17307,5,5,4.4175,4.8625,5.115,1,1.2,1.2,1.2,1,1.2,0.5,12,0.5,12,0.5,12,294908,2026-06-13 21:32:32,11014981,MAREESWARAN ,13616,104339022021,104319220151,160HP Z101  ,,AUTOMODE,BV141C,22,2,307177,OK,,0,0,9003102010431351065904261556308B,0020007910431251065004261497138C,00200045104311520066-7261602072A,OK,OK,OK,OK,296218,2026-06-13 21:31:12,11014981.0,MAREESWARAN ,13616,104339022021,104319220151,160HP Z101  ,AUTOMODE,BV141A,22,2,307177,OK,CA1,0,0,1020104313020080004674879488,OK,OK,0.39,0.416,0.5,0.39,0.425,0.5,OK,,00200045104311520066-7261602072A,OK,OK,202.9,145.2,52.6,146.3,-0.0408363,0.775925,52.1097,52.9378,0.0,1.47017,55.1927,55.7073,57.5571,6.0032,57.2488,0.204189,0,0,0,0,05ACA006,296828,2026-06-13 21:31:50,11014981.0,MAREESWARAN ,13616.0,104339022021,104319220151,160HP Z101  ,AUTOMODE,BV141B,28,2.0,307177.0,OK,,,,00200045104311520066-7261602072A,OK,OK,,OK,OK,296938,2026-06-13 21:33:42,11014981.0,MAREESWARAN ,13616,104339022021,104319220151,,AUTOMODE,BV141D,37,2,307177,OK,CA13,,,0020007910431251065004261497138C,,0,145.7,4.6,-113.55,50.1,134,19.6,-223.2,59.6,-223.2,-113.71,0.0684762,0.457254,45.0,40.0,5.0,24.3362,52.0224,52.792,0,0,0,0,0,0,0,0,0,0,0,3.35,0,20.0,0,368266
5020566,1,0020007910431251065004261497215A,2026-06-05 12:48:08,306217, , ,104319220151,0,0,0,0,57000,110000,0,0,120000,0,0,0,1,0:20,1011,16,38.51,38,38.51,38,40.83,15,40.83,15,0,0,0,0,0,0,0,0,33.58,107,33.58,107,4.58,229,4.58,229,10.47,221,10.47,221,0,0,0,0,0,0,0,0,0,0,0,0,UCX31_x0001_|_x0007_:, ,1.25,4.95,45.45,14,4.67,93,64.52,0:56      ,3,2026-06-06 07:49:24,11014086.0,BABU        ,1,104339022020,104319220140,,AUTOMODE_TS1,BV141E,45,2,,OK,,0,0,0020007910431251065004261497215A,1.17408,1.17307,1.17118,5,5,5.5175,5.8875,6.6075,1,1.2,1.2,1.2,1,1.2,0.5,12,0.5,12,0.5,12,286485,2026-06-06 07:47:29,11014086,BABU        ,13616,104339022020,104319220140,140HPW501   ,,AUTOMODE,BV141C,30,2,299403,OK,,0,0,9003102010431351065904261555493A,0020007910431251065004261497215A,00200045104311520066-7261530687B,OK,OK,OK,OK,287677,2026-06-06 07:46:03,11014086.0,BABU        ,13616,104339022020,104319220140,140HPW501   ,AUTOMODE,BV141A,22,2,299403,OK,CA1,0,0,300050104312999991395364110336,OK,OK,0.39,0.449,0.5,0.39,0.454,0.5,OK,,00200045104311520066-7261530687B,OK,OK,202.9,145.2,52.6,146.3,-0.0408363,1.63352,52.191,53.2177,0.0816765,2.77699,55.5796,55.9924,56.2401,2.58213,57.5364,0.490059,0,0,0,0,05ACA003,288208,2026-06-06 07:46:49,11014086.0,BABU        ,13616.0,104339022020,104319220140,140HPW501   ,AUTOMODE,BV141B,30,2.0,299403.0,OK,,,,00200045104311520066-7261530687B,OK,OK,,OK,OK,288356,2026-06-06 07:48:15,11014086.0,BABU        ,13616,104339022020,104319220140,,AUTOMODE,BV141D,33,2,299403,OK,CA14,,,0020007910431251065004261497215A,,0,145.1,4.7,-113.55,50.1,134,19.6,-223.2,59.6,-216.052,-106.71,0.30411,1.03286,45.0,40.2762,5.0,20.0389,52.2757,52.2785,0,0,0,0,0,0,0,0,0,0,0,2.05,0,20.0,0,356608
5020662,1,0020007910431251065004261497243A,2026-06-05 13:28:48,306217, , ,104319220151,0,0,0,0,57000,110000,0,0,120000,0,0,0,2,1:22,1011,16,13.79,248,8.24,221,15.98,331,8.58,327,0,0,0,0,0,0,0,0,14.63,67,7.51,70,9.88,313,7.33,300,9.91,180,10.94,183,0,0,0,0,0,0,0,0,0,0,0,0,UCX31_x0001_|_x0007_:, ,0.6,4.98,45.28,14,4.92,93,65.06,7:10      ,3,2026-06-06 11:51:35,11014086.0,BABU        ,1,104339022020,104319220140,,AUTOMODE_TS1,BV141E2,38,1,,OK,,0,0,0020007910431251065004261497243A,1.15346,1.14604,1.15648,5,5,2.97725,6.37365,3.97485,1,1.2,1.2,1.2,1,1.2,0.5,12,0.5,12,0.5,12,286678,2026-06-06 11:49:25,11014086,BABU        ,13616,104339022020,104319220140,140HPW501   ,,AUTOMODE,BV141C,23,1,299593,OK,,0,0,9003102010431351065904261554799A,0020007910431251065004261497243A,00200045104311520066-7261552253B,OK,OK,OK,OK,287859,2026-06-06 11:48:09,11014086.0,BABU        ,13616,104339022020,104319220140,140HPW501   ,AUTOMODE,BV141A,22,1,299593,OK,CA1,0,0,300050104312999991395364110336,OK,OK,0.39,0.43,0.5,0.39,0.441,0.5,OK,,00200045104311520066-7261552253B,OK,OK,202.9,145.2,52.6,146.3,0.0,1.1843,52.2882,53.1111,0.122517,2.08274,55.1571,55.6666,57.7202,9.96449,57.2081,0.367542,0,0,0,0,05ACA006,288390,2026-06-06 11:48:47,11014086.0,BABU        ,13616.0,104339022020,104319220140,140HPW501   ,AUTOMODE,BV141B,30,1.0,299593.0,OK,,,,00200045104311520066-7261552253B,OK,OK,,OK,OK,288538,2026-06-06 11:50:29,11014086.0,BABU        ,13616,104339022020,104319220140,,AUTOMODE,BV141D,32,1,299593,OK,CA14,,,0020007910431251065004261497243A,,0,145.8,4.2,-113.55,50.1,134,19.6,-223.2,59.6,-216.052,-106.71,0.262596,1.17703,45.0,40.0,5.0,24.1251,51.6683,51.7804,0,0,0,0,0,0,0,0,0,0,0,1.73,0,20.0,0,356790
5093920,1,0020007910431251065004261497289C,2026-06-27 12:58:01,304212, , ,104319220140,0,0,0,0,57000,110000,0,0,120000,0,0,0,5,3:50,1011,16,81.64,359,25.58,357,63.07,346,21.23,358,0,0,0,0,0,0,0,0,63.3,310,22.62,341,19.22,12,1.88,193,8.03,341,9.9,335,0,0,0,0,0,0,0,0,0,0,0,0,UCX31_x0001_|_x0007_:, ,1.46,4.94,45.05,14,4.6,94,64.81,4:15      ,3,2026-06-29 08:37:56,11014086.0,BABU        ,1,104339022020,104319220140,,AUTOMODE_TS1,BV141E,40,1,,OK,,0,0,0020007910431251065004261497289C,1.17965,1.17699,1.17661,5,5,3.9475,5.1275,7.505,1,1.2,1.2,1.2,1,1.2,0.5,12,0.5,12,0.5,12,313450,2026-06-29 08:34:42,11014086,BABU        ,13616,104339022020,104319220140,140HPW501   ,,AUTOMODE,BV141C,19,1,322782,OK,,0,0,9003102010431351065904261760151B,0020007910431251065004261497289C,00200045104311520066-7261761309A,OK,OK,OK,OK,314863,2026-06-29 08:32:30,11014086.0,BABU        ,13616,104339022020,104319220140,140HPW501   ,AUTOMODE,BV141A,23,1,322782,OK,CA1,0,0,300050104312999991395364110336,OK,OK,0.39,0.434,0.5,0.39,0.415,0.5,OK,,00200045104311520066-7261761309A,OK,OK,202.9,145.2,52.6,146.3,-0.0408363,1.67436,52.114,53.4415,0.122517,2.36861,55.602,56.0097,56.2401,1.95295,57.5435,0.449219,0,0,0,0,05ACA010,314635,2026-06-29 08:33:10,11014086.0,BABU        ,13616.0,104339022020,104319220140,140HPW501   ,AUTOMODE,BV141B,26,1.0,322782.0,OK,,,,00200045104311520066-7261761309A,OK,OK,,OK,OK,315675,2026-06-29 08:35:36,11014086.0,BABU        ,13616,104339022020,104319220140,,AUTOMODE,BV141D,39,1,322782,OK,CA13,,,0020007910431251065004261497289C,,0,147.3,10.1,-113.55,50.1,134,19.6,-223.35,59.6,-223.35,-113.71,0.484156,1.40227,45.0,40.0534,5.0,24.7508,51.8528,51.9286,0,0,0,0,0,0,0,0,0,0,0,2.49,0,20.0,0,391424
5021549,1,0020007910431251065004261497585B,2026-06-05 19:05:41,306217, , ,104319220151,0,0,0,0,57000,110000,0,0,120000,0,0,0,1,0:20,1011,16,39.88,243,39.88,243,37.85,225,37.85,225,0,0,0,0,0,0,0,0,31.69,317,31.69,317,4.72,41,4.72,41,11.2,160,11.2,160,0,0,0,0,0,0,0,0,0,0,0,0,UCX31_x0001_|_x0007_:, ,1.37,4.93,45.1,14,4.47,93,64.45,0:56      ,3,2026-06-06 07:51:38,11014086.0,BABU        ,1,104339022020,104319220140,,AUTOMODE_TS1,BV141E2,38,2,,OK,,0,0,0020007910431251065004261497585B,1.1517,1.14667,1.14604,5,5,2.92096,7.05749,4.62036,1,1.2,1.2,1.2,1,1.2,0.5,12,0.5,12,0.5,12,286488,2026-06-06 07:49:34,11014086,BABU        ,13616,104339022020,104319220140,140HPW501   ,,AUTOMODE,BV141C,23,2,299406,OK,,0,0,9003102010431351065904261555222A,0020007910431251065004261497585B,00200045104311520066-7261520299A,OK,OK,OK,OK,287680,2026-06-06 07:48:19,11014086.0,BABU        ,13616,104339022020,104319220140,140HPW501   ,AUTOMODE,BV141A,23,2,299406,OK,CA1,0,0,300050104312999991395364110336,OK,OK,0.39,0.45,0.5,0.39,0.459,0.5,OK,,00200045104311520066-7261520299A,OK,OK,202.9,145.2,52.6,146.3,-0.0408363,1.42933,52.0639,53.19,0.0816765,1.91939,55.4525,55.9672,57.7074,3.30788,57.5036,0.285866,0,0,0,0,05ACA007,288211,2026-06-06 07:48:58,11014086.0,BABU        ,13616.0,104339022020,104319220140,140HPW501   ,AUTOMODE,BV141B,30,2.0,299406.0,OK,,,,00200045104311520066-7261520299A,OK,OK,,OK,OK,288359,2026-06-06 07:50:28,11014086.0,BABU        ,13616,104339022020,104319220140,,AUTOMODE,BV141D,33,2,299406,OK,CA14,,,0020007910431251065004261497585B,,0,145.7,4.6,-113.55,50.1,134,19.6,-223.2,59.6,-216.052,-106.71,0.302051,1.55303,45.0,40.0,5.0,22.5946,51.9792,52.022,0,0,0,0,0,0,0,0,0,0,0,1.68,0,20.0,0,356611
5017551,1,0020007910431251065004261497612B,2026-06-04 15:39:14,304212, , ,104319220140,0,0,0,0,57000,110000,0,0,120000,0,0,0,2,1:12,1011,16,59.19,340,12.12,16,34.73,319,6.87,146,0,0,0,0,0,0,0,0,31.08,337,2.05,150,1.18,110,1.29,350,8.43,88,10.81,79,0,0,0,0,0,0,0,0,0,0,0,0,UCX31_x0001_|_x0007_:, ,1.5,4.93,44.82,14,3.91,94,65,2:27      ,3,2026-06-05 05:12:42,11014086.0,BABU        ,1,104339022021,104319220151,,AUTOMODE_TS1,BV141E2,38,2,,OK,,0,0,0020007910431251065004261497612B,1.15258,1.15623,1.14591,5,5,4.63832,7.83114,5.1988,1,1.2,1.2,1.2,1,1.2,0.5,12,0.5,12,0.5,12,285105,2026-06-05 05:10:16,11014086,BABU        ,13616,104339022021,104319220151,160HP Z101  ,,AUTOMODE,BV141C,48,2,297935,OK,,0,0,9003102010431351065904261521421B,0020007910431251065004261497612B,00200045104311520066-7261520295A,OK,OK,OK,OK,286291,2026-06-05 05:07:30,11014086.0,BABU        ,13616,104339022021,104319220151,160HP Z101  ,AUTOMODE,BV141A,22,2,297935,OK,CA1,0,0,1020104313020080004674879488,OK,OK,0.39,0.444,0.5,0.39,0.457,0.5,OK,,00200045104311520066-7261520295A,OK,OK,202.9,145.2,52.6,146.3,0.0,0.857601,52.0457,53.3808,0.0816765,1.63352,55.3325,55.949,57.6994,1.51101,57.5975,0.245029,0,0,0,0,05ACA010,286810,2026-06-05 05:08:12,11014086.0,BABU        ,13616.0,104339022021,104319220151,160HP Z101  ,AUTOMODE,BV141B,31,2.0,297935.0,OK,,,,00200045104311520066-7261520295A,OK,OK,,OK,OK,286962,2026-06-05 05:11:32,11014086.0,BABU        ,13616,104339022021,104319220151,,AUTOMODE,BV141D,37,2,297935,OK,CA13,,,0020007910431251065004261497612B,,0,145.4,5.4,-113.55,50.1,134,19.6,-223.09,59.6,-216.052,-106.71,0.180939,0.60503,44.8997,40.0,5.0,23.0847,52.3329,52.3929,0,0,0,0,0,0,0,0,0,0,0,3.4,0,20.0,0,355154
5018308,1,0020007910431251065004261497647B,2026-06-04 20:22:33,306217, , ,104319220140,0,0,0,0,57000,110000,0,0,120000,0,0,0,2,1:35,1011,16,55.56,163,28.76,119,42.5,120,11.67,111,0,0,0,0,0,0,0,0,34.03,209,9.44,217,20.13,306,9.16,208,9.19,164,10.21,185,0,0,0,0,0,0,0,0,0,0,0,0,UCX31_x0001_|_x0007_:, ,1.31,4.93,45.13,14,3.86,93,64.88,2:12      ,3,2026-06-28 10:26:22,11014981.0,MAREESWARAN ,1,104339022020,104319220140,,AUTOMODE_TS1,BV141E2,34,1,,OK,,0,0,0020007910431251065004261497647B,1.15497,1.15862,1.1444,5,5,2.09102,6.33533,3.52934,1,1.2,1.2,1.2,1,1.2,0.5,12,0.5,12,0.5,12,313018,2026-06-28 10:24:24,11014086,BABU        ,13616,104339022020,104319220140,140HPW501   ,,AUTOMODE,BV141C,32,1,322327,OK,,0,0,9003102010431351065904261758008B,0020007910431251065004261497647B,00200045104311520066-7261750742B,OK,OK,OK,OK,314421,2026-06-28 10:20:10,11014086.0,BABU        ,13616,104339022020,104319220140,140HPW501   ,AUTOMODE,BV141A,86,1,322327,OK,CA1,0,0,300050104312999991395364110336,OK,OK,0.39,0.453,0.5,0.39,0.448,0.5,OK,,00200045104311520066-7261750742B,OK,OK,202.9,145.2,52.6,146.3,0.0,1.22514,52.0329,53.1616,0.0816765,1.87855,55.6279,56.1426,56.2401,1.68324,57.5771,0.367542,0,0,0,0,05ACA010,314186,2026-06-28 10:21:38,11014086.0,BABU        ,13616.0,104339022020,104319220140,140HPW501   ,AUTOMODE,BV141B,26,1.0,322327.0,OK,,,,00200045104311520066-7261750742B,OK,OK,,OK,OK,315227,2026-06-28 10:25:18,11014086.0,BABU        ,13616,104339022020,104319220140,,AUTOMODE,BV141D,38,1,322327,OK,CA13,,,0020007910431251065004261497647B,,0,147.5,8.6,-113.55,50.1,134,19.6,-223.35,59.6,-223.35,-113.71,0.22431,1.10071,45.0,40.075,5.0,22.4966,52.4884,52.4789,0,0,0,0,0,0,0,0,0,0,0,1.59,0,20.0,0,390873
5017108,1,0020007910431251065004261497775B,2026-06-04 12:34:30,304212, , ,104319220140,0,0,0,0,57000,110000,0,0,120000,0,0,0,3,2:16,1011,16,32.47,5,61.56,328,42.53,54,21.04,297,0,0,0,0,0,0,0,0,44.8,164,8.47,274,21.39,309,19.84,24,7.79,292,10.4,272,0,0,0,0,0,0,0,0,0,0,0,0,UCX31_x0001_|_x0007_:, ,1.43,4.95,45.31,14,3.94,93,64.97,4:38      ,3,2026-06-05 05:23:54,11014086.0,BABU        ,1,104339022021,104319220151,,AUTOMODE_TS1,BV141E2,38,2,,OK,,0,0,0020007910431251065004261497775B,1.16352,1.16289,1.15459,5,5,3.17126,7.47784,4.66347,1,1.2,1.2,1.2,1,1.2,0.5,12,0.5,12,0.5,12,285112,2026-06-05 05:20:56,11014086,BABU        ,13616,104339022021,104319220151,160HP Z101  ,,AUTOMODE,BV141C,20,2,297945,OK,,0,0,9003102010431351065904261532636A,0020007910431251065004261497775B,00200045104311520066-7261520317B,OK,OK,OK,OK,286298,2026-06-05 05:19:40,11014086.0,BABU        ,13616,104339022021,104319220151,160HP Z101  ,AUTOMODE,BV141A,22,2,297945,OK,CA1,0,0,1020104313020080004674879488,OK,OK,0.39,0.44,0.5,0.39,0.433,0.5,OK,,00200045104311520066-7261520317B,OK,OK,202.9,145.2,52.6,146.3,-0.0408401,1.55185,52.1043,53.0291,0.0816765,3.06285,55.1821,55.7961,57.8497,4.81889,57.6459,0.367542,0,0,0,0,05ACA004,286817,2026-06-05 05:20:18,11014086.0,BABU        ,13616.0,104339022021,104319220151,160HP Z101  ,AUTOMODE,BV141B,30,2.0,297945.0,OK,,,,00200045104311520066-7261520317B,OK,OK,,OK,OK,286969,2026-06-05 05:22:46,11014086.0,BABU        ,13616,104339022021,104319220151,,AUTOMODE,BV141D,37,2,297945,OK,CA13,,,0020007910431251065004261497775B,,0,146.2,5.2,-113.55,50.1,134,19.6,-223.09,59.6,-216.052,-106.71,0.297543,1.25997,45.0,40.0,5.0,24.9393,51.7022,51.8235,0,0,0,0,0,0,0,0,0,0,0,3.28,0,21.0,0,355161
5016844,1,0020007910431251065004261497820C,2026-06-04 10:54:38,306217, , ,104319220140,0,0,0,0,57000,110000,0,0,120000,0,0,0,2,1:22,1011,16,45.85,206,23,169,25.59,195,8.54,189,0,0,0,0,0,0,0,0,21.32,292,8.54,294,11.31,302,8.17,241,9.11,232,9.38,236,0,0,0,0,0,0,0,0,0,0,0,0,UCX31_x0001_|_x0007_:, ,1.35,4.93,44.99,14,4.15,93,64.88,1:58      ,3,2026-06-05 05:11:58,11014086.0,BABU        ,1,104339022021,104319220151,,AUTOMODE_TS1,BV141E,44,2,,OK,,0,0,0020007910431251065004261497820C,1.17269,1.17219,1.17269,5,5,5.9675,6.8125,7.5,1,1.2,1.2,1.2,1,1.2,0.5,12,0.5,12,0.5,12,285104,2026-06-05 05:09:14,11014086,BABU        ,13616,104339022021,104319220151,160HP Z101  ,,AUTOMODE,BV141C,41,2,297934,OK,,0,0,9003102010431351065904261533656B,0020007910431251065004261497820C,00200045104311520066-7261520309B,OK,OK,OK,OK,286290,2026-06-05 05:06:46,11014086.0,BABU        ,13616,104339022021,104319220151,160HP Z101  ,AUTOMODE,BV141A,26,2,297934,OK,CA1,0,0,1020104313020080004674879488,OK,OK,0.39,0.441,0.5,0.39,0.453,0.5,OK,,00200045104311520066-7261520309B,OK,OK,202.9,145.2,52.6,146.3,0.0,2.24609,52.0739,53.4038,0.204189,2.45028,55.4523,55.967,56.2401,2.0079,57.6129,0.367542,0,0,0,0,05ACA004,286809,2026-06-05 05:07:28,11014086.0,BABU        ,13616.0,104339022021,104319220151,160HP Z101  ,AUTOMODE,BV141B,30,2.0,297934.0,OK,,,,00200045104311520066-7261520309B,OK,OK,,OK,OK,286961,2026-06-05 05:10:44,11014086.0,BABU        ,13616,104339022021,104319220151,,AUTOMODE,BV141D,37,2,297934,OK,CA13,,,0020007910431251065004261497820C,,0,145.1,5.6,-113.55,50.1,134,19.6,-223.09,59.6,-216.052,-106.71,0.175063,0.670979,45.0,40.1388,5.0,25.9872,51.798,51.9124,0,0,0,0,0,0,0,0,0,0,0,3.32,0,20.0,0,355153
5093860,1,0020007910431251065004261498080C,2026-06-27 12:19:12,304212, , ,104319220140,0,0,0,0,57000,110000,0,0,120000,0,0,0,1,0:21,1011,16,22.61,273,22.61,273,16.12,175,16.12,175,0,0,0,0,0,0,0,0,35.66,141,35.66,141,22.88,275,22.88,275,9.71,72,9.71,72,0,0,0,0,0,0,0,0,0,0,0,0,UCX31_x0001_|_x0007_:, ,1.54,4.93,45.6,14,4.48,94,64.67,0:48      ,3,2026-06-28 11:25:58,11014981.0,MAREESWARAN ,1,104339022020,104319220140,,AUTOMODE_TS1,BV141E,41,1,,OK,,0,0,0020007910431251065004261498080C,1.17686,1.17876,1.178,5,5,5.45,5.95,6.97,1,1.2,1.2,1.2,1,1.2,0.5,12,0.5,12,0.5,12,313080,2026-06-28 11:21:12,11014086,BABU        ,13616,104339022020,104319220140,140HPW501   ,,AUTOMODE,BV141C,19,1,322392,OK,,0,0,9003102010431351065904261758349B,0020007910431251065004261498080C,00200045104311520066-7261752310A,OK,OK,OK,OK,314484,2026-06-28 11:19:00,11014086.0,BABU        ,13616,104339022020,104319220140,140HPW501   ,AUTOMODE,BV141A,22,1,322392,OK,CA1,0,0,300050104312999991395364110336,OK,OK,0.39,0.442,0.5,0.39,0.453,0.5,OK,,00200045104311520066-7261752310A,OK,OK,202.9,145.2,52.6,146.3,0.0,1.83771,52.265,53.1848,0.163353,2.28693,55.3428,55.7555,56.2401,1.54333,57.5034,0.326706,0,0,0,0,05ACA001,314251,2026-06-28 11:19:44,11014086.0,BABU        ,13616.0,104339022020,104319220140,140HPW501   ,AUTOMODE,BV141B,26,1.0,322392.0,OK,,,,00200045104311520066-7261752310A,OK,OK,,OK,OK,315292,2026-06-28 11:24:52,11014086.0,BABU        ,13616,104339022020,104319220140,,AUTOMODE,BV141D,37,1,322392,OK,CA13,,,0020007910431251065004261498080C,,0,147.4,7.8,-113.55,50.1,134,19.6,-223.35,59.6,-223.35,-113.71,0.689822,2.56827,45.0,40.0,5.0,24.8488,51.7083,51.7624,0,0,0,0,0,0,0,0,0,0,0,1.64,0,20.0,0,390972
5093793,1,0020007910431251065004261507960A,2026-06-27 11:34:47,304212, , ,104319220140,0,0,0,0,57000,110000,0,0,120000,0,0,0,1,0:21,1011,16,58.87,313,58.87,313,33.31,311,33.31,311,0,0,0,0,0,0,0,0,20.26,257,20.26,257,20.13,288,20.13,288,9.47,85,9.47,85,0,0,0,0,0,0,0,0,0,0,0,0,UCX31_x0001_|_x0007_:, ,1.44,4.96,44.96,14,4.42,93,65.03,0:47      ,3,2026-06-29 11:37:37,11014086.0,BABU        ,1,104339022021,104319220151,,AUTOMODE_TS1,BV141E2,38,1,,OK,,0,0,0020007910431251065004261507960A,1.15686,1.16088,1.14704,5,5,2.66347,7.27066,4.45269,1,1.2,1.2,1.2,1,1.2,0.5,12,0.5,12,0.5,12,313638,2026-06-29 11:34:43,11014086,BABU        ,13616,104339022021,104319220151,160HP Z101  ,,AUTOMODE,BV141C,21,1,322975,OK,,0,0,9003102010431351065904261758663B,0020007910431251065004261507960A,00200045104311520066-7261752233A,OK,OK,OK,OK,315053,2026-06-29 11:33:17,11014086.0,BABU        ,13616,104339022021,104319220151,160HP Z101  ,AUTOMODE,BV141A,22,1,322975,OK,CA1,0,0,1020104313020080004674879488,OK,OK,0.39,0.441,0.5,0.39,0.447,0.5,OK,,00200045104311520066-7261752233A,OK,OK,202.9,145.2,52.6,146.3,0.0,1.10263,52.1193,53.141,0.0816765,2.00106,55.3984,55.9105,57.6583,2.61364,57.4545,0.326706,0,0,0,0,05ACA001,314826,2026-06-29 11:33:55,11014086.0,BABU        ,13616.0,104339022021,104319220151,160HP Z101  ,AUTOMODE,BV141B,26,1.0,322975.0,OK,,,,00200045104311520066-7261752233A,OK,OK,,OK,OK,315865,2026-06-29 11:36:33,11014086.0,BABU        ,13616,104339022021,104319220151,,AUTOMODE,BV141D,37,1,322975,OK,CA13,,,0020007910431251065004261507960A,,0,147.4,10.4,-113.55,50.1,134,19.6,-223.2,59.6,-223.2,-113.71,0.22516,1.0774,45.0,40.0,5.0,26.1154,51.7011,51.7627,0,0,0,0,0,0,0,0,0,0,0,3.45,0,20.0,0,391625
5094050,1,0020007910431251065004261507983A,2026-06-27 14:15:19,304212, , ,104319220140,0,0,0,0,57000,110000,0,0,120000,0,0,0,1,0:22,1011,16,23.76,88,23.76,88,18.53,103,18.53,103,0,0,0,0,0,0,0,0,17.7,89,17.7,89,4.31,338,4.31,338,10.3,258,10.3,258,0,0,0,0,0,0,0,0,0,0,0,0,UCX31_x0001_|_x0007_:, ,1.53,4.91,45.42,14,4.2,94,64.88,0:47      ,3,2026-06-28 11:11:02,11014981.0,MAREESWARAN ,1,104339022020,104319220140,,AUTOMODE_TS1,BV141E2,34,1,,OK,,0,0,0020007910431251065004261507983A,1.14604,1.14717,1.16201,5,5,2.32575,7.59042,5.48383,1,1.2,1.2,1.2,1,1.2,0.5,12,0.5,12,0.5,12,313065,2026-06-29 18:04:57,11014086,BABU        ,13616,104339022021,104319220151,160HP Z101  ,,AUTOMODE,BV141C,71,1,323292,OK,,0,0,9003102010431351065904261769813B,0020007910431251065004261507983A,00200045104311520066-7261682915C,OK,OK,OK,OK,315359,2026-06-29 18:02:45,11014086.0,BABU        ,13616,104339022021,104319220151,160HP Z101  ,AUTOMODE,BV141A,26,1,323292,OK,CA1,0,0,1020104313020080004674879488,OK,OK,0.39,0.44,0.5,0.39,0.434,0.5,OK,,00200045104311520066-7261682915C,OK,OK,202.9,145.2,52.6,146.3,0.0408401,1.42933,52.0965,53.1283,0.122517,1.79688,55.3985,55.7068,56.2401,1.24049,57.447,0.326706,0,0,0,0,05ACA008,315140,2026-06-29 18:03:25,11014086.0,BABU        ,13616.0,104339022021,104319220151,160HP Z101  ,AUTOMODE,BV141B,26,1.0,323292.0,OK,,,,00200045104311520066-7261682915C,OK,OK,,OK,OK,316177,2026-06-29 18:06:35,,,13616,104339022021,104319220151,,AUTOMODE,BV141D,23,1,323292,NOTOK,CA13,,,0020007910431251065004261507983A,,0,147.0,11.0,-113.55,50.1,134,19.6,-223.2,59.6,-223.2,-113.71,909090.0,909090.0,909090.0,909090.0,909090.0,909090.0,909090.0,909090.0,0,0,0,0,0,0,0,0,0,0,0,0.0,0,,0,392047
5094740,1,0020007910431251065004261508102B,2026-06-27 19:44:15,304212, , ,104319220140,0,0,0,0,57000,110000,0,0,120000,0,0,0,2,1:16,1011,16,37.58,39,22.37,77,14.5,353,12.47,60,0,0,0,0,0,0,0,0,24.87,282,12.64,9,21.4,28,6.63,71,8.03,279,9.27,282,0,0,0,0,0,0,0,0,0,0,0,0,UCX31_x0001_|_x0007_:, ,1.53,4.95,45.83,14,4.14,94,65.05,1:42      ,3,2026-06-28 11:11:54,11014981.0,MAREESWARAN ,1,104339022020,104319220140,,AUTOMODE_TS1,BV141E,41,1,,OK,,0,0,0020007910431251065004261508102B,1.17724,1.17699,1.17459,5,5,3.6825,4.5,8.9575,1,1.2,1.2,1.2,1,1.2,0.5,12,0.5,12,0.5,12,313066,2026-06-28 11:09:02,11014086,BABU        ,13616,104339022020,104319220140,140HPW501   ,,AUTOMODE,BV141C,21,1,322377,OK,,0,0,9003102010431351065904261758679B,0020007910431251065004261508102B,00200045104311520066-7261682839C,OK,OK,OK,OK,314469,2026-06-28 11:07:40,11014086.0,BABU        ,13616,104339022020,104319220140,140HPW501   ,AUTOMODE,BV141A,21,1,322377,OK,CA1,0,0,300050104312999991395364110336,OK,OK,0.39,0.447,0.5,0.39,0.434,0.5,OK,,00200045104311520066-7261682839C,OK,OK,202.9,145.2,52.6,146.3,-0.0408363,1.55185,52.0282,53.1595,0.122513,2.12358,55.2105,55.7252,57.5724,5.51314,57.2666,0.367542,0,0,0,0,05ACA006,314236,2026-06-28 11:08:14,11014086.0,BABU        ,13616.0,104339022020,104319220140,140HPW501   ,AUTOMODE,BV141B,26,1.0,322377.0,OK,,,,00200045104311520066-7261682839C,OK,OK,,OK,OK,315277,2026-06-28 11:10:48,11014086.0,BABU        ,13616,104339022020,104319220140,,AUTOMODE,BV141D,38,1,322377,OK,CA13,,,0020007910431251065004261508102B,,0,147.5,8.8,-113.55,50.1,134,19.6,-223.35,59.6,-223.35,-113.71,0.597385,1.57756,45.0,40.0,5.0,26.138,51.4674,51.5436,0,0,0,0,0,0,0,0,0,0,0,1.67,0,20.0,0,390939
5092194,1,0020007910431251065004261508255B,2026-06-26 22:38:30,306217, , ,104319220140,0,0,0,0,57000,110000,0,0,120000,0,0,0,2,1:39,1011,16,36.8,119,13.1,62,34.71,115,8.18,184,0,0,0,0,0,0,0,0,49.77,83,16.64,142,21.92,204,12.68,3,8.45,135,11.28,146,0,0,0,0,0,0,0,0,0,0,0,0,UCX31_x0001_|_x0007_:, ,1.39,4.93,46,14,4.49,93,65.03,2:18      ,3,2026-06-26 20:58:21,11014981.0,MAREESWARAN ,1,104339022020,104319220140,,AUTOMODE_TS1,BV141E,40,2,,OK,,0,0,0020007910431251065004261508255B,1.17788,1.17901,1.17408,5,5,5.54,5.9325,6.7575,1,1.2,1.2,1.2,1,1.2,0.5,12,0.5,12,0.5,12,308798,2026-06-26 20:56:31,11014981,MAREESWARAN ,13616,104339022020,104319220140,140HPW501   ,,AUTOMODE,BV141C,23,2,320562,OK,,0,0,9003102010431351065904261688758A,0020007910431251065004261508255B,00200045104311520066-7261682101A,OK,OK,OK,OK,310168,2026-06-26 20:55:05,11014981.0,MAREESWARAN ,13616,104339022020,104319220140,140HPW501   ,AUTOMODE,BV141A,22,2,320562,OK,CA1,0,0,300050104312999991395364110336,OK,OK,0.39,0.465,0.5,0.39,0.458,0.5,OK,,00200045104311520066-7261682101A,OK,OK,202.9,145.2,52.6,146.3,0.0,1.75603,52.084,53.414,0.122513,1.83771,55.6739,56.0841,56.2401,1.59586,57.6205,0.285866,0,0,0,0,05ACA010,310907,2026-06-26 20:55:47,11014981.0,MAREESWARAN ,13616.0,104339022020,104319220140,140HPW501   ,AUTOMODE,BV141B,28,2.0,320562.0,OK,,,,00200045104311520066-7261682101A,OK,OK,,OK,OK,310955,2026-06-26 20:57:15,11014981.0,MAREESWARAN ,13616,104339022020,104319220140,,AUTOMODE,BV141D,35,2,320562,OK,CA13,,,0020007910431251065004261508255B,,0,147.4,6.0,-113.55,50.1,134,19.6,-223.35,59.6,-223.35,-113.71,0.409223,1.70787,45.0,40.0,5.0,25.6932,51.9008,51.9864,0,0,0,0,0,0,0,0,0,0,0,1.71,0,20.0,0,386072
5059730,1,0020007910431251065004261508414A,2026-06-17 06:55:47,304212, , ,104319220140,0,0,0,0,57000,110000,0,0,120000,0,0,0,1,0:23,1011,16,82.32,3,82.32,3,58.81,345,58.81,345,0,0,0,0,0,0,0,0,40.17,90,40.17,90,9.34,141,9.34,141,10.76,55,10.76,55,0,0,0,0,0,0,0,0,0,0,0,0,UCX31_x0001_|_x0007_:, ,1.41,4.98,44.67,14,4.52,93,64.88,0:54      ,3,2026-06-17 20:44:26,11014981.0,MAREESWARAN ,1,104339022020,104319220140,,AUTOMODE_TS1,BV141E,41,2,,OK,,0,0,0020007910431251065004261508414A,1.17724,1.17623,1.17244,5,5,3.875,4.1375,4.9275,1,1.2,1.2,1.2,1,1.2,0.5,12,0.5,12,0.5,12,299542,2026-06-17 20:42:14,11014981,MAREESWARAN ,13616,104339022020,104319220140,140HPW501   ,,AUTOMODE,BV141C,31,2,311107,OK,,0,0,9003102010431351065904261643864B,0020007910431251065004261508414A,00200045104311520066-7261660018A,OK,OK,OK,OK,300900,2026-06-17 20:40:52,11014981.0,MAREESWARAN ,13616,104339022020,104319220140,140HPW501   ,AUTOMODE,BV141A,23,2,311107,OK,CA1,0,0,300050104312999991395364110336,OK,OK,0.39,0.423,0.5,0.39,0.444,0.5,OK,,00200045104311520066-7261660018A,OK,OK,202.9,145.2,52.6,146.3,0.0,2.08274,52.6241,53.4394,0.163353,2.0419,55.5974,56.1147,57.758,2.20525,57.6561,0.326706,0,0,0,0,05ACA005,301538,2026-06-17 20:41:34,11014981.0,MAREESWARAN ,13616.0,104339022020,104319220140,140HPW501   ,AUTOMODE,BV141B,28,2.0,311107.0,OK,,,,00200045104311520066-7261660018A,OK,OK,,OK,OK,301635,2026-06-17 20:43:18,11014981.0,MAREESWARAN ,13616,104339022020,104319220140,,AUTOMODE,BV141D,34,2,311107,OK,CA13,,,0020007910431251065004261508414A,,0,146.0,4.6,-113.55,50.1,134,19.6,-223.35,59.6,-223.35,-113.71,0.622241,1.77169,45.0,40.5786,5.0,24.5548,51.9052,52.0065,0,0,0,0,0,0,0,0,0,0,0,1.56,0,20.0,0,375063
5102090,1,0020007910431251065004261508421B,2026-06-30 08:36:54,304212, , ,104319220151,0,0,0,0,57000,110000,0,0,120000,0,0,0,3,2:13,1011,16,49.63,62,8.24,158,21.22,43,5,147,0,0,0,0,0,0,0,0,20.99,328,5.73,103,22.21,44,1.63,171,7.41,45,8.87,30,0,0,0,0,0,0,0,0,0,0,0,0,UCX31_x0001_|_x0007_:, ,1.46,4.96,45.68,14,4.34,94,64.92,2:38      ,3,2026-06-27 00:37:54,11014981.0,MAREESWARAN ,1,104339022021,104319220151,,AUTOMODE_TS1,BV141E,44,2,,OK,,0,0,0020007910431251065004261508421B,1.17396,1.17497,1.1732,5,5,6.19,5.94,7.055,1,1.2,1.2,1.2,1,1.2,0.5,12,0.5,12,0.5,12,308985,2026-06-27 00:35:18,11014981,MAREESWARAN ,13616,104339022021,104319220151,160HP Z101  ,,AUTOMODE,BV141C,20,2,320760,OK,,0,0,9003102010431351065904261745868A,0020007910431251065004261508421B,00200045104311520066-7261672223A,OK,OK,OK,OK,310358,2026-06-27 00:33:28,11014981.0,MAREESWARAN ,13616,104339022021,104319220151,160HP Z101  ,AUTOMODE,BV141A,22,2,320760,OK,CA1,0,0,1020104313020080004674879488,OK,OK,0.39,0.478,0.5,0.39,0.473,0.5,OK,,00200045104311520066-7261672223A,OK,OK,202.9,145.2,52.6,146.3,-0.0408401,1.87855,52.4911,52.9013,0.163349,2.5728,54.9574,55.5689,57.7219,9.80114,57.2123,0.408379,0,0,0,0,05ACA006,311101,2026-06-27 00:34:10,11014981.0,MAREESWARAN ,13616.0,104339022021,104319220151,160HP Z101  ,AUTOMODE,BV141B,30,2.0,320760.0,OK,,,,00200045104311520066-7261672223A,OK,OK,,OK,OK,311148,2026-06-27 00:36:44,11014981.0,MAREESWARAN ,13616,104339022021,104319220151,,AUTOMODE,BV141D,36,2,320760,OK,CA13,,,0020007910431251065004261508421B,,0,147.0,6.2,-113.55,50.1,134,19.6,-223.2,59.6,-223.2,-113.71,1.1914,2.08206,45.0,40.0,5.0,26.3265,51.5334,51.6306,0,0,0,0,0,0,0,0,0,0,0,3.41,0,20.0,0,386281
5051349,1,0020007910431251065004261508446A,2026-06-14 04:04:49,306217, , ,104319220151,0,0,0,0,57000,110000,0,0,120000,0,0,0,4,3:17,1011,16,49.43,22,5.33,326,34.03,331,1.13,309,0,0,0,0,0,0,0,0,27.69,60,1.7,71,20.32,160,1.61,46,7.29,94,11.09,98,0,0,0,0,0,0,0,0,0,0,0,0,UCX31_x0001_|_x0007_:, ,1.34,4.92,45.16,14,4.32,93,65.03,3:53      ,3,2026-06-20 08:50:36,11014981.0,MAREESWARAN ,1,104339022021,104319220151,,AUTOMODE_TS1,BV141E2,38,1,,OK,,0,0,0020007910431251065004261508446A,1.14868,1.14428,1.15635,5,5,2.37844,5.59521,2.77245,1,1.2,1.2,1.2,1,1.2,0.5,12,0.5,12,0.5,12,301918,2026-06-20 08:48:32,11014981,MAREESWARAN ,13616,104339022021,104319220151,160HP Z101  ,,AUTOMODE,BV141C,20,1,313445,OK,,0,0,9003102010431351065904261665403A,0020007910431251065004261508446A,00200045104311520066-7261420444B,OK,OK,OK,OK,303203,2026-06-20 08:46:08,11014981.0,MAREESWARAN ,13616,104339022021,104319220151,160HP Z101  ,AUTOMODE,BV141A,22,1,313445,OK,CA1,0,0,1020104313020080004674879488,OK,OK,0.39,0.425,0.5,0.39,0.426,0.5,OK,,00200045104311520066-7261420444B,OK,OK,202.9,145.2,52.6,146.3,-0.0408401,1.63352,52.1046,53.0269,0.0408363,1.59268,55.4882,55.5901,57.6564,2.85866,57.4526,0.163349,0,0,0,0,05ACA005,303858,2026-06-20 08:47:10,11014981.0,MAREESWARAN ,13616.0,104339022021,104319220151,160HP Z101  ,AUTOMODE,BV141B,28,1.0,313445.0,OK,,,,00200045104311520066-7261420444B,OK,OK,,OK,OK,303958,2026-06-20 08:49:30,11014981.0,MAREESWARAN ,13616,104339022021,104319220151,,AUTOMODE,BV141D,34,1,313445,OK,CA13,,,0020007910431251065004261508446A,,0,145.1,3.7,-113.55,50.1,134,19.6,-223.2,59.6,-223.2,-113.71,0.204184,1.03038,45.0,40.0,5.0,25.9043,52.0069,52.1111,0,0,0,0,0,0,0,0,0,0,0,3.32,0,20.0,0,377982
5053175,1,0020007910431251065004261508615C,2026-06-15 11:13:53,306217, , ,104319220140,0,0,0,0,57000,110000,0,0,120000,0,0,0,2,1:29,1011,16,50.52,213,22.71,177,44.6,195,7.04,182,0,0,0,0,0,0,0,0,38.05,288,6.59,296,7.82,1,8.28,258,7.66,320,9.66,323,0,0,0,0,0,0,0,0,0,0,0,0,UCX31_x0001_|_x0007_:, ,1.3,4.92,44.9,14,4.56,93,64.87,2:05      ,3,2026-06-16 06:08:38,11014981.0,MAREESWARAN ,1,104339022020,104319220140,,AUTOMODE_TS1,BV141E2,34,2,,OK,,0,0,0020007910431251065004261508615C,1.14579,1.14453,1.14956,5,5,2.05988,6.62036,3.05749,1,1.2,1.2,1.2,1,1.2,0.5,12,0.5,12,0.5,12,297685,2026-06-16 06:06:00,11014981,MAREESWARAN ,13616,104339022020,104319220140,140HPW501   ,,AUTOMODE,BV141C,21,2,309203,OK,,0,0,9003102010431351065904261630153A,0020007910431251065004261508615C,00200045104311520066-7261612302A,OK,OK,OK,OK,299019,2026-06-16 06:04:00,11014981.0,MAREESWARAN ,13616,104339022020,104319220140,140HPW501   ,AUTOMODE,BV141A,22,2,309203,OK,CA1,0,0,300050104312999991395364110336,OK,OK,0.39,0.426,0.5,0.39,0.423,0.5,OK,,00200045104311520066-7261612302A,OK,OK,202.9,145.2,52.6,146.3,0.0,2.32777,52.1552,53.0749,0.204189,2.40944,55.4495,55.9668,57.7095,2.5728,57.6076,0.367542,0,0,0,0,05ACA003,299643,2026-06-16 06:04:40,11014981.0,MAREESWARAN ,13616.0,104339022020,104319220140,140HPW501   ,AUTOMODE,BV141B,28,2.0,309203.0,OK,,,,00200045104311520066-7261612302A,OK,OK,,OK,OK,299746,2026-06-16 06:07:34,11014981.0,MAREESWARAN ,13616,104339022020,104319220140,,AUTOMODE,BV141D,31,2,309203,OK,CA13,,,0020007910431251065004261508615C,,0,145.6,3.6,-113.55,50.1,134,19.6,-223.35,59.6,-223.35,-113.71,0.720731,1.57147,45.0,40.0,5.0,26.3039,51.8606,52.0038,0,0,0,0,0,0,0,0,0,0,0,1.76,0,20.0,0,372218
5065629,1,0020007910431251065004261508617B,2026-06-18 16:55:35,304212, , ,104319220140,0,0,0,0,57000,110000,0,0,120000,0,0,0,3,2:11,1011,16,69.47,200,4.96,254,41.8,194,1.5,319,0,0,0,0,0,0,0,0,28.83,296,0.27,49,9.22,295,2.07,338,7.91,308,8.62,305,0,0,0,0,0,0,0,0,0,0,0,0,UCX31_x0001_|_x0007_:, ,1.33,4.97,44.73,14,4.09,94,64.74,2:42      ,3,2026-06-20 04:32:49,11014981.0,MAREESWARAN ,1,104339022021,104319220151,,AUTOMODE_TS1,BV141E,45,2,,OK,,0,0,0020007910431251065004261508617B,1.17712,1.17547,1.17585,5,5,4.5425,5.1075,5.61,1,1.2,1.2,1.2,1,1.2,0.5,12,0.5,12,0.5,12,301677,2026-06-20 04:30:31,11014981,MAREESWARAN ,13616,104339022021,104319220151,160HP Z101  ,,AUTOMODE,BV141C,19,2,313203,OK,,0,0,9003102010431351065904261654721A,0020007910431251065004261508617B,00200045104311520066-7261662352B,OK,OK,OK,OK,302962,2026-06-20 03:46:02,11014981.0,MAREESWARAN ,13616,104339022021,104319220151,160HP Z101  ,AUTOMODE,BV141A,24,2,313203,OK,CA1,0,0,1020104313020080004674879488,OK,OK,0.39,0.443,0.5,0.39,0.449,0.5,OK,,00200045104311520066-7261662352B,OK,OK,202.9,145.2,52.6,146.3,-0.0408401,1.47017,52.1015,52.82,0.0408363,1.67436,55.0799,55.4876,57.7475,10.5771,57.1335,0.245026,0,0,0,0,05ACA006,303617,2026-06-20 03:46:42,11014981.0,MAREESWARAN ,13616.0,104339022021,104319220151,160HP Z101  ,AUTOMODE,BV141B,28,2.0,313203.0,OK,,,,00200045104311520066-7261662352B,OK,OK,,OK,OK,303717,2026-06-20 04:31:39,11014981.0,MAREESWARAN ,13616,104339022021,104319220151,,AUTOMODE,BV141D,34,2,313203,OK,CA13,,,0020007910431251065004261508617B,,0,145.6,4.9,-113.55,50.1,134,19.6,-223.2,59.6,-223.2,-113.71,0.463122,1.47561,45.0,40.0,5.0,25.3389,52.0422,52.1359,0,0,0,0,0,0,0,0,0,0,0,3.46,0,20.0,0,377741
5056648,1,0020007910431251065004261508630B,2026-06-16 11:23:27,306217, , ,104319220140,0,0,0,0,57000,110000,0,0,120000,0,0,0,3,2:42,1011,16,74.52,305,18.34,248,68.01,282,7.27,280,0,0,0,0,0,0,0,0,56.28,14,7.84,23,16.43,98,6.66,314,6.5,44,9.14,55,0,0,0,0,0,0,0,0,0,0,0,0,UCX31_x0001_|_x0007_:, ,1.35,4.95,45.02,14,4.31,93,65.03,8:45      ,3,2026-06-17 15:33:11,11014981.0,MAREESWARAN ,1,104339022020,104319220140,,AUTOMODE_TS1,BV141E,40,1,,OK,,0,0,0020007910431251065004261508630B,1.17181,1.17358,1.17295,5,5,4.265,4.2475,4.99,1,1.2,1.2,1.2,1,1.2,0.5,12,0.5,12,0.5,12,299330,2026-06-17 15:30:35,11014981,MAREESWARAN ,13616,104339022020,104319220140,140HPW501   ,,AUTOMODE,BV141C,19,1,310887,OK,,0,0,9003102010431351065904261629241A,0020007910431251065004261508630B,00200045104311520066-7261660266A,OK,OK,OK,OK,300684,2026-06-17 15:28:53,11014981.0,MAREESWARAN ,13616,104339022020,104319220140,140HPW501   ,AUTOMODE,BV141A,22,1,310887,OK,CA1,0,0,300050104312999991395364110336,OK,OK,0.39,0.428,0.5,0.39,0.447,0.5,OK,,00200045104311520066-7261660266A,OK,OK,202.9,145.2,52.6,146.3,0.0,2.0419,52.1046,53.4371,0.163353,1.79688,55.5926,56.0003,56.2401,1.49411,57.743,0.245029,0,0,0,0,05ACA005,301320,2026-06-17 15:29:29,11014981.0,MAREESWARAN ,13616.0,104339022020,104319220140,140HPW501   ,AUTOMODE,BV141B,29,1.0,310887.0,OK,,,,00200045104311520066-7261660266A,OK,OK,,OK,OK,301418,2026-06-17 15:32:03,11014981.0,MAREESWARAN ,13616,104339022020,104319220140,,AUTOMODE,BV141D,31,1,310887,OK,CA13,,,0020007910431251065004261508630B,,0,145.7,3.3,-113.55,50.1,134,19.6,-223.35,59.6,-223.35,-113.71,0.923959,2.85351,45.0,40.0,5.0,21.0793,52.4942,52.548,0,0,0,0,0,0,0,0,0,0,0,1.72,0,20.0,0,374748
5069682,1,0020007910431251065004261508635C,2026-06-20 00:44:32,304212, , ,104319220140,0,0,0,0,57000,110000,0,0,120000,0,0,0,4,3:14,1011,16,51.08,184,5.62,273,39.79,162,1.96,276,0,0,0,0,0,0,0,0,27.76,267,0.53,24,4.67,358,2.01,357,8.63,226,8.05,234,0,0,0,0,0,0,0,0,0,0,0,0,UCX31_x0001_|_x0007_:, ,1.43,5,45.16,14,4.46,93,65.03,3:45      ,3,2026-06-21 14:31:53,11014981.0,MAREESWARAN ,1,104339022020,104319220140,,AUTOMODE_TS1,BV141E2,34,1,,OK,,0,0,0020007910431251065004261508635C,1.16591,1.15799,1.16591,5,5,4.15689,7.79401,5.36766,1,1.2,1.2,1.2,1,1.2,0.5,12,0.5,12,0.5,12,303293,2026-06-21 14:30:01,11014981,MAREESWARAN ,13616,104339022020,104319220140,140HPW501   ,,AUTOMODE,BV141C,28,1,314859,OK,,0,0,9003102010431351065904261677171A,0020007910431251065004261508635C,00200045104311520066-7261632574B,OK,OK,OK,OK,304595,2026-06-21 14:28:07,11014981.0,MAREESWARAN ,13616,104339022020,104319220140,140HPW501   ,AUTOMODE,BV141A,24,1,314859,OK,CA1,0,0,300050104312999991395364110336,OK,OK,0.39,0.439,0.5,0.39,0.421,0.5,OK,,00200045104311520066-7261632574B,OK,OK,202.9,145.2,52.6,146.3,0.0,2.28693,52.107,53.1313,0.204193,1.87855,55.2944,55.7046,57.6512,7.31001,57.2435,0.367546,0,0,0,0,05ACA006,305260,2026-06-21 14:28:51,11014981.0,MAREESWARAN ,13616.0,104339022020,104319220140,140HPW501   ,AUTOMODE,BV141B,29,1.0,314859.0,OK,,,,00200045104311520066-7261632574B,OK,OK,,OK,OK,305352,2026-06-21 14:30:51,11014981.0,MAREESWARAN ,13616,104339022020,104319220140,,AUTOMODE,BV141D,35,1,314859,OK,CA13,,,0020007910431251065004261508635C,,0,145.6,6.0,-113.55,50.1,134,19.6,-223.35,59.6,-223.35,-113.71,-0.0150757,0.00754166,44.8669,40.251,5.0,23.5521,51.5777,52.0399,0,0,0,0,0,0,0,0,0,0,0,1.81,0,20.0,0,379560
5054979,1,0020007910431251065004261508897C,2026-06-16 00:35:13,306217, , ,104319220140,0,0,0,0,57000,110000,0,0,120000,0,0,0,2,1:16,1011,16,32.46,310,18.27,295,23.36,282,9.8,281,0,0,0,0,0,0,0,0,18.12,16,8.33,18,7.71,75,4.14,26,9.93,359,10.27,8,0,0,0,0,0,0,0,0,0,0,0,0,UCX31_x0001_|_x0007_:, ,1.31,4.92,45.28,14,4.11,93,65.04,1:53      ,3,2026-06-18 21:41:13,11014981.0,MAREESWARAN ,1,104339022019,104319220139,,AUTOMODE_TS1,BV141E,39,2,,OK,,0,0,0020007910431251065004261508897C,1.1804,1.17522,1.17547,2,2,4.04,3.83,4.2225,1,1.2,1.2,1.2,1,1.2,0.5,12,0.5,12,0.5,12,300780,2026-06-18 21:38:48,11014981,MAREESWARAN ,13616,104339022019,104319220139,140HPW501   ,,AUTOMODE,BV141C,17,2,312367,OK,,0,0,6000102010431351066005261405865B,0020007910431251065004261508897C,00200045104311520066-7261650373A,OK,OK,OK,OK,302143,2026-06-18 21:37:40,11014981.0,MAREESWARAN ,13616,104339022019,104319220139,140HPW501   ,AUTOMODE,BV141A,22,2,312367,OK,CA1,0,0,300050104312999991395364110336,OK,OK,0.39,0.422,0.5,0.39,0.427,0.5,OK,,00200045104311520066-7261650373A,OK,OK,202.9,145.2,52.6,146.3,-0.0408401,1.34766,52.0413,53.1624,0.0,2.12358,54.5917,55.7179,57.6645,3.34872,57.1523,0.0408363,0,0,0,0,05ACA001,302791,2026-06-18 21:38:18,11014981.0,MAREESWARAN ,13616.0,104339022019,104319220139,140HPW501   ,AUTOMODE,BV141B,29,2.0,312367.0,OK,,,,00200045104311520066-7261650373A,OK,OK,,OK,OK,302890,2026-06-18 21:40:09,11014981.0,MAREESWARAN ,13616,104339022019,104319220139,,AUTOMODE,BV141D,32,2,312367,OK,CA13,,,0020007910431251065004261508897C,,0,145.9,4.8,-113.55,49.8,134,19.6,-222.95,59.6,-222.95,-113.71,0.350467,1.27194,45.0,40.0,5.0,25.3992,52.1927,52.2604,0,0,0,0,0,0,0,0,0,0,0,1.64,0,20.0,0,376800
5054576,1,0020007910431251065004261508944C,2026-06-15 21:08:53,306217, , ,104319220140,0,0,0,0,57000,110000,0,0,120000,0,0,0,2,1:32,1011,16,62.27,25,33.25,356,46.25,354,15.35,341,0,0,0,0,0,0,0,0,35.77,87,12.17,86,17.2,152,10.01,87,7.68,142,10.49,142,0,0,0,0,0,0,0,0,0,0,0,0,UCX31_x0001_|_x0007_:, ,1.32,4.93,44.99,14,4.87,93,64.88,2:09      ,3,2026-06-16 06:10:06,11014981.0,MAREESWARAN ,1,104339022020,104319220140,,AUTOMODE_TS1,BV141E2,34,2,,OK,,0,0,0020007910431251065004261508944C,1.14969,1.14679,1.14742,5,5,1.8994,6.12814,3.73413,1,1.2,1.2,1.2,1,1.2,0.5,12,0.5,12,0.5,12,297687,2026-06-16 06:07:30,11014981,MAREESWARAN ,13616,104339022020,104319220140,140HPW501   ,,AUTOMODE,BV141C,27,2,309205,OK,,0,0,9003102010431351065904261629572B,0020007910431251065004261508944C,00200045104311520066-7261612275A,OK,OK,OK,OK,299021,2026-06-16 06:05:20,11014981.0,MAREESWARAN ,13616,104339022020,104319220140,140HPW501   ,AUTOMODE,BV141A,22,2,309205,OK,CA1,0,0,300050104312999991395364110336,OK,OK,0.39,0.436,0.5,0.39,0.427,0.5,OK,,00200045104311520066-7261612275A,OK,OK,202.9,145.2,52.6,146.3,0.0,1.87855,52.0506,53.0774,0.122513,2.00106,55.4317,55.7399,57.7884,10.6179,57.4827,0.285866,0,0,0,0,05ACA002,299645,2026-06-16 06:06:08,11014981.0,MAREESWARAN ,13616.0,104339022020,104319220140,140HPW501   ,AUTOMODE,BV141B,28,2.0,309205.0,OK,,,,00200045104311520066-7261612275A,OK,OK,,OK,OK,299748,2026-06-16 06:09:02,11014981.0,MAREESWARAN ,13616,104339022020,104319220140,,AUTOMODE,BV141D,31,2,309205,OK,CA13,,,0020007910431251065004261508944C,,0,145.1,3.3,-113.55,50.1,134,19.6,-223.35,59.6,-223.35,-113.71,0.499529,2.02154,45.0,40.0,5.0,26.138,51.5052,51.6171,0,0,0,0,0,0,0,0,0,0,0,1.56,0,20.0,0,372220
5054994,1,0020007910431251065004261508945C,2026-06-16 00:41:23,306217, , ,104319220140,0,0,0,0,57000,110000,0,0,120000,0,0,0,3,2:45,1011,16,70.13,60,21.08,1,47.81,25,8.15,5,0,0,0,0,0,0,0,0,36.84,114,7.57,119,25,194,7.57,74,5.71,112,8.87,134,0,0,0,0,0,0,0,0,0,0,0,0,UCX31_x0001_|_x0007_:, ,1.32,4.93,45.1,14,4.93,93,65.06,3:21      ,3,2026-06-18 21:39:02,11014981.0,MAREESWARAN ,1,104339022019,104319220139,,AUTOMODE_TS1,BV141E2,32,2,,OK,,0,0,0020007910431251065004261508945C,1.15472,1.15044,1.14981,2,2,2.71018,5.98683,3.24431,1,1.2,1.2,1.2,1,1.2,0.5,12,0.5,12,0.5,12,300777,2026-06-18 21:37:02,11014981,MAREESWARAN ,13616,104339022019,104319220139,140HPW501   ,,AUTOMODE,BV141C,19,2,312364,OK,,0,0,6000102010431351066005261405889B,0020007910431251065004261508945C,00200045104311520066-7261612280A,OK,OK,OK,OK,302140,2026-06-18 21:35:26,11014981.0,MAREESWARAN ,13616,104339022019,104319220139,140HPW501   ,AUTOMODE,BV141A,22,2,312364,OK,CA1,0,0,300050104312999991395364110336,OK,OK,0.39,0.424,0.5,0.39,0.402,0.5,OK,,00200045104311520066-7261612280A,OK,OK,202.9,145.2,52.6,146.3,-0.0408401,0.775921,52.2143,52.7239,0.0,1.87855,54.1507,55.3762,57.8273,12.2514,56.91,0.0408363,0,0,0,0,05ACA006,302788,2026-06-18 21:36:04,11014981.0,MAREESWARAN ,13616.0,104339022019,104319220139,140HPW501   ,AUTOMODE,BV141B,28,2.0,312364.0,OK,,,,00200045104311520066-7261612280A,OK,OK,,OK,OK,302887,2026-06-18 21:38:02,11014981.0,MAREESWARAN ,13616,104339022019,104319220139,,AUTOMODE,BV141D,32,2,312364,OK,CA13,,,0020007910431251065004261508945C,,0,145.6,4.8,-113.55,49.8,134,19.6,-222.95,59.6,-222.95,-113.71,0.111275,0.567798,45.0,40.0,5.0,21.4562,51.9448,52.0393,0,0,0,0,0,0,0,0,0,0,0,1.75,0,20.0,0,376797
5053920,1,0020007910431251065004261528996A,2026-06-15 16:07:40,306217, , ,104319220140,0,0,0,0,57000,110000,0,0,120000,0,0,0,2,1:27,1011,16,31.07,329,4.59,303,33.3,279,4.55,277,0,0,0,0,0,0,0,0,27.99,8,4.2,12,12.4,134,0.72,139,7.12,51,9.73,60,0,0,0,0,0,0,0,0,0,0,0,0,UCX31_x0001_|_x0007_:, ,1.31,4.93,45.54,14,3.88,93,64.88,2:03      ,3,2026-06-16 06:18:34,11014981.0,MAREESWARAN ,1,104339022020,104319220140,,AUTOMODE_TS1,BV141E2,34,2,,OK,,0,0,0020007910431251065004261528996A,1.14767,1.14742,1.15522,5,5,2.09581,5.30419,3.24431,1,1.2,1.2,1.2,1,1.2,0.5,12,0.5,12,0.5,12,297698,2026-06-16 06:15:54,11014981,MAREESWARAN ,13616,104339022020,104319220140,140HPW501   ,,AUTOMODE,BV141C,23,2,309216,OK,,0,0,9003102010431351065904261620013B,0020007910431251065004261528996A,00200045104311520066-7261612239A,OK,OK,OK,OK,299032,2026-06-16 06:13:28,11014981.0,MAREESWARAN ,13616,104339022020,104319220140,140HPW501   ,AUTOMODE,BV141A,22,2,309216,OK,CA1,0,0,300050104312999991395364110336,OK,OK,0.39,0.435,0.5,0.39,0.434,0.5,OK,,00200045104311520066-7261612239A,OK,OK,202.9,145.2,52.6,146.3,-0.0408363,1.06179,52.7311,52.9375,0.0408401,1.34766,55.2892,55.493,57.7581,9.18856,57.144,0.204189,0,0,0,0,05ACA006,299656,2026-06-16 06:14:06,11014981.0,MAREESWARAN ,13616.0,104339022020,104319220140,140HPW501   ,AUTOMODE,BV141B,28,2.0,309216.0,OK,,,,00200045104311520066-7261612239A,OK,OK,,OK,OK,299759,2026-06-16 06:17:30,11014981.0,MAREESWARAN ,13616,104339022020,104319220140,,AUTOMODE,BV141D,31,2,309216,OK,CA13,,,0020007910431251065004261528996A,,0,145.1,3.6,-113.55,50.1,134,19.6,-223.35,59.6,-223.35,-113.71,0.358743,1.66982,45.0,40.0,5.0,24.208,51.391,51.4418,0,0,0,0,0,0,0,0,0,0,0,1.65,0,20.0,0,372231
5066058,1,0020007910431251065004261529013A,2026-06-18 19:45:08,304212, , ,104319220140,0,0,0,0,57000,110000,0,0,120000,0,0,0,1,0:23,1011,16,62.09,306,62.09,306,53.29,300,53.29,300,0,0,0,0,0,0,0,0,39.15,46,39.15,46,3.05,235,3.05,235,9.37,76,9.37,76,0,0,0,0,0,0,0,0,0,0,0,0,UCX31_x0001_|_x0007_:, ,1.37,5.01,45.77,14,4.24,94,64.69,0:54      ,3,2026-06-20 03:18:06,11014981.0,MAREESWARAN ,1,104339022021,104319220151,,AUTOMODE_TS1,BV141E,44,2,,OK,,0,0,0020007910431251065004261529013A,1.17446,1.17408,1.17383,5,5,5.5925,7.095,8.2,1,1.2,1.2,1.2,1,1.2,0.5,12,0.5,12,0.5,12,301667,2026-06-20 03:15:54,11014981,MAREESWARAN ,13616,104339022021,104319220151,160HP Z101  ,,AUTOMODE,BV141C,17,2,313192,OK,,0,0,9003102010431351065904261665194A,0020007910431251065004261529013A,00200045104311520066-7261662411B,OK,OK,OK,OK,302952,2026-06-20 03:14:46,11014981.0,MAREESWARAN ,13616,104339022021,104319220151,160HP Z101  ,AUTOMODE,BV141A,22,2,313192,OK,CA1,0,0,1020104313020080004674879488,OK,OK,0.39,0.444,0.5,0.39,0.44,0.5,OK,,00200045104311520066-7261662411B,OK,OK,202.9,145.2,52.6,146.3,0.0,2.53196,52.3567,53.3835,0.245029,2.20526,55.437,55.9492,57.7989,2.40945,57.5951,0.326706,0,0,0,0,05ACA004,303606,2026-06-20 03:15:26,11014981.0,MAREESWARAN ,13616.0,104339022021,104319220151,160HP Z101  ,AUTOMODE,BV141B,31,2.0,313192.0,OK,,,,00200045104311520066-7261662411B,OK,OK,,OK,OK,303706,2026-06-20 03:16:56,11014981.0,MAREESWARAN ,13616,104339022021,104319220151,,AUTOMODE,BV141D,37,2,313192,OK,CA13,,,0020007910431251065004261529013A,,0,145.0,4.6,-113.55,50.1,134,19.6,-223.2,59.6,-223.2,-113.71,0.513475,1.54748,45.0,40.0,5.0,25.4972,52.3295,52.4744,0,0,0,0,0,0,0,0,0,0,0,3.53,0,20.0,1,377731
5054557,1,0020007910431251065004261529014A,2026-06-15 21:00:12,306217, , ,104319220140,0,0,0,0,57000,110000,0,0,120000,0,0,0,3,2:22,1011,16,34.12,97,7.89,34,23.35,33,4.18,9,0,0,0,0,0,0,0,0,18.17,119,3.82,111,15.4,231,1.35,144,8,143,9.91,155,0,0,0,0,0,0,0,0,0,0,0,0,UCX31_x0001_|_x0007_:, ,1.3,4.91,45.28,14,3.51,93,64.94,2:59      ,3,2026-06-16 06:05:44,11014981.0,MAREESWARAN ,1,104339022020,104319220140,,AUTOMODE_TS1,BV141E2,34,2,,OK,,0,0,0020007910431251065004261529014A,1.15057,1.14843,1.14692,5,5,2.61198,5.97605,4.13653,1,1.2,1.2,1.2,1,1.2,0.5,12,0.5,12,0.5,12,297681,2026-06-16 06:03:10,11014981,MAREESWARAN ,13616,104339022020,104319220140,140HPW501   ,,AUTOMODE,BV141C,21,2,309199,OK,,0,0,9003102010431351065904261628786A,0020007910431251065004261529014A,00200045104311520066-7261612184A,OK,OK,OK,OK,299015,2026-06-16 06:01:04,11014981.0,MAREESWARAN ,13616,104339022020,104319220140,140HPW501   ,AUTOMODE,BV141A,22,2,309199,OK,CA1,0,0,300050104312999991395364110336,OK,OK,0.39,0.423,0.5,0.39,0.415,0.5,OK,,00200045104311520066-7261612184A,OK,OK,202.9,145.2,52.6,146.3,0.0,2.36861,52.0275,53.5613,0.163353,2.28693,55.8213,56.1296,56.2401,2.26672,57.6685,0.408379,0,0,0,0,05ACA010,299639,2026-06-16 06:01:44,11014981.0,MAREESWARAN ,13616.0,104339022020,104319220140,140HPW501   ,AUTOMODE,BV141B,29,2.0,309199.0,OK,,,,00200045104311520066-7261612184A,OK,OK,,OK,OK,299742,2026-06-16 06:04:40,11014981.0,MAREESWARAN ,13616,104339022020,104319220140,,AUTOMODE,BV141D,31,2,309199,OK,CA13,,,0020007910431251065004261529014A,,0,145.6,3.5,-113.55,50.1,134,19.6,-223.35,59.6,-223.35,-113.71,0.460241,2.03123,45.0,40.0,5.0,24.404,52.4219,52.5526,0,0,0,0,0,0,0,0,0,0,0,1.69,0,20.0,0,372214
5055410,1,0020007910431251065004261529242A,2026-06-16 03:42:42,306217, , ,104319220140,0,0,0,0,57000,110000,0,0,120000,0,0,0,2,1:27,1011,16,47.12,173,26.75,146,33.69,152,11.13,127,0,0,0,0,0,0,0,0,29.03,247,9.36,226,8.68,298,7.3,247,7.15,280,9.07,281,0,0,0,0,0,0,0,0,0,0,0,0,UCX31_x0001_|_x0007_:, ,1.35,4.93,45.34,14,3.91,93,65.03,2:03      ,3,2026-06-19 00:03:56,11014981.0,MAREESWARAN ,1,104339022019,104319220139,,AUTOMODE_TS1,BV141E2,32,2,,OK,,0,0,0020007910431251065004261529242A,1.14541,1.16667,1.1605,2,2,2.23832,6.94371,4.55928,1,1.2,1.2,1.2,1,1.2,0.5,12,0.5,12,0.5,12,300930,2026-06-18 23:55:56,11014981,MAREESWARAN ,13616,104339022019,104319220139,140HPW501   ,,AUTOMODE,BV141C,18,2,312518,OK,,0,0,6000102010431351066005261406120B,0020007910431251065004261529242A,00200045104311520066-7261622517B,OK,OK,OK,OK,302294,2026-06-18 23:54:22,11014981.0,MAREESWARAN ,13616,104339022019,104319220139,140HPW501   ,AUTOMODE,BV141A,26,2,312518,OK,CA1,0,0,00100312104313000818-32516301485,OK,OK,0.39,0.455,0.5,0.39,0.442,0.5,OK,,00200045104311520066-7261622517B,OK,OK,202.9,145.2,52.6,146.3,-0.0408363,2.08274,52.125,53.246,0.0,2.24609,55.3939,55.9035,56.2401,1.35506,57.4373,0.0816765,0,0,0,0,05ACA007,302942,2026-06-18 23:55:00,11014981.0,MAREESWARAN ,13616.0,104339022019,104319220139,140HPW501   ,AUTOMODE,BV141B,28,2.0,312518.0,OK,,,,00200045104311520066-7261622517B,OK,OK,,OK,OK,303041,2026-06-18 23:57:56,11014981.0,MAREESWARAN ,13616,104339022019,104319220139,,AUTOMODE,BV141D,50,2,312518,OK,CA13,,,0020007910431251065004261529242A,,0,145.1,4.8,-113.55,49.8,134,19.6,-222.95,59.6,-222.95,-113.71,0.451881,1.40227,45.0,40.0734,5.0,20.5063,52.4729,52.5206,0,0,0,0,0,0,0,0,0,0,0,1.77,0,20.0,1,376960
5052973,1,0020007910431251065004261529304A,2026-06-15 10:00:00,306217, , ,104319220140,0,0,0,0,57000,110000,0,0,120000,0,0,0,2,1:23,1011,16,48.87,281,26.28,244,26.04,262,4.65,243,0,0,0,0,0,0,0,0,19.77,355,4.48,13,16.16,35,12.34,334,7.36,10,8.88,13,0,0,0,0,0,0,0,0,0,0,0,0,UCX31_x0001_|_x0007_:, ,1.36,4.93,45.28,14,3.64,93,64.88,1:59      ,3,2026-06-16 06:07:10,11014981.0,MAREESWARAN ,1,104339022020,104319220140,,AUTOMODE_TS1,BV141E2,34,2,,OK,,0,0,0020007910431251065004261529304A,1.15245,1.14566,1.14792,5,5,1.87545,6.09341,4.05988,1,1.2,1.2,1.2,1,1.2,0.5,12,0.5,12,0.5,12,297683,2026-06-16 06:04:30,11014981,MAREESWARAN ,13616,104339022020,104319220140,140HPW501   ,,AUTOMODE,BV141C,20,2,309201,OK,,0,0,9003102010431351065904261628811A,0020007910431251065004261529304A,00200045104311520066-7261612246A,OK,OK,OK,OK,299017,2026-06-16 06:02:28,11014981.0,MAREESWARAN ,13616,104339022020,104319220140,140HPW501   ,AUTOMODE,BV141A,27,2,309201,OK,CA1,0,0,300050104312999991395364110336,OK,OK,0.39,0.433,0.5,0.39,0.423,0.5,OK,,00200045104311520066-7261612246A,OK,OK,202.9,145.2,52.6,146.3,-0.0408363,3.06285,52.0735,53.7297,0.245029,2.29114,55.8902,54.0897,56.2979,2.16442,57.7298,0.367542,0,0,0,0,05ACA005,299641,2026-06-16 06:03:20,11014981.0,MAREESWARAN ,13616.0,104339022020,104319220140,140HPW501   ,AUTOMODE,BV141B,28,2.0,309201.0,OK,,,,00200045104311520066-7261612246A,OK,OK,,OK,OK,299744,2026-06-16 06:06:06,11014981.0,MAREESWARAN ,13616,104339022020,104319220140,,AUTOMODE,BV141D,31,2,309201,OK,CA13,,,0020007910431251065004261529304A,,0,146.2,3.4,-113.55,50.1,134,19.6,-223.35,59.6,-223.35,-113.71,0.0150757,0.113391,44.0837,40.0,5.0,19.1342,52.4716,52.558,0,0,0,0,0,0,0,0,0,0,0,1.8,0,20.0,0,372216
5052457,1,0020007910431251065004261529317A,2026-06-14 15:31:38,306217, , ,104319220140,0,0,0,0,57000,110000,0,0,120000,0,0,0,1,0:20,1011,16,16.39,33,16.39,33,22.01,38,22.01,38,0,0,0,0,0,0,0,0,20.44,131,20.44,131,5.11,349,5.11,349,11.84,135,11.84,135,0,0,0,0,0,0,0,0,0,0,0,0,UCX31_x0001_|_x0007_:, ,1.29,4.92,46,14,4.03,93,64.45,0:57      ,3,2026-06-28 10:31:46,11014981.0,MAREESWARAN ,1,104339022020,104319220140,,AUTOMODE_TS1,BV141E2,34,1,,OK,,0,0,0020007910431251065004261529317A,1.15635,1.15119,1.15786,5,5,3.09701,7.7018,6.34491,1,1.2,1.2,1.2,1,1.2,0.5,12,0.5,12,0.5,12,313021,2026-06-28 10:26:00,11014086,BABU        ,13616,104339022020,104319220140,140HPW501   ,,AUTOMODE,BV141C,25,1,322329,OK,,0,0,9003102010431351065904261757752A,0020007910431251065004261529317A,00200045104311520066-7261750724B,OK,OK,OK,OK,314423,2026-06-28 10:23:28,11014086.0,BABU        ,13616,104339022020,104319220140,140HPW501   ,AUTOMODE,BV141A,91,1,322329,OK,CA1,0,0,300050104312999991395364110336,OK,OK,0.39,0.451,0.5,0.39,0.42,0.5,OK,,00200045104311520066-7261750724B,OK,OK,202.9,145.2,52.6,146.3,0.0,1.1843,52.0936,53.016,0.0408401,1.42933,55.5842,55.9919,57.6378,2.20526,57.4339,0.245029,0,0,0,0,05ACA001,314188,2026-06-28 10:24:12,11014086.0,BABU        ,13616.0,104339022020,104319220140,140HPW501   ,AUTOMODE,BV141B,26,1.0,322329.0,OK,,,,00200045104311520066-7261750724B,OK,OK,,OK,OK,315229,2026-06-28 10:26:56,11014086.0,BABU        ,13616,104339022020,104319220140,,AUTOMODE,BV141D,37,1,322329,OK,CA13,,,0020007910431251065004261529317A,,0,147.2,8.3,-113.55,50.1,134,19.6,-223.35,59.6,-223.35,-113.71,0.212069,2.05601,45.0,40.0,5.0,25.6178,51.5787,51.691,0,0,0,0,0,0,0,0,0,0,0,1.59,0,20.0,0,390875
5054817,1,0020007910431251065004261529361A,2026-06-15 22:57:39,306217, , ,104319220140,0,0,0,0,57000,110000,0,0,120000,0,0,0,1,0:20,1011,16,16.83,242,16.83,242,13.19,257,13.19,257,0,0,0,0,0,0,0,0,12.65,355,12.65,355,5.09,269,5.09,269,10.77,22,10.77,22,0,0,0,0,0,0,0,0,0,0,0,0,UCX31_x0001_|_x0007_:, ,1.32,4.92,45.31,14,5.1,93,64.45,0:56      ,3,2026-06-16 06:06:34,11014981.0,MAREESWARAN ,1,104339022020,104319220140,,AUTOMODE_TS1,BV141E,40,2,,OK,,0,0,0020007910431251065004261529361A,1.17712,1.17421,1.178,5,5,3.9825,4.125,4.9,1,1.2,1.2,1.2,1,1.2,0.5,12,0.5,12,0.5,12,297682,2026-06-16 06:03:54,11014981,MAREESWARAN ,13616,104339022020,104319220140,140HPW501   ,,AUTOMODE,BV141C,26,2,309200,OK,,0,0,9003102010431351065904261628794A,0020007910431251065004261529361A,00200045104311520066-7261612228A,OK,OK,OK,OK,299016,2026-06-16 06:01:44,11014981.0,MAREESWARAN ,13616,104339022020,104319220140,140HPW501   ,AUTOMODE,BV141A,22,2,309200,OK,CA1,0,0,300050104312999991395364110336,OK,OK,0.39,0.433,0.5,0.39,0.439,0.5,OK,,00200045104311520066-7261612228A,OK,OK,202.9,145.2,52.6,146.3,-0.0408363,1.55185,52.153,52.7645,0.0816765,2.00106,55.0219,55.5391,57.7914,12.5781,57.2818,0.245029,0,0,0,0,05ACA006,299640,2026-06-16 06:02:28,11014981.0,MAREESWARAN ,13616.0,104339022020,104319220140,140HPW501   ,AUTOMODE,BV141B,28,2.0,309200.0,OK,,,,00200045104311520066-7261612228A,OK,OK,,OK,OK,299743,2026-06-16 06:05:24,11014981.0,MAREESWARAN ,13616,104339022020,104319220140,,AUTOMODE,BV141D,31,2,309200,OK,CA13,,,0020007910431251065004261529361A,,0,146.3,3.5,-113.55,50.1,134,19.6,-223.35,59.6,-223.35,-113.71,0.404263,1.76023,45.0,40.0,5.0,22.4815,51.9373,52.0215,0,0,0,0,0,0,0,0,0,0,0,1.82,0,20.0,0,372215
5051888,1,0020007910431251065004261529383A,2026-06-14 10:15:38,306217, , ,104319220151,0,0,0,0,57000,110000,0,0,120000,0,0,0,2,1:28,1011,16,53.59,297,29.39,280,50.4,291,17.32,285,0,0,0,0,0,0,0,0,44.44,27,15.48,25,1.95,4,6.3,348,9.84,68,10.86,74,0,0,0,0,0,0,0,0,0,0,0,0,UCX31_x0001_|_x0007_:, ,1.27,4.94,44.84,14,4.21,93,64.88,2:05      ,3,2026-06-16 01:55:23,11014981.0,MAREESWARAN ,1,104339022020,104319220140,,AUTOMODE_TS1,BV141E2,34,2,,OK,,0,0,0020007910431251065004261529383A,1.15585,1.14969,1.14654,5,5,2.86707,5.86587,4.68503,1,1.2,1.2,1.2,1,1.2,0.5,12,0.5,12,0.5,12,297446,2026-06-16 01:53:21,11014981,MAREESWARAN ,13616,104339022020,104319220140,140HPW501   ,,AUTOMODE,BV141C,24,2,308963,OK,,0,0,9003102010431351065904261591549A,0020007910431251065004261529383A,00200045104311520066-7261612431B,OK,OK,OK,OK,298779,2026-06-16 01:52:01,11014981.0,MAREESWARAN ,13616,104339022020,104319220140,140HPW501   ,AUTOMODE,BV141A,24,2,308963,OK,CA1,0,0,300050104312999991395364110336,OK,OK,0.39,0.467,0.5,0.39,0.45,0.5,OK,,00200045104311520066-7261612431B,OK,OK,202.9,145.2,52.6,146.3,0.0,0.245026,52.0989,53.2276,0.0408363,1.34766,54.8786,55.699,57.6507,2.5728,57.3424,0.245026,0,0,0,0,05ACA003,299403,2026-06-16 01:52:37,11014981.0,MAREESWARAN ,13616.0,104339022020,104319220140,140HPW501   ,AUTOMODE,BV141B,28,2.0,308963.0,OK,,,,00200045104311520066-7261612431B,OK,OK,,OK,OK,299506,2026-06-16 01:54:21,11014981.0,MAREESWARAN ,13616,104339022020,104319220140,,AUTOMODE,BV141D,32,2,308963,OK,CA13,,,0020007910431251065004261529383A,,0,145.5,3.5,-113.55,50.1,134,19.6,-223.35,59.6,-223.35,-113.71,0.321387,1.4513,45.0,40.0,5.0,25.6781,51.8536,51.9913,0,0,0,0,0,0,0,0,0,0,0,1.66,0,20.0,0,371967
5052769,1,0020007910431251065004261529391A,2026-06-15 08:44:19,306217, , ,104319220140,0,0,0,0,57000,110000,0,0,120000,0,0,0,3,2:42,1011,16,69.87,287,24.21,244,55.27,265,10.41,247,0,0,0,0,0,0,0,0,43.64,356,9.2,352,18.13,70,7.83,326,6.17,344,8.34,6,0,0,0,0,0,0,0,0,0,0,0,0,UCX31_x0001_|_x0007_:, ,1.33,4.95,45.13,14,4.14,93,65.03,3:18      ,3,2026-06-16 06:13:00,11014981.0,MAREESWARAN ,1,104339022020,104319220140,,AUTOMODE_TS1,BV141E2,34,2,,OK,,0,0,0020007910431251065004261529391A,1.15899,1.16063,1.15673,5,5,6.03114,9.82874,6.71617,1,1.2,1.2,1.2,1,1.2,0.5,12,0.5,12,0.5,12,297691,2026-06-16 06:10:20,11014981,MAREESWARAN ,13616,104339022020,104319220140,140HPW501   ,,AUTOMODE,BV141C,24,2,309209,OK,,0,0,9003102010431351065904261629677B,0020007910431251065004261529391A,00200045104311520066-7261612187A,OK,OK,OK,OK,299025,2026-06-16 06:08:28,11014981.0,MAREESWARAN ,13616,104339022020,104319220140,140HPW501   ,AUTOMODE,BV141A,22,2,309209,OK,CA1,0,0,300050104312999991395364110336,OK,OK,0.39,0.425,0.5,0.39,0.42,0.5,OK,,00200045104311520066-7261612187A,OK,OK,202.9,145.2,52.6,146.3,-0.0408363,2.77699,52.3489,53.5795,0.204189,2.40945,55.8497,56.1605,56.2401,2.37755,57.8039,0.326706,0,0,0,0,05ACA005,299649,2026-06-16 06:09:10,11014981.0,MAREESWARAN ,13616.0,104339022020,104319220140,140HPW501   ,AUTOMODE,BV141B,28,2.0,309209.0,OK,,,,00200045104311520066-7261612187A,OK,OK,,OK,OK,299752,2026-06-16 06:11:54,11014981.0,MAREESWARAN ,13616,104339022020,104319220140,,AUTOMODE,BV141D,31,2,309209,OK,CA13,,,0020007910431251065004261529391A,,0,145.9,3.4,-113.55,50.1,134,19.6,-223.35,59.6,-223.35,-113.71,0.105545,0.69306,44.8916,40.0,5.0,20.1143,52.4357,52.5221,0,0,0,0,0,0,0,0,0,0,0,1.71,0,20.0,0,372224
5051723,1,0020007910431251065004261529393A,2026-06-14 07:44:40,306217, , ,104319220151,0,0,0,0,57000,110000,0,0,120000,0,0,0,1,0:20,1011,16,56.05,233,56.05,233,51.17,206,51.17,206,0,0,0,0,0,0,0,0,43.67,298,43.67,298,9.65,24,9.65,24,12.19,270,12.19,270,0,0,0,0,0,0,0,0,0,0,0,0,UCX31_x0001_|_x0007_:, ,1.3,4.92,45.05,14,4.77,93,64.45,0:56      ,3,2026-06-15 08:42:49,11014981.0,MAREESWARAN ,1,104339022020,104319220140,,AUTOMODE_TS1,BV141E,40,1,,OK,,0,0,0020007910431251065004261529393A,1.18091,1.18015,1.17585,5,5,4.0275,4.6475,4.64,1,1.2,1.2,1.2,1,1.2,0.5,12,0.5,12,0.5,12,296622,2026-06-15 08:40:45,11014981,MAREESWARAN ,13616,104339022020,104319220140,140HPW501   ,,AUTOMODE,BV141C,18,1,308108,OK,,0,0,9003102010431351065904261605411B,0020007910431251065004261529393A,00200045104311520066-7261572841C,OK,OK,OK,OK,297937,2026-06-15 08:39:31,11014981.0,MAREESWARAN ,13616,104339022020,104319220140,140HPW501   ,AUTOMODE,BV141A,23,1,308108,OK,CA1,0,0,300050104312999991395364110336,OK,OK,0.39,0.408,0.5,0.39,0.404,0.5,OK,,00200045104311520066-7261572841C,OK,OK,202.9,145.2,52.6,146.3,-0.0408363,1.1843,52.2596,52.9807,0.0816765,1.7152,55.1362,55.8572,57.605,3.7571,57.5031,0.245029,0,0,0,0,05ACA004,298555,2026-06-15 08:40:11,11014981.0,MAREESWARAN ,13616.0,104339022020,104319220140,140HPW501   ,AUTOMODE,BV141B,28,1.0,308108.0,OK,,,,00200045104311520066-7261572841C,OK,OK,,OK,OK,298662,2026-06-15 08:41:41,11014981.0,MAREESWARAN ,13616,104339022020,104319220140,,AUTOMODE,BV141D,32,1,308108,OK,CA14,,,0020007910431251065004261529393A,,0,145.6,3.6,-113.55,50.1,134,19.6,-223.35,59.6,-223.35,-113.71,0.357426,1.82691,45.0,40.0,5.0,19.7825,52.2716,52.3021,0,0,0,0,0,0,0,0,0,0,0,1.78,0,20.0,0,371028
5051530,1,0020007910431251065004261529484A,2026-06-14 05:37:59,306217, , ,104319220151,0,0,0,0,57000,110000,0,0,120000,0,0,0,2,1:27,1011,16,61.82,19,35.12,349,46.02,355,14.75,350,0,0,0,0,0,0,0,0,37.04,87,12.22,94,15.17,155,10.62,75,6.34,149,9.72,143,0,0,0,0,0,0,0,0,0,0,0,0,UCX31_x0001_|_x0007_:, ,1.37,4.92,44.87,14,4.16,93,64.81,2:04      ,3,2026-06-15 08:43:29,11014981.0,MAREESWARAN ,1,104339022020,104319220140,,AUTOMODE_TS1,BV141E2,34,1,,OK,,0,0,0020007910431251065004261529484A,1.16566,1.15434,1.16642,5,5,3.77365,8.04192,4.48263,1,1.2,1.2,1.2,1,1.2,0.5,12,0.5,12,0.5,12,296623,2026-06-15 08:41:25,11014981,MAREESWARAN ,13616,104339022020,104319220140,140HPW501   ,,AUTOMODE,BV141C,20,1,308109,OK,,0,0,9003102010431351065904261591444A,0020007910431251065004261529484A,00200045104311520066-7261562676B,OK,OK,OK,OK,297938,2026-06-15 08:40:11,11014981.0,MAREESWARAN ,13616,104339022020,104319220140,140HPW501   ,AUTOMODE,BV141A,23,1,308109,OK,CA1,0,0,300050104312999991395364110336,OK,OK,0.39,0.425,0.5,0.39,0.433,0.5,OK,,00200045104311520066-7261562676B,OK,OK,202.9,145.2,52.6,146.3,0.0,1.55185,52.0633,52.9856,0.122513,1.7152,55.2608,55.5666,57.4214,1.38849,57.3195,0.285866,0,0,0,0,05ACA010,298556,2026-06-15 08:40:51,11014981.0,MAREESWARAN ,13616.0,104339022020,104319220140,140HPW501   ,AUTOMODE,BV141B,29,1.0,308109.0,OK,,,,00200045104311520066-7261562676B,OK,OK,,OK,OK,298663,2026-06-15 08:42:25,11014981.0,MAREESWARAN ,13616,104339022020,104319220140,,AUTOMODE,BV141D,32,1,308109,OK,CA14,,,0020007910431251065004261529484A,,0,145.5,3.5,-113.55,50.1,134,19.6,-223.35,59.6,-223.35,-113.71,0.57529,2.41409,45.0,40.0,5.0,25.0448,51.9132,52.0734,0,0,0,0,0,0,0,0,0,0,0,1.53,0,20.0,0,371029
5051242,1,0020007910431251065004261529516A,2026-06-14 03:17:13,306217, , ,104319220151,0,0,0,0,57000,110000,0,0,120000,0,0,0,2,1:36,1011,16,57.26,339,30.72,314,63.42,320,16.26,319,0,0,0,0,0,0,0,0,54.88,53,13.87,60,8.73,171,8.25,35,8.8,56,10.12,78,0,0,0,0,0,0,0,0,0,0,0,0,UCX31_x0001_|_x0007_:, ,1.35,4.94,44.99,14,4.39,93,64.88,2:12      ,3,2026-06-18 23:48:55,11014981.0,MAREESWARAN ,1,104339022019,104319220139,,AUTOMODE_TS1,BV141E,39,2,,OK,,0,0,0020007910431251065004261529516A,1.17547,1.17661,1.17434,2,2,4.5475,4.555,7.4425,1,1.2,1.2,1.2,1,1.2,0.5,12,0.5,12,0.5,12,300917,2026-06-18 23:46:33,11014981,MAREESWARAN ,13616,104339022019,104319220139,140HPW501   ,,AUTOMODE,BV141C,18,2,312505,OK,,0,0,6000102010431351066005261406021B,0020007910431251065004261529516A,00200045104311520066-7261622363A,OK,OK,OK,OK,302281,2026-06-18 23:45:25,11014981.0,MAREESWARAN ,13616,104339022019,104319220139,140HPW501   ,AUTOMODE,BV141A,22,2,312505,OK,CA1,0,0,00100312104313000818-32516301482,OK,OK,0.39,0.443,0.5,0.39,0.442,0.5,OK,,00200045104311520066-7261622363A,OK,OK,202.9,145.2,52.6,146.3,-0.0408363,1.10263,52.0231,52.8384,-0.0408363,2.53196,54.8818,55.4933,57.8449,11.2713,57.1264,0.0408401,0,0,0,0,05ACA006,302929,2026-06-18 23:46:01,11014981.0,MAREESWARAN ,13616.0,104339022019,104319220139,140HPW501   ,AUTOMODE,BV141B,28,2.0,312505.0,OK,,,,00200045104311520066-7261622363A,OK,OK,,OK,OK,303028,2026-06-18 23:47:49,11014981.0,MAREESWARAN ,13616,104339022019,104319220139,,AUTOMODE,BV141D,32,2,312505,OK,CA13,,,0020007910431251065004261529516A,,0,145.1,5.0,-113.55,49.8,134,19.6,-222.95,59.6,-222.95,-113.71,0.776167,1.68592,45.0,40.0,5.0,22.5946,51.9488,52.0166,0,0,0,0,0,0,0,0,0,0,0,1.9,0,20.0,0,376947
5055219,1,0020007910431251065004261529517A,2026-06-16 02:32:44,306217, , ,104319220140,0,0,0,0,57000,110000,0,0,120000,0,0,0,2,1:18,1011,16,32.94,42,15.85,20,21.07,8,6.46,16,0,0,0,0,0,0,0,0,16.51,101,5.72,121,9.4,171,4.53,104,9.15,148,10.22,149,0,0,0,0,0,0,0,0,0,0,0,0,UCX31_x0001_|_x0007_:, ,1.42,4.91,45.13,14,3.81,93,65.03,1:53      ,3,2026-06-18 21:36:12,11014981.0,MAREESWARAN ,1,104339022019,104319220139,,AUTOMODE_TS1,BV141E2,32,2,,OK,,0,0,0020007910431251065004261529517A,1.1678,1.15509,1.14805,2,2,2.63952,6.27784,3.13054,1,1.2,1.2,1.2,1,1.2,0.5,12,0.5,12,0.5,12,300773,2026-06-18 21:33:52,11014981,MAREESWARAN ,13616,104339022019,104319220139,140HPW501   ,,AUTOMODE,BV141C,22,2,312360,OK,,0,0,6000102010431351066005261405860B,0020007910431251065004261529517A,00200045104311520066-7261612059A,OK,OK,OK,OK,302136,2026-06-18 21:32:36,11014981.0,MAREESWARAN ,13616,104339022019,104319220139,140HPW501   ,AUTOMODE,BV141A,21,2,312360,OK,CA1,0,0,300050104312999991395364110336,OK,OK,0.39,0.423,0.5,0.39,0.437,0.5,OK,,00200045104311520066-7261612059A,OK,OK,202.9,145.2,52.6,146.3,-0.0408363,1.91939,52.3492,53.269,0.0,2.0419,55.3099,55.9239,57.5596,1.79688,57.2539,0.122513,0,0,0,0,05ACA007,302784,2026-06-18 21:33:16,11014981.0,MAREESWARAN ,13616.0,104339022019,104319220139,140HPW501   ,AUTOMODE,BV141B,28,2.0,312360.0,OK,,,,00200045104311520066-7261612059A,OK,OK,,OK,OK,302883,2026-06-18 21:35:10,11014981.0,MAREESWARAN ,13616,104339022019,104319220139,,AUTOMODE,BV141D,31,2,312360,OK,CA13,,,0020007910431251065004261529517A,,0,145.2,4.8,-113.55,49.8,134,19.6,-222.95,59.6,-222.95,-113.71,-0.00753784,0.0150795,44.498,40.0295,5.0,18.5009,52.4971,52.5376,0,0,0,0,0,0,0,0,0,0,0,1.94,0,20.0,0,376793
5054268,1,0020007910431251065004261529561A,2026-06-15 18:50:02,306217, , ,104319220140,0,0,0,0,57000,110000,0,0,120000,0,0,0,2,1:24,1011,16,45.25,329,24.1,310,33.29,313,9.24,313,0,0,0,0,0,0,0,0,26.48,50,7.59,65,8.7,81,8.37,34,9.74,168,11.27,157,0,0,0,0,0,0,0,0,0,0,0,0,UCX31_x0001_|_x0007_:, ,1.38,4.94,45.05,14,4.55,93,64.88,2:01      ,3,2026-06-16 06:12:20,11014981.0,MAREESWARAN ,1,104339022020,104319220140,,AUTOMODE_TS1,BV141E,41,2,,OK,,0,0,0020007910431251065004261529561A,1.17497,1.17193,1.17472,5,5,4.2275,4.2725,5.1675,1,1.2,1.2,1.2,1,1.2,0.5,12,0.5,12,0.5,12,297690,2026-06-16 06:09:34,11014981,MAREESWARAN ,13616,104339022020,104319220140,140HPW501   ,,AUTOMODE,BV141C,21,2,309208,OK,,0,0,9003102010431351065904261629676B,0020007910431251065004261529561A,00200045104311520066-7261612179A,OK,OK,OK,OK,299024,2026-06-16 06:07:32,11014981.0,MAREESWARAN ,13616,104339022020,104319220140,140HPW501   ,AUTOMODE,BV141A,22,2,309208,OK,CA1,0,0,300050104312999991395364110336,OK,OK,0.39,0.419,0.5,0.39,0.446,0.5,OK,,00200045104311520066-7261612179A,OK,OK,202.9,145.2,52.6,146.3,0.0,1.26598,52.354,52.8687,0.122513,2.0419,54.9274,55.6433,57.595,6.73828,57.2867,0.326702,0,0,0,0,05ACA006,299648,2026-06-16 06:08:18,11014981.0,MAREESWARAN ,13616.0,104339022020,104319220140,140HPW501   ,AUTOMODE,BV141B,28,2.0,309208.0,OK,,,,00200045104311520066-7261612179A,OK,OK,,OK,OK,299751,2026-06-16 06:11:12,11014981.0,MAREESWARAN ,13616,104339022020,104319220140,,AUTOMODE,BV141D,31,2,309208,OK,CA13,,,0020007910431251065004261529561A,,0,145.6,3.5,-113.55,50.1,134,19.6,-223.35,59.6,-223.35,-113.71,0.436312,1.88371,45.0,40.0,5.0,22.0217,51.9314,52.0064,0,0,0,0,0,0,0,0,0,0,0,1.7,0,20.0,0,372223
5054523,1,0020007910431251065004261529579B,2026-06-15 20:46:19,306217, , ,104319220140,0,0,0,0,57000,110000,0,0,120000,0,0,0,1,0:20,1011,16,30.5,321,30.5,321,12.35,318,12.35,318,0,0,0,0,0,0,0,0,10.48,69,10.48,69,10.96,42,10.96,42,11.12,187,11.12,187,0,0,0,0,0,0,0,0,0,0,0,0,UCX31_x0001_|_x0007_:, ,1.33,4.9,45.02,14,4.2,93,64.46,0:56      ,3,2026-06-16 06:07:56,11014981.0,MAREESWARAN ,1,104339022020,104319220140,,AUTOMODE_TS1,BV141E,41,2,,OK,,0,0,0020007910431251065004261529579B,1.17535,1.17358,1.17497,5,5,3.9225,4.0575,4.84,1,1.2,1.2,1.2,1,1.2,0.5,12,0.5,12,0.5,12,297684,2026-06-16 06:05:28,11014981,MAREESWARAN ,13616,104339022020,104319220140,140HPW501   ,,AUTOMODE,BV141C,21,2,309202,OK,,0,0,9003102010431351065904261628809A,0020007910431251065004261529579B,00200045104311520066-7261612283A,OK,OK,OK,OK,299018,2026-06-16 06:03:20,11014981.0,MAREESWARAN ,13616,104339022020,104319220140,140HPW501   ,AUTOMODE,BV141A,35,2,309202,OK,CA1,0,0,300050104312999991395364110336,OK,OK,0.39,0.452,0.5,0.39,0.422,0.5,OK,,00200045104311520066-7261612283A,OK,OK,202.9,145.2,52.6,146.3,-0.0408363,1.59269,52.1092,53.136,0.0816765,2.5728,55.5081,56.1272,56.2401,2.38303,57.8674,0.245029,0,0,0,0,05ACA007,299642,2026-06-16 06:03:58,11014981.0,MAREESWARAN ,13616.0,104339022020,104319220140,140HPW501   ,AUTOMODE,BV141B,28,2.0,309202.0,OK,,,,00200045104311520066-7261612283A,OK,OK,,OK,OK,299745,2026-06-16 06:06:50,11014981.0,MAREESWARAN ,13616,104339022020,104319220140,,AUTOMODE,BV141D,32,2,309202,OK,CA13,,,0020007910431251065004261529579B,,0,145.1,3.6,-113.55,50.1,134,19.6,-223.35,59.6,-223.35,-113.71,0.655503,1.7182,45.0,40.0,5.0,23.2279,52.4303,53.6969,0,0,0,0,0,0,0,0,0,0,0,1.72,0,20.0,0,372217
5056907,1,0020007910431251065004261529859B,2026-06-16 13:00:27,304212, , ,104319220140,0,0,0,0,57000,110000,0,0,120000,0,0,0,1,0:22,1011,16,6.28,125,6.28,125,8.43,114,8.43,114,0,0,0,0,0,0,0,0,5.33,216,5.33,216,1.56,33,1.56,33,10.49,76,10.49,76,0,0,0,0,0,0,0,0,0,0,0,0,UCX31_x0001_|_x0007_:, ,1.38,4.93,44.87,14,4.26,94,64.87,0:53      ,3,2026-06-17 15:34:35,11014981.0,MAREESWARAN ,1,104339022020,104319220140,,AUTOMODE_TS1,BV141E,40,1,,OK,,0,0,0020007910431251065004261529859B,1.17345,1.17472,1.17396,5,5,3.4075,3.6225,4.0475,1,1.2,1.2,1.2,1,1.2,0.5,12,0.5,12,0.5,12,299332,2026-06-17 15:32:01,11014981,MAREESWARAN ,13616,104339022020,104319220140,140HPW501   ,,AUTOMODE,BV141C,17,1,310889,OK,,0,0,9003102010431351065904261629262A,0020007910431251065004261529859B,00200045104311520066-7261660160A,OK,OK,OK,OK,300686,2026-06-17 15:30:07,11014981.0,MAREESWARAN ,13616,104339022020,104319220140,140HPW501   ,AUTOMODE,BV141A,23,1,310889,OK,CA1,0,0,300050104312999991395364110336,OK,OK,0.39,0.448,0.5,0.39,0.443,0.5,OK,,00200045104311520066-7261660160A,OK,OK,202.9,145.2,52.6,146.3,-0.0408401,0.857597,52.1069,52.8229,0.0408363,2.00106,54.8815,55.6969,57.7428,3.14453,57.539,0.245029,0,0,0,0,05ACA001,301322,2026-06-17 15:30:45,11014981.0,MAREESWARAN ,13616.0,104339022020,104319220140,140HPW501   ,AUTOMODE,BV141B,28,1.0,310889.0,OK,,,,00200045104311520066-7261660160A,OK,OK,,OK,OK,301420,2026-06-17 15:33:27,11014981.0,MAREESWARAN ,13616,104339022020,104319220140,,AUTOMODE,BV141D,31,1,310889,OK,CA13,,,0020007910431251065004261529859B,,0,146.1,3.3,-113.55,50.1,134,19.6,-223.35,59.6,-223.35,-113.71,0.50299,2.16951,45.0,40.0,5.0,22.6474,52.2196,52.3091,0,0,0,0,0,0,0,0,0,0,0,1.66,0,20.0,0,374750
5056119,1,0020007910431251065004261529861B,2026-06-16 08:20:04,306217, , ,104319220140,0,0,0,0,57000,110000,0,0,120000,0,0,0,1,0:20,1011,16,38.45,123,38.45,123,22.2,61,22.2,61,0,0,0,0,0,0,0,0,16.14,145,16.14,145,18.14,247,18.14,247,12.53,18,12.53,18,0,0,0,0,0,0,0,0,0,0,0,0,UCX31_x0001_|_x0007_:, ,1.24,4.93,45.1,14,4.26,93,64.45,0:56      ,3,2026-06-17 15:35:13,11014981.0,MAREESWARAN ,1,104339022020,104319220140,,AUTOMODE_TS1,BV141E2,34,1,,OK,,0,0,0020007910431251065004261529861B,1.15585,1.14591,1.15031,5,5,2.69102,4.79641,3.03952,1,1.2,1.2,1.2,1,1.2,0.5,12,0.5,12,0.5,12,299333,2026-06-17 15:32:59,11014981,MAREESWARAN ,13616,104339022020,104319220140,140HPW501   ,,AUTOMODE,BV141C,19,1,310890,OK,,0,0,9003102010431351065904261630913A,0020007910431251065004261529861B,00200045104311520066-7261660252A,OK,OK,OK,OK,300687,2026-06-17 15:30:45,11014981.0,MAREESWARAN ,13616,104339022020,104319220140,140HPW501   ,AUTOMODE,BV141A,22,1,310890,OK,CA1,0,0,300050104312999991395364110336,OK,OK,0.39,0.436,0.5,0.39,0.424,0.5,OK,,00200045104311520066-7261660252A,OK,OK,202.9,145.2,52.6,146.3,-0.0408401,1.38849,52.0666,53.1928,0.0408363,1.7152,55.5546,55.8629,57.8222,8.12678,57.514,0.245029,0,0,0,0,05ACA002,301323,2026-06-17 15:31:25,11014981.0,MAREESWARAN ,13616.0,104339022020,104319220140,140HPW501   ,AUTOMODE,BV141B,29,1.0,310890.0,OK,,,,00200045104311520066-7261660252A,OK,OK,,OK,OK,301421,2026-06-17 15:34:09,11014981.0,MAREESWARAN ,13616,104339022020,104319220140,,AUTOMODE,BV141D,31,1,310890,OK,CA13,,,0020007910431251065004261529861B,,0,145.2,3.2,-113.55,50.1,134,19.6,-223.35,59.6,-223.35,-113.71,0.313572,1.52003,45.0,40.0,5.0,25.8892,51.5173,51.6582,0,0,0,0,0,0,0,0,0,0,0,1.67,0,20.0,0,374751
5057520,1,0020007910431251065004261529942B,2026-06-16 17:28:58,304212, , ,104319220140,0,0,0,0,57000,110000,0,0,120000,0,0,0,2,1:18,1011,16,53.42,146,31.94,62,30.31,118,14.74,62,0,0,0,0,0,0,0,0,21.94,216,9.96,159,10.7,281,6.21,154,7.83,173,9.79,188,0,0,0,0,0,0,0,0,0,0,0,0,UCX31_x0001_|_x0007_:, ,1.43,4.93,45.02,14,3.69,94,65.03,1:52      ,3,2026-06-16 17:03:39,11014086.0,BABU        ,1,104339022020,104319220140,,AUTOMODE_TS1,BV141E,40,1,,OK,,0,0,0020007910431251065004261529942B,1.1737,1.17307,1.17396,5,5,4.36,4.62,5.6875,1,1.2,1.2,1.2,1,1.2,0.5,12,0.5,12,0.5,12,298178,2026-06-19 08:40:35,11014981,MAREESWARAN ,13616,104339022020,104319220140,140HPW501   ,,AUTOMODE,BV141C,76,1,312734,OK,,0,0,9003102010431351065904261423830A,0020007910431251065004261529942B,00200045104311520066-7261662338B,OK,OK,OK,OK,302510,2026-06-19 08:38:23,11014981.0,MAREESWARAN ,13616,104339022020,104319220140,140HPW501   ,AUTOMODE,BV141A,27,1,312734,OK,CA1,0,0,300050104312999991395364110336,OK,OK,0.39,0.442,0.5,0.39,0.439,0.5,OK,,00200045104311520066-7261662338B,OK,OK,202.9,145.2,52.6,146.3,-0.0408401,1.91939,52.0713,52.9987,0.0816727,2.00106,55.358,55.6663,57.7224,11.3121,57.4167,0.285866,0,0,0,0,05ACA002,303158,2026-06-19 08:39:07,11014981.0,MAREESWARAN ,13616.0,104339022020,104319220140,140HPW501   ,AUTOMODE,BV141B,29,1.0,312734.0,OK,,,,00200045104311520066-7261662338B,OK,OK,,OK,OK,303260,2026-06-19 08:41:40,11014981.0,MAREESWARAN ,13616,104339022020,104319220140,,AUTOMODE,BV141D,43,1,312734,OK,CA13,,,0020007910431251065004261529942B,,0,145.7,4.9,-113.55,50.1,134,19.6,-223.35,59.6,-223.35,-113.71,0.334343,1.32688,45.0,40.0473,5.0,21.5316,52.0699,52.0928,0,0,0,0,0,0,0,0,0,0,0,1.61,0,20.0,1,377225
5097891,1,0020007910431251065004261542458A,2026-06-28 19:12:40,304212, , ,104319220140,0,0,0,0,57000,110000,0,0,120000,0,0,0,2,1:15,1011,16,18.66,213,14.46,266,1.19,7,5.37,237,0,0,0,0,0,0,0,0,11.23,30,8.32,169,13.22,174,6.14,260,6.67,126,8.48,120,0,0,0,0,0,0,0,0,0,0,0,0,UCX31_x0001_|_x0007_:, ,1.47,4.95,45.19,14,4.18,94,65.03,1:43      ,3,2026-06-29 11:31:29,11014086.0,BABU        ,1,104339022021,104319220151,,AUTOMODE_TS1,BV141E2,38,1,,OK,,0,0,0020007910431251065004261542458A,1.15333,1.14792,1.1478,5,5,2.01198,7.7509,4.93653,1,1.2,1.2,1.2,1,1.2,0.5,12,0.5,12,0.5,12,313630,2026-06-29 11:28:53,11014086,BABU        ,13616,104339022021,104319220151,160HP Z101  ,,AUTOMODE,BV141C,32,1,322967,OK,,0,0,9003102010431351065904261758670B,0020007910431251065004261542458A,00200045104311520066-7261750663B,OK,OK,OK,OK,315045,2026-06-29 11:27:05,11014086.0,BABU        ,13616,104339022021,104319220151,160HP Z101  ,AUTOMODE,BV141A,22,1,322967,OK,CA1,0,0,1020104313020080004674879488,OK,OK,0.39,0.443,0.5,0.39,0.439,0.5,OK,,00200045104311520066-7261750663B,OK,OK,202.9,145.2,52.6,146.3,0.0,1.83772,52.0303,52.9603,0.122517,2.0419,55.2228,55.6355,57.6916,7.5142,57.2814,0.285866,0,0,0,0,05ACA006,314818,2026-06-29 11:27:45,11014086.0,BABU        ,13616.0,104339022021,104319220151,160HP Z101  ,AUTOMODE,BV141B,26,1.0,322967.0,OK,,,,00200045104311520066-7261750663B,OK,OK,,OK,OK,315857,2026-06-29 11:30:23,11014086.0,BABU        ,13616,104339022021,104319220151,,AUTOMODE,BV141D,37,1,322967,OK,CA13,,,0020007910431251065004261542458A,,0,147.1,10.6,-113.55,50.1,134,19.6,-223.2,59.6,-223.2,-113.71,0.311503,0.987621,45.0,40.0605,5.0,25.271,51.5748,51.6688,0,0,0,0,0,0,0,0,0,0,0,3.33,0,20.0,0,391617
5104408,1,0020007910431251065004261542861A,2026-06-30 23:00:12,304212, , ,104319220151,0,0,0,0,57000,110000,0,0,120000,0,0,0,2,1:20,1011,16,48.5,58,25.48,100,13.25,100,15.97,77,0,0,0,0,0,0,0,0,16.13,213,21.98,25,31.09,13,10.28,122,7.12,280,10.51,281,0,0,0,0,0,0,0,0,0,0,0,0,UCX31_x0001_|_x0007_:, ,1.53,4.94,45.05,14,4.34,94,64.81,6:37      ,3,2026-06-27 01:57:53,11014981.0,MAREESWARAN ,1,104339022021,104319220151,,AUTOMODE_TS1,BV141E,44,2,,OK,,0,0,0020007910431251065004261542861A,1.17649,1.17497,1.1732,5,5,5.8525,5.87,7.515,1,1.2,1.2,1.2,1,1.2,0.5,12,0.5,12,0.5,12,309038,2026-06-27 01:55:11,11014981,MAREESWARAN ,13616,104339022021,104319220151,160HP Z101  ,,AUTOMODE,BV141C,19,2,320818,OK,,0,0,9003102010431351065904261745706A,0020007910431251065004261542861A,00200045104311520066-7261750194C,OK,OK,OK,OK,310415,2026-06-27 01:53:33,11014981.0,MAREESWARAN ,13616,104339022021,104319220151,160HP Z101  ,AUTOMODE,BV141A,22,2,320818,OK,CA1,0,0,1020104313020080004674879488,OK,OK,0.39,0.484,0.5,0.39,0.471,0.5,OK,,00200045104311520066-7261750194C,OK,OK,202.9,145.2,52.6,146.3,-0.0408401,2.16442,52.0404,53.3704,0.163349,2.40944,55.5208,55.931,56.2401,1.75947,57.6839,0.285866,0,0,0,0,05ACA005,311158,2026-06-27 01:54:11,11014981.0,MAREESWARAN ,13616.0,104339022021,104319220151,160HP Z101  ,AUTOMODE,BV141B,28,2.0,320818.0,OK,,,,00200045104311520066-7261750194C,OK,OK,,OK,OK,311205,2026-06-27 01:56:43,11014981.0,MAREESWARAN ,13616,104339022021,104319220151,,AUTOMODE,BV141D,36,2,320818,OK,CA13,,,0020007910431251065004261542861A,,0,147.4,6.2,-113.55,50.1,134,19.6,-223.2,59.6,-223.2,-113.71,0.884594,2.87253,45.0,40.0,5.0,25.1428,51.993,52.0603,0,0,0,0,0,0,0,0,0,0,0,3.48,0,20.0,0,386366
5094254,1,0020007910431251065004261591916B,2026-06-27 16:10:32,304212, , ,104319220140,0,0,0,0,57000,110000,0,0,120000,0,0,0,1,0:21,1011,16,38.7,240,38.7,240,31.02,216,31.02,216,0,0,0,0,0,0,0,0,36.4,182,36.4,182,10.44,271,10.44,271,9.21,212,9.21,212,0,0,0,0,0,0,0,0,0,0,0,0,UCX31_x0001_|_x0007_:, ,1.53,4.93,44.84,14,3.88,94,64.68,0:47      ,3,2026-06-28 11:20:38,11014981.0,MAREESWARAN ,1,104339022020,104319220140,,AUTOMODE_TS1,BV141E2,34,1,,OK,,0,0,0020007910431251065004261591916B,1.14566,1.16516,1.15145,5,5,2.21078,7.54371,4.83234,1,1.2,1.2,1.2,1,1.2,0.5,12,0.5,12,0.5,12,313077,2026-06-28 11:18:08,11014086,BABU        ,13616,104339022020,104319220140,140HPW501   ,,AUTOMODE,BV141C,27,1,322388,OK,,0,0,9003102010431351065904261758743B,0020007910431251065004261591916B,00200045104311520066-7261682945C,OK,OK,OK,OK,314480,2026-06-28 11:15:46,11014086.0,BABU        ,13616,104339022020,104319220140,140HPW501   ,AUTOMODE,BV141A,21,1,322388,OK,CA1,0,0,300050104312999991395364110336,OK,OK,0.39,0.447,0.5,0.39,0.455,0.5,OK,,00200045104311520066-7261682945C,OK,OK,202.9,145.2,52.6,146.3,-0.0408363,1.79688,52.058,53.3905,0.122513,2.00106,55.6505,55.9588,56.2401,1.64544,57.7015,0.285866,0,0,0,0,05ACA004,314247,2026-06-28 11:16:26,11014086.0,BABU        ,13616.0,104339022020,104319220140,140HPW501   ,AUTOMODE,BV141B,26,1.0,322388.0,OK,,,,00200045104311520066-7261682945C,OK,OK,,OK,OK,315288,2026-06-28 11:19:36,11014086.0,BABU        ,13616,104339022020,104319220140,,AUTOMODE,BV141D,37,1,322388,OK,CA13,,,0020007910431251065004261591916B,,0,147.4,8.2,-113.55,50.1,134,19.6,-223.35,59.6,-223.35,-113.71,0.43009,1.23518,45.0,40.0,5.0,26.0174,51.7976,51.8993,0,0,0,0,0,0,0,0,0,0,0,1.59,0,20.0,0,390950
5094323,1,0020007910431251065004261591958C,2026-06-27 16:34:55,304212, , ,104319220140,0,0,0,0,57000,110000,0,0,120000,0,0,0,2,1:15,1011,16,16.9,148,12.51,249,7.69,91,6.33,213,0,0,0,0,0,0,0,0,15.61,34,8.6,149,11.05,149,6.07,247,9.25,8,10.06,20,0,0,0,0,0,0,0,0,0,0,0,0,UCX31_x0001_|_x0007_:, ,1.46,4.96,44.82,14,3.77,94,65.02,1:40      ,3,2026-06-28 11:32:16,11014981.0,MAREESWARAN ,1,104339022020,104319220140,,AUTOMODE_TS1,BV141E,41,1,,OK,,0,0,0020007910431251065004261591958C,1.17535,1.17901,1.17269,5,5,4.3675,4.94,8.3225,1,1.2,1.2,1.2,1,1.2,0.5,12,0.5,12,0.5,12,313088,2026-06-28 11:29:50,11014086,BABU        ,13616,104339022020,104319220140,140HPW501   ,,AUTOMODE,BV141C,22,1,322401,OK,,0,0,9003102010431351065904261758335B,0020007910431251065004261591958C,00200045104311520066-7261761364B,OK,OK,OK,OK,314492,2026-06-28 11:27:36,11014086.0,BABU        ,13616,104339022020,104319220140,140HPW501   ,AUTOMODE,BV141A,22,1,322401,OK,CA1,0,0,300050104312999991395364110336,OK,OK,0.39,0.461,0.5,0.39,0.461,0.5,OK,,00200045104311520066-7261761364B,OK,OK,202.9,145.2,52.6,146.3,0.0,1.59268,52.0944,53.5391,0.122513,2.12358,55.7047,56.1175,57.6641,1.87855,57.5621,0.408379,0,0,0,0,05ACA003,314259,2026-06-28 11:28:10,11014086.0,BABU        ,13616.0,104339022020,104319220140,140HPW501   ,AUTOMODE,BV141B,26,1.0,322401.0,OK,,,,00200045104311520066-7261761364B,OK,OK,,OK,OK,315300,2026-06-28 11:31:12,11014086.0,BABU        ,13616,104339022020,104319220140,,AUTOMODE,BV141D,38,1,322401,OK,CA13,,,0020007910431251065004261591958C,,0,147.6,8.4,-113.55,50.1,134,19.6,-223.35,59.6,-223.35,-113.71,0.452663,1.11331,45.0,40.0,5.0,25.8138,51.8851,51.9782,0,0,0,0,0,0,0,0,0,0,0,1.68,0,20.0,0,390980
5094878,1,0020007910431251065004261592098C,2026-06-27 20:52:19,304212, , ,104319220140,0,0,0,0,57000,110000,0,0,120000,0,0,0,2,1:27,1011,16,58.87,47,20.37,56,49.23,33,18.9,50,0,0,0,0,0,0,0,0,50.97,3,21.8,33,10.54,71,2.12,211,7.64,30,9.32,29,0,0,0,0,0,0,0,0,0,0,0,0,UCX31_x0001_|_x0007_:, ,1.63,4.83,44.84,14,4.63,94,64.88,1:52      ,3,2026-06-29 08:36:48,11014086.0,BABU        ,1,104339022020,104319220140,,AUTOMODE_TS1,BV141E,41,1,,OK,,0,0,0020007910431251065004261592098C,1.1823,1.17863,1.17636,5,5,3.39,3.9925,7.0625,1,1.2,1.2,1.2,1,1.2,0.5,12,0.5,12,0.5,12,313449,2026-06-29 08:33:58,11014086,BABU        ,13616,104339022020,104319220140,140HPW501   ,,AUTOMODE,BV141C,29,1,322781,OK,,0,0,9003102010431351065904261760051B,0020007910431251065004261592098C,00200045104311520066-7261761375B,OK,OK,OK,OK,314862,2026-06-29 08:31:48,11014086.0,BABU        ,13616,104339022020,104319220140,140HPW501   ,AUTOMODE,BV141A,43,1,322781,OK,CA1,0,0,300050104312999991395364110336,OK,OK,0.39,0.424,0.5,0.39,0.441,0.5,OK,,00200045104311520066-7261761375B,OK,OK,202.9,145.2,52.6,146.3,0.0408363,1.79688,52.1066,52.7181,0.163353,2.0419,54.8786,55.2888,57.6609,3.83878,57.1462,0.245029,0,0,0,0,05ACA008,314634,2026-06-29 08:32:30,11014086.0,BABU        ,13616.0,104339022020,104319220140,140HPW501   ,AUTOMODE,BV141B,26,1.0,322781.0,OK,,,,00200045104311520066-7261761375B,OK,OK,,OK,OK,315674,2026-06-29 08:34:50,11014086.0,BABU        ,13616,104339022020,104319220140,,AUTOMODE,BV141D,40,1,322781,OK,CA13,,,0020007910431251065004261592098C,,0,147.1,11.2,-113.55,50.1,134,19.6,-223.35,59.6,-223.35,-113.71,0.299968,1.14613,45.0,40.0,5.0,19.4734,52.0215,52.0583,0,0,0,0,0,0,0,0,0,0,0,1.62,0,20.0,0,391423
5098027,1,0020007910431251065004261592107C,2026-06-28 21:40:53,304212, , ,104319220140,0,0,0,0,57000,110000,0,0,120000,0,0,0,2,1:32,1011,16,61.73,244,19.32,270,48.04,234,10.01,322,0,0,0,0,0,0,0,0,49.14,201,8.68,340,12.92,253,9.39,200,7.4,184,8.65,191,0,0,0,0,0,0,0,0,0,0,0,0,UCX31_x0001_|_x0007_:, ,1.54,4.95,45.02,14,4.45,94,65.1,1:57      ,3,2026-06-29 18:09:32,11014086.0,BABU        ,1,104339022021,104319220151,,AUTOMODE_TS1,BV141E2,38,1,,OK,,0,0,0020007910431251065004261592107C,1.15887,1.16541,1.16579,5,5,1.90299,7.84192,3.02515,1,1.2,1.2,1.2,1,1.2,0.5,12,0.5,12,0.5,12,313934,2026-06-29 18:07:13,11014086,BABU        ,13616,104339022021,104319220151,160HP Z101  ,,AUTOMODE,BV141C,24,1,323294,OK,,0,0,9003102010431351065904261769822B,0020007910431251065004261592107C,00200045104311520066-7261750324A,OK,OK,OK,OK,315361,2026-06-29 18:05:03,11014086.0,BABU        ,13616,104339022021,104319220151,160HP Z101  ,AUTOMODE,BV141A,36,1,323294,OK,CA1,0,0,1020104313020080004674879488,OK,OK,0.39,0.433,0.5,0.39,0.454,0.5,OK,,00200045104311520066-7261750324A,OK,OK,202.9,145.2,52.6,146.3,0.0,2.08274,52.4783,52.9879,0.163353,2.28693,55.3497,55.6555,57.5001,5.83985,57.2963,0.367542,0,0,0,0,05ACA006,315142,2026-06-29 18:05:43,11014086.0,BABU        ,13616.0,104339022021,104319220151,160HP Z101  ,AUTOMODE,BV141B,26,1.0,323294.0,OK,,,,00200045104311520066-7261750324A,OK,OK,,OK,OK,316179,2026-06-29 18:08:24,11014086.0,BABU        ,13616,104339022021,104319220151,,AUTOMODE,BV141D,43,1,323294,OK,CA13,,,0020007910431251065004261592107C,,0,147.1,11.1,-113.55,50.1,134,19.6,-223.2,59.6,-223.2,-113.71,0.641365,1.7472,45.0,40.0,5.0,25.7987,51.9568,52.0858,0,0,0,0,0,0,0,0,0,0,0,3.44,0,20.0,0,392049
5103567,1,0020007910431251065004261604238C,2026-06-30 17:53:16,304212, , ,104319220151,0,0,0,0,57000,110000,0,0,120000,0,0,0,2,1:20,1011,16,51.92,82,9.13,141,41.54,64,8.82,142,0,0,0,0,0,0,0,0,45.54,28,12.24,119,13.16,108,2.64,279,6.64,39,9.28,38,0,0,0,0,0,0,0,0,0,0,0,0,UCX31_x0001_|_x0007_:, ,1.38,4.94,45.83,14,4.3,94,65,1:45      ,3,2026-06-30 14:37:10,10001376.0,DEEPAN.M    ,1,104339022021,104319220151,,AUTOMODE_TS1,BV141E,45,1,,OK,,0,0,0020007910431251065004261604238C,1.17649,1.17611,1.1756,5,5,6.89,7.28,8.8375,1,1.2,1.2,1.2,1,1.2,0.5,12,0.5,12,0.5,12,314688,2026-06-30 14:34:56,10001376,DEEPAN.M    ,13616,104339022021,104319220151,160HP Z101  ,,AUTOMODE,BV141C,22,1,324117,OK,,0,0,9003102010431351065904261782936A,0020007910431251065004261604238C,00200045104311520066-7261761200A,OK,OK,OK,OK,316166,2026-06-30 14:33:40,10001376.0,DEEPAN.M    ,13616,104339022021,104319220151,160HP Z101  ,AUTOMODE,BV141A,34,1,324117,OK,CA1,0,0,1020104313020080004674879488,OK,OK,0.39,0.442,0.5,0.39,0.446,0.5,OK,,00200045104311520066-7261761200A,OK,OK,202.9,145.2,52.6,146.3,0.0,2.20526,52.0686,53.1973,0.204189,2.69531,55.1464,55.656,57.6051,6.3299,57.5032,0.326706,0,0,0,0,05ACA002,315955,2026-06-30 14:34:20,10001376.0,DEEPAN.M    ,13616.0,104339022021,104319220151,160HP Z101  ,AUTOMODE,BV141B,26,1.0,324117.0,OK,,,,00200045104311520066-7261761200A,OK,OK,,OK,OK,316988,2026-06-30 14:35:50,10001376.0,DEEPAN.M    ,13616,104339022021,104319220151,,AUTOMODE,BV141D,42,1,324117,OK,CA13,,,0020007910431251065004261604238C,,0,147.0,10.2,-113.55,50.15,134,19.6,-223.27,59.6,-223.2,-113.71,0.170169,0.663437,45.0,40.1616,5.0,25.9269,51.5132,51.5894,0,0,0,0,0,0,0,0,0,0,0,3.32,0,20.0,0,393777
5102859,1,0020007910431251065004261614370A,2026-06-30 13:12:27,304212, , ,104319220151,0,0,0,0,57000,110000,0,0,120000,0,0,0,3,2:48,1011,16,37.26,232,89.53,72,21.5,292,3.48,314,0,0,0,0,0,0,0,0,27.21,330,83.25,266,26.91,160,85.7,49,2.49,164,7.47,193,0,0,0,0,0,0,0,0,0,0,0,0,UCX31_x0001_|_x0007_:, ,1.68,4.89,45.25,14,4.56,94,64.91,3:14      ,3,2026-06-30 12:55:27,10001376.0,DEEPAN.M    ,1,104339022021,104319220151,,AUTOMODE_TS1,BV141E,44,1,,OK,,0,0,0020007910431251065004261614370A,1.17686,1.17092,1.17156,5,5,7.445,7.905,10.31,1,1.2,1.2,1.2,1,1.2,0.5,12,0.5,12,0.5,12,314637,2026-06-30 12:53:19,11014981,MAREESWARAN ,13616,104339022021,104319220151,160HP Z101  ,,AUTOMODE,BV141C,20,1,324061,OK,,0,0,9003102010431351065904261771802B,0020007910431251065004261614370A,00200045104311520066-7261761630B,OK,OK,OK,OK,316111,2026-06-30 12:52:11,11014981.0,MAREESWARAN ,13616,104339022021,104319220151,160HP Z101  ,AUTOMODE,BV141A,22,1,324061,OK,CA1,0,0,1020104313020080004674879488,OK,OK,0.39,0.44,0.5,0.39,0.442,0.5,OK,,00200045104311520066-7261761630B,OK,OK,202.9,145.2,52.6,146.3,-0.0408363,1.02095,52.3034,53.534,0.0408401,1.75604,55.7965,56.2067,56.2401,1.71687,57.5418,0.408382,0,0,0,0,05ACA003,315899,2026-06-30 12:52:47,11014981.0,MAREESWARAN ,13616.0,104339022021,104319220151,160HP Z101  ,AUTOMODE,BV141B,26,1.0,324061.0,OK,,,,00200045104311520066-7261761630B,OK,OK,,OK,OK,316933,2026-06-30 12:54:17,11014981.0,MAREESWARAN ,13616,104339022021,104319220151,,AUTOMODE,BV141D,42,1,324061,OK,CA13,,,0020007910431251065004261614370A,,0,147.0,9.9,-113.55,50.15,134,19.6,-223.15,59.6,-223.2,-113.71,0.158046,0.983992,45.0,40.0,5.0,26.1832,51.7619,53.4856,0,0,0,0,0,0,0,0,0,0,0,3.44,0,20.0,0,393375
5095594,1,0020007910431251065004261615537C,2026-06-28 02:02:20,304212, , ,104319220140,0,0,0,0,57000,110000,0,0,120000,0,0,0,5,4:03,1011,16,86.55,238,13.2,279,67.26,234,10.47,277,0,0,0,0,0,0,0,0,54.69,205,13.25,249,16.7,216,1.42,35,6.57,158,8.96,160,0,0,0,0,0,0,0,0,0,0,0,0,UCX31_x0001_|_x0007_:, ,1.53,4.96,45.68,14,5.16,93,64.96,4:29      ,3,2026-06-29 18:08:40,11014086.0,BABU        ,1,104339022021,104319220151,,AUTOMODE_TS1,BV141E,44,1,,OK,,0,0,0020007910431251065004261615537C,1.17484,1.17611,1.17396,5,5,6.47,6.7625,9.2525,1,1.2,1.2,1.2,1,1.2,0.5,12,0.5,12,0.5,12,313933,2026-06-29 18:05:31,11014086,BABU        ,13616,104339022021,104319220151,160HP Z101  ,,AUTOMODE,BV141C,23,1,323293,OK,,0,0,9003102010431351065904261769970B,0020007910431251065004261615537C,00200045104311520066-7261662408B,OK,OK,OK,OK,315360,2026-06-29 18:03:55,11014086.0,BABU        ,13616,104339022021,104319220151,160HP Z101  ,AUTOMODE,BV141A,25,1,323293,OK,CA1,0,0,1020104313020080004674879488,OK,OK,0.39,0.423,0.5,0.39,0.442,0.5,OK,,00200045104311520066-7261662408B,OK,OK,202.9,145.2,52.6,146.3,-0.0408401,1.1843,52.0223,53.1484,0.0408363,1.30682,55.7192,56.025,57.6556,3.47123,57.5537,0.204189,0,0,0,0,05ACA010,315141,2026-06-29 18:04:35,11014086.0,BABU        ,13616.0,104339022021,104319220151,160HP Z101  ,AUTOMODE,BV141B,26,1.0,323293.0,OK,,,,00200045104311520066-7261662408B,OK,OK,,OK,OK,316178,2026-06-29 18:07:30,11014086.0,BABU        ,13616,104339022021,104319220151,,AUTOMODE,BV141D,43,1,323293,OK,CA13,,,0020007910431251065004261615537C,,0,147.9,11.1,-113.55,50.1,134,19.6,-223.2,59.6,-223.2,-113.71,0.38028,0.81422,45.0,41.3772,5.0,25.3087,51.9307,51.9841,0,0,0,0,0,0,0,0,0,0,0,3.32,0,20.0,0,392048
5100751,1,0020007910431251065004261670632A,2026-06-29 22:57:41,304212, , ,104319220151,0,0,0,0,57000,110000,0,0,120000,0,0,0,2,1:27,1011,16,19.55,40,11.98,156,17.84,339,9.17,124,0,0,0,0,0,0,0,0,30.49,309,14.28,86,14.1,73,5.43,205,7.68,318,9.45,325,0,0,0,0,0,0,0,0,0,0,0,0,UCX31_x0001_|_x0007_:, ,1.63,4.93,45.13,14,4.19,94,65.09,1:55      ,3,2026-06-30 21:42:33,10001376.0,DEEPAN.M    ,1,104339022020,104319220140,,AUTOMODE_TS1,BV141E,41,2,,OK,,0,0,0020007910431251065004261670632A,1.17712,1.17408,1.17686,5,5,6.185,6.165,8.655,1,1.2,1.2,1.2,1,1.2,0.5,12,0.5,12,0.5,12,314933,2026-06-30 21:39:43,11014981,MAREESWARAN ,13616,104339022020,104319220140,140HPW501   ,,AUTOMODE,BV141C,20,2,324374,OK,,0,0,9003102010431351065904261771701B,0020007910431251065004261670632A,00200045104311520066-7261660661B,OK,OK,OK,OK,316417,2026-06-30 21:37:53,11014981.0,MAREESWARAN ,13616,104339022020,104319220140,140HPW501   ,AUTOMODE,BV141A,23,2,324374,OK,CA1,0,0,300050104312999991395364110336,OK,OK,0.39,0.433,0.5,0.39,0.426,0.5,OK,,00200045104311520066-7261660661B,OK,OK,202.9,145.2,52.6,146.3,-0.0408401,1.51101,52.0787,52.9984,0.0816765,2.00106,55.3578,55.666,57.6228,7.5142,57.4164,0.245026,0,0,0,0,05ACA002,316208,2026-06-30 21:38:31,11014981.0,MAREESWARAN ,13616.0,104339022020,104319220140,140HPW501   ,AUTOMODE,BV141B,26,2.0,324374.0,OK,,,,00200045104311520066-7261660661B,OK,OK,,OK,OK,317241,2026-06-30 21:41:25,11014981.0,MAREESWARAN ,13616,104339022020,104319220140,,AUTOMODE,BV141D,35,2,324374,OK,CA13,,,0020007910431251065004261670632A,,0,147.1,7.9,-113.55,50.1,134,19.6,-223.35,59.6,-223.35,-113.71,0.361788,2.27868,45.0,40.0,5.0,22.2554,51.3881,51.4727,0,0,0,0,0,0,0,0,0,0,0,1.69,0,20.0,0,394061
5097852,1,0020007910431251065004261682712B,2026-06-28 18:22:55,304212, , ,104319220140,0,0,0,0,57000,110000,0,0,120000,0,0,0,1,0:22,1011,16,37.7,249,37.7,249,20.96,271,20.96,271,0,0,0,0,0,0,0,0,11.87,273,11.87,273,13.47,184,13.47,184,9.33,191,9.33,191,0,0,0,0,0,0,0,0,0,0,0,0,UCX31_x0001_|_x0007_:, ,1.49,4.94,44.82,14,4.38,94,64.72,1:54      ,3,2026-06-29 11:29:19,11014086.0,BABU        ,1,104339022021,104319220151,,AUTOMODE_TS1,BV141E,45,1,,OK,,0,0,0020007910431251065004261682712B,1.17712,1.17547,1.17459,5,5,4.295,5.805,9.6925,1,1.2,1.2,1.2,1,1.2,0.5,12,0.5,12,0.5,12,313627,2026-06-29 11:26:45,11014086,BABU        ,13616,104339022021,104319220151,160HP Z101  ,,AUTOMODE,BV141C,19,1,322964,OK,,0,0,9003102010431351065904261758662B,0020007910431251065004261682712B,00200045104311520066-7261752190A,OK,OK,OK,OK,315042,2026-06-29 11:23:57,11014086.0,BABU        ,13616,104339022021,104319220151,160HP Z101  ,AUTOMODE,BV141A,22,1,322964,OK,CA1,0,0,1020104313020080004674879488,OK,OK,0.39,0.43,0.5,0.39,0.436,0.5,OK,,00200045104311520066-7261752190A,OK,OK,202.9,145.2,52.6,146.3,0.0,1.38849,52.4888,53.3118,0.122513,2.28693,55.587,55.9997,57.7399,3.06285,57.638,0.367542,0,0,0,0,05ACA004,314815,2026-06-29 11:24:31,11014086.0,BABU        ,13616.0,104339022021,104319220151,160HP Z101  ,AUTOMODE,BV141B,26,1.0,322964.0,OK,,,,00200045104311520066-7261752190A,OK,OK,,OK,OK,315854,2026-06-29 11:28:03,11014086.0,BABU        ,13616,104339022021,104319220151,,AUTOMODE,BV141D,36,1,322964,OK,CA13,,,0020007910431251065004261682712B,,0,147.2,10.1,-113.55,50.1,134,19.6,-223.2,59.6,-223.2,-113.71,0.276268,1.4502,45.0,40.0,5.0,26.1003,51.819,51.8952,0,0,0,0,0,0,0,0,0,0,0,3.34,0,20.0,0,391614
5101280,1,0020007910431251065004261682990C,2026-06-30 02:49:16,304212, , ,104319220151,0,0,0,0,57000,110000,0,0,120000,0,0,0,2,1:33,1011,16,74.8,11,33.73,94,40.04,354,21.7,69,0,0,0,0,0,0,0,0,39.65,291,28.41,23,31.4,2,11.62,115,5.78,327,9.48,312,0,0,0,0,0,0,0,0,0,0,0,0,UCX31_x0001_|_x0007_:, ,1.56,4.93,44.84,14,4.39,94,64.93,2:01      ,3,2026-06-30 19:02:30,10001376.0,DEEPAN.M    ,1,104339022020,104319220140,,AUTOMODE_TS1,BV141E2,34,1,,OK,,0,0,0020007910431251065004261682990C,1.16164,1.16465,1.14805,5,5,3.53293,7.52455,5.65509,1,1.2,1.2,1.2,1,1.2,0.5,12,0.5,12,0.5,12,314821,2026-06-30 19:00:22,11014981,MAREESWARAN ,13616,104339022020,104319220140,140HPW501   ,,AUTOMODE,BV141C,21,1,324256,OK,,0,0,9003102010431351065904261772187B,0020007910431251065004261682990C,00200045104311520066-7261762244B,OK,OK,OK,OK,316303,2026-06-30 18:58:40,11014981.0,MAREESWARAN ,13616,104339022020,104319220140,140HPW501   ,AUTOMODE,BV141A,22,1,324256,OK,CA1,0,0,300050104312999991395364110336,OK,OK,0.39,0.426,0.5,0.39,0.44,0.5,OK,,00200045104311520066-7261762244B,OK,OK,202.9,145.2,52.6,146.3,-0.0408363,1.51101,52.104,53.5359,0.0816765,2.08274,55.7984,56.206,56.2401,2.00084,57.6481,0.367542,0,0,0,0,05ACA010,316092,2026-06-30 18:59:14,11014981.0,MAREESWARAN ,13616.0,104339022020,104319220140,140HPW501   ,AUTOMODE,BV141B,26,1.0,324256.0,OK,,,,00200045104311520066-7261762244B,OK,OK,,OK,OK,317125,2026-06-30 19:01:28,11014981.0,MAREESWARAN ,13616,104339022020,104319220140,,AUTOMODE,BV141D,39,1,324256,OK,CA14,,,0020007910431251065004261682990C,,0,147.1,10.6,-113.55,50.1,134,19.6,-223.35,59.6,-223.35,-113.71,0.526774,1.91626,45.0,40.0,5.0,23.2204,52.3976,52.4055,0,0,0,0,0,0,0,0,0,0,0,1.64,0,20.0,0,393936
5008872,1,0020007910431251065202253233157A,2026-06-01 22:31:46,306217, , ,104319220141,0,0,0,0,57000,110000,0,0,120000,0,0,0,1,0:19,1011,16,51.35,62,51.35,62,44.91,61,44.91,61,0,0,0,0,0,0,0,0,33.62,138,33.62,138,6.67,335,6.67,335,10.24,104,10.24,104,0,0,0,0,0,0,0,0,0,0,0,0,UCX31_x0001_|_x0007_:, ,1.31,4.93,45.18,14,4.14,93,64.47,0:56      ,3,2026-06-04 21:36:06,11014086.0,BABU        ,1,104339022046,104319220141,,AUTOMODE_TS1,BV141E,45,2,,OK,,0,0,0020007910431251065202253233157A,1.17623,1.17332,1.1732,5,5,5.665,6.855,6.875,1,1.2,1.2,1.2,1,1.2,0.5,12,0.5,12,0.5,12,284704,2026-06-04 21:33:16,11014086,BABU        ,13616,104339022046,104319220141,140HPW501   ,,AUTOMODE,BV141C,27,2,297529,OK,,0,0,9002102010431351067303261500279A,0020007910431251065202253233157A,0020004510431152006711261540114A,OK,OK,OK,OK,285861,2026-06-04 21:31:54,11014086.0,BABU        ,13616,104339022046,104319220141,140HPW501   ,AUTOMODE,BV141A,26,2,297529,OK,CA1,0,0,1020104313020080004674879488,OK,OK,0.39,0.43,0.5,0.39,0.408,0.5,OK,,0020004510431152006711261540114A,OK,OK,202.9,145.2,52.6,146.3,-0.0408401,1.47017,52.059,52.8794,0.0408363,2.00106,55.3483,55.7636,57.8095,12.8231,57.1904,0.367542,0,0,0,0,05ACA006,286387,2026-06-04 21:32:34,11014086.0,BABU        ,13616.0,104339022046,104319220141,140HPW501   ,AUTOMODE,BV141B,29,2.0,297529.0,OK,,,,0020004510431152006711261540114A,OK,OK,,OK,OK,286542,2026-06-04 21:34:56,11014086.0,BABU        ,13616,104339022046,104319220141,,AUTOMODE,BV141D,38,2,297529,OK,CA13,,,0020007910431251065202253233157A,,0,145.2,9.1,-113.55,50.0,134,18.6,-222.95,59.6,-216.052,-106.71,0.0545921,0.358549,45.0,40.0,5.0,23.0997,51.8281,52.0271,0,0,0,0,0,0,0,0,0,0,0,1.57,0,20.0,0,354669
5006454,1,0020007910431251065202260661712B,2026-06-01 04:54:49,306217, , ,104319220141,0,0,0,0,57000,110000,0,0,120000,0,0,0,5,3:56,1011,16,55.77,289,21.07,244,60.24,261,15.56,261,0,0,0,0,0,0,0,0,36.25,335,9.28,325,16.31,140,0.35,93,6.9,60,10.54,43,0,0,0,0,0,0,0,0,0,0,0,0,UCX31_x0001_|_x0007_:, ,1.5,4.92,45.05,14,4.36,93,64.91,8:06      ,3,2026-06-04 22:25:31,11014086.0,BABU        ,1,104339022046,104319220141,,AUTOMODE_TS1,BV141E,45,2,,OK,,0,0,0020007910431251065202260661712B,1.17434,1.17421,1.17509,5,5,5.5325,5.625,6.7375,1,1.2,1.2,1.2,1,1.2,0.5,12,0.5,12,0.5,12,284757,2026-06-04 22:20:37,11014086,BABU        ,13616,104339022046,104319220141,140HPW501   ,,AUTOMODE,BV141C,25,2,297583,OK,,0,0,9002102010431351067303261479060A,0020007910431251065202260661712B,0020004510431152006711261530322B,OK,OK,OK,OK,285914,2026-06-04 22:18:13,11014086.0,BABU        ,13616,104339022046,104319220141,140HPW501   ,AUTOMODE,BV141A,22,2,297583,OK,CA1,0,0,1020104313020080004674879488,OK,OK,0.39,0.412,0.5,0.39,0.411,0.5,OK,,0020004510431152006711261530322B,OK,OK,202.9,145.2,52.6,146.3,0.0,1.3885,52.0435,53.0729,0.0816765,2.8995,55.3303,55.8398,57.6921,5.92152,57.3838,0.530895,0,0,0,0,05ACA004,286440,2026-06-04 22:19:01,11014086.0,BABU        ,13616.0,104339022046,104319220141,140HPW501   ,AUTOMODE,BV141B,30,2.0,297583.0,OK,,,,0020004510431152006711261530322B,OK,OK,,OK,OK,286595,2026-06-04 22:22:31,11014086.0,BABU        ,13616,104339022046,104319220141,,AUTOMODE,BV141D,38,2,297583,OK,CA13,,,0020007910431251065202260661712B,,0,145.1,9.3,-113.55,50.0,134,18.6,-222.95,59.6,-216.052,-106.71,-0.35434,0.339256,41.3999,42.9479,5.0,23.1751,52.1021,52.2483,0,0,0,0,0,0,0,0,0,0,0,1.63,0,20.0,0,354733
5016617,1,0020007910431251065202260940014C,2026-06-04 09:31:13,314116, , ,104319220141,0,0,0,0,57000,110000,0,0,120000,0,0,0,2,1:18,1011,16,25.87,243,11.05,328,6.2,156,1.7,287,0,0,0,0,0,0,0,0,8.06,124,2.33,284,13.13,216,4.76,285,8.94,143,11.14,140,0,0,0,0,0,0,0,0,0,0,0,0,UCX31_x0001_|_x0007_:, ,1.35,4.98,45.13,3,4.81,93,65.03,1:49      ,3,2026-06-10 21:28:42,11014981.0,MAREESWARAN ,1,104339022046,104319220141,,AUTOMODE_TS1,BV141E2,38,2,,OK,,0,0,0020007910431251065202260940014C,1.16164,1.14969,1.15019,5,5,3.26587,7.20359,3.2491,1,1.2,1.2,1.2,1,1.2,0.5,12,0.5,12,0.5,12,291562,2026-06-10 21:25:54,10001033,SAKTHI VIJAY,13616,104339022046,104319220141,140HPW501   ,,AUTOMODE,BV141C,21,2,303670,OK,,0,0,9002102010431351067303261500576B,0020007910431251065202260940014C,0020004510431152006711261540483B,OK,OK,OK,OK,292793,2026-06-10 21:21:32,10001033.0,SAKTHI VIJAY,13616,104339022046,104319220141,140HPW501   ,AUTOMODE,BV141A,23,2,303670,OK,CA1,0,0,1020104313020080004674879488,OK,OK,0.39,0.413,0.5,0.39,0.445,0.5,OK,,0020004510431152006711261540483B,OK,OK,202.9,145.2,52.6,146.3,0.0,2.24609,52.1089,53.4414,0.204189,2.45028,55.5994,56.109,56.2401,2.22289,57.6479,0.408382,0,0,0,0,05ACA007,293356,2026-06-10 21:22:10,10001033.0,SAKTHI VIJAY,13616.0,104339022046,104319220141,140HPW501   ,AUTOMODE,BV141B,29,2.0,303670.0,OK,,,,0020004510431152006711261540483B,OK,OK,,OK,OK,293485,2026-06-10 21:27:36,10001033.0,SAKTHI VIJAY,13616,104339022046,104319220141,,AUTOMODE,BV141D,31,2,303670,OK,CA14,,,0020007910431251065202260940014C,,0,145.0,5.2,-113.55,50.0,134,18.6,-222.95,59.6,-222.95,-113.71,0.20165,1.13876,45.0,40.0,5.0,19.6393,52.3676,52.4903,0,0,0,0,0,0,0,0,0,0,0,1.59,0,20.0,0,362960
5028652,1,0020007910431251065202260940016C,2026-06-07 15:36:29,314116, , ,104319220141,0,0,0,0,57000,110000,0,0,120000,0,0,0,1,0:19,1011,16,13.89,113,13.89,113,8.16,106,8.16,106,0,0,0,0,0,0,0,0,14.13,76,14.13,76,1.84,31,1.84,31,10.24,19,10.24,19,0,0,0,0,0,0,0,0,0,0,0,0,UCX31_x0001_|_x0007_:, ,1.28,4.8,45.39,3,4.84,93,65.53,0:50      ,3,2026-06-09 06:55:19,11014981.0,MAREESWARAN ,1,104339022046,104319220141,,AUTOMODE_TS1,BV141E2,38,2,,OK,,0,0,0020007910431251065202260940016C,1.14969,1.14516,1.1483,5,5,3.04072,7.0,3.76168,1,1.2,1.2,1.2,1,1.2,0.5,12,0.5,12,0.5,12,289768,2026-06-09 06:52:43,11014086,BABU        ,13616,104339022046,104319220141,140HPW501   ,,AUTOMODE,BV141C,19,2,301798,OK,,0,0,9002102010431351067303261203554A,0020007910431251065202260940016C,0020004510431152006711261540470C,OK,OK,OK,OK,290966,2026-06-09 06:51:25,11014086.0,BABU        ,13616,104339022046,104319220141,140HPW501   ,AUTOMODE,BV141A,23,2,301798,OK,CA1,0,0,1020104313020080004674879488,OK,OK,0.39,0.416,0.5,0.39,0.412,0.5,OK,,0020004510431152006711261540470C,OK,OK,202.9,145.2,52.6,146.3,0.0,2.00106,52.0451,53.2732,0.204193,2.40945,55.4363,55.9535,57.5918,2.77699,57.388,0.490059,0,0,0,0,05ACA001,291510,2026-06-09 06:52:03,11014086.0,BABU        ,13616.0,104339022046,104319220141,140HPW501   ,AUTOMODE,BV141B,28,2.0,301798.0,OK,,,,0020004510431152006711261540470C,OK,OK,,OK,OK,291648,2026-06-09 06:54:15,11014086.0,BABU        ,13616,104339022046,104319220141,,AUTOMODE,BV141D,32,2,301798,OK,CA14,,,0020007910431251065202260940016C,,0,145.4,4.7,-113.55,50.0,134,18.6,-222.95,59.6,-222.95,-113.71,0.343217,1.26002,45.0,40.0,5.0,23.1827,52.0575,52.0904,0,0,0,0,0,0,0,0,0,0,0,2.07,0,20.0,0,360394
5029419,1,0020007910431251065202260940018C,2026-06-08 10:24:50,314116, , ,104319220141,0,0,0,0,57000,110000,0,0,120000,0,0,0,1,0:19,1011,16,30.89,160,30.89,160,18.24,156,18.24,156,0,0,0,0,0,0,0,0,32.12,139,32.12,139,7.43,70,7.43,70,14.02,356,14.02,356,0,0,0,0,0,0,0,0,0,0,0,0,UCX31_x0001_|_x0007_:, ,1.31,4.95,45.05,3,4.67,93,65.46,0:50      ,3,2026-06-09 07:07:43,11014981.0,MAREESWARAN ,1,104339022046,104319220141,,AUTOMODE_TS1,BV141E,45,2,,OK,,0,0,0020007910431251065202260940018C,1.17295,1.17358,1.1737,5,5,3.8675,4.2575,4.9325,1,1.2,1.2,1.2,1,1.2,0.5,12,0.5,12,0.5,12,289782,2026-06-09 07:05:45,11014086,BABU        ,13616,104339022046,104319220141,140HPW501   ,,AUTOMODE,BV141C,20,2,301812,OK,,0,0,9002102010431351067303261203550A,0020007910431251065202260940018C,0020004510431152006711261550060A,OK,OK,OK,OK,290980,2026-06-09 07:04:31,11014086.0,BABU        ,13616,104339022046,104319220141,140HPW501   ,AUTOMODE,BV141A,21,2,301812,OK,CA1,0,0,1020104313020080004674879488,OK,OK,0.39,0.428,0.5,0.39,0.447,0.5,OK,,0020004510431152006711261550060A,OK,OK,202.9,145.2,52.6,146.3,0.0,2.40945,52.1401,53.2663,0.163353,2.28693,55.5313,55.8396,57.7938,2.81783,57.6919,0.285866,0,0,0,0,05ACA002,291524,2026-06-09 07:05:09,11014086.0,BABU        ,13616.0,104339022046,104319220141,140HPW501   ,AUTOMODE,BV141B,29,2.0,301812.0,OK,,,,0020004510431152006711261550060A,OK,OK,,OK,OK,291662,2026-06-09 07:06:33,11014086.0,BABU        ,13616,104339022046,104319220141,,AUTOMODE,BV141D,32,2,301812,OK,CA14,,,0020007910431251065202260940018C,,0,146.1,4.6,-113.55,50.0,134,18.6,-222.95,59.6,-222.95,-113.71,0.607359,2.07202,45.0,40.0,5.0,19.5262,51.8644,51.877,0,0,0,0,0,0,0,0,0,0,0,1.67,0,20.0,0,360408
5041791,1,0020007910431251065202260940061C,2026-06-11 16:36:27,314116, , ,104319220141,0,0,0,0,57000,110000,0,0,120000,0,0,0,2,1:19,1011,16,18.46,8,8.8,104,7.06,358,3.29,94,0,0,0,0,0,0,0,0,10.85,324,2.31,71,4.98,326,3.43,57,9.73,336,10.46,336,0,0,0,0,0,0,0,0,0,0,0,0,UCX31_x0001_|_x0007_:, ,1.37,5.01,45.1,3,4.38,93,65.03,1:50      ,3,2026-06-13 11:32:27,11014890.0,SUDALAI     ,1,104339022046,104319220141,,AUTOMODE_TS1,BV141E,45,1,,OK,,0,0,0020007910431251065202260940061C,1.17649,1.17724,1.17547,5,5,3.9525,4.22,4.1225,1,1.2,1.2,1.2,1,1.2,0.5,12,0.5,12,0.5,12,294389,2026-06-13 11:29:31,11014981,MAREESWARAN ,13616,104339022046,104319220141,140HPW501   ,,AUTOMODE,BV141C,19,1,306642,OK,,0,0,9002102010431351067303261500495A,0020007910431251065202260940061C,0020004510431152006711261590379B,OK,OK,OK,OK,295694,2026-06-13 11:28:13,11014981.0,MAREESWARAN ,13616,104339022046,104319220141,140HPW501   ,AUTOMODE,BV141A,21,1,306642,OK,CA1,0,0,1020104313020080004674879488,OK,OK,0.39,0.422,0.5,0.39,0.415,0.5,OK,,0020004510431152006711261590379B,OK,OK,202.9,145.2,52.6,146.3,0.0408401,1.96023,52.0612,53.1976,0.204189,2.20526,55.4626,55.7684,57.8194,9.55611,57.4117,0.408382,0,0,0,0,05ACA002,296301,2026-06-13 11:28:53,11014981.0,MAREESWARAN ,13616.0,104339022046,104319220141,140HPW501   ,AUTOMODE,BV141B,29,1.0,306642.0,OK,,,,0020004510431152006711261590379B,OK,OK,,OK,OK,296412,2026-06-13 11:31:19,11014981.0,MAREESWARAN ,13616,104339022046,104319220141,,AUTOMODE,BV141D,36,1,306642,OK,CA13,,,0020007910431251065202260940061C,,0,145.1,6.1,-113.55,50.0,134,18.6,-222.95,59.6,-223.35,-113.71,0.285741,1.69643,45.0,40.0,5.0,19.8579,51.9275,51.895,0,0,0,0,0,0,0,0,0,0,0,1.72,0,20.0,0,367716
5028799,1,0020007910431251065202260940075C,2026-06-07 16:15:48,314116, , ,104319220141,0,0,0,0,57000,110000,0,0,120000,0,0,0,1,0:19,1011,16,11.38,89,11.38,89,3.74,11,3.74,11,0,0,0,0,0,0,0,0,4.82,354,4.82,354,4.58,60,4.58,60,12,299,12,299,0,0,0,0,0,0,0,0,0,0,0,0,UCX31_x0001_|_x0007_:, ,1.29,5.01,45.86,3,4.46,93,65.53,0:50      ,3,2026-06-09 06:53:51,11014981.0,MAREESWARAN ,1,104339022046,104319220141,,AUTOMODE_TS1,BV141E2,38,2,,OK,,0,0,0020007910431251065202260940075C,1.14629,1.14528,1.14591,5,5,3.4024,7.06587,3.42036,1,1.2,1.2,1.2,1,1.2,0.5,12,0.5,12,0.5,12,289766,2026-06-09 06:51:39,11014086,BABU        ,13616,104339022046,104319220141,140HPW501   ,,AUTOMODE,BV141C,17,2,301796,OK,,0,0,9002102010431351067303261203546A,0020007910431251065202260940075C,0020004510431152006711261540196A,OK,OK,OK,OK,290964,2026-06-09 06:48:53,11014981.0,MAREESWARAN ,13616,104339022046,104319220141,140HPW501   ,AUTOMODE,BV141A,22,2,301796,OK,CA1,0,0,1020104313020080004674879488,OK,OK,0.39,0.418,0.5,0.39,0.417,0.5,OK,,0020004510431152006711261540196A,OK,OK,202.9,145.2,52.6,146.3,-0.0408401,1.10263,52.0375,53.0592,0.0408363,1.96022,55.4186,55.7268,57.5842,6.6566,57.3804,0.285866,0,0,0,0,05ACA002,291508,2026-06-09 06:50:39,11014981.0,MAREESWARAN ,13616.0,104339022046,104319220141,140HPW501   ,AUTOMODE,BV141B,29,2.0,301796.0,OK,,,,0020004510431152006711261540196A,OK,OK,,OK,OK,291646,2026-06-09 06:52:47,11014086.0,BABU        ,13616,104339022046,104319220141,,AUTOMODE,BV141D,32,2,301796,OK,CA14,,,0020007910431251065202260940075C,,0,145.1,4.7,-113.55,50.0,134,18.6,-222.95,59.6,-222.95,-113.71,0.510578,1.76882,45.0,40.0,5.0,22.5569,51.9024,51.9659,0,0,0,0,0,0,0,0,0,0,0,2.01,0,20.0,0,360392
5021374,1,0020007910431251065202260940082C,2026-06-05 18:03:05,314116, , ,104319220141,0,0,0,0,57000,110000,0,0,120000,0,0,0,1,0:19,1011,16,11.32,318,11.32,318,14.55,288,14.55,288,0,0,0,0,0,0,0,0,28.13,259,28.13,259,6.19,73,6.19,73,10.84,206,10.84,206,0,0,0,0,0,0,0,0,0,0,0,0,UCX31_x0001_|_x0007_:, ,1.23,4.93,45.42,3,4.89,93,65.46,0:50      ,3,2026-06-06 09:17:42,11014086.0,BABU        ,1,104339022046,104319220141,,AUTOMODE_TS1,BV141E,45,1,,OK,,0,0,0020007910431251065202260940082C,1.17004,1.17269,1.17067,5,5,5.7525,5.9275,5.865,1,1.2,1.2,1.2,1,1.2,0.5,12,0.5,12,0.5,12,286551,2026-06-06 09:15:48,11014086,BABU        ,13616,104339022046,104319220141,140HPW501   ,,AUTOMODE,BV141C,27,1,299459,OK,,0,0,9002102010431351067303261203623A,0020007910431251065202260940082C,0020004510431152006711261540443C,OK,OK,OK,OK,287732,2026-06-06 09:12:34,11014086.0,BABU        ,13616,104339022046,104319220141,140HPW501   ,AUTOMODE,BV141A,22,1,299459,OK,CA1,0,0,1020104313020080004674879488,OK,OK,0.39,0.444,0.5,0.39,0.445,0.5,OK,,0020004510431152006711261540443C,OK,OK,202.9,145.2,52.6,146.3,0.0,1.96022,52.0464,53.0706,0.163353,2.0419,55.3382,55.8529,57.5956,3.18537,57.3918,0.367542,0,0,0,0,05ACA003,288263,2026-06-06 09:13:18,11014086.0,BABU        ,13616.0,104339022046,104319220141,140HPW501   ,AUTOMODE,BV141B,29,1.0,299459.0,OK,,,,0020004510431152006711261540443C,OK,OK,,OK,OK,288411,2026-06-06 09:16:34,11014086.0,BABU        ,13616,104339022046,104319220141,,AUTOMODE,BV141D,33,1,299459,OK,CA14,,,0020007910431251065202260940082C,,0,145.8,5.6,-113.55,50.0,134,18.6,-222.95,59.6,-216.052,-106.71,1.31217,2.53356,45.0,40.0,5.0,19.3076,52.2804,52.2989,0,0,0,0,0,0,0,0,0,0,0,1.74,0,20.0,0,356663
5030309,1,0020007910431251065202260940099C,2026-06-08 15:21:50,314116, , ,104319220141,0,0,0,0,57000,110000,0,0,120000,0,0,0,1,0:19,1011,16,50.33,329,50.33,329,24.12,297,24.12,297,0,0,0,0,0,0,0,0,35.94,270,35.94,270,13.96,301,13.96,301,11.71,142,11.71,142,0,0,0,0,0,0,0,0,0,0,0,0,UCX31_x0001_|_x0007_:, ,1.31,4.94,45.19,3,4.9,93,65.46,6:09      ,3,2026-06-09 06:59:23,11014981.0,MAREESWARAN ,1,104339022046,104319220141,,AUTOMODE_TS1,BV141E,45,2,,OK,,0,0,0020007910431251065202260940099C,1.17863,1.17484,1.17585,5,5,4.0225,4.7475,6.005,1,1.2,1.2,1.2,1,1.2,0.5,12,0.5,12,0.5,12,289772,2026-06-09 06:57:05,11014086,BABU        ,13616,104339022046,104319220141,140HPW501   ,,AUTOMODE,BV141C,29,2,301802,OK,,0,0,9002102010431351067303261203608A,0020007910431251065202260940099C,0020004510431152006711261550030A,OK,OK,OK,OK,290970,2026-06-09 06:55:07,11014086.0,BABU        ,13616,104339022046,104319220141,140HPW501   ,AUTOMODE,BV141A,26,2,301802,OK,CA1,0,0,1020104313020080004674879488,OK,OK,0.39,0.41,0.5,0.39,0.42,0.5,OK,,0020004510431152006711261550030A,OK,OK,202.9,145.2,52.6,146.3,-0.0408401,2.08274,52.1886,53.2205,0.122513,1.7152,55.4932,55.9009,57.5392,2.12358,57.4372,0.285866,0,0,0,0,05ACA003,291514,2026-06-09 06:55:49,11014086.0,BABU        ,13616.0,104339022046,104319220141,140HPW501   ,AUTOMODE,BV141B,28,2.0,301802.0,OK,,,,0020004510431152006711261550030A,OK,OK,,OK,OK,291652,2026-06-09 06:57:57,11014086.0,BABU        ,13616,104339022046,104319220141,,AUTOMODE,BV141D,32,2,301802,OK,CA14,,,0020007910431251065202260940099C,,0,145.5,4.7,-113.55,50.0,134,18.6,-222.95,59.6,-222.95,-113.71,1.74257,3.09457,45.0,40.0,5.0,21.8709,52.1961,52.2712,0,0,0,0,0,0,0,0,0,0,0,1.82,0,20.0,0,360398
5039300,1,0020007910431251065202260950297A,2026-06-10 22:22:03,314116, , ,104319220141,0,0,0,0,57000,110000,0,0,120000,0,0,0,1,0:19,1011,16,25.14,307,25.14,307,6.89,347,6.89,347,0,0,0,0,0,0,0,0,15.75,340,15.75,340,13.61,239,13.61,239,10.22,177,10.22,177,0,0,0,0,0,0,0,0,0,0,0,0,UCX31_x0001_|_x0007_:, ,1.21,5,45.02,3,4.57,93,65.53,0:50      ,3,2026-06-11 21:24:38,11014981.0,MAREESWARAN ,1,104339022046,104319220141,,AUTOMODE_TS1,BV141E,45,2,,OK,,0,0,0020007910431251065202260950297A,1.17598,1.17434,1.17472,5,5,4.3625,5.185,4.895,1,1.2,1.2,1.2,1,1.2,0.5,12,0.5,12,0.5,12,292669,2026-06-11 21:22:32,11014981,MAREESWARAN ,13616,104339022046,104319220141,140HPW501   ,,AUTOMODE,BV141C,19,2,304827,OK,,0,0,9002102010431351067303261479650B,0020007910431251065202260950297A,0020004510431152006711261550831C,OK,OK,OK,OK,293929,2026-06-11 21:20:50,11014981.0,MAREESWARAN ,13616,104339022046,104319220141,140HPW501   ,AUTOMODE,BV141A,23,2,304827,OK,CA1,0,0,1020104313020080004674879488,OK,OK,0.39,0.414,0.5,0.39,0.427,0.5,OK,,0020004510431152006711261550831C,OK,OK,202.9,145.2,52.6,146.3,-0.0408363,0.653408,52.7876,53.1978,0.0408401,1.51101,55.4603,55.7712,57.7228,9.43359,57.4146,0.245029,0,0,0,0,05ACA002,294506,2026-06-11 21:21:32,11014981.0,MAREESWARAN ,13616.0,104339022046,104319220141,140HPW501   ,AUTOMODE,BV141B,28,2.0,304827.0,OK,,,,0020004510431152006711261550831C,OK,OK,,OK,OK,294630,2026-06-11 21:23:26,11014981.0,MAREESWARAN ,13616,104339022046,104319220141,,AUTOMODE,BV141D,33,2,304827,OK,CA13,,,0020007910431251065202260950297A,,0,145.1,7.1,-113.55,50.0,134,18.6,-222.95,59.6,-223.2,-113.71,0.457631,1.31934,45.0,40.3115,5.0,20.6118,51.8493,51.8893,0,0,0,0,0,0,0,0,0,0,0,1.83,0,20.0,0,364774
5029891,1,0020007910431251065202260950298A,2026-06-08 13:06:16,314116, , ,104319220141,0,0,0,0,57000,110000,0,0,120000,0,0,0,2,1:20,1011,16,19.17,169,1.51,332,17.72,190,2.82,277,0,0,0,0,0,0,0,0,33.55,167,5.05,249,9.49,38,1.62,46,9.66,165,10.79,174,0,0,0,0,0,0,0,0,0,0,0,0,UCX31_x0001_|_x0007_:, ,1.35,4.97,45.05,3,5.11,93,65.03,2:31      ,3,2026-06-09 08:51:00,11014981.0,MAREESWARAN ,1,104339022046,104319220141,,AUTOMODE_TS1,BV141E,45,1,,OK,,0,0,0020007910431251065202260950298A,1.17484,1.1775,1.17547,5,5,3.74,4.3675,5.0825,1,1.2,1.2,1.2,1,1.2,0.5,12,0.5,12,0.5,12,289814,2026-06-09 08:48:14,11014086,BABU        ,13616,104339022046,104319220141,140HPW501   ,,AUTOMODE,BV141C,17,1,301844,OK,,0,0,9002102010431351067303261203612A,0020007910431251065202260950298A,0020004510431152006711261530128B,OK,OK,OK,OK,291012,2026-06-09 08:46:40,11014086.0,BABU        ,13616,104339022046,104319220141,140HPW501   ,AUTOMODE,BV141A,23,1,301844,OK,CA1,0,0,1020104313020080004674879488,OK,OK,0.39,0.422,0.5,0.39,0.444,0.5,OK,,0020004510431152006711261530128B,OK,OK,202.9,145.2,52.6,146.3,-0.0408401,1.06179,52.0332,53.1593,0.0408363,1.38849,55.4167,55.8244,57.6767,9.80113,57.4728,0.163353,0,0,0,0,05ACA002,291556,2026-06-09 08:47:46,11014086.0,BABU        ,13616.0,104339022046,104319220141,140HPW501   ,AUTOMODE,BV141B,56,1.0,301844.0,OK,,,,0020004510431152006711261530128B,OK,OK,,OK,OK,291694,2026-06-09 08:49:50,11014086.0,BABU        ,13616,104339022046,104319220141,,AUTOMODE,BV141D,37,1,301844,OK,CA14,,,0020007910431251065202260950298A,,0,145.1,8.7,-113.55,50.0,134,18.6,-222.95,59.6,-222.95,-113.71,0.697102,1.60481,45.0,40.0,5.0,23.1073,51.8454,51.9048,0,0,0,0,0,0,0,0,0,0,0,1.83,0,20.0,0,360447
5020954,1,0020007910431251065202260950318A,2026-06-05 15:37:06,314116, , ,104319220141,0,0,0,0,57000,110000,0,0,120000,0,0,0,1,0:19,1011,16,28.9,95,28.9,95,20.47,43,20.47,43,0,0,0,0,0,0,0,0,37.82,16,37.82,16,8.71,126,8.71,126,10.1,317,10.1,317,0,0,0,0,0,0,0,0,0,0,0,0,UCX31_x0001_|_x0007_:, ,1.23,4.97,45.05,3,4.35,93,65.6,0:50      ,3,2026-06-06 09:24:46,11014086.0,BABU        ,1,104339022046,104319220141,,AUTOMODE_TS1,BV141E,45,1,,OK,,0,0,0020007910431251065202260950318A,1.17497,1.17307,1.17105,5,5,3.6875,4.38,5.035,1,1.2,1.2,1.2,1,1.2,0.5,12,0.5,12,0.5,12,286560,2026-06-06 09:22:40,11014086,BABU        ,13616,104339022046,104319220141,140HPW501   ,,AUTOMODE,BV141C,19,1,299469,OK,,0,0,9002102010431351067303261203642A,0020007910431251065202260950318A,0020004510431152006711261540360A,OK,OK,OK,OK,287741,2026-06-06 09:20:50,11014086.0,BABU        ,13616,104339022046,104319220141,140HPW501   ,AUTOMODE,BV141A,21,1,299469,OK,CA1,0,0,1020104313020080004674879488,OK,OK,0.39,0.488,0.5,0.39,0.476,0.5,OK,,0020004510431152006711261540360A,OK,OK,202.9,145.2,52.6,146.3,-0.0408363,2.73615,52.1101,53.4579,0.204189,2.24609,55.6058,56.016,56.2401,1.84807,57.5625,0.367542,0,0,0,0,05ACA005,288272,2026-06-06 09:21:30,11014086.0,BABU        ,13616.0,104339022046,104319220141,140HPW501   ,AUTOMODE,BV141B,29,1.0,299469.0,OK,,,,0020004510431152006711261540360A,OK,OK,,OK,OK,288420,2026-06-06 09:23:34,11014086.0,BABU        ,13616,104339022046,104319220141,,AUTOMODE,BV141D,33,1,299469,OK,CA14,,,0020007910431251065202260950318A,,0,145.2,5.5,-113.55,50.0,134,18.6,-222.95,59.6,-216.052,-106.71,1.11824,2.74518,45.0,40.0,5.0,18.8251,52.2965,52.3041,0,0,0,0,0,0,0,0,0,0,0,1.87,0,20.0,0,356672
5020971,1,0020007910431251065202260950360A,2026-06-05 15:41:50,314116, , ,104319220141,0,0,0,0,57000,110000,0,0,120000,0,0,0,1,0:19,1011,16,16.94,105,16.94,105,1.8,168,1.8,168,0,0,0,0,0,0,0,0,4.3,211,4.3,211,10.2,60,10.2,60,11.12,241,11.12,241,0,0,0,0,0,0,0,0,0,0,0,0,UCX31_x0001_|_x0007_:, ,1.27,4.99,44.96,3,4.58,94,65.53,0:50      ,3,2026-06-06 09:13:20,11014086.0,BABU        ,1,104339022046,104319220141,,AUTOMODE_TS1,BV141E,45,1,,OK,,0,0,0020007910431251065202260950360A,1.17193,1.16865,1.1708,5,5,4.8225,5.7175,5.0025,1,1.2,1.2,1.2,1,1.2,0.5,12,0.5,12,0.5,12,286547,2026-06-06 09:11:06,11014086,BABU        ,13616,104339022046,104319220141,140HPW501   ,,AUTOMODE,BV141C,21,1,299455,OK,,0,0,9002102010431351067303261203616A,0020007910431251065202260950360A,0020004510431152006711261540047A,OK,OK,OK,OK,287728,2026-06-06 09:09:52,11014086.0,BABU        ,13616,104339022046,104319220141,140HPW501   ,AUTOMODE,BV141A,22,1,299455,OK,CA1,0,0,1020104313020080004674879488,OK,OK,0.39,0.462,0.5,0.39,0.431,0.5,OK,,0020004510431152006711261540047A,OK,OK,202.9,145.2,52.6,146.3,0.0,1.02095,52.2886,53.2134,0.0816765,1.87855,55.4708,55.9881,57.527,1.96022,57.425,0.367542,0,0,0,0,05ACA001,288259,2026-06-06 09:10:32,11014086.0,BABU        ,13616.0,104339022046,104319220141,140HPW501   ,AUTOMODE,BV141B,31,1.0,299455.0,OK,,,,0020004510431152006711261540047A,OK,OK,,OK,OK,288407,2026-06-06 09:12:10,11014086.0,BABU        ,13616,104339022046,104319220141,,AUTOMODE,BV141D,32,1,299455,OK,CA14,,,0020007910431251065202260950360A,,0,145.1,4.9,-113.55,50.0,134,18.6,-222.95,59.6,-216.052,-106.71,0.30617,0.755297,45.0,40.0,5.0,21.5015,51.925,51.9809,0,0,0,0,0,0,0,0,0,0,0,1.64,0,20.0,0,356659
5028651,1,0020007910431251065202260950361A,2026-06-07 15:35:38,314116, , ,104319220141,0,0,0,0,57000,110000,0,0,120000,0,0,0,3,2:39,1011,16,48.11,274,2,42,30.68,271,1.99,297,0,0,0,0,0,0,0,0,55.2,256,1.46,165,11.85,173,1.87,342,8.66,274,10.12,271,0,0,0,0,0,0,0,0,0,0,0,0,UCX31_x0001_|_x0007_:, ,1.27,4.94,45.39,3,4.34,93,64.84,3:11      ,3,2026-06-09 07:16:21,11014981.0,MAREESWARAN ,1,104339022046,104319220141,,AUTOMODE_TS1,BV141E2,38,2,,OK,,0,0,0020007910431251065202260950361A,1.15597,1.15698,1.16277,5,5,2.97485,6.68623,3.03473,1,1.2,1.2,1.2,1,1.2,0.5,12,0.5,12,0.5,12,289787,2026-06-09 07:14:17,11014086,BABU        ,13616,104339022046,104319220141,140HPW501   ,,AUTOMODE,BV141C,35,2,301817,OK,,0,0,9002102010431351067303261203542A,0020007910431251065202260950361A,0020004510431152006711261550062A,OK,OK,OK,OK,290985,2026-06-09 07:08:29,11014086.0,BABU        ,13616,104339022046,104319220141,140HPW501   ,AUTOMODE,BV141A,21,2,301817,OK,CA1,0,0,1020104313020080004674879488,OK,OK,0.39,0.428,0.5,0.39,0.41,0.5,OK,,0020004510431152006711261550062A,OK,OK,202.9,145.2,52.6,146.3,0.0,1.30682,52.1074,52.9278,0.122517,2.32777,55.3865,55.7967,57.7432,9.51527,57.3356,0.449219,0,0,0,0,05ACA006,291529,2026-06-09 07:13:07,11014086.0,BABU        ,13616.0,104339022046,104319220141,140HPW501   ,AUTOMODE,BV141B,29,2.0,301817.0,OK,,,,0020004510431152006711261550062A,OK,OK,,OK,OK,291667,2026-06-09 07:15:17,11014086.0,BABU        ,13616,104339022046,104319220141,,AUTOMODE,BV141D,32,2,301817,OK,CA14,,,0020007910431251065202260950361A,,0,145.2,4.2,-113.55,50.0,134,18.6,-222.95,59.6,-222.95,-113.71,0.158318,1.09709,44.9226,40.0,5.0,17.3097,51.8029,51.8083,0,0,0,0,0,0,0,0,0,0,0,1.91,0,20.0,0,360413
5029145,1,0020007910431251065202260950765B,2026-06-08 08:56:26,314116, , ,104319220141,0,0,0,0,57000,110000,0,0,120000,0,0,0,2,1:20,1011,16,14.52,74,6.67,81,12.32,179,2.26,226,0,0,0,0,0,0,0,0,24.91,156,5.07,196,15.91,1,5.48,28,9.31,181,10.71,192,0,0,0,0,0,0,0,0,0,0,0,0,UCX31_x0001_|_x0007_:, ,1.35,4.97,45.02,3,4.42,93,65.03,1:53      ,3,2026-06-09 08:45:38,11014981.0,MAREESWARAN ,1,104339022046,104319220141,,AUTOMODE_TS1,BV141E,44,1,,OK,,0,0,0020007910431251065202260950765B,1.17876,1.17497,1.17509,5,5,3.92,5.7275,4.815,1,1.2,1.2,1.2,1,1.2,0.5,12,0.5,12,0.5,12,289808,2026-06-09 08:43:36,11014086,BABU        ,13616,104339022046,104319220141,140HPW501   ,,AUTOMODE,BV141C,19,1,301838,OK,,0,0,9002102010431351067303261203633A,0020007910431251065202260950765B,0020004510431152006711261510056A,OK,OK,OK,OK,291006,2026-06-09 08:42:20,11014086.0,BABU        ,13616,104339022046,104319220141,140HPW501   ,AUTOMODE,BV141A,26,1,301838,OK,CA1,0,0,1020104313020080004674879488,OK,OK,0.39,0.426,0.5,0.39,0.444,0.5,OK,,0020004510431152006711261510056A,OK,OK,202.9,145.2,52.6,146.3,-0.0408401,1.14346,52.4001,53.2205,0.0408363,1.55185,55.5823,55.7887,56.2401,1.17257,57.4295,0.285866,0,0,0,0,05ACA001,291550,2026-06-09 08:43:02,11014086.0,BABU        ,13616.0,104339022046,104319220141,140HPW501   ,AUTOMODE,BV141B,28,1.0,301838.0,OK,,,,0020004510431152006711261510056A,OK,OK,,OK,OK,291688,2026-06-09 08:44:26,11014086.0,BABU        ,13616,104339022046,104319220141,,AUTOMODE,BV141D,38,1,301838,OK,CA14,,,0020007910431251065202260950765B,,0,145.6,8.7,-113.55,50.0,134,18.6,-222.95,59.6,-222.95,-113.71,0.170207,0.618202,45.0,40.1265,5.0,22.1046,52.0546,52.0678,0,0,0,0,0,0,0,0,0,0,0,1.88,0,20.0,0,360441
5016479,1,0020007910431251065202260950804B,2026-06-04 08:33:31,314116, , ,104319220141,0,0,0,0,57000,110000,0,0,120000,0,0,0,2,1:35,1011,16,34.94,343,11.65,109,28.28,329,5.33,76,0,0,0,0,0,0,0,0,50.63,310,5.56,84,4.22,197,4.28,53,9.01,344,10.85,340,0,0,0,0,0,0,0,0,0,0,0,0,UCX31_x0001_|_x0007_:, ,1.26,4.92,44.99,3,4.28,93,64.88,2:06      ,3,2026-06-10 21:27:16,11014981.0,MAREESWARAN ,1,104339022046,104319220141,,AUTOMODE_TS1,BV141E2,38,2,,OK,,0,0,0020007910431251065202260950804B,1.14755,1.15069,1.15195,5,5,1.70778,4.38084,1.91377,1,1.2,1.2,1.2,1,1.2,0.5,12,0.5,12,0.5,12,291560,2026-06-10 21:21:42,10001033,SAKTHI VIJAY,13616,104339022046,104319220141,140HPW501   ,,AUTOMODE,BV141C,26,2,303668,OK,,0,0,9002102010431351067303261500579B,0020007910431251065202260950804B,0020004510431152006711261550981C,OK,OK,OK,OK,292791,2026-06-10 21:19:08,10001033.0,SAKTHI VIJAY,13616,104339022046,104319220141,140HPW501   ,AUTOMODE,BV141A,21,2,303668,OK,CA1,0,0,1020104313020080004674879488,OK,OK,0.39,0.408,0.5,0.39,0.427,0.5,OK,,0020004510431152006711261550981C,OK,OK,202.9,145.2,52.6,146.3,-0.0408401,2.36861,52.3922,53.3171,0.245026,2.8995,55.3757,55.9898,56.2401,2.36069,57.4344,0.571732,0,0,0,0,05ACA005,293354,2026-06-10 21:19:48,10001033.0,SAKTHI VIJAY,13616.0,104339022046,104319220141,140HPW501   ,AUTOMODE,BV141B,28,2.0,303668.0,OK,,,,0020004510431152006711261550981C,OK,OK,,OK,OK,293483,2026-06-10 21:26:12,10001033.0,SAKTHI VIJAY,13616,104339022046,104319220141,,AUTOMODE,BV141D,37,2,303668,OK,CA14,,,0020007910431251065202260950804B,,0,145.0,5.3,-113.55,50.0,134,18.6,-222.95,59.6,-222.95,-113.71,2.84016,3.47514,45.0,40.0,5.0,21.5769,50.5517,52.409,0,0,0,0,0,0,0,0,0,0,0,1.7,0,20.0,0,362958
5028807,1,0020007910431251065202260950859B,2026-06-07 16:17:59,314116, , ,104319220141,0,0,0,0,57000,110000,0,0,120000,0,0,0,2,1:35,1011,16,33.81,343,21.2,65,28.08,282,5.82,23,0,0,0,0,0,0,0,0,52.22,257,9.15,13,13.8,21,7.32,24,9.98,229,12.07,241,0,0,0,0,0,0,0,0,0,0,0,0,UCX31_x0001_|_x0007_:, ,1.42,4.8,45.89,3,4.82,93,64.88,2:11      ,3,2026-06-09 06:54:37,11014981.0,MAREESWARAN ,1,104339022046,104319220141,,AUTOMODE_TS1,BV141E,44,2,,OK,,0,0,0020007910431251065202260950859B,1.17813,1.17484,1.17547,5,5,4.3625,4.4825,6.185,1,1.2,1.2,1.2,1,1.2,0.5,12,0.5,12,0.5,12,289767,2026-06-09 06:52:11,11014086,BABU        ,13616,104339022046,104319220141,140HPW501   ,,AUTOMODE,BV141C,19,2,301797,OK,,0,0,9002102010431351067303261203556A,0020007910431251065202260950859B,0020004510431152006711261490205C,OK,OK,OK,OK,290965,2026-06-09 06:50:41,11014981.0,MAREESWARAN ,13616,104339022046,104319220141,140HPW501   ,AUTOMODE,BV141A,85,2,301797,OK,CA1,0,0,1020104313020080004674879488,OK,OK,0.39,0.418,0.5,0.39,0.438,0.5,OK,,0020004510431152006711261490205C,OK,OK,202.9,145.2,52.6,146.3,-0.0408401,0.367542,52.3153,53.1331,0.0408363,1.26598,54.881,55.8033,57.6505,2.65447,57.5486,0.163353,0,0,0,0,05ACA007,291509,2026-06-09 06:51:21,11014086.0,BABU        ,13616.0,104339022046,104319220141,140HPW501   ,AUTOMODE,BV141B,28,2.0,301797.0,OK,,,,0020004510431152006711261490205C,OK,OK,,OK,OK,291647,2026-06-09 06:53:31,11014086.0,BABU        ,13616,104339022046,104319220141,,AUTOMODE,BV141D,32,2,301797,OK,CA14,,,0020007910431251065202260950859B,,0,145.0,4.6,-113.55,50.0,134,18.6,-222.95,59.6,-222.95,-113.71,-0.0150757,-0.00753784,40.05,41.631,5.0,14.4524,52.3102,52.3015,0,0,0,0,0,0,0,0,0,0,0,1.95,0,20.0,0,360393
5029839,1,0020007910431251065202260950872B,2026-06-08 12:51:12,314116, , ,104319220141,0,0,0,0,57000,110000,0,0,120000,0,0,0,2,1:25,1011,16,22.13,304,16.34,37,17.47,253,3.17,335,0,0,0,0,0,0,0,0,31.88,229,4.62,326,5.25,346,6.65,357,8.96,226,10.66,232,0,0,0,0,0,0,0,0,0,0,0,0,UCX31_x0001_|_x0007_:, ,1.25,4.95,45.1,3,4.34,93,64.99,1:56      ,3,2026-06-09 08:46:18,11014981.0,MAREESWARAN ,1,104339022046,104319220141,,AUTOMODE_TS1,BV141E2,38,1,,OK,,0,0,0020007910431251065202260950872B,1.14503,1.14805,1.16226,5,5,2.69222,6.0503,3.12695,1,1.2,1.2,1.2,1,1.2,0.5,12,0.5,12,0.5,12,289809,2026-06-09 08:44:18,11014086,BABU        ,13616,104339022046,104319220141,140HPW501   ,,AUTOMODE,BV141C,20,1,301839,OK,,0,0,9002102010431351067303261203635A,0020007910431251065202260950872B,0020004510431152006711261510052C,OK,OK,OK,OK,291007,2026-06-09 08:43:08,11014086.0,BABU        ,13616,104339022046,104319220141,140HPW501   ,AUTOMODE,BV141A,23,1,301839,OK,CA1,0,0,1020104313020080004674879488,OK,OK,0.39,0.421,0.5,0.39,0.408,0.5,OK,,0020004510431152006711261510052C,OK,OK,202.9,145.2,52.6,146.3,-0.0408401,1.06179,52.0485,52.8689,0.0408363,1.79688,55.2308,55.7429,57.794,10.8221,57.3863,0.245026,0,0,0,0,05ACA004,291551,2026-06-09 08:43:46,11014086.0,BABU        ,13616.0,104339022046,104319220141,140HPW501   ,AUTOMODE,BV141B,29,1.0,301839.0,OK,,,,0020004510431152006711261510052C,OK,OK,,OK,OK,291689,2026-06-09 08:45:14,11014086.0,BABU        ,13616,104339022046,104319220141,,AUTOMODE,BV141D,37,1,301839,OK,CA14,,,0020007910431251065202260950872B,,0,145.0,8.4,-113.55,50.0,134,18.6,-222.95,59.6,-222.95,-113.71,0.300052,1.24395,45.0,40.0679,5.0,21.2753,52.1524,52.2431,0,0,0,0,0,0,0,0,0,0,0,1.88,0,20.0,0,360442
5020952,1,0020007910431251065202260950893B,2026-06-05 15:36:14,314116, , ,104319220141,0,0,0,0,57000,110000,0,0,120000,0,0,0,2,1:35,1011,16,28.88,256,19.15,49,28.99,252,6.65,36,0,0,0,0,0,0,0,0,55.96,233,9.21,44,11.58,91,7.04,344,8.4,263,11.05,269,0,0,0,0,0,0,0,0,0,0,0,0,UCX31_x0001_|_x0007_:, ,1.34,5.04,45.1,3,4.85,93,64.82,2:06      ,3,2026-06-06 09:23:54,11014086.0,BABU        ,1,104339022046,104319220141,,AUTOMODE_TS1,BV141E2,38,1,,OK,,0,0,0020007910431251065202260950893B,1.14805,1.15384,1.16201,5,5,2.59281,6.01796,2.93054,1,1.2,1.2,1.2,1,1.2,0.5,12,0.5,12,0.5,12,286559,2026-06-06 09:22:06,11014086,BABU        ,13616,104339022046,104319220141,140HPW501   ,,AUTOMODE,BV141C,26,1,299468,OK,,0,0,9002102010431351067303261203631A,0020007910431251065202260950893B,0020004510431152006711261540336A,OK,OK,OK,OK,287740,2026-06-06 09:20:10,11014086.0,BABU        ,13616,104339022046,104319220141,140HPW501   ,AUTOMODE,BV141A,21,1,299468,OK,CA1,0,0,1020104313020080004674879488,OK,OK,0.39,0.457,0.5,0.39,0.465,0.5,OK,,0020004510431152006711261540336A,OK,OK,202.9,145.2,52.6,146.3,0.0,1.59268,52.1047,53.3429,0.122513,2.08274,55.5927,56.2067,56.2401,2.03053,57.5341,0.449219,0,0,0,0,05ACA003,288271,2026-06-06 09:20:48,11014086.0,BABU        ,13616.0,104339022046,104319220141,140HPW501   ,AUTOMODE,BV141B,29,1.0,299468.0,OK,,,,0020004510431152006711261540336A,OK,OK,,OK,OK,288419,2026-06-06 09:22:50,11014086.0,BABU        ,13616,104339022046,104319220141,,AUTOMODE,BV141D,33,1,299468,OK,CA14,,,0020007910431251065202260950893B,,0,145.0,5.5,-113.55,50.0,134,18.6,-222.95,59.6,-216.052,-106.71,0.592429,1.94481,45.0,40.0,5.0,19.0663,52.3277,52.3624,0,0,0,0,0,0,0,0,0,0,0,1.74,0,20.0,0,356671
5029372,1,0020007910431251065202260951044B,2026-06-08 10:11:40,314116, , ,104319220141,0,0,0,0,57000,110000,0,0,120000,0,0,0,1,0:19,1011,16,41.19,343,41.19,343,15.94,334,15.94,334,0,0,0,0,0,0,0,0,22.03,317,22.03,317,15.12,298,15.12,298,10.42,145,10.42,145,0,0,0,0,0,0,0,0,0,0,0,0,UCX31_x0001_|_x0007_:, ,1.33,5.04,45.02,3,4.86,93,65.53,0:50      ,3,2026-06-09 08:40:54,11014981.0,MAREESWARAN ,1,104339022046,104319220141,,AUTOMODE_TS1,BV141E2,38,1,,OK,,0,0,0020007910431251065202260951044B,1.16704,1.14553,1.16629,5,5,4.15329,7.92575,4.31617,1,1.2,1.2,1.2,1,1.2,0.5,12,0.5,12,0.5,12,289803,2026-06-09 08:39:02,11014086,BABU        ,13616,104339022046,104319220141,140HPW501   ,,AUTOMODE,BV141C,20,1,301833,OK,,0,0,9002102010431351067303261203597A,0020007910431251065202260951044B,0020004510431152006711261510048A,OK,OK,OK,OK,291001,2026-06-09 08:37:40,11014086.0,BABU        ,13616,104339022046,104319220141,140HPW501   ,AUTOMODE,BV141A,22,1,301833,OK,CA1,0,0,1020104313020080004674879488,OK,OK,0.39,0.423,0.5,0.39,0.419,0.5,OK,,0020004510431152006711261510048A,OK,OK,202.9,145.2,52.6,146.3,0.0,1.30682,52.0766,52.8996,0.122517,1.59269,55.0551,55.6666,57.6233,10.9038,57.2131,0.285866,0,0,0,0,05ACA006,291545,2026-06-09 08:38:22,11014086.0,BABU        ,13616.0,104339022046,104319220141,140HPW501   ,AUTOMODE,BV141B,28,1.0,301833.0,OK,,,,0020004510431152006711261510048A,OK,OK,,OK,OK,291683,2026-06-09 08:39:52,11014086.0,BABU        ,13616,104339022046,104319220141,,AUTOMODE,BV141D,37,1,301833,OK,CA14,,,0020007910431251065202260951044B,,0,145.1,8.6,-113.55,50.0,134,18.6,-222.95,59.6,-222.95,-113.71,0.153382,0.663437,45.0,40.2405,5.0,19.775,51.8692,51.953,0,0,0,0,0,0,0,0,0,0,0,1.95,0,20.0,0,360436
5022994,1,0020007910431251065202260951066B,2026-06-06 03:45:53,314116, , ,104319220141,0,0,0,0,57000,110000,0,0,120000,0,0,0,1,0:20,1011,16,40.47,264,40.47,264,20.15,247,20.15,247,0,0,0,0,0,0,0,0,31.78,226,31.78,226,9.2,216,9.2,216,10.95,66,10.95,66,0,0,0,0,0,0,0,0,0,0,0,0,UCX31_x0001_|_x0007_:, ,1.18,4.94,45.02,3,4.23,93,65.53,0:51      ,3,2026-06-09 08:54:44,11014981.0,MAREESWARAN ,1,104339022046,104319220141,,AUTOMODE_TS1,BV141E,45,1,,OK,,0,0,0020007910431251065202260951066B,1.17573,1.17396,1.17434,5,5,4.97,5.2925,5.025,1,1.2,1.2,1.2,1,1.2,0.5,12,0.5,12,0.5,12,289818,2026-06-09 08:52:34,11014086,BABU        ,13616,104339022046,104319220141,140HPW501   ,,AUTOMODE,BV141C,55,1,301848,OK,,0,0,9002102010431351067303261203598A,0020007910431251065202260951066B,0020004510431152006711261530146B,OK,OK,OK,OK,291016,2026-06-09 08:50:10,11014086.0,BABU        ,13616,104339022046,104319220141,140HPW501   ,AUTOMODE,BV141A,22,1,301848,OK,CA1,0,0,1020104313020080004674879488,OK,OK,0.39,0.43,0.5,0.39,0.419,0.5,OK,,0020004510431152006711261530146B,OK,OK,202.9,145.2,52.6,146.3,0.0,0.980114,52.1173,53.0422,0.0816765,1.75604,55.3098,55.618,57.5748,3.34872,57.1621,0.326706,0,0,0,0,05ACA010,291560,2026-06-09 08:50:52,11014086.0,BABU        ,13616.0,104339022046,104319220141,140HPW501   ,AUTOMODE,BV141B,28,1.0,301848.0,OK,,,,0020004510431152006711261530146B,OK,OK,,OK,OK,291698,2026-06-09 08:53:22,11014086.0,BABU        ,13616,104339022046,104319220141,,AUTOMODE,BV141D,37,1,301848,OK,CA14,,,0020007910431251065202260951066B,,0,145.1,8.6,-113.55,50.0,134,18.6,-222.95,59.6,-222.95,-113.71,0.542647,0.866993,45.0,41.3437,5.0,22.851,52.1209,52.1641,0,0,0,0,0,0,0,0,0,0,0,1.91,0,20.0,0,360451
5023038,1,0020007910431251065202260951072B,2026-06-06 04:03:05,314116, , ,104319220141,0,0,0,0,57000,110000,0,0,120000,0,0,0,2,1:25,1011,16,27.12,236,7.57,20,20.77,231,2.7,26,0,0,0,0,0,0,0,0,41.13,218,8.79,351,8.98,110,1.54,242,9,322,11.03,316,0,0,0,0,0,0,0,0,0,0,0,0,UCX31_x0001_|_x0007_:, ,1.32,5.02,44.99,3,4.46,93,64.88,1:57      ,3,2026-06-08 17:45:05,11014981.0,MAREESWARAN ,1,104339022046,104319220141,,AUTOMODE_TS1,BV141E,44,1,,OK,,0,0,0020007910431251065202260951072B,1.17649,1.17193,1.17547,5,5,4.4,5.92,5.0375,1,1.2,1.2,1.2,1,1.2,0.5,12,0.5,12,0.5,12,289159,2026-06-08 17:43:13,11014981,MAREESWARAN ,13616,104339022046,104319220141,140HPW501   ,,AUTOMODE,BV141C,22,1,301175,OK,,0,0,9002102010431351067303261479096A,0020007910431251065202260951072B,0020004510431152006711261540652B,OK,OK,OK,OK,290348,2026-06-08 17:39:53,11014981.0,MAREESWARAN ,13616,104339022046,104319220141,140HPW501   ,AUTOMODE,BV141A,22,1,301175,OK,CA1,0,0,1020104313020080004674879488,OK,OK,0.39,0.439,0.5,0.39,0.436,0.5,OK,,0020004510431152006711261540652B,OK,OK,202.9,145.2,52.6,146.3,0.0,1.79688,52.1139,53.0363,0.122513,2.0419,55.3064,55.7166,57.7677,12.3331,57.36,0.326706,0,0,0,0,05ACA002,290890,2026-06-08 17:40:37,11014981.0,MAREESWARAN ,13616.0,104339022046,104319220141,140HPW501   ,AUTOMODE,BV141B,29,1.0,301175.0,OK,,,,0020004510431152006711261540652B,OK,OK,,OK,OK,291030,2026-06-08 17:43:57,11014981.0,MAREESWARAN ,13616,104339022046,104319220141,,AUTOMODE,BV141D,34,1,301175,OK,CA13,,,0020007910431251065202260951072B,,0,145.5,5.4,-113.55,50.0,134,18.6,-222.95,59.6,-222.95,-113.71,0.710109,2.14472,45.0,40.0,5.0,22.7303,51.8327,51.8698,0,0,0,0,0,0,0,0,0,0,0,1.58,0,20.0,0,359375
5022372,1,0020007910431251065202260951096C,2026-06-05 23:49:07,314116, , ,104319220141,0,0,0,0,57000,110000,0,0,120000,0,0,0,1,0:19,1011,16,18.32,290,18.32,290,13.16,234,13.16,234,0,0,0,0,0,0,0,0,22.06,201,22.06,201,6.97,312,6.97,312,11.26,111,11.26,111,0,0,0,0,0,0,0,0,0,0,0,0,UCX31_x0001_|_x0007_:, ,1.26,5.06,45.02,3,3.97,93,65.53,0:50      ,3,2026-06-08 17:44:19,11014981.0,MAREESWARAN ,1,104339022046,104319220141,,AUTOMODE_TS1,BV141E2,38,1,,OK,,0,0,0020007910431251065202260951096C,1.1566,1.16289,1.16277,5,5,2.46228,6.45868,3.23713,1,1.2,1.2,1.2,1,1.2,0.5,12,0.5,12,0.5,12,289158,2026-06-08 17:41:59,11014981,MAREESWARAN ,13616,104339022046,104319220141,140HPW501   ,,AUTOMODE,BV141C,19,1,301174,OK,,0,0,9002102010431351067303261490187B,0020007910431251065202260951096C,0020004510431152006711261540621B,OK,OK,OK,OK,290347,2026-06-08 17:39:03,11014981.0,MAREESWARAN ,13616,104339022046,104319220141,140HPW501   ,AUTOMODE,BV141A,23,1,301174,OK,CA1,0,0,1020104313020080004674879488,OK,OK,0.39,0.447,0.5,0.39,0.432,0.5,OK,,0020004510431152006711261540621B,OK,OK,202.9,145.2,52.6,146.3,-0.0408363,1.55185,52.0809,53.5154,0.122517,1.7152,55.6811,56.1983,56.2401,1.63139,57.7346,0.245029,0,0,0,0,05ACA005,290889,2026-06-08 17:39:45,11014981.0,MAREESWARAN ,13616.0,104339022046,104319220141,140HPW501   ,AUTOMODE,BV141B,30,1.0,301174.0,OK,,,,0020004510431152006711261540621B,OK,OK,,OK,OK,291029,2026-06-08 17:43:11,11014981.0,MAREESWARAN ,13616,104339022046,104319220141,,AUTOMODE,BV141D,34,1,301174,OK,CA13,,,0020007910431251065202260951096C,,0,145.0,5.2,-113.55,50.0,134,18.6,-222.95,59.6,-222.95,-113.71,1.44817,3.71815,45.0,40.0,5.0,21.1094,52.094,52.2281,0,0,0,0,0,0,0,0,0,0,0,1.59,0,20.0,0,359374
5023161,1,0020007910431251065202260951108C,2026-06-06 05:08:09,314116, , ,104319220141,0,0,0,0,57000,110000,0,0,120000,0,0,0,2,1:26,1011,16,22.25,322,1.25,212,16.95,341,2.23,82,0,0,0,0,0,0,0,0,31.75,329,5.59,85,11.3,212,2.27,262,7.83,56,10.53,61,0,0,0,0,0,0,0,0,0,0,0,0,UCX31_x0001_|_x0007_:, ,1.33,5.02,44.99,3,4.58,93,65.03,1:57      ,3,2026-06-09 08:55:22,11014981.0,MAREESWARAN ,1,104339022046,104319220141,,AUTOMODE_TS1,BV141E2,38,1,,OK,,0,0,0020007910431251065202260951108C,1.15925,1.14881,1.14893,5,5,3.12335,7.62036,3.92216,1,1.2,1.2,1.2,1,1.2,0.5,12,0.5,12,0.5,12,289819,2026-06-09 08:53:28,11014086,BABU        ,13616,104339022046,104319220141,140HPW501   ,,AUTOMODE,BV141C,39,1,301849,OK,,0,0,9002102010431351067303261203632A,0020007910431251065202260951108C,0020004510431152006711261460109A,OK,OK,OK,OK,291017,2026-06-09 08:50:52,11014086.0,BABU        ,13616,104339022046,104319220141,140HPW501   ,AUTOMODE,BV141A,23,1,301849,OK,CA1,0,0,1020104313020080004674879488,OK,OK,0.39,0.412,0.5,0.39,0.439,0.5,OK,,0020004510431152006711261460109A,OK,OK,202.9,145.2,52.6,146.3,-0.0408401,1.1843,52.0281,52.8536,0.0408363,1.55185,55.2206,55.5288,57.6869,12.4556,57.1773,0.245026,0,0,0,0,05ACA006,291561,2026-06-09 08:51:34,11014086.0,BABU        ,13616.0,104339022046,104319220141,140HPW501   ,AUTOMODE,BV141B,28,1.0,301849.0,OK,,,,0020004510431152006711261460109A,OK,OK,,OK,OK,291699,2026-06-09 08:54:18,11014086.0,BABU        ,13616,104339022046,104319220141,,AUTOMODE,BV141D,37,1,301849,OK,CA14,,,0020007910431251065202260951108C,,0,145.0,8.0,-113.55,50.0,134,18.6,-222.95,59.6,-222.95,-113.71,0.407673,1.7566,45.0,40.2507,5.0,18.9382,51.8533,51.8666,0,0,0,0,0,0,0,0,0,0,0,1.83,0,20.0,0,360452
5033552,1,0020007910431251065202260951133C,2026-06-09 11:48:01,314116, , ,104319220141,0,0,0,0,57000,110000,0,0,120000,0,0,0,1,0:19,1011,16,56.39,32,56.39,32,17.25,23,17.25,23,0,0,0,0,0,0,0,0,25.45,5,25.45,5,20.74,350,20.74,350,11.82,197,11.82,197,0,0,0,0,0,0,0,0,0,0,0,0,UCX31_x0001_|_x0007_:, ,1.32,5.02,45.89,3,4.43,93,65.53,0:50      ,3,2026-06-10 19:17:54,11014981.0,MAREESWARAN ,1,104339022046,104319220141,,AUTOMODE_TS1,BV141E2,38,1,,OK,,0,0,0020007910431251065202260951133C,1.16704,1.15321,1.14704,5,5,3.90419,8.08982,3.9509,1,1.2,1.2,1.2,1,1.2,0.5,12,0.5,12,0.5,12,291525,2026-06-10 19:14:46,11014981,MAREESWARAN ,13616,104339022046,104319220141,140HPW501   ,,AUTOMODE,BV141C,22,1,303624,OK,,0,0,9002102010431351067303261499997A,0020007910431251065202260951133C,0020004510431152006711261530338B,OK,OK,OK,OK,292747,2026-06-10 19:13:34,11014981.0,MAREESWARAN ,13616,104339022046,104319220141,140HPW501   ,AUTOMODE,BV141A,22,1,303624,OK,CA1,0,0,1020104313020080004674879488,OK,OK,0.39,0.417,0.5,0.39,0.433,0.5,OK,,0020004510431152006711261530338B,OK,OK,202.9,145.2,52.6,146.3,-0.0408401,1.38849,52.0966,52.9196,0.0816765,1.38849,54.9884,55.5031,57.5643,9.47443,57.256,0.163353,0,0,0,0,05ACA006,293310,2026-06-10 19:14:14,11014981.0,MAREESWARAN ,13616.0,104339022046,104319220141,140HPW501   ,AUTOMODE,BV141B,30,1.0,303624.0,OK,,,,0020004510431152006711261530338B,OK,OK,,OK,OK,293439,2026-06-10 19:16:50,11014981.0,MAREESWARAN ,13616,104339022046,104319220141,,AUTOMODE,BV141D,31,1,303624,OK,CA13,,,0020007910431251065202260951133C,,0,145.3,5.4,-113.55,50.0,134,18.6,-222.95,59.6,-223.2,-113.71,0.801029,2.98026,45.0,40.0,5.0,20.7476,51.861,51.9461,0,0,0,0,0,0,0,0,0,0,0,1.63,0,20.0,0,362632
5029881,1,0020007910431251065202260951264C,2026-06-08 13:03:45,314116, , ,104319220141,0,0,0,0,57000,110000,0,0,120000,0,0,0,1,0:19,1011,16,25.92,340,25.92,340,8.52,319,8.52,319,0,0,0,0,0,0,0,0,17,306,17,306,7.84,281,7.84,281,11.61,253,11.61,253,0,0,0,0,0,0,0,0,0,0,0,0,UCX31_x0001_|_x0007_:, ,1.24,4.97,45.02,3,4.82,93,65.53,0:50      ,3,2026-06-09 08:40:10,11014981.0,MAREESWARAN ,1,104339022046,104319220141,,AUTOMODE_TS1,BV141E,45,1,,OK,,0,0,0020007910431251065202260951264C,1.178,1.17472,1.17598,5,5,4.7975,4.665,4.9025,1,1.2,1.2,1.2,1,1.2,0.5,12,0.5,12,0.5,12,289802,2026-06-09 08:38:10,11014086,BABU        ,13616,104339022046,104319220141,140HPW501   ,,AUTOMODE,BV141C,20,1,301832,OK,,0,0,9002102010431351067303261203562A,0020007910431251065202260951264C,0020004510431152006711261540598C,OK,OK,OK,OK,291000,2026-06-09 08:37:00,11014086.0,BABU        ,13616,104339022046,104319220141,140HPW501   ,AUTOMODE,BV141A,44,1,301832,OK,CA1,0,0,1020104313020080004674879488,OK,OK,0.39,0.418,0.5,0.39,0.43,0.5,OK,,0020004510431152006711261540598C,OK,OK,202.9,145.2,52.6,146.3,0.0,1.30682,52.0838,53.1106,0.0816765,1.59269,55.5948,56.0076,56.2401,1.31313,57.3401,0.367542,0,0,0,0,05ACA010,291544,2026-06-09 08:37:40,11014086.0,BABU        ,13616.0,104339022046,104319220141,140HPW501   ,AUTOMODE,BV141B,29,1.0,301832.0,OK,,,,0020004510431152006711261540598C,OK,OK,,OK,OK,291682,2026-06-09 08:39:00,11014086.0,BABU        ,13616,104339022046,104319220141,,AUTOMODE,BV141D,38,1,301832,OK,CA14,,,0020007910431251065202260951264C,,0,145.6,8.7,-113.55,50.0,134,18.6,-222.95,59.6,-222.95,-113.71,0.162524,0.542812,45.0,41.4835,5.0,19.4584,52.2538,52.1921,0,0,0,0,0,0,0,0,0,0,0,2.06,0,20.0,0,360435
5029251,1,0020007910431251065202260951394C,2026-06-08 09:34:38,314116, , ,104319220141,0,0,0,0,57000,110000,0,0,120000,0,0,0,2,1:20,1011,16,23.54,132,6.17,218,15.51,118,3.6,158,0,0,0,0,0,0,0,0,24.94,102,5.23,170,4.58,48,1.46,156,9.66,104,10.44,103,0,0,0,0,0,0,0,0,0,0,0,0,UCX31_x0001_|_x0007_:, ,1.4,4.91,45.1,3,4.62,93,64.94,1:51      ,3,2026-06-09 08:58:34,11014981.0,MAREESWARAN ,1,104339022046,104319220141,,AUTOMODE_TS1,BV141E2,38,1,,OK,,0,0,0020007910431251065202260951394C,1.14881,1.16428,1.16654,5,5,2.0479,5.11377,2.5006,1,1.2,1.2,1.2,1,1.2,0.5,12,0.5,12,0.5,12,289823,2026-06-09 08:56:20,11014086,BABU        ,13616,104339022046,104319220141,140HPW501   ,,AUTOMODE,BV141C,22,1,301853,OK,,0,0,9002102010431351067303261203599A,0020007910431251065202260951394C,0020004510431152006711261540293A,OK,OK,OK,OK,291021,2026-06-09 08:54:14,11014086.0,BABU        ,13616,104339022046,104319220141,140HPW501   ,AUTOMODE,BV141A,34,1,301853,OK,CA1,0,0,1020104313020080004674879488,OK,OK,0.39,0.419,0.5,0.39,0.428,0.5,OK,,0020004510431152006711261540293A,OK,OK,202.9,145.2,52.6,146.3,0.0,0.939278,52.0992,53.2279,0.0816765,2.12358,55.4828,56.1019,56.2401,1.8467,57.6332,0.326706,0,0,0,0,05ACA007,291565,2026-06-09 08:54:56,11014086.0,BABU        ,13616.0,104339022046,104319220141,140HPW501   ,AUTOMODE,BV141B,29,1.0,301853.0,OK,,,,0020004510431152006711261540293A,OK,OK,,OK,OK,291703,2026-06-09 08:57:32,11014086.0,BABU        ,13616,104339022046,104319220141,,AUTOMODE,BV141D,37,1,301853,OK,CA14,,,0020007910431251065202260951394C,,0,145.7,8.7,-113.55,50.0,134,18.6,-222.95,59.6,-222.95,-113.71,0.192114,0.731293,45.0,41.2576,5.0,21.2677,52.3677,52.3601,0,0,0,0,0,0,0,0,0,0,0,2.31,0,20.0,0,360456
5029550,1,0020007910431251065202260951421C,2026-06-08 11:02:30,314116, , ,104319220141,0,0,0,0,57000,110000,0,0,120000,0,0,0,2,1:17,1011,16,24.31,41,11.35,66,2.88,71,2.29,190,0,0,0,0,0,0,0,0,7.83,46,2.1,160,10.99,346,6.04,14,9.66,177,10.94,180,0,0,0,0,0,0,0,0,0,0,0,0,UCX31_x0001_|_x0007_:, ,1.29,4.97,45.05,3,4.4,93,65.03,1:48      ,3,2026-06-09 08:42:44,11014981.0,MAREESWARAN ,1,104339022046,104319220141,,AUTOMODE_TS1,BV141E2,38,1,,OK,,0,0,0020007910431251065202260951421C,1.15233,1.15635,1.14767,5,5,2.71257,6.33772,3.07305,1,1.2,1.2,1.2,1,1.2,0.5,12,0.5,12,0.5,12,289805,2026-06-09 08:40:40,11014086,BABU        ,13616,104339022046,104319220141,140HPW501   ,,AUTOMODE,BV141C,22,1,301835,OK,,0,0,9002102010431351067303261203611A,0020007910431251065202260951421C,0020004510431152006711261530107B,OK,OK,OK,OK,291003,2026-06-09 08:39:12,11014086.0,BABU        ,13616,104339022046,104319220141,140HPW501   ,AUTOMODE,BV141A,23,1,301835,OK,CA1,0,0,1020104313020080004674879488,OK,OK,0.39,0.422,0.5,0.39,0.439,0.5,OK,,0020004510431152006711261530107B,OK,OK,202.9,145.2,52.6,146.3,-0.0408401,1.47017,52.115,53.4526,0.0816765,1.83771,55.6209,56.1304,57.7789,4.41051,57.5751,0.326702,0,0,0,0,05ACA005,291547,2026-06-09 08:39:54,11014086.0,BABU        ,13616.0,104339022046,104319220141,140HPW501   ,AUTOMODE,BV141B,28,1.0,301835.0,OK,,,,0020004510431152006711261530107B,OK,OK,,OK,OK,291685,2026-06-09 08:41:42,11014086.0,BABU        ,13616,104339022046,104319220141,,AUTOMODE,BV141D,37,1,301835,OK,CA14,,,0020007910431251065202260951421C,,0,145.8,8.3,-113.55,50.0,134,18.6,-222.95,59.6,-222.95,-113.71,0.633771,1.51535,45.0,40.3603,5.0,22.4589,52.25,53.453,0,0,0,0,0,0,0,0,0,0,0,1.94,0,20.0,0,360438
5027698,1,0020007910431251065202260951428C,2026-06-07 09:50:09,314116, , ,104319220141,0,0,0,0,57000,110000,0,0,120000,0,0,0,1,0:19,1011,16,50.11,321,50.11,321,19.27,314,19.27,314,0,0,0,0,0,0,0,0,28.17,291,28.17,291,16.58,276,16.58,276,10.64,180,10.64,180,0,0,0,0,0,0,0,0,0,0,0,0,UCX31_x0001_|_x0007_:, ,1.22,5.03,45.1,3,4.54,93,65.46,1:33      ,3,2026-06-09 07:25:33,11014981.0,MAREESWARAN ,1,104339022046,104319220141,,AUTOMODE_TS1,BV141E2,38,2,,OK,,0,0,0020007910431251065202260951428C,1.14906,1.15069,1.14818,5,5,2.71737,6.8994,3.1988,1,1.2,1.2,1.2,1,1.2,0.5,12,0.5,12,0.5,12,289795,2026-06-09 07:23:41,11014086,BABU        ,13616,104339022046,104319220141,140HPW501   ,,AUTOMODE,BV141C,17,2,301825,OK,,0,0,9002102010431351067303261203574A,0020007910431251065202260951428C,0020004510431152006711261550849C,OK,OK,OK,OK,290993,2026-06-09 07:20:33,11014086.0,BABU        ,13616,104339022046,104319220141,140HPW501   ,AUTOMODE,BV141A,24,2,301825,OK,CA1,0,0,1020104313020080004674879488,OK,OK,0.39,0.413,0.5,0.39,0.434,0.5,OK,,0020004510431152006711261550849C,OK,OK,202.9,145.2,52.6,146.3,-0.0408401,1.42933,52.1047,53.2334,0.0816765,2.00106,55.4067,55.822,57.7635,13.6399,57.2514,0.408379,0,0,0,0,05ACA006,291537,2026-06-09 07:21:17,11014086.0,BABU        ,13616.0,104339022046,104319220141,140HPW501   ,AUTOMODE,BV141B,28,2.0,301825.0,OK,,,,0020004510431152006711261550849C,OK,OK,,OK,OK,291675,2026-06-09 07:24:29,11014086.0,BABU        ,13616,104339022046,104319220141,,AUTOMODE,BV141D,32,2,301825,OK,CA14,,,0020007910431251065202260951428C,,0,145.4,4.6,-113.55,50.0,134,18.6,-222.95,59.6,-222.95,-113.71,2.25624,4.52165,45.0,40.0,5.0,18.2747,51.8313,51.8391,0,0,0,0,0,0,0,0,0,0,0,1.82,0,20.0,0,360428
5033451,1,0020007910431251065202260951430C,2026-06-09 11:08:52,314116, , ,104319220141,0,0,0,0,57000,110000,0,0,120000,0,0,0,2,1:36,1011,16,63.73,220,30.3,264,33.15,189,10.27,225,0,0,0,0,0,0,0,0,52.82,163,15.73,194,16.83,207,10.11,240,9.01,106,10.84,122,0,0,0,0,0,0,0,0,0,0,0,0,UCX31_x0001_|_x0007_:, ,1.26,4.86,45.71,3,4.06,94,64.88,2:52      ,3,2026-06-13 15:48:53,11014981.0,MAREESWARAN ,1,104339022046,104319220141,,AUTOMODE_TS1,BV141E,44,1,,OK,,0,0,0020007910431251065202260951430C,1.17535,1.17636,1.17459,5,5,4.2425,4.78,4.53,1,1.2,1.2,1.2,1,1.2,0.5,12,0.5,12,0.5,12,294622,2026-06-13 15:46:05,11014981,MAREESWARAN ,13616,104339022046,104319220141,140HPW501   ,,AUTOMODE,BV141C,29,1,306881,OK,,0,0,9002102010431351067303261542906B,0020007910431251065202260951430C,0020004510431152006711261580185A,OK,OK,OK,OK,295929,2026-06-13 15:44:03,11014981.0,MAREESWARAN ,13616,104339022046,104319220141,140HPW501   ,AUTOMODE,BV141A,21,1,306881,OK,CA1,0,0,1020104313020080004674879488,OK,OK,0.39,0.415,0.5,0.39,0.426,0.5,OK,,0020004510431152006711261580185A,OK,OK,202.9,145.2,52.6,146.3,0.0,2.85866,52.3234,53.5489,0.285866,2.69531,55.6025,56.1171,56.2401,2.44048,57.4497,0.571732,0,0,0,0,05ACA005,296537,2026-06-13 15:44:45,11014981.0,MAREESWARAN ,13616.0,104339022046,104319220141,140HPW501   ,AUTOMODE,BV141B,29,1.0,306881.0,OK,,,,0020004510431152006711261580185A,OK,OK,,OK,OK,296648,2026-06-13 15:47:43,11014981.0,MAREESWARAN ,13616,104339022046,104319220141,,AUTOMODE,BV141D,36,1,306881,OK,CA13,,,0020007910431251065202260951430C,,0,145.9,6.0,-113.55,50.0,134,18.6,-222.95,59.6,-223.35,-113.71,1.29504,3.30045,45.0,40.0,5.0,23.0997,52.0797,52.2708,0,0,0,0,0,0,0,0,0,0,0,2.06,0,20.0,0,367958
5016499,1,0020007910431251065202260951437C,2026-06-04 08:42:06,314116, , ,104319220141,0,0,0,0,57000,110000,0,0,120000,0,0,0,1,0:19,1011,16,29.41,137,29.41,137,16.01,140,16.01,140,0,0,0,0,0,0,0,0,30.33,124,30.33,124,8.55,46,8.55,46,11.41,261,11.41,261,0,0,0,0,0,0,0,0,0,0,0,0,UCX31_x0001_|_x0007_:, ,1.26,5.01,45.02,3,4.27,93,65.53,0:50      ,3,2026-06-10 21:26:34,11014981.0,MAREESWARAN ,1,104339022046,104319220141,,AUTOMODE_TS1,BV141E,44,2,,OK,,0,0,0020007910431251065202260951437C,1.17699,1.17472,1.17661,5,5,3.9775,3.9475,3.87,1,1.2,1.2,1.2,1,1.2,0.5,12,0.5,12,0.5,12,291559,2026-06-10 21:20:10,10001033,SAKTHI VIJAY,13616,104339022046,104319220141,140HPW501   ,,AUTOMODE,BV141C,33,2,303667,OK,,0,0,9002102010431351067303261500635B,0020007910431251065202260951437C,0020004510431152006711261550928C,OK,OK,OK,OK,292790,2026-06-10 21:18:28,10001033.0,SAKTHI VIJAY,13616,104339022046,104319220141,140HPW501   ,AUTOMODE,BV141A,21,2,303667,OK,CA1,0,0,1020104313020080004674879488,OK,OK,0.39,0.425,0.5,0.39,0.415,0.5,OK,,0020004510431152006711261550928C,OK,OK,202.9,145.2,52.6,146.3,0.0,1.83771,52.1398,53.3755,0.122513,2.12358,55.745,56.1552,57.6916,3.22621,57.4878,0.449219,0,0,0,0,05ACA003,293353,2026-06-10 21:19:06,10001033.0,SAKTHI VIJAY,13616.0,104339022046,104319220141,140HPW501   ,AUTOMODE,BV141B,28,2.0,303667.0,OK,,,,0020004510431152006711261550928C,OK,OK,,OK,OK,293482,2026-06-10 21:25:12,10001033.0,SAKTHI VIJAY,13616,104339022046,104319220141,,AUTOMODE,BV141D,34,2,303667,OK,CA14,,,0020007910431251065202260951437C,,0,145.0,5.4,-113.55,50.0,134,18.6,-222.95,59.6,-222.95,-113.71,1.14988,2.86168,45.0,40.0,5.0,18.5838,52.2376,52.2059,0,0,0,0,0,0,0,0,0,0,0,1.62,0,20.0,0,362957
5029945,1,0020007910431251065202260951443C,2026-06-08 13:20:11,314116, , ,104319220141,0,0,0,0,57000,110000,0,0,120000,0,0,0,1,0:19,1011,16,37.53,302,37.53,302,4.62,284,4.62,284,0,0,0,0,0,0,0,0,3.25,219,3.25,219,19.56,268,19.56,268,12.15,161,12.15,161,0,0,0,0,0,0,0,0,0,0,0,0,UCX31_x0001_|_x0007_:, ,1.23,5.01,44.99,3,4.92,93,65.53,0:50      ,3,2026-06-09 08:38:16,11014981.0,MAREESWARAN ,1,104339022046,104319220141,,AUTOMODE_TS1,BV141E2,38,1,,OK,,0,0,0020007910431251065202260951443C,1.14453,1.14881,1.15082,5,5,2.73533,6.40599,2.93892,1,1.2,1.2,1.2,1,1.2,0.5,12,0.5,12,0.5,12,289801,2026-06-09 08:36:16,11014086,BABU        ,13616,104339022046,104319220141,140HPW501   ,,AUTOMODE,BV141C,33,1,301831,OK,,0,0,9002102010431351067303261203540A,0020007910431251065202260951443C,0020004510431152006711261490136A,OK,OK,OK,OK,290999,2026-06-09 08:34:46,11014086.0,BABU        ,13616,104339022046,104319220141,140HPW501   ,AUTOMODE,BV141A,22,1,301831,OK,CA1,0,0,1020104313020080004674879488,OK,OK,0.39,0.43,0.5,0.39,0.417,0.5,OK,,0020004510431152006711261490136A,OK,OK,202.9,145.2,52.6,146.3,-0.0408401,1.06179,52.2724,52.996,0.0408363,2.49112,55.2559,55.8725,57.6178,4.90057,57.3095,0.449219,0,0,0,0,05ACA004,291543,2026-06-09 08:35:28,11014086.0,BABU        ,13616.0,104339022046,104319220141,140HPW501   ,AUTOMODE,BV141B,28,1.0,301831.0,OK,,,,0020004510431152006711261490136A,OK,OK,,OK,OK,291681,2026-06-09 08:37:10,11014086.0,BABU        ,13616,104339022046,104319220141,,AUTOMODE,BV141D,37,1,301831,OK,CA14,,,0020007910431251065202260951443C,,0,145.4,8.1,-113.55,50.0,134,18.6,-222.95,59.6,-222.95,-113.71,-0.0117226,0.90469,40.0,42.6169,5.0,21.9915,52.2279,52.2477,0,0,0,0,0,0,0,0,0,0,0,1.92,0,20.0,0,360434
5036143,1,0020007910431251065202260951447C,2026-06-10 03:15:13,314116, , ,104319220141,0,0,0,0,57000,110000,0,0,120000,0,0,0,2,1:12,1011,16,9.58,42,5.04,158,7.52,356,1.9,129,0,0,0,0,0,0,0,0,14.47,334,3.46,102,1.89,101,1.24,114,9.17,10,10,9,0,0,0,0,0,0,0,0,0,0,0,0,UCX31_x0001_|_x0007_:, ,1.4,4.9,45.83,3,4.41,93,65.09,1:45      ,3,2026-06-09 08:37:30,11014981.0,MAREESWARAN ,1,104339022046,104319220141,,AUTOMODE_TS1,BV141E,45,1,,OK,,0,0,0020007910431251065202260951447C,1.17547,1.17383,1.17649,5,5,4.15,5.1675,4.44,1,1.2,1.2,1.2,1,1.2,0.5,12,0.5,12,0.5,12,289800,2026-06-09 08:35:16,11014086,BABU        ,13616,104339022046,104319220141,140HPW501   ,,AUTOMODE,BV141C,20,1,301830,OK,,0,0,9002102010431351067303261203545A,0020007910431251065202260951447C,0020004510431152006711261490037C,OK,OK,OK,OK,290998,2026-06-09 08:34:02,11014086.0,BABU        ,13616,104339022046,104319220141,140HPW501   ,AUTOMODE,BV141A,24,1,301830,OK,CA1,0,0,1020104313020080004674879488,OK,OK,0.39,0.423,0.5,0.39,0.422,0.5,OK,,0020004510431152006711261490037C,OK,OK,202.9,145.2,52.6,146.3,0.0,1.14347,52.1225,53.3531,0.0816765,1.79688,55.5188,55.9316,57.5724,4.32883,57.3686,0.367542,0,0,0,0,05ACA001,291542,2026-06-09 08:34:44,11014086.0,BABU        ,13616.0,104339022046,104319220141,140HPW501   ,AUTOMODE,BV141B,28,1.0,301830.0,OK,,,,0020004510431152006711261490037C,OK,OK,,OK,OK,291680,2026-06-09 08:36:22,11014086.0,BABU        ,13616,104339022046,104319220141,,AUTOMODE,BV141D,38,1,301830,OK,CA14,,,0020007910431251065202260951447C,,0,145.3,8.7,-113.55,50.0,134,18.6,-222.95,59.6,-222.95,-113.71,0.0,0.648361,40.1133,40.6369,5.0,24.0723,52.0769,52.1233,0,0,0,0,0,0,0,0,0,0,0,1.91,0,20.0,0,360433
5027898,1,0020007910431251065202260951455C,2026-06-07 10:54:08,314116, , ,104319220141,0,0,0,0,57000,110000,0,0,120000,0,0,0,1,0:20,1011,16,40.66,329,40.66,329,20,312,20,312,0,0,0,0,0,0,0,0,35.92,291,35.92,291,8.22,275,8.22,275,11.06,256,11.06,256,0,0,0,0,0,0,0,0,0,0,0,0,UCX31_x0001_|_x0007_:, ,1.3,5.02,45.05,3,4.66,93,65.46,0:51      ,3,2026-06-09 06:52:23,11014981.0,MAREESWARAN ,1,104339022046,104319220141,,AUTOMODE_TS1,BV141E2,38,2,,OK,,0,0,0020007910431251065202260951455C,1.14868,1.15082,1.15157,5,5,2.61437,5.67186,2.52096,1,1.2,1.2,1.2,1,1.2,0.5,12,0.5,12,0.5,12,289764,2026-06-09 06:50:25,11014981,MAREESWARAN ,13616,104339022046,104319220141,140HPW501   ,,AUTOMODE,BV141C,19,2,301794,OK,,0,0,9002102010431351067303261203555A,0020007910431251065202260951455C,0020004510431152006711261540278A,OK,OK,OK,OK,290962,2026-06-09 06:47:27,11014981.0,MAREESWARAN ,13616,104339022046,104319220141,140HPW501   ,AUTOMODE,BV141A,22,2,301794,OK,CA1,0,0,1020104313020080004674879488,OK,OK,0.39,0.425,0.5,0.39,0.415,0.5,OK,,0020004510431152006711261540278A,OK,OK,202.9,145.2,52.6,146.3,-0.0408401,1.42933,52.0993,53.2254,0.0816765,1.96022,55.4829,56.2014,56.2401,1.91478,57.7428,0.326702,0,0,0,0,05ACA003,291506,2026-06-09 06:48:11,11014981.0,MAREESWARAN ,13616.0,104339022046,104319220141,140HPW501   ,AUTOMODE,BV141B,28,2.0,301794.0,OK,,,,0020004510431152006711261540278A,OK,OK,,OK,OK,291644,2026-06-09 06:51:19,11014086.0,BABU        ,13616,104339022046,104319220141,,AUTOMODE,BV141D,32,2,301794,OK,CA14,,,0020007910431251065202260951455C,,0,145.1,4.7,-113.55,50.0,134,18.6,-222.95,59.6,-222.95,-113.71,1.19444,2.58324,45.0,40.0,5.0,20.4384,52.1922,52.2325,0,0,0,0,0,0,0,0,0,0,0,1.96,0,20.0,0,360390
5029489,1,0020007910431251065202260951462C,2026-06-08 10:43:50,314116, , ,104319220141,0,0,0,0,57000,110000,0,0,120000,0,0,0,3,2:29,1011,16,31.7,117,4.29,278,20.54,93,1.94,131,0,0,0,0,0,0,0,0,32.2,71,0.25,343,3.88,83,2.27,215,9.07,166,10.29,155,0,0,0,0,0,0,0,0,0,0,0,0,UCX31_x0001_|_x0007_:, ,1.36,4.91,45.05,3,4.15,93,64.88,3:00      ,3,2026-06-09 08:42:10,11014981.0,MAREESWARAN ,1,104339022046,104319220141,,AUTOMODE_TS1,BV141E,44,1,,OK,,0,0,0020007910431251065202260951462C,1.17535,1.17307,1.17472,5,5,3.855,4.2725,5.245,1,1.2,1.2,1.2,1,1.2,0.5,12,0.5,12,0.5,12,289804,2026-06-09 08:40:06,11014086,BABU        ,13616,104339022046,104319220141,140HPW501   ,,AUTOMODE,BV141C,24,1,301834,OK,,0,0,9002102010431351067303261203600A,0020007910431251065202260951462C,0020004510431152006711261530187B,OK,OK,OK,OK,291002,2026-06-09 08:38:22,11014086.0,BABU        ,13616,104339022046,104319220141,140HPW501   ,AUTOMODE,BV141A,23,1,301834,OK,CA1,0,0,1020104313020080004674879488,OK,OK,0.39,0.428,0.5,0.39,0.423,0.5,OK,,0020004510431152006711261530187B,OK,OK,202.9,145.2,52.6,146.3,0.0,1.34766,52.4047,53.2225,0.0816765,1.67436,55.6838,56.0965,57.7322,5.799,57.5284,0.367542,0,0,0,0,05ACA003,291546,2026-06-09 08:39:06,11014086.0,BABU        ,13616.0,104339022046,104319220141,140HPW501   ,AUTOMODE,BV141B,28,1.0,301834.0,OK,,,,0020004510431152006711261530187B,OK,OK,,OK,OK,291684,2026-06-09 08:40:54,11014086.0,BABU        ,13616,104339022046,104319220141,,AUTOMODE,BV141D,37,1,301834,OK,CA14,,,0020007910431251065202260951462C,,0,146.3,8.8,-113.55,50.0,134,18.6,-222.95,59.6,-222.95,-113.71,1.00289,1.77922,45.0,40.0272,5.0,20.8833,52.1748,52.2023,0,0,0,0,0,0,0,0,0,0,0,1.77,0,20.0,0,360437
5027547,1,0020007910431251065202260951468C,2026-06-07 08:59:25,314116, , ,104319220141,0,0,0,0,57000,110000,0,0,120000,0,0,0,2,1:17,1011,16,11.76,239,6.23,27,11.07,222,1.98,277,0,0,0,0,0,0,0,0,16.56,199,0.88,276,0.92,81,3.28,339,9.05,213,10.13,214,0,0,0,0,0,0,0,0,0,0,0,0,UCX31_x0001_|_x0007_:, ,1.2,4.93,44.99,3,4.26,93,64.95,1:49      ,3,2026-06-09 07:17:23,11014981.0,MAREESWARAN ,1,104339022046,104319220141,,AUTOMODE_TS1,BV141E,45,2,,OK,,0,0,0020007910431251065202260951468C,1.17876,1.17484,1.1732,5,5,2.8475,3.14,4.59,1,1.2,1.2,1.2,1,1.2,0.5,12,0.5,12,0.5,12,289788,2026-06-09 07:15:23,11014086,BABU        ,13616,104339022046,104319220141,140HPW501   ,,AUTOMODE,BV141C,21,2,301818,OK,,0,0,9002102010431351067303261203575A,0020007910431251065202260951468C,0020004510431152006711261550087A,OK,OK,OK,OK,290986,2026-06-09 07:14:05,11014086.0,BABU        ,13616,104339022046,104319220141,140HPW501   ,AUTOMODE,BV141A,99,2,301818,OK,CA1,0,0,1020104313020080004674879488,OK,OK,0.39,0.42,0.5,0.39,0.412,0.5,OK,,0020004510431152006711261550087A,OK,OK,202.9,145.2,52.6,146.3,0.0,2.16442,52.0536,53.3938,0.204193,2.65448,55.5543,56.0665,57.7124,4.00213,57.5086,0.490059,0,0,0,0,05ACA003,291530,2026-06-09 07:14:47,11014086.0,BABU        ,13616.0,104339022046,104319220141,140HPW501   ,AUTOMODE,BV141B,29,2.0,301818.0,OK,,,,0020004510431152006711261550087A,OK,OK,,OK,OK,291668,2026-06-09 07:16:07,11014086.0,BABU        ,13616,104339022046,104319220141,,AUTOMODE,BV141D,32,2,301818,OK,CA14,,,0020007910431251065202260951468C,,0,145.5,4.6,-113.55,50.0,134,18.6,-222.95,59.6,-222.95,-113.71,0.828102,2.25299,45.0,40.0,5.0,19.089,52.2316,52.2455,0,0,0,0,0,0,0,0,0,0,0,1.83,0,20.0,0,360414
5026824,1,0020007910431251065202260962048B,2026-06-07 03:07:05,314116, , ,104319220141,0,0,0,0,57000,110000,0,0,120000,0,0,0,3,2:38,1011,16,42.32,318,8.05,121,29.44,301,1.93,41,0,0,0,0,0,0,0,0,48.74,278,0.73,50,3.19,261,3.85,74,7.72,305,10.03,306,0,0,0,0,0,0,0,0,0,0,0,0,UCX31_x0001_|_x0007_:, ,1.3,5,45.02,3,4.46,93,64.83,3:09      ,3,2026-06-09 07:06:53,11014981.0,MAREESWARAN ,1,104339022046,104319220141,,AUTOMODE_TS1,BV141E2,38,2,,OK,,0,0,0020007910431251065202260962048B,1.16415,1.1678,1.15057,5,5,3.61078,7.63593,3.74132,1,1.2,1.2,1.2,1,1.2,0.5,12,0.5,12,0.5,12,289781,2026-06-09 07:05:03,11014086,BABU        ,13616,104339022046,104319220141,140HPW501   ,,AUTOMODE,BV141C,18,2,301811,OK,,0,0,9002102010431351067303261203595A,0020007910431251065202260962048B,0020004510431152006711261550010A,OK,OK,OK,OK,290979,2026-06-09 07:03:49,11014086.0,BABU        ,13616,104339022046,104319220141,140HPW501   ,AUTOMODE,BV141A,99,2,301811,OK,CA1,0,0,1020104313020080004674879488,OK,OK,0.39,0.414,0.5,0.39,0.408,0.5,OK,,0020004510431152006711261550010A,OK,OK,202.9,145.2,52.6,146.3,-0.0408401,1.63352,52.4794,53.5087,0.0816765,2.0419,55.7687,56.1789,56.2401,1.89828,57.8197,0.285866,0,0,0,0,05ACA005,291523,2026-06-09 07:04:29,11014086.0,BABU        ,13616.0,104339022046,104319220141,140HPW501   ,AUTOMODE,BV141B,28,2.0,301811.0,OK,,,,0020004510431152006711261550010A,OK,OK,,OK,OK,291661,2026-06-09 07:05:49,11014086.0,BABU        ,13616,104339022046,104319220141,,AUTOMODE,BV141D,32,2,301811,OK,CA14,,,0020007910431251065202260962048B,,0,145.2,4.5,-113.55,50.0,134,18.6,-222.95,59.6,-222.95,-113.71,0.73709,2.52399,45.0,40.0,5.0,16.9328,52.3021,52.3039,0,0,0,0,0,0,0,0,0,0,0,1.84,0,20.0,0,360407
5026853,1,0020007910431251065202260962050B,2026-06-07 03:16:45,314116, , ,104319220141,0,0,0,0,57000,110000,0,0,120000,0,0,0,2,1:35,1011,16,38.89,306,12.52,85,33.11,305,6.17,59,0,0,0,0,0,0,0,0,59.46,283,9.08,72,9.17,166,4.33,9,9.78,264,10.15,269,0,0,0,0,0,0,0,0,0,0,0,0,UCX31_x0001_|_x0007_:, ,1.19,4.99,45.02,3,4.58,93,64.99,2:06      ,3,2026-06-09 08:36:16,11014981.0,MAREESWARAN ,1,104339022046,104319220141,,AUTOMODE_TS1,BV141E,45,1,,OK,,0,0,0020007910431251065202260962050B,1.17863,1.17257,1.17775,5,5,4.695,5.5675,5.385,1,1.2,1.2,1.2,1,1.2,0.5,12,0.5,12,0.5,12,289798,2026-06-09 08:33:50,11014086,BABU        ,13616,104339022046,104319220141,140HPW501   ,,AUTOMODE,BV141C,21,1,301828,OK,,0,0,9002102010431351067303261203582A,0020007910431251065202260962050B,0020004510431152006711261510022A,OK,OK,OK,OK,290996,2026-06-09 08:32:34,11014086.0,BABU        ,13616,104339022046,104319220141,140HPW501   ,AUTOMODE,BV141A,36,1,301828,OK,CA1,0,0,1020104313020080004674879488,OK,OK,0.39,0.41,0.5,0.39,0.438,0.5,OK,,0020004510431152006711261510022A,OK,OK,202.9,145.2,52.6,146.3,-0.0408401,1.06179,52.0385,53.1698,0.0408363,1.30682,55.4348,55.6386,57.5852,8.73934,57.3814,0.163353,0,0,0,0,05ACA002,291540,2026-06-09 08:33:16,11014086.0,BABU        ,13616.0,104339022046,104319220141,140HPW501   ,AUTOMODE,BV141B,28,1.0,301828.0,OK,,,,0020004510431152006711261510022A,OK,OK,,OK,OK,291678,2026-06-09 08:34:44,11014086.0,BABU        ,13616,104339022046,104319220141,,AUTOMODE,BV141D,38,1,301828,OK,CA14,,,0020007910431251065202260962050B,,0,145.1,8.8,-113.55,50.0,134,18.6,-222.95,59.6,-222.95,-113.71,0.185151,0.844379,45.0,40.2636,5.0,24.6754,51.8742,52.8988,0,0,0,0,0,0,0,0,0,0,0,2.17,0,20.0,0,360431
5026637,1,0020007910431251065202260962125B,2026-06-07 02:12:47,314116, , ,104319220141,0,0,0,0,57000,110000,0,0,120000,0,0,0,1,0:19,1011,16,20.81,231,20.81,231,16.33,234,16.33,234,0,0,0,0,0,0,0,0,27.43,216,27.43,216,5.12,115,5.12,115,10.05,236,10.05,236,0,0,0,0,0,0,0,0,0,0,0,0,UCX31_x0001_|_x0007_:, ,1.31,5.01,45.77,3,4.02,93,65.53,0:50      ,3,2026-06-11 02:19:28,11014086.0,BABU        ,1,104339022046,104319220141,,AUTOMODE_TS1,BV141E2,38,2,,OK,,0,0,0020007910431251065202260962125B,1.16239,1.15962,1.16566,5,5,3.42635,7.41198,3.45629,1,1.2,1.2,1.2,1,1.2,0.5,12,0.5,12,0.5,12,291795,2026-06-11 02:17:38,11014086,BABU        ,13616,104339022046,104319220141,140HPW501   ,,AUTOMODE,BV141C,26,2,303915,OK,,0,0,9002102010431351067303261499987A,0020007910431251065202260962125B,0020004510431152006711261380024B,OK,OK,OK,OK,293031,2026-06-11 02:14:30,11014086.0,BABU        ,13616,104339022046,104319220141,140HPW501   ,AUTOMODE,BV141A,27,2,303915,OK,CA1,0,0,1020104313020080004674879488,OK,OK,0.39,0.419,0.5,0.39,0.428,0.5,OK,,0020004510431152006711261380024B,OK,OK,202.9,145.2,52.6,146.3,0.0,0.490055,52.043,53.0749,0.0408363,1.26598,55.3298,55.6432,57.7986,12.7006,57.2865,0.245029,0,0,0,0,05ACA006,293598,2026-06-11 02:15:12,11014086.0,BABU        ,13616.0,104339022046,104319220141,140HPW501   ,AUTOMODE,BV141B,28,2.0,303915.0,OK,,,,0020004510431152006711261380024B,OK,OK,,OK,OK,293726,2026-06-11 02:18:22,11014086.0,BABU        ,13616,104339022046,104319220141,,AUTOMODE,BV141D,33,2,303915,OK,CA14,,,0020007910431251065202260962125B,,0,145.0,4.7,-113.55,50.0,134,18.6,-222.95,59.6,-222.95,-113.71,0.132209,0.876151,45.0,40.0,5.0,19.285,51.9762,52.0372,0,0,0,0,0,0,0,0,0,0,0,1.81,0,20.0,0,363260
5022030,1,0020007910431251065202260973098A,2026-06-05 22:00:49,314116, , ,104319220141,0,0,0,0,57000,110000,0,0,120000,0,0,0,1,0:20,1011,16,15.19,215,15.19,215,5.25,305,5.25,305,0,0,0,0,0,0,0,0,12.17,257,12.17,257,9.77,138,9.77,138,12.26,355,12.26,355,0,0,0,0,0,0,0,0,0,0,0,0,UCX31_x0001_|_x0007_:, ,1.24,4.97,45.16,3,4.49,93,65.53,0:50      ,3,2026-06-06 09:21:00,11014086.0,BABU        ,1,104339022046,104319220141,,AUTOMODE_TS1,BV141E2,38,1,,OK,,0,0,0020007910431251065202260973098A,1.14843,1.15107,1.14428,5,5,3.20599,7.3521,3.51138,1,1.2,1.2,1.2,1,1.2,0.5,12,0.5,12,0.5,12,286555,2026-06-06 09:19:08,11014086,BABU        ,13616,104339022046,104319220141,140HPW501   ,,AUTOMODE,BV141C,46,1,299464,OK,,0,0,9002102010431351067303261203629A,0020007910431251065202260973098A,0020004510431152006711261540372A,OK,OK,OK,OK,287736,2026-06-06 09:17:30,11014086.0,BABU        ,13616,104339022046,104319220141,140HPW501   ,AUTOMODE,BV141A,21,1,299464,OK,CA1,0,0,1020104313020080004674879488,OK,OK,0.39,0.438,0.5,0.39,0.445,0.5,OK,,0020004510431152006711261540372A,OK,OK,202.9,145.2,52.6,146.3,0.0,1.02095,52.0286,53.2541,0.0816765,1.59268,55.4147,56.0287,57.6696,3.47123,57.3613,0.326702,0,0,0,0,05ACA001,288267,2026-06-06 09:18:08,11014086.0,BABU        ,13616.0,104339022046,104319220141,140HPW501   ,AUTOMODE,BV141B,29,1.0,299464.0,OK,,,,0020004510431152006711261540372A,OK,OK,,OK,OK,288415,2026-06-06 09:19:54,11014086.0,BABU        ,13616,104339022046,104319220141,,AUTOMODE,BV141D,33,1,299464,OK,CA14,,,0020007910431251065202260973098A,,0,145.0,5.5,-113.55,50.0,134,18.6,-222.95,59.6,-216.052,-106.71,0.8585,2.13067,45.0,40.0,5.0,22.7982,52.0724,52.1132,0,0,0,0,0,0,0,0,0,0,0,1.86,0,20.0,0,356667
5008848,1,0020007910431251065202260973303A,2026-06-01 22:24:11,306217, , ,104319220141,0,0,0,0,57000,110000,0,0,120000,0,0,0,1,0:19,1011,16,67.98,204,67.98,204,40.59,176,40.59,176,0,0,0,0,0,0,0,0,30.05,253,30.05,253,16.02,30,16.02,30,11.08,177,11.08,177,0,0,0,0,0,0,0,0,0,0,0,0,UCX31_x0001_|_x0007_:, ,1.26,4.95,45.39,14,4.17,93,64.51,2:43      ,3,2026-06-04 21:44:43,11014086.0,BABU        ,1,104339022046,104319220141,,AUTOMODE_TS1,BV141E,45,2,,OK,,0,0,0020007910431251065202260973303A,1.17661,1.17649,1.17724,5,5,3.73,4.4225,5.8375,1,1.2,1.2,1.2,1,1.2,0.5,12,0.5,12,0.5,12,284714,2026-06-04 21:41:21,11014086,BABU        ,13616,104339022046,104319220141,140HPW501   ,,AUTOMODE,BV141C,23,2,297539,OK,,0,0,9002102010431351067303261500466A,0020007910431251065202260973303A,0020004510431152006711261540022A,OK,OK,OK,OK,285871,2026-06-04 21:38:56,11014086.0,BABU        ,13616,104339022046,104319220141,140HPW501   ,AUTOMODE,BV141A,30,2,297539,OK,CA1,0,0,1020104313020080004674879488,OK,OK,0.39,0.426,0.5,0.39,0.436,0.5,OK,,0020004510431152006711261540022A,OK,OK,202.9,145.2,52.6,146.3,0.0,1.7152,52.0283,53.5621,0.163353,2.24609,55.7227,56.1431,56.2401,2.20721,57.6871,0.408382,0,0,0,0,05ACA005,286397,2026-06-04 21:39:46,11014086.0,BABU        ,13616.0,104339022046,104319220141,140HPW501   ,AUTOMODE,BV141B,30,2.0,297539.0,OK,,,,0020004510431152006711261540022A,OK,OK,,OK,OK,286552,2026-06-04 21:43:15,11014086.0,BABU        ,13616,104339022046,104319220141,,AUTOMODE,BV141D,38,2,297539,OK,CA13,,,0020007910431251065202260973303A,,0,145.4,9.3,-113.55,50.0,134,18.6,-222.95,59.6,-216.052,-106.71,0.233494,0.761448,45.0,41.1688,5.0,20.9586,52.2949,52.2993,0,0,0,0,0,0,0,0,0,0,0,1.68,0,20.0,0,354679
5010179,1,0020007910431251065202261320009A,2026-06-02 09:04:03,314116, , ,104319220141,0,0,0,0,57000,110000,0,0,120000,0,0,0,1,0:19,1011,16,29.74,3,29.74,3,5.05,80,5.05,80,0,0,0,0,0,0,0,0,14.82,55,14.82,55,18.31,303,18.31,303,14.59,108,14.59,108,0,0,0,0,0,0,0,0,0,0,0,0,UCX31_x0001_|_x0007_:, ,1.29,4.97,45.27,3,3.82,94,65.53,1:01      ,3,2026-06-04 21:56:17,11014086.0,BABU        ,1,104339022046,104319220141,,AUTOMODE_TS1,BV141E,45,2,,OK,,0,0,0020007910431251065202261320009A,1.1737,1.17762,1.17459,5,5,3.5475,4.6825,5.06,1,1.2,1.2,1.2,1,1.2,0.5,12,0.5,12,0.5,12,284725,2026-06-04 21:54:17,11014086,BABU        ,13616,104339022046,104319220141,140HPW501   ,,AUTOMODE,BV141C,25,2,297550,OK,,0,0,9002102010431351067303261499764A,0020007910431251065202261320009A,0020004510431152006711261540173A,OK,OK,OK,OK,285882,2026-06-04 21:53:01,11014086.0,BABU        ,13616,104339022046,104319220141,140HPW501   ,AUTOMODE,BV141A,25,2,297550,OK,CA1,0,0,1020104313020080004674879488,OK,OK,0.39,0.429,0.5,0.39,0.415,0.5,OK,,0020004510431152006711261540173A,OK,OK,202.9,145.2,52.6,146.3,0.0,1.3885,52.0842,53.111,0.0816765,2.32777,55.3658,55.7786,57.636,3.63459,57.2258,0.449219,0,0,0,0,05ACA004,286408,2026-06-04 21:53:39,11014086.0,BABU        ,13616.0,104339022046,104319220141,140HPW501   ,AUTOMODE,BV141B,31,2.0,297550.0,OK,,,,0020004510431152006711261540173A,OK,OK,,OK,OK,286563,2026-06-04 21:55:07,11014086.0,BABU        ,13616,104339022046,104319220141,,AUTOMODE,BV141D,38,2,297550,OK,CA13,,,0020007910431251065202261320009A,,0,145.0,9.1,-113.55,50.0,134,18.6,-222.95,59.6,-216.052,-106.71,1.04267,1.94508,45.0,40.3883,5.0,21.4788,52.0885,52.1212,0,0,0,0,0,0,0,0,0,0,0,1.59,0,20.0,0,354701
5008751,1,0020007910431251065202261320039A,2026-06-01 21:52:22,306217, , ,104319220141,0,0,0,0,57000,110000,0,0,120000,0,0,0,5,4:07,1011,16,43.44,252,4.08,227,43.46,238,2.05,275,0,0,0,0,0,0,0,0,31.07,321,0.42,274,9.01,149,1.07,354,6.66,38,10.14,27,0,0,0,0,0,0,0,0,0,0,0,0,UCX31_x0001_|_x0007_:, ,1.42,4.91,45.1,14,4.1,93,65.03,4:44      ,3,2026-06-04 21:31:08,11014086.0,BABU        ,1,104339022046,104319220141,,AUTOMODE_TS1,BV141E2,38,2,,OK,,0,0,0020007910431251065202261320039A,1.14881,1.15736,1.14792,5,5,3.27904,7.83473,3.36407,1,1.2,1.2,1.2,1,1.2,0.5,12,0.5,12,0.5,12,284699,2026-06-04 21:28:50,11014086,BABU        ,13616,104339022046,104319220141,140HPW501   ,,AUTOMODE,BV141C,24,2,297523,OK,,0,0,9002102010431351067303261500455A,0020007910431251065202261320039A,0020004510431152006711261540412C,OK,OK,OK,OK,285856,2026-06-04 21:27:34,11014086.0,BABU        ,13616,104339022046,104319220141,140HPW501   ,AUTOMODE,BV141A,23,2,297523,OK,CA1,0,0,1020104313020080004674879488,OK,OK,0.39,0.427,0.5,0.39,0.423,0.5,OK,,0020004510431152006711261540412C,OK,OK,202.9,145.2,52.6,146.3,-0.0408401,1.22514,52.0719,53.2032,0.0408363,1.79688,55.6644,56.0746,57.7129,2.32777,57.611,0.245026,0,0,0,0,05ACA007,286382,2026-06-04 21:28:12,11014086.0,BABU        ,13616.0,104339022046,104319220141,140HPW501   ,AUTOMODE,BV141B,31,2.0,297523.0,OK,,,,0020004510431152006711261540412C,OK,OK,,OK,OK,286537,2026-06-04 21:30:02,11014086.0,BABU        ,13616,104339022046,104319220141,,AUTOMODE,BV141D,38,2,297523,OK,CA13,,,0020007910431251065202261320039A,,0,145.0,9.4,-113.55,50.0,134,18.6,-222.95,59.6,-216.052,-106.71,0.00266838,0.784061,45.0,41.7657,5.0,19.5865,52.2597,52.3319,0,0,0,0,0,0,0,0,0,0,0,1.68,0,20.0,0,354664
5023423,1,0020007910431251065202261320045A,2026-06-06 07:22:55,314116, , ,104319220141,0,0,0,0,57000,110000,0,0,120000,0,0,0,1,0:19,1011,16,7.33,169,7.33,169,5.27,163,5.27,163,0,0,0,0,0,0,0,0,11.66,124,11.66,124,1.89,304,1.89,304,10.05,335,10.05,335,0,0,0,0,0,0,0,0,0,0,0,0,UCX31_x0001_|_x0007_:, ,1.21,4.93,45.26,3,4.35,93,65.53,0:50      ,3,2026-06-09 07:22:57,11014981.0,MAREESWARAN ,1,104339022046,104319220141,,AUTOMODE_TS1,BV141E2,38,2,,OK,,0,0,0020007910431251065202261320045A,1.14943,1.14604,1.14642,5,5,2.53174,5.65269,2.62515,1,1.2,1.2,1.2,1,1.2,0.5,12,0.5,12,0.5,12,289791,2026-06-09 07:19:31,11014086,BABU        ,13616,104339022046,104319220141,140HPW501   ,,AUTOMODE,BV141C,18,2,301821,OK,,0,0,9002102010431351067303261203558A,0020007910431251065202261320045A,0020004510431152006711261550830C,OK,OK,OK,OK,290989,2026-06-09 07:17:03,11014086.0,BABU        ,13616,104339022046,104319220141,140HPW501   ,AUTOMODE,BV141A,22,2,301821,OK,CA1,0,0,1020104313020080004674879488,OK,OK,0.39,0.433,0.5,0.39,0.435,0.5,OK,,0020004510431152006711261550830C,OK,OK,202.9,145.2,52.6,146.3,-0.0408401,1.87855,52.0944,53.4244,0.163353,2.12358,55.4779,56.0971,57.7354,3.10369,57.6334,0.326702,0,0,0,0,05ACA007,291533,2026-06-09 07:17:45,11014086.0,BABU        ,13616.0,104339022046,104319220141,140HPW501   ,AUTOMODE,BV141B,28,2.0,301821.0,OK,,,,0020004510431152006711261550830C,OK,OK,,OK,OK,291671,2026-06-09 07:20:29,11014086.0,BABU        ,13616,104339022046,104319220141,,AUTOMODE,BV141D,32,2,301821,OK,CA14,,,0020007910431251065202261320045A,,0,145.1,4.7,-113.55,50.0,134,18.6,-222.95,59.6,-222.95,-113.71,0.0226135,0.178433,44.4932,40.0,5.0,16.0507,52.3549,52.3727,0,0,0,0,0,0,0,0,0,0,0,1.9,0,20.0,0,360417
5011039,1,0020007910431251065202261320070A,2026-06-02 14:17:32,314116, , ,104319220141,0,0,0,0,57000,110000,0,0,120000,0,0,0,1,0:19,1011,16,36.51,296,36.51,296,23.94,264,23.94,264,0,0,0,0,0,0,0,0,41.01,244,41.01,244,4.92,279,4.92,279,14.93,35,14.93,35,0,0,0,0,0,0,0,0,0,0,0,0,UCX31_x0001_|_x0007_:, ,1.2,5.03,45.57,3,4.44,93,65.53,0:50      ,3,2026-06-04 07:49:52,11014086.0,BABU        ,1,104339022046,104319220141,,AUTOMODE_TS1,BV141E,45,2,,OK,,0,0,0020007910431251065202261320070A,1.17446,1.17446,1.17699,5,5,4.545,5.5325,4.9475,1,1.2,1.2,1.2,1,1.2,0.5,12,0.5,12,0.5,12,284080,2026-06-04 07:47:32,11014981,MAREESWARAN ,13616,104339022046,104319220141,140HPW501   ,,AUTOMODE,BV141C,23,2,296873,OK,,0,0,9002102010431351067303261500465A,0020007910431251065202261320070A,0020004510431152006711261530150B,OK,OK,OK,OK,285239,2026-06-04 07:46:14,11014981.0,MAREESWARAN ,13616,104339022046,104319220141,140HPW501   ,AUTOMODE,BV141A,22,2,296873,OK,CA1,0,0,1020104313020080004674879488,OK,OK,0.39,0.425,0.5,0.39,0.408,0.5,OK,,0020004510431152006711261530150B,OK,OK,202.9,145.2,52.6,146.3,-0.0292606,2.69531,52.0212,53.3197,0.245029,2.49112,55.5822,55.9925,57.6282,3.59375,57.4244,0.449219,0,0,0,0,05ACA001,285763,2026-06-04 07:46:58,11014981.0,MAREESWARAN ,13616.0,104339022046,104319220141,140HPW501   ,AUTOMODE,BV141B,29,2.0,296873.0,OK,,,,0020004510431152006711261530150B,OK,OK,,OK,OK,285918,2026-06-04 07:48:38,11014981.0,MAREESWARAN ,13616,104339022046,104319220141,,AUTOMODE,BV141D,35,2,296873,OK,CA13,,,0020007910431251065202261320070A,,0,145.3,6.1,-113.55,50.0,134,18.6,-222.95,59.6,-216.052,-106.71,0.888752,2.11419,45.0,40.0,5.0,25.1051,51.9316,52.0269,0,0,0,0,0,0,0,0,0,0,0,1.64,0,20.0,0,353895
5011655,1,0020007910431251065202261320118A,2026-06-02 17:57:04,314116, , ,104319220141,0,0,0,0,57000,110000,0,0,120000,0,0,0,2,1:24,1011,16,26.03,196,11.73,281,15.16,166,3.23,257,0,0,0,0,0,0,0,0,26.39,145,5.47,248,2.82,167,3.63,228,8.72,127,10.45,136,0,0,0,0,0,0,0,0,0,0,0,0,UCX31_x0001_|_x0007_:, ,1.3,4.98,45.05,3,4.44,93,64.95,1:55      ,3,2026-06-04 02:00:28,11014086.0,BABU        ,1,104339022046,104319220141,,AUTOMODE_TS1,BV141E,45,2,,OK,,0,0,0020007910431251065202261320118A,1.17775,1.17358,1.17775,5,5,4.9275,5.085,5.605,1,1.2,1.2,1.2,1,1.2,0.5,12,0.5,12,0.5,12,283776,2026-06-04 01:58:22,11014981,MAREESWARAN ,13616,104339022046,104319220141,140HPW501   ,,AUTOMODE,BV141C,21,2,296569,OK,,0,0,9002102010431351067303261203186A,0020007910431251065202261320118A,0020004510431152006711261490255C,OK,OK,OK,OK,284935,2026-06-04 01:55:42,11014981.0,MAREESWARAN ,13616,104339022046,104319220141,140HPW501   ,AUTOMODE,BV141A,25,2,296569,OK,CA1,0,0,1020104313020080004674879488,OK,OK,0.39,0.426,0.5,0.39,0.435,0.5,OK,,0020004510431152006711261490255C,OK,OK,202.9,145.2,52.6,146.3,0.0,1.26598,52.0614,53.0857,0.0408401,1.02095,55.7635,55.8654,56.2401,0.76284,57.6056,0.122513,0,0,0,0,05ACA008,285459,2026-06-04 01:56:26,11014981.0,MAREESWARAN ,13616.0,104339022046,104319220141,140HPW501   ,AUTOMODE,BV141B,29,2.0,296569.0,OK,,,,0020004510431152006711261490255C,OK,OK,,OK,OK,285614,2026-06-04 01:59:18,11014981.0,MAREESWARAN ,13616,104339022046,104319220141,,AUTOMODE,BV141D,35,2,296569,OK,CA13,,,0020007910431251065202261320118A,,0,145.1,6.0,-113.55,50.0,134,18.6,-222.95,59.6,-216.052,-106.71,0.370024,1.68794,45.0,40.0,5.0,18.4557,52.4056,52.4363,0,0,0,0,0,0,0,0,0,0,0,1.92,0,20.0,0,353575
5023474,1,0020007910431251065202261320151A,2026-06-06 07:40:50,314116, , ,104319220141,0,0,0,0,57000,110000,0,0,120000,0,0,0,1,0:20,1011,16,60.24,227,60.24,227,28.23,191,28.23,191,0,0,0,0,0,0,0,0,42.28,163,42.28,163,19.01,212,19.01,212,11.05,42,11.05,42,0,0,0,0,0,0,0,0,0,0,0,0,UCX31_x0001_|_x0007_:, ,1.2,4.95,45.05,3,3.85,93,65.46,0:51      ,3,2026-06-09 07:19:31,11014981.0,MAREESWARAN ,1,104339022046,104319220141,,AUTOMODE_TS1,BV141E,45,2,,OK,,0,0,0020007910431251065202261320151A,1.17598,1.17623,1.17307,5,5,5.3775,6.7075,5.6725,1,1.2,1.2,1.2,1,1.2,0.5,12,0.5,12,0.5,12,289789,2026-06-09 07:17:41,11014086,BABU        ,13616,104339022046,104319220141,140HPW501   ,,AUTOMODE,BV141C,20,2,301819,OK,,0,0,9002102010431351067303261203560A,0020007910431251065202261320151A,0020004510431152006711261550804C,OK,OK,OK,OK,290987,2026-06-09 07:15:41,11014086.0,BABU        ,13616,104339022046,104319220141,140HPW501   ,AUTOMODE,BV141A,22,2,301819,OK,CA1,0,0,1020104313020080004674879488,OK,OK,0.39,0.41,0.5,0.39,0.403,0.5,OK,,0020004510431152006711261550804C,OK,OK,202.9,145.2,52.6,146.3,0.0,3.18537,52.0376,53.4797,0.285866,3.02202,55.6378,56.0454,56.2401,2.7173,57.5843,0.530895,0,0,0,0,05ACA005,291531,2026-06-09 07:16:21,11014086.0,BABU        ,13616.0,104339022046,104319220141,140HPW501   ,AUTOMODE,BV141B,29,2.0,301819.0,OK,,,,0020004510431152006711261550804C,OK,OK,,OK,OK,291669,2026-06-09 07:18:23,11014086.0,BABU        ,13616,104339022046,104319220141,,AUTOMODE,BV141D,32,2,301819,OK,CA14,,,0020007910431251065202261320151A,,0,145.1,4.6,-113.55,50.0,134,18.6,-222.95,59.6,-222.95,-113.71,0.0894632,0.474964,45.0,40.0045,5.0,17.1137,52.2997,52.2763,0,0,0,0,0,0,0,0,0,0,0,1.92,0,20.0,0,360415
5021673,1,0020007910431251065202261320175A,2026-06-05 19:53:29,314116, , ,104319220141,0,0,0,0,57000,110000,0,0,120000,0,0,0,2,1:35,1011,16,19.85,301,12.58,102,28.66,283,4.83,30,0,0,0,0,0,0,0,0,52.67,257,2.26,13,11.27,84,6.42,63,9.25,223,10.07,237,0,0,0,0,0,0,0,0,0,0,0,0,UCX31_x0001_|_x0007_:, ,1.36,4.97,45.1,3,4.37,93,64.88,2:06      ,3,2026-06-06 09:27:42,11014086.0,BABU        ,1,104339022046,104319220141,,AUTOMODE_TS1,BV141E,45,1,,OK,,0,0,0020007910431251065202261320175A,1.17307,1.17118,1.17193,5,5,5.2425,5.985,6.0525,1,1.2,1.2,1.2,1,1.2,0.5,12,0.5,12,0.5,12,286564,2026-06-06 09:25:36,11014086,BABU        ,13616,104339022046,104319220141,140HPW501   ,,AUTOMODE,BV141C,29,1,299473,OK,,0,0,9002102010431351067303261203638A,0020007910431251065202261320175A,0020004510431152006711261540359A,OK,OK,OK,OK,287745,2026-06-06 09:23:44,11014086.0,BABU        ,13616,104339022046,104319220141,140HPW501   ,AUTOMODE,BV141A,21,1,299473,OK,CA1,0,0,1020104313020080004674879488,OK,OK,0.39,0.488,0.5,0.39,0.457,0.5,OK,,0020004510431152006711261540359A,OK,OK,202.9,145.2,52.6,146.3,0.0,1.10263,52.0746,53.1039,0.122513,2.45028,55.0658,55.7868,57.5321,1.79688,57.4302,0.408379,0,0,0,0,05ACA004,288276,2026-06-06 09:24:26,11014086.0,BABU        ,13616.0,104339022046,104319220141,140HPW501   ,AUTOMODE,BV141B,29,1.0,299473.0,OK,,,,0020004510431152006711261540359A,OK,OK,,OK,OK,288424,2026-06-06 09:26:30,11014086.0,BABU        ,13616,104339022046,104319220141,,AUTOMODE,BV141D,33,1,299473,OK,CA14,,,0020007910431251065202261320175A,,0,145.3,5.4,-113.55,50.0,134,18.6,-222.95,59.6,-216.052,-106.71,0.143242,0.924452,44.9532,40.0,5.0,18.0561,52.2355,52.2227,0,0,0,0,0,0,0,0,0,0,0,1.82,0,20.0,0,356676
5020354,1,0020007910431251065202261320178A,2026-06-05 11:21:37,314116, , ,104319220141,0,0,0,0,57000,110000,0,0,120000,0,0,0,2,1:18,1011,16,18.14,54,2.88,63,7.64,123,2.6,226,0,0,0,0,0,0,0,0,15.03,104,4.67,227,11.69,341,2.85,38,9.28,251,10.53,240,0,0,0,0,0,0,0,0,0,0,0,0,UCX31_x0001_|_x0007_:, ,1.38,4.97,45.02,3,4.32,93,65.03,2:32      ,3,2026-06-06 09:29:26,11014086.0,BABU        ,1,104339022046,104319220141,,AUTOMODE_TS1,BV141E2,38,1,,OK,,0,0,0020007910431251065202261320178A,1.15409,1.1473,1.14792,5,5,3.09461,7.30898,3.71856,1,1.2,1.2,1.2,1,1.2,0.5,12,0.5,12,0.5,12,286566,2026-06-06 09:27:36,11014086,BABU        ,13616,104339022046,104319220141,140HPW501   ,,AUTOMODE,BV141C,24,1,299476,OK,,0,0,9002102010431351067303261203641A,0020007910431251065202261320178A,0020004510431152006711261540355A,OK,OK,OK,OK,287747,2026-06-06 09:26:18,11014086.0,BABU        ,13616,104339022046,104319220141,140HPW501   ,AUTOMODE,BV141A,21,1,299476,OK,CA1,0,0,1020104313020080004674879488,OK,OK,0.39,0.468,0.5,0.39,0.425,0.5,OK,,0020004510431152006711261540355A,OK,OK,202.9,145.2,52.6,146.3,0.0,1.7152,52.0489,52.8693,0.122513,2.28693,55.2312,55.6389,57.695,9.47443,57.2848,0.367542,0,0,0,0,05ACA006,288278,2026-06-06 09:26:58,11014086.0,BABU        ,13616.0,104339022046,104319220141,140HPW501   ,AUTOMODE,BV141B,31,1.0,299476.0,OK,,,,0020004510431152006711261540355A,OK,OK,,OK,OK,288426,2026-06-06 09:28:20,11014086.0,BABU        ,13616,104339022046,104319220141,,AUTOMODE,BV141D,33,1,299476,OK,CA14,,,0020007910431251065202261320178A,,0,145.8,5.2,-113.55,50.0,134,18.6,-222.95,59.6,-216.052,-106.71,0.153323,0.908179,45.0,40.0,5.0,17.0383,51.9001,51.8972,0,0,0,0,0,0,0,0,0,0,0,1.85,0,20.0,0,356678
5020577,1,0020007910431251065202261320179A,2026-06-05 12:49:59,314116, , ,104319220141,0,0,0,0,57000,110000,0,0,120000,0,0,0,2,1:18,1011,16,38.7,111,14.58,178,11.07,56,3.05,143,0,0,0,0,0,0,0,0,13.64,21,2.26,139,17.79,84,6.77,139,7.73,342,10.31,353,0,0,0,0,0,0,0,0,0,0,0,0,UCX31_x0001_|_x0007_:, ,1.3,4.96,45.02,3,4.66,93,65.03,1:49      ,3,2026-06-06 09:26:12,11014086.0,BABU        ,1,104339022046,104319220141,,AUTOMODE_TS1,BV141E,45,1,,OK,,0,0,0020007910431251065202261320179A,1.17446,1.17332,1.17434,5,5,4.79,5.0375,5.2875,1,1.2,1.2,1.2,1,1.2,0.5,12,0.5,12,0.5,12,286562,2026-06-06 09:24:04,11014086,BABU        ,13616,104339022046,104319220141,140HPW501   ,,AUTOMODE,BV141C,27,1,299471,OK,,0,0,9002102010431351067303261203609A,0020007910431251065202261320179A,0020004510431152006711261540045A,OK,OK,OK,OK,287743,2026-06-06 09:22:24,11014086.0,BABU        ,13616,104339022046,104319220141,140HPW501   ,AUTOMODE,BV141A,36,1,299471,OK,CA1,0,0,1020104313020080004674879488,OK,OK,0.39,0.433,0.5,0.39,0.485,0.5,OK,,0020004510431152006711261540045A,OK,OK,202.9,145.2,52.6,146.3,-0.0408363,2.49112,52.1024,53.333,0.163353,2.24609,55.593,56.0006,57.7408,3.02202,57.537,0.367542,0,0,0,0,05ACA007,288274,2026-06-06 09:23:02,11014086.0,BABU        ,13616.0,104339022046,104319220141,140HPW501   ,AUTOMODE,BV141B,30,1.0,299471.0,OK,,,,0020004510431152006711261540045A,OK,OK,,OK,OK,288422,2026-06-06 09:25:02,11014086.0,BABU        ,13616,104339022046,104319220141,,AUTOMODE,BV141D,33,1,299471,OK,CA14,,,0020007910431251065202261320179A,,0,145.5,5.4,-113.55,50.0,134,18.6,-222.95,59.6,-216.052,-106.71,0.71485,2.52759,45.0,40.0,5.0,17.0232,52.3183,52.327,0,0,0,0,0,0,0,0,0,0,0,1.58,0,20.0,0,356674
5044125,1,0020007910431251065202261320195A,2026-06-12 07:59:17,314116, , ,104319220141,0,0,0,0,57000,110000,0,0,120000,0,0,0,1,0:19,1011,16,34.56,35,34.56,35,18.53,32,18.53,32,0,0,0,0,0,0,0,0,33.43,19,33.43,19,10.72,307,10.72,307,10.56,219,10.56,219,0,0,0,0,0,0,0,0,0,0,0,0,UCX31_x0001_|_x0007_:, ,1.22,5,45.02,3,5.38,93,65.46,1:12      ,3,2026-06-13 10:18:52,11014890.0,SUDALAI     ,1,104339022046,104319220141,,AUTOMODE_TS1,BV141E2,38,1,,OK,,0,0,0020007910431251065202261320195A,1.14717,1.14843,1.14478,5,5,2.03832,5.95928,2.82874,1,1.2,1.2,1.2,1,1.2,0.5,12,0.5,12,0.5,12,294309,2026-06-13 10:16:30,11014981,MAREESWARAN ,13616,104339022046,104319220141,140HPW501   ,,AUTOMODE,BV141C,20,1,306559,OK,,0,0,9002102010431351067303261479310B,0020007910431251065202261320195A,0020004510431152006711261170347B,OK,OK,OK,OK,295614,2026-06-13 10:14:18,11014981.0,MAREESWARAN ,13616,104339022046,104319220141,140HPW501   ,AUTOMODE,BV141A,23,1,306559,OK,CA1,0,0,1020104313020080004674879488,OK,OK,0.39,0.429,0.5,0.39,0.429,0.5,OK,,0020004510431152006711261170347B,OK,OK,202.9,145.2,52.6,146.3,-0.0408363,0.0,52.0464,52.4617,-0.0408363,1.26598,54.1178,55.672,57.6186,8.69851,57.2084,0.245029,0,0,0,0,05ACA006,296219,2026-06-13 10:15:18,11014981.0,MAREESWARAN ,13616.0,104339022046,104319220141,140HPW501   ,AUTOMODE,BV141B,29,1.0,306559.0,OK,,,,0020004510431152006711261170347B,OK,OK,,OK,OK,296331,2026-06-13 10:17:44,11014981.0,MAREESWARAN ,13616,104339022046,104319220141,,AUTOMODE,BV141D,35,1,306559,OK,CA13,,,0020007910431251065202261320195A,,0,146.0,6.0,-113.55,50.0,134,18.6,-222.95,59.6,-223.35,-113.71,0.876889,2.8655,45.0,40.0,5.0,20.3254,51.7918,51.8364,0,0,0,0,0,0,0,0,0,0,0,1.7,0,20.0,0,367630
5020438,1,0020007910431251065202261320263B,2026-06-05 11:57:25,314116, , ,104319220141,0,0,0,0,57000,110000,0,0,120000,0,0,0,1,0:19,1011,16,32.67,288,32.67,288,15.51,271,15.51,271,0,0,0,0,0,0,0,0,24.66,243,24.66,243,8.29,249,8.29,249,10.61,135,10.61,135,0,0,0,0,0,0,0,0,0,0,0,0,UCX31_x0001_|_x0007_:, ,1.28,5.03,45.05,3,4.97,93,65.53,0:51      ,3,2026-06-09 08:49:20,11014981.0,MAREESWARAN ,1,104339022046,104319220141,,AUTOMODE_TS1,BV141E,45,1,,OK,,0,0,0020007910431251065202261320263B,1.1708,1.17497,1.17497,5,5,4.775,6.72,4.9375,1,1.2,1.2,1.2,1,1.2,0.5,12,0.5,12,0.5,12,289812,2026-06-09 08:46:26,11014086,BABU        ,13616,104339022046,104319220141,140HPW501   ,,AUTOMODE,BV141C,18,1,301842,OK,,0,0,9002102010431351067303261203603A,0020007910431251065202261320263B,0020004510431152006711261510151A,OK,OK,OK,OK,291010,2026-06-09 08:45:12,11014086.0,BABU        ,13616,104339022046,104319220141,140HPW501   ,AUTOMODE,BV141A,23,1,301842,OK,CA1,0,0,1020104313020080004674879488,OK,OK,0.39,0.419,0.5,0.39,0.429,0.5,OK,,0020004510431152006711261510151A,OK,OK,202.9,145.2,52.6,146.3,-0.0408401,1.26598,52.1071,53.2332,0.0816765,1.96022,55.3989,56.0129,57.5569,2.00106,57.455,0.326702,0,0,0,0,05ACA003,291554,2026-06-09 08:45:54,11014086.0,BABU        ,13616.0,104339022046,104319220141,140HPW501   ,AUTOMODE,BV141B,28,1.0,301842.0,OK,,,,0020004510431152006711261510151A,OK,OK,,OK,OK,291692,2026-06-09 08:48:12,11014086.0,BABU        ,13616,104339022046,104319220141,,AUTOMODE,BV141D,37,1,301842,OK,CA14,,,0020007910431251065202261320263B,,0,145.3,8.6,-113.55,50.0,134,18.6,-222.95,59.6,-222.95,-113.71,0.61254,1.30426,45.0,40.5787,5.0,23.341,52.2342,52.2659,0,0,0,0,0,0,0,0,0,0,0,1.73,0,20.0,0,360445
5020344,1,0020007910431251065202261320279B,2026-06-05 11:19:05,314116, , ,104319220141,0,0,0,0,57000,110000,0,0,120000,0,0,0,2,1:18,1011,16,28.2,278,14.97,29,11.98,239,3.46,12,0,0,0,0,0,0,0,0,20.57,218,5.7,338,6.32,250,5.04,351,8.9,244,10.03,250,0,0,0,0,0,0,0,0,0,0,0,0,UCX31_x0001_|_x0007_:, ,1.32,4.82,45.02,3,4.47,93,65.03,1:49      ,3,2026-06-06 09:16:02,11014086.0,BABU        ,1,104339022046,104319220141,,AUTOMODE_TS1,BV141E,45,1,,OK,,0,0,0020007910431251065202261320279B,1.17522,1.1713,1.17219,5,5,3.9475,4.34,4.59,1,1.2,1.2,1.2,1,1.2,0.5,12,0.5,12,0.5,12,286550,2026-06-06 09:13:52,11014086,BABU        ,13616,104339022046,104319220141,140HPW501   ,,AUTOMODE,BV141C,27,1,299458,OK,,0,0,9002102010431351067303261203695A,0020007910431251065202261320279B,0020004510431152006711261540367A,OK,OK,OK,OK,287731,2026-06-06 09:11:50,11014086.0,BABU        ,13616,104339022046,104319220141,140HPW501   ,AUTOMODE,BV141A,22,1,299458,OK,CA1,0,0,1020104313020080004674879488,OK,OK,0.39,0.466,0.5,0.39,0.483,0.5,OK,,0020004510431152006711261540367A,OK,OK,202.9,145.2,52.6,146.3,0.0,0.735085,52.1149,52.9379,0.0816765,1.63352,54.8895,55.608,57.6616,9.88281,57.1495,0.326702,0,0,0,0,05ACA006,288262,2026-06-06 09:12:32,11014086.0,BABU        ,13616.0,104339022046,104319220141,140HPW501   ,AUTOMODE,BV141B,29,1.0,299458.0,OK,,,,0020004510431152006711261540367A,OK,OK,,OK,OK,288410,2026-06-06 09:14:40,11014086.0,BABU        ,13616,104339022046,104319220141,,AUTOMODE,BV141D,33,1,299458,OK,CA14,,,0020007910431251065202261320279B,,0,145.4,5.7,-113.55,50.0,134,18.6,-222.95,59.6,-216.052,-106.71,0.35661,1.76396,45.0,40.0,5.0,17.8676,51.8671,51.8822,0,0,0,0,0,0,0,0,0,0,0,1.66,0,20.0,0,356662
5028989,1,0020007910431251065202261320586B,2026-06-08 07:50:57,314116, , ,104319220141,0,0,0,0,57000,110000,0,0,120000,0,0,0,1,0:19,1011,16,42.37,63,42.37,63,12.57,47,12.57,47,0,0,0,0,0,0,0,0,16.95,30,16.95,30,17.76,23,17.76,23,12.02,324,12.02,324,0,0,0,0,0,0,0,0,0,0,0,0,UCX31_x0001_|_x0007_:, ,1.25,5,44.9,3,4.04,93,65.46,3:58      ,3,2026-06-09 08:59:58,11014981.0,MAREESWARAN ,1,104339022046,104319220141,,AUTOMODE_TS1,BV141E,45,1,,OK,,0,0,0020007910431251065202261320586B,1.17826,1.1737,1.17383,5,5,4.3825,6.1625,5.4675,1,1.2,1.2,1.2,1,1.2,0.5,12,0.5,12,0.5,12,289824,2026-06-09 08:57:02,11014086,BABU        ,13616,104339022046,104319220141,140HPW501   ,,AUTOMODE,BV141C,20,1,301854,OK,,0,0,9002102010431351067303261203576A,0020007910431251065202261320586B,0020004510431152006711261460098C,OK,OK,OK,OK,291022,2026-06-09 08:54:56,11014086.0,BABU        ,13616,104339022046,104319220141,140HPW501   ,AUTOMODE,BV141A,23,1,301854,OK,CA1,0,0,1020104313020080004674879488,OK,OK,0.39,0.431,0.5,0.39,0.447,0.5,OK,,0020004510431152006711261460098C,OK,OK,202.9,145.2,52.6,146.3,0.0,0.939278,52.3212,53.2537,0.0816765,1.51101,55.5111,55.8168,57.7736,5.02309,57.4653,0.285866,0,0,0,0,05ACA001,291566,2026-06-09 08:55:46,11014086.0,BABU        ,13616.0,104339022046,104319220141,140HPW501   ,AUTOMODE,BV141B,29,1.0,301854.0,OK,,,,0020004510431152006711261460098C,OK,OK,,OK,OK,291704,2026-06-09 08:58:50,11014086.0,BABU        ,13616,104339022046,104319220141,,AUTOMODE,BV141D,67,1,301854,OK,CA14,,,0020007910431251065202261320586B,,0,145.5,8.7,-113.55,50.0,134,18.6,-222.95,59.6,-222.95,-113.71,0.15078,0.897148,40.0629,42.5792,5.0,25.8666,51.7022,51.8059,0,0,0,0,0,0,0,0,0,0,0,1.87,0,20.0,1,360457
5027948,1,0020007910431251065202261320588B,2026-06-07 11:07:53,314116, , ,104319220141,0,0,0,0,57000,110000,0,0,120000,0,0,0,1,0:19,1011,16,53.49,199,53.49,199,23.44,204,23.44,204,0,0,0,0,0,0,0,0,38.25,190,38.25,190,18.79,141,18.79,141,10.12,324,10.12,324,0,0,0,0,0,0,0,0,0,0,0,0,UCX31_x0001_|_x0007_:, ,1.32,4.95,45.1,3,4.36,93,65.53,0:50      ,3,2026-06-09 07:25:01,11014981.0,MAREESWARAN ,1,104339022046,104319220141,,AUTOMODE_TS1,BV141E,45,2,,OK,,0,0,0020007910431251065202261320588B,1.17636,1.17484,1.17712,5,5,3.7425,4.24,6.14,1,1.2,1.2,1.2,1,1.2,0.5,12,0.5,12,0.5,12,289794,2026-06-09 07:22:13,11014086,BABU        ,13616,104339022046,104319220141,140HPW501   ,,AUTOMODE,BV141C,19,2,301824,OK,,0,0,9002102010431351067303261203593A,0020007910431251065202261320588B,0020004510431152006711261550776C,OK,OK,OK,OK,290992,2026-06-09 07:19:49,11014086.0,BABU        ,13616,104339022046,104319220141,140HPW501   ,AUTOMODE,BV141A,23,2,301824,OK,CA1,0,0,1020104313020080004674879488,OK,OK,0.39,0.412,0.5,0.39,0.418,0.5,OK,,0020004510431152006711261550776C,OK,OK,202.9,145.2,52.6,146.3,0.0,1.87855,52.0916,53.3274,0.163353,2.69531,55.4905,56.0001,57.6536,3.4304,57.5517,0.449219,0,0,0,0,05ACA010,291536,2026-06-09 07:20:29,11014086.0,BABU        ,13616.0,104339022046,104319220141,140HPW501   ,AUTOMODE,BV141B,28,2.0,301824.0,OK,,,,0020004510431152006711261550776C,OK,OK,,OK,OK,291674,2026-06-09 07:23:45,11014086.0,BABU        ,13616,104339022046,104319220141,,AUTOMODE,BV141D,32,2,301824,OK,CA14,,,0020007910431251065202261320588B,,0,145.5,4.6,-113.55,50.0,134,18.6,-222.95,59.6,-222.95,-113.71,0.235879,1.13226,45.0,40.0,5.0,17.2117,52.2965,52.2835,0,0,0,0,0,0,0,0,0,0,0,1.81,0,20.0,0,360427
5023276,1,0020007910431251065202261320681B,2026-06-06 05:51:26,314116, , ,104319220141,0,0,0,0,57000,110000,0,0,120000,0,0,0,1,0:19,1011,16,41.58,52,41.58,52,21.29,33,21.29,33,0,0,0,0,0,0,0,0,36.71,12,36.71,12,8.37,360,8.37,360,11.12,321,11.12,321,0,0,0,0,0,0,0,0,0,0,0,0,UCX31_x0001_|_x0007_:, ,1.28,5.05,45.02,3,4.96,93,65.46,0:50      ,3,2026-06-05 22:08:18,11014086.0,BABU        ,1,104339022046,104319220141,,AUTOMODE_TS1,BV141E,45,2,,OK,,0,0,0020007910431251065202261320681B,1.17472,1.1732,1.17219,5,5,4.4725,5.5725,4.945,1,1.2,1.2,1.2,1,1.2,0.5,12,0.5,12,0.5,12,285958,2026-06-05 22:05:38,11014086,BABU        ,13616,104339022046,104319220141,140HPW501   ,,AUTOMODE,BV141C,22,2,298834,OK,,0,0,9002102010431351067303261479123A,0020007910431251065202261320681B,0020004510431152006711261540543C,OK,OK,OK,OK,287147,2026-06-05 22:03:44,11014086.0,BABU        ,13616,104339022046,104319220141,140HPW501   ,AUTOMODE,BV141A,22,2,298834,OK,CA1,0,0,1020104313020080004674879488,OK,OK,0.39,0.423,0.5,0.39,0.417,0.5,OK,,0020004510431152006711261540543C,OK,OK,202.9,145.2,52.6,146.3,0.0,1.06179,52.2803,53.2052,0.0816765,2.00106,55.3633,55.9798,57.6258,3.63459,57.32,0.449219,0,0,0,0,05ACA001,287673,2026-06-05 22:04:28,11014086.0,BABU        ,13616.0,104339022046,104319220141,140HPW501   ,AUTOMODE,BV141B,29,2.0,298834.0,OK,,,,0020004510431152006711261540543C,OK,OK,,OK,OK,287822,2026-06-05 22:07:08,11014086.0,BABU        ,13616,104339022046,104319220141,,AUTOMODE,BV141D,38,2,298834,OK,CA13,,,0020007910431251065202261320681B,,0,145.6,9.5,-113.55,50.0,134,18.6,-222.95,59.6,-216.052,-106.71,0.748667,1.01023,40.0,41.977,5.0,24.9996,52.0255,52.1289,0,0,0,0,0,0,0,0,0,0,0,1.83,0,20.0,0,356049
5010209,1,0020007910431251065202261321133C,2026-06-02 09:15:45,314116, , ,104319220141,0,0,0,0,57000,110000,0,0,120000,0,0,0,2,1:25,1011,16,24.4,136,16.97,230,17.21,60,2.95,172,0,0,0,0,0,0,0,0,30.65,32,4.04,165,11.21,157,6.57,189,8.04,89,10.74,86,0,0,0,0,0,0,0,0,0,0,0,0,UCX31_x0001_|_x0007_:, ,1.38,4.97,45.42,3,4.62,94,64.88,1:56      ,3,2026-06-04 07:47:24,11014086.0,BABU        ,1,104339022046,104319220141,,AUTOMODE_TS1,BV141E,45,2,,OK,,0,0,0020007910431251065202261321133C,1.17788,1.17408,1.18331,5,5,5.5075,5.455,9.3075,1,1.2,1.2,1.2,1,1.2,0.5,12,0.5,12,0.5,12,284076,2026-06-04 07:43:20,11014981,MAREESWARAN ,13616,104339022046,104319220141,140HPW501   ,,AUTOMODE,BV141C,22,2,296869,OK,,0,0,9002102010431351067303261499784A,0020007910431251065202261321133C,0020004510431152006711261530154B,OK,OK,OK,OK,285235,2026-06-04 07:41:24,11014981.0,MAREESWARAN ,13616,104339022046,104319220141,140HPW501   ,AUTOMODE,BV141A,23,2,296869,OK,CA1,0,0,1020104313020080004674879488,OK,OK,0.39,0.424,0.5,0.39,0.421,0.5,OK,,0020004510431152006711261530154B,OK,OK,202.9,145.2,52.6,146.3,0.0,2.40944,52.489,53.103,0.204189,2.73615,55.2636,55.6738,57.5159,5.55397,57.3095,0.449219,0,0,0,0,05ACA006,285759,2026-06-04 07:42:10,11014981.0,MAREESWARAN ,13616.0,104339022046,104319220141,140HPW501   ,AUTOMODE,BV141B,29,2.0,296869.0,OK,,,,0020004510431152006711261530154B,OK,OK,,OK,OK,285914,2026-06-04 07:45:26,11014981.0,MAREESWARAN ,13616,104339022046,104319220141,,AUTOMODE,BV141D,34,2,296869,OK,CA13,,,0020007910431251065202261321133C,,0,145.5,5.8,-113.55,50.0,134,18.6,-222.95,59.6,-216.052,-106.71,0.763451,2.81021,45.0,40.0,5.0,19.8202,51.7817,51.8085,0,0,0,0,0,0,0,0,0,0,0,1.61,0,20.0,0,353890
5006661,1,0020007910431251065202261321137C,2026-06-01 07:44:48,306217, , ,104319220141,0,0,0,0,57000,110000,0,0,120000,0,0,0,1,0:19,1011,16,78.41,3,78.41,3,69.48,1,69.48,1,0,0,0,0,0,0,0,0,51.15,89,51.15,89,8.01,303,8.01,303,12.98,71,12.98,71,0,0,0,0,0,0,0,0,0,0,0,0,UCX31_x0001_|_x0007_:, ,1.23,4.93,45.45,14,4.21,93,64.4,0:56      ,3,2026-06-04 06:59:36,11014086.0,BABU        ,1,104339022046,104319220141,,AUTOMODE_TS1,BV141E2,38,2,,OK,,0,0,0020007910431251065202261321137C,1.14956,1.16428,1.14566,5,5,3.7018,8.06587,3.72934,1,1.2,1.2,1.2,1,1.2,0.5,12,0.5,12,0.5,12,284023,2026-06-04 06:56:56,11014981,MAREESWARAN ,13616,104339022046,104319220141,140HPW501   ,,AUTOMODE,BV141C,20,2,296815,OK,,0,0,9002102010431351067303261500404A,0020007910431251065202261321137C,0020004510431152006711261530041B,OK,OK,OK,OK,285181,2026-06-04 06:55:40,11014981.0,MAREESWARAN ,13616,104339022046,104319220141,140HPW501   ,AUTOMODE,BV141A,23,2,296815,OK,CA1,0,0,1020104313020080004674879488,OK,OK,0.39,0.406,0.5,0.39,0.412,0.5,OK,,0020004510431152006711261530041B,OK,OK,202.9,145.2,52.6,146.3,0.0,1.1843,52.0947,52.8132,0.0816765,1.83771,55.1777,55.6898,57.5421,7.22834,57.2363,0.326706,0,0,0,0,05ACA006,285705,2026-06-04 06:56:20,11014981.0,MAREESWARAN ,13616.0,104339022046,104319220141,140HPW501   ,AUTOMODE,BV141B,29,2.0,296815.0,OK,,,,0020004510431152006711261530041B,OK,OK,,OK,OK,285860,2026-06-04 06:58:32,11014981.0,MAREESWARAN ,13616,104339022046,104319220141,,AUTOMODE,BV141D,35,2,296815,OK,CA13,,,0020007910431251065202261321137C,,0,146.0,6.0,-113.55,50.0,134,18.6,-222.95,59.6,-216.052,-106.71,1.5159,3.43666,45.0,40.0,5.0,20.4309,51.8181,51.8514,0,0,0,0,0,0,0,0,0,0,0,1.64,0,20.0,0,353835
5027338,1,0020007910431251065202261321168C,2026-06-07 07:01:02,314116, , ,104319220141,0,0,0,0,57000,110000,0,0,120000,0,0,0,2,1:26,1011,16,16.27,36,3.73,312,16.71,90,4.95,204,0,0,0,0,0,0,0,0,32.36,64,6.34,218,13.44,282,1.17,1,9.07,105,10.06,111,0,0,0,0,0,0,0,0,0,0,0,0,UCX31_x0001_|_x0007_:, ,1.36,5.04,45.25,3,4.59,93,64.88,1:57      ,3,2026-06-09 08:35:02,11014981.0,MAREESWARAN ,1,104339022046,104319220141,,AUTOMODE_TS1,BV141E,45,1,,OK,,0,0,0020007910431251065202261321168C,1.17851,1.17497,1.17611,5,5,4.2375,4.4025,5.0475,1,1.2,1.2,1.2,1,1.2,0.5,12,0.5,12,0.5,12,289797,2026-06-09 08:33:00,11014086,BABU        ,13616,104339022046,104319220141,140HPW501   ,,AUTOMODE,BV141C,28,1,301827,OK,,0,0,9002102010431351067303261203607A,0020007910431251065202261321168C,0020004510431152006711261510188C,OK,OK,OK,OK,290995,2026-06-09 08:31:38,11014086.0,BABU        ,13616,104339022046,104319220141,140HPW501   ,AUTOMODE,BV141A,36,1,301827,OK,CA1,0,0,1020104313020080004674879488,OK,OK,0.39,0.417,0.5,0.39,0.42,0.5,OK,,0020004510431152006711261510188C,OK,OK,202.9,145.2,52.6,146.3,-0.0408363,0.898438,52.4863,53.2048,0.0408401,1.42933,55.4749,56.0889,57.6278,3.63459,57.5259,0.245029,0,0,0,0,05ACA005,291539,2026-06-09 08:32:20,11014086.0,BABU        ,13616.0,104339022046,104319220141,140HPW501   ,AUTOMODE,BV141B,29,1.0,301827.0,OK,,,,0020004510431152006711261510188C,OK,OK,,OK,OK,291677,2026-06-09 08:33:54,11014086.0,BABU        ,13616,104339022046,104319220141,,AUTOMODE,BV141D,38,1,301827,OK,CA14,,,0020007910431251065202261321168C,,0,145.1,8.8,-113.55,50.0,134,18.6,-222.95,59.6,-222.95,-113.71,1.34976,2.02047,45.0,41.062,5.0,20.8682,51.9912,52.2307,0,0,0,0,0,0,0,0,0,0,0,2.64,0,20.0,0,360430
5006541,1,0020007910431251065202261331231A,2026-06-01 06:36:28,306217, , ,104319220141,0,0,0,0,57000,110000,0,0,120000,0,0,0,3,2:29,1011,16,117.16,9,43.81,320,54.89,2,8.11,0,0,0,0,0,0,0,0,0,39.92,85,7.16,83,16.91,155,11.16,61,5.62,26,11.08,40,0,0,0,0,0,0,0,0,0,0,0,0,UCX31_x0001_|_x0007_:, ,1.28,4.93,44.84,14,4.9,93,64.81,3:06      ,3,2026-06-04 06:58:04,11014086.0,BABU        ,1,104339022046,104319220141,,AUTOMODE_TS1,BV141E2,38,2,,OK,,0,0,0020007910431251065202261331231A,1.15333,1.16453,1.14453,5,5,3.07066,7.20719,3.04311,1,1.2,1.2,1.2,1,1.2,0.5,12,0.5,12,0.5,12,284021,2026-06-04 06:55:42,11014981,MAREESWARAN ,13616,104339022046,104319220141,140HPW501   ,,AUTOMODE,BV141C,24,2,296813,OK,,0,0,9002102010431351067303261479215A,0020007910431251065202261331231A,0020004510431152006711261530178B,OK,OK,OK,OK,285179,2026-06-04 06:54:20,11014981.0,MAREESWARAN ,13616,104339022046,104319220141,140HPW501   ,AUTOMODE,BV141A,23,2,296813,OK,CA1,0,0,1020104313020080004674879488,OK,OK,0.39,0.41,0.5,0.39,0.417,0.5,OK,,0020004510431152006711261530178B,OK,OK,202.9,145.2,52.6,146.3,-0.0408363,2.32777,52.0611,53.1949,0.204189,2.77699,55.4676,55.7734,57.7174,4.36967,57.2078,0.612572,0,0,0,0,05ACA010,285703,2026-06-04 06:55:00,11014981.0,MAREESWARAN ,13616.0,104339022046,104319220141,140HPW501   ,AUTOMODE,BV141B,30,2.0,296813.0,OK,,,,0020004510431152006711261530178B,OK,OK,,OK,OK,285858,2026-06-04 06:57:00,11014981.0,MAREESWARAN ,13616,104339022046,104319220141,,AUTOMODE,BV141D,34,2,296813,OK,CA13,,,0020007910431251065202261331231A,,0,145.0,5.8,-113.55,50.0,134,18.6,-222.95,59.6,-216.052,-106.71,0.0904694,0.468448,44.8998,40.0,5.0,18.0259,52.2843,52.2684,0,0,0,0,0,0,0,0,0,0,0,1.66,0,20.0,0,353833
5010629,1,0020007910431251065202261331238A,2026-06-02 11:25:23,314116, , ,104319220141,0,0,0,0,57000,110000,0,0,120000,0,0,0,1,0:19,1011,16,19.47,128,19.47,128,13.99,42,13.99,42,0,0,0,0,0,0,0,0,23.55,12,23.55,12,11.19,138,11.19,138,11.7,326,11.7,326,0,0,0,0,0,0,0,0,0,0,0,0,UCX31_x0001_|_x0007_:, ,1.26,4.98,45.77,3,3.85,93,65.53,0:59      ,3,2026-06-04 22:01:07,11014086.0,BABU        ,1,104339022046,104319220141,,AUTOMODE_TS1,BV141E2,38,2,,OK,,0,0,0020007910431251065202261331238A,1.14302,1.15585,1.14453,5,5,2.77126,6.86347,3.05988,1,1.2,1.2,1.2,1,1.2,0.5,12,0.5,12,0.5,12,284730,2026-06-04 21:59:09,11014086,BABU        ,13616,104339022046,104319220141,140HPW501   ,,AUTOMODE,BV141C,25,2,297556,OK,,0,0,9002102010431351067303261478789A,0020007910431251065202261331238A,0020004510431152006711261540165A,OK,OK,OK,OK,285887,2026-06-04 21:57:47,11014086.0,BABU        ,13616,104339022046,104319220141,140HPW501   ,AUTOMODE,BV141A,21,2,297556,OK,CA1,0,0,1020104313020080004674879488,OK,OK,0.39,0.413,0.5,0.39,0.438,0.5,OK,,0020004510431152006711261540165A,OK,OK,202.9,145.2,52.6,146.3,-0.0408401,2.00106,52.0893,53.0167,0.122513,2.20525,55.4881,55.8983,57.6462,1.83771,57.5443,0.285866,0,0,0,0,05ACA005,286413,2026-06-04 21:58:27,11014086.0,BABU        ,13616.0,104339022046,104319220141,140HPW501   ,AUTOMODE,BV141B,30,2.0,297556.0,OK,,,,0020004510431152006711261540165A,OK,OK,,OK,OK,286568,2026-06-04 22:00:01,11014086.0,BABU        ,13616,104339022046,104319220141,,AUTOMODE,BV141D,38,2,297556,OK,CA13,,,0020007910431251065202261331238A,,0,145.6,9.2,-113.55,50.0,134,18.6,-222.95,59.6,-216.052,-106.71,-0.309101,0.505119,40.3426,42.6658,5.0,19.2171,52.1614,52.1568,0,0,0,0,0,0,0,0,0,0,0,1.69,0,20.0,0,354706
5006556,1,0020007910431251065202261331391A,2026-06-01 06:47:24,306217, , ,104319220141,0,0,0,0,57000,110000,0,0,120000,0,0,0,1,0:19,1011,16,75.38,302,75.38,302,33.33,287,33.33,287,0,0,0,0,0,0,0,0,28.16,11,28.16,11,10.21,100,10.21,100,10.43,339,10.43,339,0,0,0,0,0,0,0,0,0,0,0,0,UCX31_x0001_|_x0007_:, ,1.33,4.91,45.57,14,4.14,93,64.45,2:39      ,3,2026-06-04 22:13:41,11014086.0,BABU        ,1,104339022046,104319220141,,AUTOMODE_TS1,BV141E,45,2,,OK,,0,0,0020007910431251065202261331391A,1.17446,1.17396,1.17472,5,5,4.7425,5.025,5.715,1,1.2,1.2,1.2,1,1.2,0.5,12,0.5,12,0.5,12,284745,2026-06-04 22:10:37,11014086,BABU        ,13616,104339022046,104319220141,140HPW501   ,,AUTOMODE,BV141C,24,2,297571,OK,,0,0,9002102010431351067303261478786A,0020007910431251065202261331391A,0020004510431152006711261540398C,OK,OK,OK,OK,285902,2026-06-04 22:08:13,11014086.0,BABU        ,13616,104339022046,104319220141,140HPW501   ,AUTOMODE,BV141A,28,2,297571,OK,CA1,0,0,1020104313020080004674879488,OK,OK,0.39,0.412,0.5,0.39,0.407,0.5,OK,,0020004510431152006711261540398C,OK,OK,202.9,145.2,52.6,146.3,-0.0816765,1.47017,53.0323,53.1342,0.0816765,1.42933,55.3993,55.8069,57.6567,2.49112,57.3433,0.245026,0,0,0,0,05ACA003,286428,2026-06-04 22:09:03,11014086.0,BABU        ,13616.0,104339022046,104319220141,140HPW501   ,AUTOMODE,BV141B,30,2.0,297571.0,OK,,,,0020004510431152006711261540398C,OK,OK,,OK,OK,286583,2026-06-04 22:12:31,11014086.0,BABU        ,13616,104339022046,104319220141,,AUTOMODE,BV141D,38,2,297571,OK,CA13,,,0020007910431251065202261331391A,,0,145.7,9.4,-113.55,50.0,134,18.6,-222.95,59.6,-216.052,-106.71,0.115072,0.446641,45.0,40.0,5.0,22.3232,52.1775,52.2556,0,0,0,0,0,0,0,0,0,0,0,1.62,0,20.0,0,354721
5009042,1,0020007910431251065202261331422A,2026-06-01 23:53:25,306217, , ,104319220141,0,0,0,0,57000,110000,0,0,120000,0,0,0,1,0:19,1011,16,25.61,110,25.61,110,25.47,66,25.47,66,0,0,0,0,0,0,0,0,19.77,156,19.77,156,8.9,338,8.9,338,10.04,54,10.04,54,0,0,0,0,0,0,0,0,0,0,0,0,UCX31_x0001_|_x0007_:, ,1.31,4.92,45.45,14,4.99,93,64.45,0:56      ,3,2026-06-04 21:41:51,11014086.0,BABU        ,1,104339022046,104319220141,,AUTOMODE_TS1,BV141E2,38,2,,OK,,0,0,0020007910431251065202261331422A,1.14377,1.15396,1.14792,5,5,2.91617,7.22515,3.46467,1,1.2,1.2,1.2,1,1.2,0.5,12,0.5,12,0.5,12,284711,2026-06-04 21:38:56,11014086,BABU        ,13616,104339022046,104319220141,140HPW501   ,,AUTOMODE,BV141C,26,2,297536,OK,,0,0,9002102010431351067303261500443A,0020007910431251065202261331422A,0020004510431152006711261540135A,OK,OK,OK,OK,285868,2026-06-04 21:36:42,11014086.0,BABU        ,13616,104339022046,104319220141,140HPW501   ,AUTOMODE,BV141A,23,2,297536,OK,CA1,0,0,1020104313020080004674879488,OK,OK,0.39,0.42,0.5,0.39,0.426,0.5,OK,,0020004510431152006711261540135A,OK,OK,202.9,145.2,52.6,146.3,0.0,1.26598,52.0563,53.078,0.0816765,1.96023,55.4297,55.7354,57.4807,4.53302,57.2769,0.367542,0,0,0,0,05ACA002,286394,2026-06-04 21:37:20,11014086.0,BABU        ,13616.0,104339022046,104319220141,140HPW501   ,AUTOMODE,BV141B,29,2.0,297536.0,OK,,,,0020004510431152006711261540135A,OK,OK,,OK,OK,286549,2026-06-04 21:40:46,11014086.0,BABU        ,13616,104339022046,104319220141,,AUTOMODE,BV141D,38,2,297536,OK,CA13,,,0020007910431251065202261331422A,,0,145.0,9.3,-113.55,50.0,134,18.6,-222.95,59.6,-216.052,-106.71,0.195791,1.08911,45.0,40.0,5.0,19.2096,51.8475,51.8037,0,0,0,0,0,0,0,0,0,0,0,1.65,0,20.0,0,354676
5020736,1,0020007910431251065202261331441A,2026-06-05 13:51:01,314116, , ,104319220141,0,0,0,0,57000,110000,0,0,120000,0,0,0,1,0:19,1011,16,39.2,232,39.2,232,16.92,209,16.92,209,0,0,0,0,0,0,0,0,27.19,185,27.19,185,11.23,197,11.23,197,10.37,53,10.37,53,0,0,0,0,0,0,0,0,0,0,0,0,UCX31_x0001_|_x0007_:, ,1.27,4.99,45.02,3,4.94,93,65.53,0:51      ,3,2026-06-06 09:22:26,11014086.0,BABU        ,1,104339022046,104319220141,,AUTOMODE_TS1,BV141E2,38,1,,OK,,0,0,0020007910431251065202261331441A,1.16264,1.16013,1.14692,5,5,2.25629,8.39521,4.47904,1,1.2,1.2,1.2,1,1.2,0.5,12,0.5,12,0.5,12,286557,2026-06-06 09:20:30,11014086,BABU        ,13616,104339022046,104319220141,140HPW501   ,,AUTOMODE,BV141C,27,1,299466,OK,,0,0,9002102010431351067303261203670A,0020007910431251065202261331441A,0020004510431152006711261540555C,OK,OK,OK,OK,287738,2026-06-06 09:18:50,11014086.0,BABU        ,13616,104339022046,104319220141,140HPW501   ,AUTOMODE,BV141A,22,1,299466,OK,CA1,0,0,1020104313020080004674879488,OK,OK,0.39,0.45,0.5,0.39,0.46,0.5,OK,,0020004510431152006711261540555C,OK,OK,202.9,145.2,52.6,146.3,0.0,1.7152,52.1428,53.2715,0.122513,1.83771,55.7455,56.1531,57.692,2.00106,57.5901,0.367542,0,0,0,0,05ACA010,288269,2026-06-06 09:19:30,11014086.0,BABU        ,13616.0,104339022046,104319220141,140HPW501   ,AUTOMODE,BV141B,29,1.0,299466.0,OK,,,,0020004510431152006711261540555C,OK,OK,,OK,OK,288417,2026-06-06 09:21:22,11014086.0,BABU        ,13616,104339022046,104319220141,,AUTOMODE,BV141D,33,1,299466,OK,CA14,,,0020007910431251065202261331441A,,0,145.6,5.4,-113.55,50.0,134,18.6,-222.95,59.6,-216.052,-106.71,0.843963,1.83722,45.0,40.0,5.0,23.3636,52.2843,52.3625,0,0,0,0,0,0,0,0,0,0,0,1.84,0,20.0,0,356669
5009354,1,0020007910431251065202261331467A,2026-06-02 02:17:22,306217, , ,104319220141,0,0,0,0,57000,110000,0,0,120000,0,0,0,1,0:19,1011,16,55.71,167,55.71,167,27,166,27,166,0,0,0,0,0,0,0,0,20.57,261,20.57,261,5.59,243,5.59,243,10.82,353,10.82,353,0,0,0,0,0,0,0,0,0,0,0,0,UCX31_x0001_|_x0007_:, ,1.29,4.91,45.48,14,4.81,93,64.47,0:56      ,3,2026-06-04 21:32:44,11014086.0,BABU        ,1,104339022046,104319220141,,AUTOMODE_TS1,BV141E,45,2,,OK,,0,0,0020007910431251065202261331467A,1.17585,1.17332,1.17219,5,5,5.3025,5.565,5.915,1,1.2,1.2,1.2,1,1.2,0.5,12,0.5,12,0.5,12,284700,2026-06-04 21:30:46,11014086,BABU        ,13616,104339022046,104319220141,140HPW501   ,,AUTOMODE,BV141C,25,2,297525,OK,,0,0,9002102010431351067303261500401A,0020007910431251065202261331467A,0020004510431152006711261530046B,OK,OK,OK,OK,285857,2026-06-04 21:29:10,11014086.0,BABU        ,13616,104339022046,104319220141,140HPW501   ,AUTOMODE,BV141A,23,2,297525,OK,CA1,0,0,1020104313020080004674879488,OK,OK,0.39,0.419,0.5,0.39,0.42,0.5,OK,,0020004510431152006711261530046B,OK,OK,202.9,145.2,52.6,146.3,-0.0408401,1.67436,52.3263,53.4473,0.122513,2.32777,55.6003,55.9111,57.5545,1.83771,57.4526,0.408379,0,0,0,0,05ACA001,286383,2026-06-04 21:29:50,11014086.0,BABU        ,13616.0,104339022046,104319220141,140HPW501   ,AUTOMODE,BV141B,31,2.0,297525.0,OK,,,,0020004510431152006711261530046B,OK,OK,,OK,OK,286538,2026-06-04 21:31:36,11014086.0,BABU        ,13616,104339022046,104319220141,,AUTOMODE,BV141D,38,2,297525,OK,CA13,,,0020007910431251065202261331467A,,0,145.5,9.1,-113.55,50.0,134,18.6,-222.95,59.6,-216.052,-106.71,0.0753937,0.407112,44.8641,40.4134,5.0,20.4611,52.0218,52.0218,0,0,0,0,0,0,0,0,0,0,0,1.79,0,20.0,0,354665
5020936,1,0020007910431251065202261331534A,2026-06-05 15:30:31,314116, , ,104319220141,0,0,0,0,57000,110000,0,0,120000,0,0,0,2,1:16,1011,16,7.5,283,4.07,90,4.67,282,3.59,50,0,0,0,0,0,0,0,0,10.62,246,3.72,31,1.42,104,0.83,73,9.34,242,10.82,246,0,0,0,0,0,0,0,0,0,0,0,0,UCX31_x0001_|_x0007_:, ,1.33,5.04,44.99,3,4.33,93,65.03,1:47      ,3,2026-06-04 23:12:57,11014086.0,BABU        ,1,104339022046,104319220141,,AUTOMODE_TS1,BV141E,45,2,,OK,,0,0,0020007910431251065202261331534A,1.17813,1.17042,1.17257,5,5,4.1425,4.5,5.54,1,1.2,1.2,1.2,1,1.2,0.5,12,0.5,12,0.5,12,284815,2026-06-04 23:10:33,11014086,BABU        ,13616,104339022046,104319220141,140HPW501   ,,AUTOMODE,BV141C,24,2,297644,OK,,0,0,9002102010431351067303261478842A,0020007910431251065202261331534A,0020004510431152006711261540037A,OK,OK,OK,OK,285972,2026-06-04 23:08:59,11014086.0,BABU        ,13616,104339022046,104319220141,140HPW501   ,AUTOMODE,BV141A,22,2,297644,OK,CA1,0,0,1020104313020080004674879488,OK,OK,0.39,0.447,0.5,0.39,0.485,0.5,OK,,0020004510431152006711261540037A,OK,OK,202.9,145.2,52.6,146.3,-0.0408363,0.898438,52.089,53.1082,0.0408401,1.22514,55.3681,55.6739,57.6332,7.22834,57.2204,0.204189,0,0,0,0,05ACA002,286499,2026-06-04 23:09:39,11014086.0,BABU        ,13616.0,104339022046,104319220141,140HPW501   ,AUTOMODE,BV141B,29,2.0,297644.0,OK,,,,0020004510431152006711261540037A,OK,OK,,OK,OK,286653,2026-06-04 23:11:47,11014086.0,BABU        ,13616,104339022046,104319220141,,AUTOMODE,BV141D,38,2,297644,OK,CA13,,,0020007910431251065202261331534A,,0,145.6,9.3,-113.55,50.0,134,18.6,-222.95,59.6,-216.052,-106.71,0.11822,1.14594,45.0,40.4314,5.0,19.2247,51.7791,51.7449,0,0,0,0,0,0,0,0,0,0,0,1.63,0,20.0,0,354798
5010776,1,0020007910431251065202261331576A,2026-06-02 12:27:09,314116, , ,104319220141,0,0,0,0,57000,110000,0,0,120000,0,0,0,1,0:19,1011,16,53.92,334,53.92,334,28.26,342,28.26,342,0,0,0,0,0,0,0,0,49.01,324,49.01,324,16.62,246,16.62,246,10.99,50,10.99,50,0,0,0,0,0,0,0,0,0,0,0,0,UCX31_x0001_|_x0007_:, ,1.21,4.97,45.16,3,4.05,93,65.53,0:50      ,3,2026-06-04 07:48:38,11014086.0,BABU        ,1,104339022046,104319220141,,AUTOMODE_TS1,BV141E,45,2,,OK,,0,0,0020007910431251065202261331576A,1.17762,1.17623,1.18217,5,5,4.675,4.89,5.15,1,1.2,1.2,1.2,1,1.2,0.5,12,0.5,12,0.5,12,284078,2026-06-04 07:45:16,11014981,MAREESWARAN ,13616,104339022046,104319220141,140HPW501   ,,AUTOMODE,BV141C,20,2,296871,OK,,0,0,9002102010431351067303261500450A,0020007910431251065202261331576A,0020004510431152006711261530221B,OK,OK,OK,OK,285237,2026-06-04 07:42:52,11014981.0,MAREESWARAN ,13616,104339022046,104319220141,140HPW501   ,AUTOMODE,BV141A,24,2,296871,OK,CA1,0,0,1020104313020080004674879488,OK,OK,0.39,0.416,0.5,0.39,0.42,0.5,OK,,0020004510431152006711261530221B,OK,OK,202.9,145.2,52.6,146.3,-0.0408363,2.16442,52.3057,53.4294,0.122513,1.79688,55.6893,55.9951,56.2401,1.48986,57.6282,0.245029,0,0,0,0,05ACA005,285761,2026-06-04 07:43:34,11014981.0,MAREESWARAN ,13616.0,104339022046,104319220141,140HPW501   ,AUTOMODE,BV141B,29,2.0,296871.0,OK,,,,0020004510431152006711261530221B,OK,OK,,OK,OK,285916,2026-06-04 07:47:04,11014981.0,MAREESWARAN ,13616,104339022046,104319220141,,AUTOMODE,BV141D,35,2,296871,OK,CA13,,,0020007910431251065202261331576A,,0,145.3,6.1,-113.55,50.0,134,18.6,-222.95,59.6,-216.052,-106.71,0.520533,2.32155,45.0,40.0,5.0,20.8833,52.2495,52.2761,0,0,0,0,0,0,0,0,0,0,0,1.71,0,20.0,0,353893
5020135,1,0020007910431251065202261331586A,2026-06-05 10:03:52,314116, , ,104319220141,0,0,0,0,57000,110000,0,0,120000,0,0,0,1,0:19,1011,16,16.85,322,16.85,322,8.2,359,8.2,359,0,0,0,0,0,0,0,0,16.48,338,16.48,338,8.27,232,8.27,232,10.91,354,10.91,354,0,0,0,0,0,0,0,0,0,0,0,0,UCX31_x0001_|_x0007_:, ,1.23,4.97,45.05,3,3.94,93,65.61,0:50      ,3,2026-06-13 15:45:49,11014981.0,MAREESWARAN ,1,104339022046,104319220141,,AUTOMODE_TS1,BV141E,45,1,,OK,,0,0,0020007910431251065202261331586A,1.17573,1.17383,1.17598,5,5,3.6825,4.125,4.19,1,1.2,1.2,1.2,1,1.2,0.5,12,0.5,12,0.5,12,294618,2026-06-13 15:42:51,11014981,MAREESWARAN ,13616,104339022046,104319220141,140HPW501   ,,AUTOMODE,BV141C,25,1,306877,OK,,0,0,9002102010431351067303261542890B,0020007910431251065202261331586A,0020004510431152006711261580240C,OK,OK,OK,OK,295925,2026-06-13 15:41:21,11014981.0,MAREESWARAN ,13616,104339022046,104319220141,140HPW501   ,AUTOMODE,BV141A,22,1,306877,OK,CA1,0,0,1020104313020080004674879488,OK,OK,0.39,0.398,0.5,0.39,0.431,0.5,OK,,0020004510431152006711261580240C,OK,OK,202.9,145.2,52.6,146.3,-0.0408363,1.42933,52.0484,52.9732,0.0816765,1.55185,55.2408,55.5491,57.6053,2.81783,57.4014,0.204189,0,0,0,0,05ACA004,296533,2026-06-13 15:41:59,11014981.0,MAREESWARAN ,13616.0,104339022046,104319220141,140HPW501   ,AUTOMODE,BV141B,29,1.0,306877.0,OK,,,,0020004510431152006711261580240C,OK,OK,,OK,OK,296644,2026-06-13 15:44:37,11014981.0,MAREESWARAN ,13616,104339022046,104319220141,,AUTOMODE,BV141D,35,1,306877,OK,CA13,,,0020007910431251065202261331586A,,0,145.7,5.8,-113.55,50.0,134,18.6,-222.95,59.6,-223.35,-113.71,0.350149,1.74447,45.0,40.0,5.0,19.7147,52.1437,52.1642,0,0,0,0,0,0,0,0,0,0,0,1.67,0,20.0,0,367954
5020525,1,0020007910431251065202261331601A,2026-06-05 12:29:39,314116, , ,104319220141,0,0,0,0,57000,110000,0,0,120000,0,0,0,2,1:18,1011,16,30.39,241,16.21,314,12.98,182,6.31,301,0,0,0,0,0,0,0,0,23.62,144,7.87,274,12.61,235,5.13,274,9.22,95,10.27,103,0,0,0,0,0,0,0,0,0,0,0,0,UCX31_x0001_|_x0007_:, ,1.27,4.98,45.05,3,4.43,93,65.03,1:49      ,3,2026-06-06 09:25:24,11014086.0,BABU        ,1,104339022046,104319220141,,AUTOMODE_TS1,BV141E2,38,1,,OK,,0,0,0020007910431251065202261331601A,1.14642,1.14717,1.15421,5,5,3.19281,6.90299,3.43114,1,1.2,1.2,1.2,1,1.2,0.5,12,0.5,12,0.5,12,286561,2026-06-06 09:23:22,11014086,BABU        ,13616,104339022046,104319220141,140HPW501   ,,AUTOMODE,BV141C,18,1,299470,OK,,0,0,9002102010431351067303261203686A,0020007910431251065202261331601A,0020004510431152006711261540393A,OK,OK,OK,OK,287742,2026-06-06 09:21:32,11014086.0,BABU        ,13616,104339022046,104319220141,140HPW501   ,AUTOMODE,BV141A,21,1,299470,OK,CA1,0,0,1020104313020080004674879488,OK,OK,0.39,0.433,0.5,0.39,0.446,0.5,OK,,0020004510431152006711261540393A,OK,OK,202.9,145.2,52.6,146.3,0.0,0.980114,52.0925,53.2187,0.0816765,2.20525,55.471,55.8838,57.6316,7.47337,57.4252,0.408379,0,0,0,0,05ACA002,288273,2026-06-06 09:22:10,11014086.0,BABU        ,13616.0,104339022046,104319220141,140HPW501   ,AUTOMODE,BV141B,30,1.0,299470.0,OK,,,,0020004510431152006711261540393A,OK,OK,,OK,OK,288421,2026-06-06 09:24:18,11014086.0,BABU        ,13616,104339022046,104319220141,,AUTOMODE,BV141D,33,1,299470,OK,CA14,,,0020007910431251065202261331601A,,0,145.2,5.6,-113.55,50.0,134,18.6,-222.95,59.6,-216.052,-106.71,0.120625,0.831143,44.9735,40.0,5.0,19.1116,51.9105,51.9405,0,0,0,0,0,0,0,0,0,0,0,1.83,0,20.0,0,356673
5006480,1,0020007910431251065202261331614A,2026-06-01 05:25:26,306217, , ,104319220141,0,0,0,0,57000,110000,0,0,120000,0,0,0,1,0:19,1011,16,54.01,158,54.01,158,27.84,135,27.84,135,0,0,0,0,0,0,0,0,16.33,244,16.33,244,8.17,272,8.17,272,11.86,120,11.86,120,0,0,0,0,0,0,0,0,0,0,0,0,UCX31_x0001_|_x0007_:, ,1.19,4.91,45.28,14,5.13,93,64.45,0:56      ,3,2026-06-04 22:06:59,11014086.0,BABU        ,1,104339022046,104319220141,,AUTOMODE_TS1,BV141E,45,2,,OK,,0,0,0020007910431251065202261331614A,1.17623,1.17231,1.17408,5,5,4.41,4.5625,5.245,1,1.2,1.2,1.2,1,1.2,0.5,12,0.5,12,0.5,12,284737,2026-06-04 22:04:01,11014086,BABU        ,13616,104339022046,104319220141,140HPW501   ,,AUTOMODE,BV141C,23,2,297563,OK,,0,0,9002102010431351067303261478791A,0020007910431251065202261331614A,0020004510431152006711261530155B,OK,OK,OK,OK,285894,2026-06-04 22:02:33,11014086.0,BABU        ,13616,104339022046,104319220141,140HPW501   ,AUTOMODE,BV141A,23,2,297563,OK,CA1,0,0,1020104313020080004674879488,OK,OK,0.39,0.42,0.5,0.39,0.425,0.5,OK,,0020004510431152006711261530155B,OK,OK,202.9,145.2,52.6,146.3,-0.0408401,1.87855,52.0587,53.0779,0.122513,1.79688,55.241,55.7506,57.7022,4.57386,57.3939,0.204189,0,0,0,0,05ACA003,286420,2026-06-04 22:03:13,11014086.0,BABU        ,13616.0,104339022046,104319220141,140HPW501   ,AUTOMODE,BV141B,29,2.0,297563.0,OK,,,,0020004510431152006711261530155B,OK,OK,,OK,OK,286575,2026-06-04 22:05:51,11014086.0,BABU        ,13616,104339022046,104319220141,,AUTOMODE,BV141D,38,2,297563,OK,CA13,,,0020007910431251065202261331614A,,0,145.2,9.2,-113.55,50.0,134,18.6,-222.95,59.6,-216.052,-106.71,1.07332,1.90739,45.0,40.9884,5.0,25.761,52.159,52.4188,0,0,0,0,0,0,0,0,0,0,0,1.61,0,20.0,0,354713
5006592,1,0020007910431251065202261331633A,2026-06-01 07:09:58,314116, , ,104319220141,0,0,0,0,57000,110000,0,0,120000,0,0,0,3,2:33,1011,16,47.59,151,0.88,190,16.82,146,0.85,310,0,0,0,0,0,0,0,0,28.19,130,3.59,51,16.52,98,1.61,250,9.6,346,10.03,353,0,0,0,0,0,0,0,0,0,0,0,0,UCX31_x0001_|_x0007_:, ,1.28,4.81,45.77,3,4.52,93,64.88,8:18      ,3,2026-06-04 22:31:47,11014086.0,BABU        ,1,104339022046,104319220141,,AUTOMODE_TS1,BV141E2,38,2,,OK,,0,0,0020007910431251065202261331633A,1.1478,1.16025,1.1434,5,5,2.94371,8.22156,4.21317,1,1.2,1.2,1.2,1,1.2,0.5,12,0.5,12,0.5,12,284766,2026-06-04 22:29:03,11014086,BABU        ,13616,104339022046,104319220141,140HPW501   ,,AUTOMODE,BV141C,24,2,297592,OK,,0,0,9002102010431351067303261479049A,0020007910431251065202261331633A,0020004510431152006711261530244B,OK,OK,OK,OK,285923,2026-06-04 22:27:01,11014086.0,BABU        ,13616,104339022046,104319220141,140HPW501   ,AUTOMODE,BV141A,22,2,297592,OK,CA1,0,0,1020104313020080004674879488,OK,OK,0.39,0.422,0.5,0.39,0.422,0.5,OK,,0020004510431152006711261530244B,OK,OK,202.9,145.2,52.6,146.3,-0.0408363,1.10263,52.2142,53.3378,0.0816765,1.30682,55.4958,55.8041,57.6488,2.08274,57.5469,0.163353,0,0,0,0,05ACA010,286449,2026-06-04 22:27:39,11014086.0,BABU        ,13616.0,104339022046,104319220141,140HPW501   ,AUTOMODE,BV141B,29,2.0,297592.0,OK,,,,0020004510431152006711261530244B,OK,OK,,OK,OK,286604,2026-06-04 22:30:43,11014086.0,BABU        ,13616,104339022046,104319220141,,AUTOMODE,BV141D,37,2,297592,OK,CA13,,,0020007910431251065202261331633A,,0,145.1,8.7,-113.55,50.0,134,18.6,-222.95,59.6,-216.052,-106.71,0.565466,1.1761,45.0,40.7237,5.0,21.4562,52.1591,52.2177,0,0,0,0,0,0,0,0,0,0,0,1.66,0,20.0,0,354749
5016466,1,0020007910431251065202261331770B,2026-06-04 08:27:21,314116, , ,104319220141,0,0,0,0,57000,110000,0,0,120000,0,0,0,1,0:20,1011,16,48.11,130,48.11,130,30.24,89,30.24,89,0,0,0,0,0,0,0,0,48.83,62,48.83,62,11.64,136,11.64,136,13.9,22,13.9,22,0,0,0,0,0,0,0,0,0,0,0,0,UCX31_x0001_|_x0007_:, ,1.22,4.95,45.05,3,4.56,93,65.53,0:51      ,3,2026-06-10 21:40:24,11014981.0,MAREESWARAN ,1,104339022046,104319220141,,AUTOMODE_TS1,BV141E2,38,2,,OK,,0,0,0020007910431251065202261331770B,1.16289,1.16931,1.15723,5,5,2.89581,7.16287,3.0479,1,1.2,1.2,1.2,1,1.2,0.5,12,0.5,12,0.5,12,291564,2026-06-10 21:37:38,11014086,BABU        ,13616,104339022046,104319220141,140HPW501   ,,AUTOMODE,BV141C,29,2,303675,OK,,0,0,9002102010431351067303261500572B,0020007910431251065202261331770B,0020004510431152006711261540546B,OK,OK,OK,OK,292797,2026-06-10 21:35:26,10001033.0,SAKTHI VIJAY,13616,104339022046,104319220141,140HPW501   ,AUTOMODE,BV141A,22,2,303675,OK,CA1,0,0,1020104313020080004674879488,OK,OK,0.39,0.432,0.5,0.39,0.454,0.5,OK,,0020004510431152006711261540546B,OK,OK,202.9,145.2,52.6,146.3,0.0,1.67436,52.0937,53.1179,0.122513,1.75604,55.3753,55.7855,57.6327,2.98118,57.3244,0.326706,0,0,0,0,05ACA003,293360,2026-06-10 21:36:06,10001033.0,SAKTHI VIJAY,13616.0,104339022046,104319220141,140HPW501   ,AUTOMODE,BV141B,29,2.0,303675.0,OK,,,,0020004510431152006711261540546B,OK,OK,,OK,OK,293489,2026-06-10 21:38:26,11014086.0,BABU        ,13616,104339022046,104319220141,,AUTOMODE,BV141D,35,2,303675,OK,CA14,,,0020007910431251065202261331770B,,0,145.5,5.4,-113.55,50.0,134,18.6,-222.95,59.6,-222.95,-113.71,1.59815,3.65867,45.0,40.0,5.0,24.8639,52.1293,52.2106,0,0,0,0,0,0,0,0,0,0,0,1.74,0,20.0,0,362974
5011252,1,0020007910431251065202261331784B,2026-06-02 15:50:18,314116, , ,104319220141,0,0,0,0,57000,110000,0,0,120000,0,0,0,2,1:12,1011,16,32.86,128,23.79,214,12.25,47,1.02,268,0,0,0,0,0,0,0,0,17.21,31,4.45,258,11.9,99,10.92,156,7.35,47,10.46,50,0,0,0,0,0,0,0,0,0,0,0,0,UCX31_x0001_|_x0007_:, ,1.38,4.65,45.05,3,3.97,93,65.1,1:44      ,3,2026-06-04 01:57:02,11014086.0,BABU        ,1,104339022046,104319220141,,AUTOMODE_TS1,BV141E,45,2,,OK,,0,0,0020007910431251065202261331784B,1.17927,1.17813,1.17724,5,5,4.495,4.4875,5.435,1,1.2,1.2,1.2,1,1.2,0.5,12,0.5,12,0.5,12,283773,2026-06-04 01:54:46,11014981,MAREESWARAN ,13616,104339022046,104319220141,140HPW501   ,,AUTOMODE,BV141C,23,2,296566,OK,,0,0,9002102010431351067303261203526A,0020007910431251065202261331784B,0020004510431152006711261510159C,OK,OK,OK,OK,284932,2026-06-04 01:53:28,11014981.0,MAREESWARAN ,13616,104339022046,104319220141,140HPW501   ,AUTOMODE,BV141A,28,2,296566,OK,CA1,0,0,1020104313020080004674879488,OK,OK,0.39,0.417,0.5,0.39,0.423,0.5,OK,,0020004510431152006711261510159C,OK,OK,202.9,145.2,52.6,146.3,-0.0408363,0.857601,52.9272,53.34,0.0816765,1.22514,55.2891,55.8012,56.2401,0.752922,57.6433,0.122513,0,0,0,0,05ACA005,285456,2026-06-04 01:54:10,11014981.0,MAREESWARAN ,13616.0,104339022046,104319220141,140HPW501   ,AUTOMODE,BV141B,31,2.0,296566.0,OK,,,,0020004510431152006711261510159C,OK,OK,,OK,OK,285611,2026-06-04 01:55:52,11014981.0,MAREESWARAN ,13616,104339022046,104319220141,,AUTOMODE,BV141D,35,2,296566,OK,CA13,,,0020007910431251065202261331784B,,0,145.1,5.9,-113.55,50.0,134,18.6,-222.95,59.6,-216.052,-106.71,0.098011,0.534383,44.9659,40.0,5.0,20.5515,52.2532,52.2304,0,0,0,0,0,0,0,0,0,0,0,1.87,0,20.0,0,353572
5010362,1,0020007910431251065202261331846B,2026-06-02 10:04:30,314116, , ,104319220141,0,0,0,0,57000,110000,0,0,120000,0,0,0,1,0:19,1011,16,12.96,97,12.96,97,19.11,45,19.11,45,0,0,0,0,0,0,0,0,32.87,19,32.87,19,8.11,181,8.11,181,10.58,118,10.58,118,0,0,0,0,0,0,0,0,0,0,0,0,UCX31_x0001_|_x0007_:, ,1.22,4.97,44.9,3,3.58,93,65.53,0:50      ,3,2026-06-04 21:58:43,11014086.0,BABU        ,1,104339022046,104319220141,,AUTOMODE_TS1,BV141E2,38,2,,OK,,0,0,0020007910431251065202261331846B,1.14642,1.15585,1.1478,5,5,3.39162,8.16527,3.76168,1,1.2,1.2,1.2,1,1.2,0.5,12,0.5,12,0.5,12,284728,2026-06-04 21:56:19,11014086,BABU        ,13616,104339022046,104319220141,140HPW501   ,,AUTOMODE,BV141C,22,2,297553,OK,,0,0,9002102010431351067303261478805A,0020007910431251065202261331846B,0020004510431152006711261540172A,OK,OK,OK,OK,285885,2026-06-04 21:54:59,11014086.0,BABU        ,13616,104339022046,104319220141,140HPW501   ,AUTOMODE,BV141A,23,2,297553,OK,CA1,0,0,1020104313020080004674879488,OK,OK,0.39,0.437,0.5,0.39,0.419,0.5,OK,,0020004510431152006711261540172A,OK,OK,202.9,145.2,52.6,146.3,0.0,1.67436,52.0898,52.8133,0.122517,2.12358,54.9663,55.6899,57.746,11.1488,57.2339,0.367542,0,0,0,0,05ACA006,286411,2026-06-04 21:55:39,11014086.0,BABU        ,13616.0,104339022046,104319220141,140HPW501   ,AUTOMODE,BV141B,30,2.0,297553.0,OK,,,,0020004510431152006711261540172A,OK,OK,,OK,OK,286566,2026-06-04 21:57:37,11014086.0,BABU        ,13616,104339022046,104319220141,,AUTOMODE,BV141D,38,2,297553,OK,CA13,,,0020007910431251065202261331846B,,0,145.5,9.3,-113.55,50.0,134,18.6,-222.95,59.6,-216.052,-106.71,1.0863,2.20141,45.0,40.6043,5.0,23.3561,51.767,52.9396,0,0,0,0,0,0,0,0,0,0,0,2.02,0,20.0,0,354704
5009725,1,0020007910431251065202261331858B,2026-06-02 05:24:55,314116, , ,104319220141,0,0,0,0,57000,110000,0,0,120000,0,0,0,2,1:34,1011,16,51.82,224,27.02,310,37.31,178,8,262,0,0,0,0,0,0,0,0,66.17,151,11.47,239,14.25,255,8.28,281,9.6,156,13.35,161,0,0,0,0,0,0,0,0,0,0,0,0,UCX31_x0001_|_x0007_:, ,1.3,4.82,45.02,3,4.52,93,64.88,2:05      ,3,2026-06-04 21:36:52,11014086.0,BABU        ,1,104339022046,104319220141,,AUTOMODE_TS1,BV141E2,38,2,,OK,,0,0,0020007910431251065202261331858B,1.16113,1.15887,1.14931,5,5,3.3485,7.69222,3.55689,1,1.2,1.2,1.2,1,1.2,0.5,12,0.5,12,0.5,12,284705,2026-06-04 21:34:00,11014086,BABU        ,13616,104339022046,104319220141,140HPW501   ,,AUTOMODE,BV141C,23,2,297530,OK,,0,0,9002102010431351067303261500278A,0020007910431251065202261331858B,0020004510431152006711261540155A,OK,OK,OK,OK,285862,2026-06-04 21:32:32,11014086.0,BABU        ,13616,104339022046,104319220141,140HPW501   ,AUTOMODE,BV141A,23,2,297530,OK,CA1,0,0,1020104313020080004674879488,OK,OK,0.39,0.432,0.5,0.39,0.413,0.5,OK,,0020004510431152006711261540155A,OK,OK,202.9,145.2,52.6,146.3,0.0,1.51101,52.0713,53.1949,0.122517,2.00106,55.46,55.8676,57.6129,1.75604,57.3046,0.408382,0,0,0,0,05ACA003,286388,2026-06-04 21:33:12,11014086.0,BABU        ,13616.0,104339022046,104319220141,140HPW501   ,AUTOMODE,BV141B,29,2.0,297530.0,OK,,,,0020004510431152006711261540155A,OK,OK,,OK,OK,286543,2026-06-04 21:35:46,11014086.0,BABU        ,13616,104339022046,104319220141,,AUTOMODE,BV141D,38,2,297530,OK,CA13,,,0020007910431251065202261331858B,,0,145.2,9.3,-113.55,50.0,134,18.6,-222.95,59.6,-216.052,-106.71,0.602948,1.26656,45.0,40.7086,5.0,22.6926,52.2158,52.3169,0,0,0,0,0,0,0,0,0,0,0,1.64,0,20.0,0,354670
5011991,1,0020007910431251065202261331888B,2026-06-02 20:17:18,314116, , ,104319220141,0,0,0,0,57000,110000,0,0,120000,0,0,0,1,0:19,1011,16,53.59,62,53.59,62,39.58,49,39.58,49,0,0,0,0,0,0,0,0,60.75,28,60.75,28,6.83,10,6.83,10,11.69,278,11.69,278,0,0,0,0,0,0,0,0,0,0,0,0,UCX31_x0001_|_x0007_:, ,1.25,4.93,45.02,3,4.31,93,65.53,0:50      ,3,2026-06-04 01:54:26,11014086.0,BABU        ,1,104339022046,104319220141,,AUTOMODE_TS1,BV141E2,38,2,,OK,,0,0,0020007910431251065202261331888B,1.16805,1.16717,1.1473,5,5,3.47665,8.10659,3.98802,1,1.2,1.2,1.2,1,1.2,0.5,12,0.5,12,0.5,12,283770,2026-06-04 01:52:32,11014981,MAREESWARAN ,13616,104339022046,104319220141,140HPW501   ,,AUTOMODE,BV141C,25,2,296563,OK,,0,0,9002102010431351067303261193113B,0020007910431251065202261331888B,0020004510431152006711261490215C,OK,OK,OK,OK,284929,2026-06-04 01:51:13,11014981.0,MAREESWARAN ,13616,104339022046,104319220141,140HPW501   ,AUTOMODE,BV141A,25,2,296563,OK,CA1,0,0,1020104313020080004674879488,OK,OK,0.39,0.425,0.5,0.39,0.419,0.5,OK,,0020004510431152006711261490215C,OK,OK,202.9,145.2,52.6,146.3,-0.0408363,0.326706,52.5351,53.0472,0.0,1.22514,55.0983,55.6104,57.5595,9.92365,57.1518,0.204189,0,0,0,0,05ACA002,285453,2026-06-04 01:51:55,11014981.0,MAREESWARAN ,13616.0,104339022046,104319220141,140HPW501   ,AUTOMODE,BV141B,29,2.0,296563.0,OK,,,,0020004510431152006711261490215C,OK,OK,,OK,OK,285608,2026-06-04 01:53:20,11014981.0,MAREESWARAN ,13616,104339022046,104319220141,,AUTOMODE,BV141D,35,2,296563,OK,CA13,,,0020007910431251065202261331888B,,0,145.0,6.1,-113.55,50.0,134,18.6,-222.95,59.6,-216.052,-106.71,0.399059,1.39521,45.0,40.0,5.0,22.1046,51.9375,52.0446,0,0,0,0,0,0,0,0,0,0,0,1.94,0,20.0,0,353569
5010719,1,0020007910431251065202261331889B,2026-06-02 12:06:58,314116, , ,104319220141,0,0,0,0,57000,110000,0,0,120000,0,0,0,2,1:27,1011,16,36.37,289,9.33,1,20.02,267,3.23,358,0,0,0,0,0,0,0,0,34.04,246,6.63,3,6.5,241,3.79,282,9.16,217,10.42,230,0,0,0,0,0,0,0,0,0,0,0,0,UCX31_x0001_|_x0007_:, ,1.4,5.04,45.05,3,4,93,64.88,1:58      ,3,2026-06-04 07:52:10,11014086.0,BABU        ,1,104339022046,104319220141,,AUTOMODE_TS1,BV141E2,38,2,,OK,,0,0,0020007910431251065202261331889B,1.16541,1.16428,1.14767,5,5,3.61198,7.91138,3.82635,1,1.2,1.2,1.2,1,1.2,0.5,12,0.5,12,0.5,12,284083,2026-06-04 07:49:42,11014981,MAREESWARAN ,13616,104339022046,104319220141,140HPW501   ,,AUTOMODE,BV141C,22,2,296876,OK,,0,0,9002102010431351067303261500447A,0020007910431251065202261331889B,0020004510431152006711261530228B,OK,OK,OK,OK,285242,2026-06-04 07:48:22,11014981.0,MAREESWARAN ,13616,104339022046,104319220141,140HPW501   ,AUTOMODE,BV141A,23,2,296876,OK,CA1,0,0,1020104313020080004674879488,OK,OK,0.39,0.422,0.5,0.39,0.437,0.5,OK,,0020004510431152006711261530228B,OK,OK,202.9,145.2,52.6,146.3,-0.0408363,2.0419,52.0868,53.2129,0.163353,2.28693,55.3837,55.8958,57.738,3.18537,57.4297,0.367542,0,0,0,0,05ACA010,285766,2026-06-04 07:49:06,11014981.0,MAREESWARAN ,13616.0,104339022046,104319220141,140HPW501   ,AUTOMODE,BV141B,29,2.0,296876.0,OK,,,,0020004510431152006711261530228B,OK,OK,,OK,OK,285921,2026-06-04 07:51:04,11014981.0,MAREESWARAN ,13616,104339022046,104319220141,,AUTOMODE,BV141D,39,2,296876,OK,CA13,,,0020007910431251065202261331889B,,0,145.2,9.9,-113.55,50.0,134,18.6,-222.95,59.6,-216.052,-106.71,-0.00754166,0.723751,40.0119,40.9677,5.0,24.6905,52.0312,52.1693,0,0,0,0,0,0,0,0,0,0,0,2.04,0,20.0,0,353898
5009681,1,0020007910431251065202261331893B,2026-06-02 04:54:00,306217, , ,104319220141,0,0,0,0,57000,110000,0,0,120000,0,0,0,4,3:16,1011,16,87.24,128,21.05,62,52.99,112,5.34,84,0,0,0,0,0,0,0,0,34.95,202,3.48,155,8.7,293,4.22,171,8.1,109,10.68,130,0,0,0,0,0,0,0,0,0,0,0,0,UCX31_x0001_|_x0007_:, ,1.35,4.92,45.13,14,4.97,93,64.81,3:53      ,3,2026-06-04 21:30:22,11014086.0,BABU        ,1,104339022046,104319220141,,AUTOMODE_TS1,BV141E,45,2,,OK,,0,0,0020007910431251065202261331893B,1.17307,1.1708,1.16991,5,5,5.1425,5.8325,5.675,1,1.2,1.2,1.2,1,1.2,0.5,12,0.5,12,0.5,12,284698,2026-06-04 21:28:10,11014086,BABU        ,13616,104339022046,104319220141,140HPW501   ,,AUTOMODE,BV141C,23,2,297522,OK,,0,0,9002102010431351067303261500241A,0020007910431251065202261331893B,0020004510431152006711261540106A,OK,OK,OK,OK,285855,2026-06-04 21:26:54,11014086.0,BABU        ,13616,104339022046,104319220141,140HPW501   ,AUTOMODE,BV141A,22,2,297522,OK,CA1,0,0,1020104313020080004674879488,OK,OK,0.39,0.418,0.5,0.39,0.424,0.5,OK,,0020004510431152006711261540106A,OK,OK,202.9,145.2,52.6,146.3,0.0,1.91939,52.0688,53.4014,0.163353,2.08274,55.5518,55.962,57.7072,2.85867,57.5034,0.367542,0,0,0,0,05ACA005,286381,2026-06-04 21:27:32,11014086.0,BABU        ,13616.0,104339022046,104319220141,140HPW501   ,AUTOMODE,BV141B,31,2.0,297522.0,OK,,,,0020004510431152006711261540106A,OK,OK,,OK,OK,286536,2026-06-04 21:29:12,11014086.0,BABU        ,13616,104339022046,104319220141,,AUTOMODE,BV141D,38,2,297522,OK,CA13,,,0020007910431251065202261331893B,,0,145.4,9.1,-113.55,50.0,134,18.6,-222.95,59.6,-216.052,-106.71,0.508304,1.99032,45.0,40.4035,5.0,19.7901,52.2474,52.2762,0,0,0,0,0,0,0,0,0,0,0,1.62,0,20.0,0,354663
5009502,1,0020007910431251065202261331905B,2026-06-02 03:08:00,314116, , ,104319220141,0,0,0,0,57000,110000,0,0,120000,0,0,0,1,0:19,1011,16,23.33,4,23.33,4,6.55,317,6.55,317,0,0,0,0,0,0,0,0,8.11,290,8.11,290,9.32,331,9.32,331,12.31,264,12.31,264,0,0,0,0,0,0,0,0,0,0,0,0,UCX31_x0001_|_x0007_:, ,1.36,4.85,45.05,3,4.29,93,65.53,0:50      ,3,2026-06-04 21:28:44,11014086.0,BABU        ,1,104339022046,104319220141,,AUTOMODE_TS1,BV141E,45,2,,OK,,0,0,0020007910431251065202261331905B,1.17598,1.17282,1.17219,5,5,5.3775,5.865,6.1475,1,1.2,1.2,1.2,1,1.2,0.5,12,0.5,12,0.5,12,284696,2026-06-04 21:26:44,11014086,BABU        ,13616,104339022046,104319220141,140HPW501   ,,AUTOMODE,BV141C,23,2,297520,OK,,0,0,9002102010431351067303261499733A,0020007910431251065202261331905B,0020004510431152006711261540159A,OK,OK,OK,OK,285853,2026-06-04 21:25:28,11014086.0,BABU        ,13616,104339022046,104319220141,140HPW501   ,AUTOMODE,BV141A,22,2,297520,OK,CA1,0,0,1020104313020080004674879488,OK,OK,0.39,0.422,0.5,0.39,0.438,0.5,OK,,0020004510431152006711261540159A,OK,OK,202.9,145.2,52.6,146.3,0.0,0.449219,52.089,52.9043,0.0408401,1.34766,54.9579,55.7783,57.8319,12.7415,57.2153,0.245029,0,0,0,0,05ACA006,286379,2026-06-04 21:26:06,11014086.0,BABU        ,13616.0,104339022046,104319220141,140HPW501   ,AUTOMODE,BV141B,30,2.0,297520.0,OK,,,,0020004510431152006711261540159A,OK,OK,,OK,OK,286534,2026-06-04 21:27:32,11014086.0,BABU        ,13616,104339022046,104319220141,,AUTOMODE,BV141D,38,2,297520,OK,CA13,,,0020007910431251065202261331905B,,0,145.3,9.1,-113.55,50.0,134,18.6,-222.95,59.6,-216.052,-106.71,0.0624585,0.411148,45.0,40.0,5.0,20.8606,51.7619,51.7574,0,0,0,0,0,0,0,0,0,0,0,1.65,0,20.0,0,354661
5011563,1,0020007910431251065202261331910B,2026-06-02 17:28:41,314116, , ,104319220141,0,0,0,0,57000,110000,0,0,120000,0,0,0,1,0:19,1011,16,60.3,169,60.3,169,21.22,138,21.22,138,0,0,0,0,0,0,0,0,27.22,120,27.22,120,22.31,138,22.31,138,11.55,295,11.55,295,0,0,0,0,0,0,0,0,0,0,0,0,UCX31_x0001_|_x0007_:, ,1.28,4.99,45.02,3,4.53,93,65.53,0:50      ,3,2026-06-04 01:55:42,11014086.0,BABU        ,1,104339022046,104319220141,,AUTOMODE_TS1,BV141E,45,2,,OK,,0,0,0020007910431251065202261331910B,1.17826,1.17598,1.17611,5,5,4.6075,5.1675,7.35,1,1.2,1.2,1.2,1,1.2,0.5,12,0.5,12,0.5,12,283771,2026-06-04 01:53:28,11014981,MAREESWARAN ,13616,104339022046,104319220141,140HPW501   ,,AUTOMODE,BV141C,35,2,296564,OK,,0,0,9002102010431351067303261203181A,0020007910431251065202261331910B,0020004510431152006711261510079C,OK,OK,OK,OK,284930,2026-06-04 01:51:57,11014981.0,MAREESWARAN ,13616,104339022046,104319220141,140HPW501   ,AUTOMODE,BV141A,23,2,296564,OK,CA1,0,0,1020104313020080004674879488,OK,OK,0.39,0.426,0.5,0.39,0.441,0.5,OK,,0020004510431152006711261510079C,OK,OK,202.9,145.2,52.6,146.3,-0.0408363,0.0,53.3024,52.0666,-0.0408363,1.26598,54.2323,55.4604,57.8401,13.6807,57.221,0.163353,0,0,0,0,05ACA006,285454,2026-06-04 01:52:40,11014981.0,MAREESWARAN ,13616.0,104339022046,104319220141,140HPW501   ,AUTOMODE,BV141B,29,2.0,296564.0,OK,,,,0020004510431152006711261510079C,OK,OK,,OK,OK,285609,2026-06-04 01:54:16,11014981.0,MAREESWARAN ,13616,104339022046,104319220141,,AUTOMODE,BV141D,35,2,296564,OK,CA13,,,0020007910431251065202261331910B,,0,146.3,6.1,-113.55,50.0,134,18.6,-222.95,59.6,-216.052,-106.71,0.000474215,0.030159,45.0,40.0092,5.0,17.3173,51.8556,51.7879,0,0,0,0,0,0,0,0,0,0,0,2.03,0,20.0,0,353570
5011167,1,0020007910431251065202261331914B,2026-06-02 15:23:29,314116, , ,104319220141,0,0,0,0,57000,110000,0,0,120000,0,0,0,1,0:19,1011,16,39.79,260,39.79,260,19.49,245,19.49,245,0,0,0,0,0,0,0,0,30.66,227,30.66,227,10.08,211,10.08,211,10.92,55,10.92,55,0,0,0,0,0,0,0,0,0,0,0,0,UCX31_x0001_|_x0007_:, ,1.4,4.99,45.02,3,4.36,93,65.53,0:50      ,3,2026-06-04 01:56:10,11014086.0,BABU        ,1,104339022046,104319220141,,AUTOMODE_TS1,BV141E2,38,2,,OK,,0,0,0020007910431251065202261331914B,1.15987,1.15862,1.15384,5,5,1.99401,4.8479,2.62874,1,1.2,1.2,1.2,1,1.2,0.5,12,0.5,12,0.5,12,283772,2026-06-04 01:54:04,11014981,MAREESWARAN ,13616,104339022046,104319220141,140HPW501   ,,AUTOMODE,BV141C,23,2,296565,OK,,0,0,9002102010431351067303261203173A,0020007910431251065202261331914B,0020004510431152006711261460328B,OK,OK,OK,OK,284931,2026-06-04 01:52:40,11014981.0,MAREESWARAN ,13616,104339022046,104319220141,140HPW501   ,AUTOMODE,BV141A,24,2,296565,OK,CA1,0,0,1020104313020080004674879488,OK,OK,0.39,0.424,0.5,0.39,0.426,0.5,OK,,0020004510431152006711261460328B,OK,OK,202.9,145.2,52.6,146.3,0.0,0.857601,52.0715,53.2053,0.0408401,1.06179,55.4678,55.7735,57.6233,2.8995,57.2156,0.204189,0,0,0,0,05ACA003,285455,2026-06-04 01:53:24,11014981.0,MAREESWARAN ,13616.0,104339022046,104319220141,140HPW501   ,AUTOMODE,BV141B,29,2.0,296565.0,OK,,,,0020004510431152006711261460328B,OK,OK,,OK,OK,285610,2026-06-04 01:55:04,11014981.0,MAREESWARAN ,13616,104339022046,104319220141,,AUTOMODE,BV141D,35,2,296565,OK,CA13,,,0020007910431251065202261331914B,,0,146.1,6.3,-113.55,50.0,134,18.6,-222.95,59.6,-216.052,-106.71,0.148778,0.905005,45.0,40.0,5.0,19.0663,52.1868,52.1896,0,0,0,0,0,0,0,0,0,0,0,1.74,0,20.0,0,353571
5006285,1,0020007910431251065202261331916B,2026-06-01 01:07:58,314116, , ,104319220141,0,0,0,0,57000,110000,0,0,120000,0,0,0,1,0:19,1011,16,50.02,80,50.02,80,29.37,68,29.37,68,0,0,0,0,0,0,0,0,51.65,52,51.65,52,10.39,8,10.39,8,19.89,235,19.89,235,0,0,0,0,0,0,0,0,0,0,0,0,UCX31_x0001_|_x0007_:, ,1.26,4.91,45.25,3,4.9,93,65.53,0:50      ,3,2026-06-04 22:09:25,11014086.0,BABU        ,1,104339022046,104319220141,,AUTOMODE_TS1,BV141E2,38,2,,OK,,0,0,0020007910431251065202261331916B,1.15333,1.15673,1.1478,5,5,3.1988,7.21198,3.61557,1,1.2,1.2,1.2,1,1.2,0.5,12,0.5,12,0.5,12,284740,2026-06-04 22:06:25,11014086,BABU        ,13616,104339022046,104319220141,140HPW501   ,,AUTOMODE,BV141C,21,2,297566,OK,,0,0,9002102010431351067303261479052A,0020007910431251065202261331916B,0020004510431152006711261530304B,OK,OK,OK,OK,285897,2026-06-04 22:04:33,11014086.0,BABU        ,13616,104339022046,104319220141,140HPW501   ,AUTOMODE,BV141A,21,2,297566,OK,CA1,0,0,1020104313020080004674879488,OK,OK,0.39,0.401,0.5,0.39,0.408,0.5,OK,,0020004510431152006711261530304B,OK,OK,202.9,145.2,52.6,146.3,0.0,1.96023,52.0861,53.4212,0.204189,3.51207,55.378,55.9894,57.6379,3.06285,57.4341,0.775925,0,0,0,0,05ACA001,286423,2026-06-04 22:05:13,11014086.0,BABU        ,13616.0,104339022046,104319220141,140HPW501   ,AUTOMODE,BV141B,29,2.0,297566.0,OK,,,,0020004510431152006711261530304B,OK,OK,,OK,OK,286578,2026-06-04 22:08:21,11014086.0,BABU        ,13616,104339022046,104319220141,,AUTOMODE,BV141D,38,2,297566,OK,CA13,,,0020007910431251065202261331916B,,0,145.8,9.2,-113.55,50.0,134,18.6,-222.95,59.6,-216.052,-106.71,1.09493,1.7943,45.0,40.8253,5.0,25.3464,51.9693,52.1973,0,0,0,0,0,0,0,0,0,0,0,1.55,0,20.0,0,354716
5029803,1,0020007910431251065202261331932B,2026-06-08 12:39:31,314116, , ,104319220141,0,0,0,0,57000,110000,0,0,120000,0,0,0,1,0:19,1011,16,44.78,141,44.78,141,23.53,124,23.53,124,0,0,0,0,0,0,0,0,35.36,101,35.36,101,10.83,98,10.83,98,11.55,319,11.55,319,0,0,0,0,0,0,0,0,0,0,0,0,UCX31_x0001_|_x0007_:, ,1.31,5,45.19,3,4.5,93,65.53,0:50      ,3,2026-06-09 06:58:09,11014981.0,MAREESWARAN ,1,104339022046,104319220141,,AUTOMODE_TS1,BV141E2,38,2,,OK,,0,0,0020007910431251065202261331932B,1.14629,1.14692,1.14692,5,5,3.24192,7.04431,3.99162,1,1.2,1.2,1.2,1,1.2,0.5,12,0.5,12,0.5,12,289771,2026-06-09 06:56:21,11014086,BABU        ,13616,104339022046,104319220141,140HPW501   ,,AUTOMODE,BV141C,18,2,301801,OK,,0,0,9002102010431351067303261203606A,0020007910431251065202261331932B,0020004510431152006711261540447C,OK,OK,OK,OK,290969,2026-06-09 06:54:01,11014086.0,BABU        ,13616,104339022046,104319220141,140HPW501   ,AUTOMODE,BV141A,22,2,301801,OK,CA1,0,0,1020104313020080004674879488,OK,OK,0.39,0.4,0.5,0.39,0.409,0.5,OK,,0020004510431152006711261540447C,OK,OK,202.9,145.2,52.6,146.3,-0.0408401,1.22514,52.1168,52.9398,0.0816765,1.55185,55.0978,55.6099,57.6712,10.6587,57.1539,0.245026,0,0,0,0,05ACA006,291513,2026-06-09 06:54:45,11014086.0,BABU        ,13616.0,104339022046,104319220141,140HPW501   ,AUTOMODE,BV141B,28,2.0,301801.0,OK,,,,0020004510431152006711261540447C,OK,OK,,OK,OK,291651,2026-06-09 06:57:03,11014086.0,BABU        ,13616,104339022046,104319220141,,AUTOMODE,BV141D,32,2,301801,OK,CA14,,,0020007910431251065202261331932B,,0,145.1,4.6,-113.55,50.0,134,18.6,-222.95,59.6,-222.95,-113.71,-0.00754166,0.0,40.0604,41.1305,5.0,16.6161,51.9092,51.9128,0,0,0,0,0,0,0,0,0,0,0,1.86,0,20.0,0,360397
5011992,1,0020007910431251065202261331952B,2026-06-02 20:18:09,314116, , ,104319220141,0,0,0,0,57000,110000,0,0,120000,0,0,0,1,0:19,1011,16,42.09,242,42.09,242,13.91,238,13.91,238,0,0,0,0,0,0,0,0,22.06,225,22.06,225,17.35,190,17.35,190,11.27,100,11.27,100,0,0,0,0,0,0,0,0,0,0,0,0,UCX31_x0001_|_x0007_:, ,1.26,4.96,45.02,3,4.37,93,65.46,0:51      ,3,2026-06-04 02:14:28,11014086.0,BABU        ,1,104339022046,104319220141,,AUTOMODE_TS1,BV141E2,38,2,,OK,,0,0,0020007910431251065202261331952B,1.15082,1.1561,1.1439,5,5,3.05629,6.89461,3.21198,1,1.2,1.2,1.2,1,1.2,0.5,12,0.5,12,0.5,12,283794,2026-06-04 02:12:08,11014981,MAREESWARAN ,13616,104339022046,104319220141,140HPW501   ,,AUTOMODE,BV141C,21,2,296587,OK,,0,0,9002102010431351067303261287544A,0020007910431251065202261331952B,0020004510431152006711261500003B,OK,OK,OK,OK,284953,2026-06-04 02:10:48,11014981.0,MAREESWARAN ,13616,104339022046,104319220141,140HPW501   ,AUTOMODE,BV141A,23,2,296587,OK,CA1,0,0,1020104313020080004674879488,OK,OK,0.39,0.432,0.5,0.39,0.407,0.5,OK,,0020004510431152006711261500003B,OK,OK,202.9,145.2,52.6,146.3,-0.0408363,1.02095,52.5836,53.0931,0.0408401,1.06179,55.3505,55.6588,57.715,0.653408,57.5111,0.0816765,0,0,0,0,05ACA008,285477,2026-06-04 02:11:30,11014981.0,MAREESWARAN ,13616.0,104339022046,104319220141,140HPW501   ,AUTOMODE,BV141B,29,2.0,296587.0,OK,,,,0020004510431152006711261500003B,OK,OK,,OK,OK,285632,2026-06-04 02:13:24,11014981.0,MAREESWARAN ,13616,104339022046,104319220141,,AUTOMODE,BV141D,35,2,296587,OK,CA13,,,0020007910431251065202261331952B,,0,145.3,5.9,-113.55,50.0,134,18.6,-222.95,59.6,-216.052,-106.71,0.339072,1.73863,45.0,40.0,5.0,20.0313,52.3876,52.3571,0,0,0,0,0,0,0,0,0,0,0,1.68,0,20.0,0,353593
5010463,1,0020007910431251065202261331967B,2026-06-02 10:35:55,314116, , ,104319220141,0,0,0,0,57000,110000,0,0,120000,0,0,0,1,0:19,1011,16,49.93,241,49.93,241,20.15,223,20.15,223,0,0,0,0,0,0,0,0,31.26,205,31.26,205,14.89,195,14.89,195,10.7,292,10.7,292,0,0,0,0,0,0,0,0,0,0,0,0,UCX31_x0001_|_x0007_:, ,1.25,4.98,45.02,3,4.13,93,65.53,0:51      ,3,2026-06-11 01:05:20,11014086.0,BABU        ,1,104339022046,104319220141,,AUTOMODE_TS1,BV141E,45,2,,OK,,0,0,0020007910431251065202261331967B,1.17434,1.17408,1.1737,5,5,4.475,4.875,5.0425,1,1.2,1.2,1.2,1,1.2,0.5,12,0.5,12,0.5,12,291744,2026-06-11 01:02:38,11014086,BABU        ,13616,104339022046,104319220141,140HPW501   ,,AUTOMODE,BV141C,19,2,303864,OK,,0,0,9002102010431351067303261500667B,0020007910431251065202261331967B,0020004510431152006711261510156C,OK,OK,OK,OK,292980,2026-06-11 01:00:08,11014086.0,BABU        ,13616,104339022046,104319220141,140HPW501   ,AUTOMODE,BV141A,22,2,303864,OK,CA1,0,0,1020104313020080004674879488,OK,OK,0.39,0.422,0.5,0.39,0.432,0.5,OK,,0020004510431152006711261510156C,OK,OK,202.9,145.2,52.6,146.3,-0.0408363,1.26598,52.0868,52.9047,0.0816765,2.12358,55.2666,55.7761,57.6284,2.08274,57.5265,0.245029,0,0,0,0,05ACA004,293547,2026-06-11 01:00:50,11014086.0,BABU        ,13616.0,104339022046,104319220141,140HPW501   ,AUTOMODE,BV141B,28,2.0,303864.0,OK,,,,0020004510431152006711261510156C,OK,OK,,OK,OK,293675,2026-06-11 01:04:08,11014086.0,BABU        ,13616,104339022046,104319220141,,AUTOMODE,BV141D,33,2,303864,OK,CA14,,,0020007910431251065202261331967B,,0,145.4,4.9,-113.55,50.0,134,18.6,-222.95,59.6,-222.95,-113.71,1.51829,3.16957,45.0,40.0,5.0,19.4357,52.1778,52.2053,0,0,0,0,0,0,0,0,0,0,0,1.74,0,20.0,0,363209
5009673,1,0020007910431251065202261331974B,2026-06-02 04:45:25,306217, , ,104319220141,0,0,0,0,57000,110000,0,0,120000,0,0,0,4,3:07,1011,16,84.14,164,14.6,68,30.99,149,5.88,322,0,0,0,0,0,0,0,0,27.52,238,0.36,212,11.83,309,4.48,175,7.12,146,10.13,163,0,0,0,0,0,0,0,0,0,0,0,0,UCX31_x0001_|_x0007_:, ,1.41,4.92,44.96,14,4.69,93,64.88,3:44      ,3,2026-06-04 21:34:44,11014086.0,BABU        ,1,104339022046,104319220141,,AUTOMODE_TS1,BV141E,45,2,,OK,,0,0,0020007910431251065202261331974B,1.17547,1.1713,1.17573,5,5,5.32,5.31,7.6525,1,1.2,1.2,1.2,1,1.2,0.5,12,0.5,12,0.5,12,284702,2026-06-04 21:32:00,11014086,BABU        ,13616,104339022046,104319220141,140HPW501   ,,AUTOMODE,BV141C,23,2,297527,OK,,0,0,9002102010431351067303261500462A,0020007910431251065202261331974B,0020004510431152006711261540143A,OK,OK,OK,OK,285859,2026-06-04 21:30:32,11014086.0,BABU        ,13616,104339022046,104319220141,140HPW501   ,AUTOMODE,BV141A,23,2,297527,OK,CA1,0,0,1020104313020080004674879488,OK,OK,0.39,0.415,0.5,0.39,0.444,0.5,OK,,0020004510431152006711261540143A,OK,OK,202.9,145.2,52.6,146.3,-0.0408401,1.22514,52.0354,53.0622,0.0816765,1.79688,55.3323,55.74,56.2401,1.11702,57.4852,0.204189,0,0,0,0,05ACA010,286385,2026-06-04 21:31:10,11014086.0,BABU        ,13616.0,104339022046,104319220141,140HPW501   ,AUTOMODE,BV141B,30,2.0,297527.0,OK,,,,0020004510431152006711261540143A,OK,OK,,OK,OK,286540,2026-06-04 21:33:16,11014086.0,BABU        ,13616,104339022046,104319220141,,AUTOMODE,BV141D,38,2,297527,OK,CA13,,,0020007910431251065202261331974B,,0,145.5,9.3,-113.55,50.0,134,18.6,-222.95,59.6,-216.052,-106.71,0.429952,1.1384,45.0,40.988,5.0,19.6318,52.2507,52.2863,0,0,0,0,0,0,0,0,0,0,0,1.54,0,20.0,0,354667
5006790,1,0020007910431251065202261331993B,2026-06-01 08:44:07,314116, , ,104319220141,0,0,0,0,57000,110000,0,0,120000,0,0,0,1,0:19,1011,16,59.96,20,59.96,20,27.15,6,27.15,6,0,0,0,0,0,0,0,0,45.97,352,45.97,352,17.8,329,17.8,329,10.26,256,10.26,256,0,0,0,0,0,0,0,0,0,0,0,0,UCX31_x0001_|_x0007_:, ,1.23,4.94,45.57,3,4.6,93,65.53,0:50      ,3,2026-06-04 06:55:00,11014086.0,BABU        ,1,104339022046,104319220141,,AUTOMODE_TS1,BV141E2,38,2,,OK,,0,0,0020007910431251065202261331993B,1.1527,1.16692,1.14403,5,5,2.42635,6.88263,2.87425,1,1.2,1.2,1.2,1,1.2,0.5,12,0.5,12,0.5,12,284017,2026-06-04 06:52:54,11014981,MAREESWARAN ,13616,104339022046,104319220141,140HPW501   ,,AUTOMODE,BV141C,39,2,296809,OK,,0,0,9002102010431351067303261479212A,0020007910431251065202261331993B,0020004510431152006711261530196B,OK,OK,OK,OK,285175,2026-06-04 06:51:14,11014981.0,MAREESWARAN ,13616,104339022046,104319220141,140HPW501   ,AUTOMODE,BV141A,25,2,296809,OK,CA1,0,0,1020104313020080004674879488,OK,OK,0.39,0.41,0.5,0.39,0.418,0.5,OK,,0020004510431152006711261530196B,OK,OK,202.9,145.2,52.6,146.3,0.0,1.47017,52.1019,53.1338,0.0816765,1.79688,55.4982,55.9085,57.7556,4.04297,57.4474,0.326706,0,0,0,0,05ACA007,285699,2026-06-04 06:51:58,11014981.0,MAREESWARAN ,13616.0,104339022046,104319220141,140HPW501   ,AUTOMODE,BV141B,29,2.0,296809.0,OK,,,,0020004510431152006711261530196B,OK,OK,,OK,OK,285854,2026-06-04 06:53:56,,,13616,104339022046,104319220141,,AUTOMODE,BV141D,35,2,296809,OK,CA13,,,0020007910431251065202261331993B,,0,145.4,5.8,-113.55,50.0,134,18.6,-222.95,59.6,-216.052,-106.71,1.15176,2.73987,45.0,40.0,5.0,22.9565,52.3543,52.4946,0,0,0,0,0,0,0,0,0,0,0,1.7,0,20.0,0,353829
5010548,1,0020007910431251065202261332015B,2026-06-02 11:02:16,314116, , ,104319220141,0,0,0,0,57000,110000,0,0,120000,0,0,0,1,0:19,1011,16,39.98,36,39.98,36,22.36,17,22.36,17,0,0,0,0,0,0,0,0,33.94,355,33.94,355,9.41,349,9.41,349,10.7,248,10.7,248,0,0,0,0,0,0,0,0,0,0,0,0,UCX31_x0001_|_x0007_:, ,1.24,4.98,45.13,3,4.55,93,65.46,0:50      ,3,2026-06-04 21:52:07,11014086.0,BABU        ,1,104339022046,104319220141,,AUTOMODE_TS1,BV141E2,38,2,,OK,,0,0,0020007910431251065202261332015B,1.16289,1.1673,1.14629,5,5,3.60479,8.93653,3.74371,1,1.2,1.2,1.2,1,1.2,0.5,12,0.5,12,0.5,12,284722,2026-06-04 21:49:21,11014086,BABU        ,13616,104339022046,104319220141,140HPW501   ,,AUTOMODE,BV141C,34,2,297547,OK,,0,0,9002102010431351067303261499763A,0020007910431251065202261332015B,0020004510431152006711261540184A,OK,OK,OK,OK,285879,2026-06-04 21:46:05,11014086.0,BABU        ,13616,104339022046,104319220141,140HPW501   ,AUTOMODE,BV141A,43,2,297547,OK,CA1,0,0,1020104313020080004674879488,OK,OK,0.39,0.446,0.5,0.39,0.391,0.5,OK,,0020004510431152006711261540184A,OK,OK,202.9,145.2,52.6,146.3,-0.0408401,1.75603,52.059,53.3966,0.122513,2.24609,55.5496,56.0642,56.2401,1.85802,57.7076,0.245026,0,0,0,0,05ACA005,286405,2026-06-04 21:46:49,11014086.0,BABU        ,13616.0,104339022046,104319220141,140HPW501   ,AUTOMODE,BV141B,30,2.0,297547.0,OK,,,,0020004510431152006711261540184A,OK,OK,,OK,OK,286560,2026-06-04 21:50:59,11014086.0,BABU        ,13616,104339022046,104319220141,,AUTOMODE,BV141D,37,2,297547,OK,CA13,,,0020007910431251065202261332015B,,0,145.1,8.8,-113.55,50.0,134,18.6,-222.95,59.6,-216.052,-106.71,0.508702,1.92247,45.0,40.0477,5.0,18.0938,52.2331,52.1618,0,0,0,0,0,0,0,0,0,0,0,1.67,0,20.0,0,354698
5024201,1,0020007910431251065202261332019B,2026-06-06 11:52:57,314116, , ,104319220141,0,0,0,0,57000,110000,0,0,120000,0,0,0,2,1:34,1011,16,57.91,114,17.75,153,33.68,98,7.33,149,0,0,0,0,0,0,0,0,54.78,75,11.33,138,11.62,79,5.92,90,9.99,49,10.77,59,0,0,0,0,0,0,0,0,0,0,0,0,UCX31_x0001_|_x0007_:, ,1.4,5.02,45.13,3,4.06,93,64.88,2:05      ,3,2026-06-09 07:22:35,11014981.0,MAREESWARAN ,1,104339022046,104319220141,,AUTOMODE_TS1,BV141E,45,2,,OK,,0,0,0020007910431251065202261332019B,1.17686,1.17434,1.17838,5,5,4.7425,5.235,5.555,1,1.2,1.2,1.2,1,1.2,0.5,12,0.5,12,0.5,12,289790,2026-06-09 07:19:01,11014086,BABU        ,13616,104339022046,104319220141,140HPW501   ,,AUTOMODE,BV141C,40,2,301820,OK,,0,0,9002102010431351067303261203585A,0020007910431251065202261332019B,0020004510431152006711261550005A,OK,OK,OK,OK,290988,2026-06-09 07:16:23,11014086.0,BABU        ,13616,104339022046,104319220141,140HPW501   ,AUTOMODE,BV141A,21,2,301820,OK,CA1,0,0,1020104313020080004674879488,OK,OK,0.39,0.437,0.5,0.39,0.477,0.5,OK,,0020004510431152006711261550005A,OK,OK,202.9,145.2,52.6,146.3,0.0,2.36861,52.061,53.2942,0.204193,2.16442,55.5618,55.8726,57.8243,13.6808,57.4166,0.408382,0,0,0,0,05ACA002,291532,2026-06-09 07:17:03,11014086.0,BABU        ,13616.0,104339022046,104319220141,140HPW501   ,AUTOMODE,BV141B,28,2.0,301820.0,OK,,,,0020004510431152006711261550005A,OK,OK,,OK,OK,291670,2026-06-09 07:19:45,11014086.0,BABU        ,13616,104339022046,104319220141,,AUTOMODE,BV141D,32,2,301820,OK,CA14,,,0020007910431251065202261332019B,,0,145.2,4.7,-113.55,50.0,134,18.6,-222.95,59.6,-222.95,-113.71,0.938742,2.03679,45.0,40.0,5.0,21.7804,51.8254,51.8669,0,0,0,0,0,0,0,0,0,0,0,1.82,0,20.0,0,360416
5006083,1,0020007910431251065202261332034B,2026-05-31 21:06:10,314116, , ,104319220141,0,0,0,0,57000,110000,0,0,120000,0,0,0,2,1:36,1011,16,34.36,23,16.02,100,30.1,349,7,49,0,0,0,0,0,0,0,0,58.35,327,13.36,15,5.77,119,4.88,101,7.51,24,10.37,19,0,0,0,0,0,0,0,0,0,0,0,0,UCX31_x0001_|_x0007_:, ,1.36,4.84,45.02,3,4.58,93,64.88,2:07      ,3,2026-06-04 22:17:47,11014086.0,BABU        ,1,104339022046,104319220141,,AUTOMODE_TS1,BV141E2,38,2,,OK,,0,0,0020007910431251065202261332034B,1.14252,1.16428,1.14906,5,5,2.2994,8.08862,3.87425,1,1.2,1.2,1.2,1,1.2,0.5,12,0.5,12,0.5,12,284750,2026-06-04 22:14:49,11014086,BABU        ,13616,104339022046,104319220141,140HPW501   ,,AUTOMODE,BV141C,21,2,297576,OK,,0,0,9002102010431351067303261478783A,0020007910431251065202261332034B,0020004510431152006711261540158A,OK,OK,OK,OK,285907,2026-06-04 22:13:13,11014086.0,BABU        ,13616,104339022046,104319220141,140HPW501   ,AUTOMODE,BV141A,23,2,297576,OK,CA1,0,0,1020104313020080004674879488,OK,OK,0.39,0.413,0.5,0.39,0.41,0.5,OK,,0020004510431152006711261540158A,OK,OK,202.9,145.2,52.6,146.3,0.0,1.79688,52.0535,53.1873,0.122517,2.00106,55.5542,55.9645,57.6053,1.55185,57.5034,0.326706,0,0,0,0,05ACA010,286433,2026-06-04 22:13:51,11014086.0,BABU        ,13616.0,104339022046,104319220141,140HPW501   ,AUTOMODE,BV141B,29,2.0,297576.0,OK,,,,0020004510431152006711261540158A,OK,OK,,OK,OK,286588,2026-06-04 22:16:41,11014086.0,BABU        ,13616,104339022046,104319220141,,AUTOMODE,BV141D,38,2,297576,OK,CA13,,,0020007910431251065202261332034B,,0,145.1,9.2,-113.55,50.0,134,18.6,-222.95,59.6,-216.052,-106.71,0.297269,1.10825,45.0,40.0883,5.0,20.3857,52.1841,52.2761,0,0,0,0,0,0,0,0,0,0,0,1.69,0,20.0,0,354726
5009663,1,0020007910431251065202261332058B,2026-06-02 04:34:56,314116, , ,104319220141,0,0,0,0,57000,110000,0,0,120000,0,0,0,2,1:34,1011,16,41.31,360,13.1,122,28.13,355,6.86,124,0,0,0,0,0,0,0,0,52.89,338,15.78,110,10.33,251,4.3,6,9.91,348,10.26,354,0,0,0,0,0,0,0,0,0,0,0,0,UCX31_x0001_|_x0007_:, ,1.3,5,45.05,3,4.46,93,64.88,2:06      ,3,2026-06-04 21:43:29,11014086.0,BABU        ,1,104339022046,104319220141,,AUTOMODE_TS1,BV141E2,38,2,,OK,,0,0,0020007910431251065202261332058B,1.14692,1.16038,1.14868,5,5,3.07305,7.13293,3.48383,1,1.2,1.2,1.2,1,1.2,0.5,12,0.5,12,0.5,12,284713,2026-06-04 21:40:30,11014086,BABU        ,13616,104339022046,104319220141,140HPW501   ,,AUTOMODE,BV141C,23,2,297538,OK,,0,0,9002102010431351067303261499787A,0020007910431251065202261332058B,0020004510431152006711261540200A,OK,OK,OK,OK,285870,2026-06-04 21:38:08,11014086.0,BABU        ,13616,104339022046,104319220141,140HPW501   ,AUTOMODE,BV141A,31,2,297538,OK,CA1,0,0,1020104313020080004674879488,OK,OK,0.39,0.424,0.5,0.39,0.417,0.5,OK,,0020004510431152006711261540200A,OK,OK,202.9,145.2,52.6,146.3,0.0,2.12358,52.0464,53.277,0.204189,2.5728,55.4452,56.0643,56.2401,2.13899,57.6033,0.408382,0,0,0,0,05ACA003,286396,2026-06-04 21:38:58,11014086.0,BABU        ,13616.0,104339022046,104319220141,140HPW501   ,AUTOMODE,BV141B,29,2.0,297538.0,OK,,,,0020004510431152006711261540200A,OK,OK,,OK,OK,286551,2026-06-04 21:42:25,11014086.0,BABU        ,13616,104339022046,104319220141,,AUTOMODE,BV141D,38,2,297538,OK,CA13,,,0020007910431251065202261332058B,,0,145.0,9.2,-113.55,50.0,134,18.6,-222.95,59.6,-216.052,-106.71,0.353894,0.723751,45.0,41.2553,5.0,22.4665,52.2618,52.3248,0,0,0,0,0,0,0,0,0,0,0,1.62,0,20.0,0,354678
5006095,1,0020007910431251065202261332062B,2026-05-31 21:17:26,314116, , ,104319220141,0,0,0,0,57000,110000,0,0,120000,0,0,0,2,1:27,1011,16,29.82,237,14.84,283,16.81,185,6.87,214,0,0,0,0,0,0,0,0,27.23,156,10.61,174,9.74,236,7.08,270,9.63,207,11.54,196,0,0,0,0,0,0,0,0,0,0,0,0,UCX31_x0001_|_x0007_:, ,1.24,5.04,45.57,3,4.46,93,64.88,1:58      ,3,2026-06-04 22:10:19,11014086.0,BABU        ,1,104339022046,104319220141,,AUTOMODE_TS1,BV141E,45,2,,OK,,0,0,0020007910431251065202261332062B,1.17434,1.1708,1.17206,5,5,4.545,4.29,5.3675,1,1.2,1.2,1.2,1,1.2,0.5,12,0.5,12,0.5,12,284741,2026-06-04 22:07:15,11014086,BABU        ,13616,104339022046,104319220141,140HPW501   ,,AUTOMODE,BV141C,23,2,297567,OK,,0,0,9002102010431351067303261479063A,0020007910431251065202261332062B,0020004510431152006711261540146A,OK,OK,OK,OK,285898,2026-06-04 22:05:13,11014086.0,BABU        ,13616,104339022046,104319220141,140HPW501   ,AUTOMODE,BV141A,23,2,297567,OK,CA1,0,0,1020104313020080004674879488,OK,OK,0.39,0.405,0.5,0.39,0.411,0.5,OK,,0020004510431152006711261540146A,OK,OK,202.9,145.2,52.6,146.3,-0.0408401,1.51101,52.0355,53.0648,0.0816765,2.16442,55.2152,55.7248,57.6714,6.16655,57.3656,0.285866,0,0,0,0,05ACA004,286424,2026-06-04 22:05:51,11014086.0,BABU        ,13616.0,104339022046,104319220141,140HPW501   ,AUTOMODE,BV141B,29,2.0,297567.0,OK,,,,0020004510431152006711261540146A,OK,OK,,OK,OK,286579,2026-06-04 22:09:11,11014086.0,BABU        ,13616,104339022046,104319220141,,AUTOMODE,BV141D,38,2,297567,OK,CA13,,,0020007910431251065202261332062B,,0,145.0,9.2,-113.55,50.0,134,18.6,-222.95,59.6,-216.052,-106.71,0.33926,0.90469,40.1188,41.893,5.0,22.3685,52.1263,52.2787,0,0,0,0,0,0,0,0,0,0,0,1.52,0,20.0,0,354717
5006055,1,0020007910431251065202261332068B,2026-05-31 20:33:58,314116, , ,104319220141,0,0,0,0,57000,110000,0,0,120000,0,0,0,4,3:22,1011,16,35,205,6.77,335,16.79,181,2.5,308,0,0,0,0,0,0,0,0,27.22,157,2.22,278,7.88,163,2.37,298,8.06,164,10.81,161,0,0,0,0,0,0,0,0,0,0,0,0,UCX31_x0001_|_x0007_:, ,1.34,4.87,45.39,3,4.53,93,65.03,5:03      ,3,2026-06-04 22:14:27,11014086.0,BABU        ,1,104339022046,104319220141,,AUTOMODE_TS1,BV141E2,38,2,,OK,,0,0,0020007910431251065202261332068B,1.15296,1.16126,1.1478,5,5,2.80359,6.91377,5.04551,1,1.2,1.2,1.2,1,1.2,0.5,12,0.5,12,0.5,12,284746,2026-06-04 22:11:29,11014086,BABU        ,13616,104339022046,104319220141,140HPW501   ,,AUTOMODE,BV141C,21,2,297572,OK,,0,0,9002102010431351067303261478773A,0020007910431251065202261332068B,0020004510431152006711261530282B,OK,OK,OK,OK,285903,2026-06-04 22:09:01,11014086.0,BABU        ,13616,104339022046,104319220141,140HPW501   ,AUTOMODE,BV141A,31,2,297572,OK,CA1,0,0,1020104313020080004674879488,OK,OK,0.39,0.395,0.5,0.39,0.419,0.5,OK,,0020004510431152006711261530282B,OK,OK,202.9,145.2,52.6,146.3,0.0,1.63352,52.1789,53.6159,0.122517,1.55185,55.7791,56.1918,57.7333,2.08274,57.6314,0.285866,0,0,0,0,05ACA005,286429,2026-06-04 22:09:51,11014086.0,BABU        ,13616.0,104339022046,104319220141,140HPW501   ,AUTOMODE,BV141B,29,2.0,297572.0,OK,,,,0020004510431152006711261530282B,OK,OK,,OK,OK,286584,2026-06-04 22:13:21,11014086.0,BABU        ,13616,104339022046,104319220141,,AUTOMODE,BV141D,38,2,297572,OK,CA13,,,0020007910431251065202261332068B,,0,145.2,9.2,-113.55,50.0,134,18.6,-222.95,59.6,-216.052,-106.71,0.383507,1.03285,45.0,40.2588,5.0,23.2656,52.2194,52.3475,0,0,0,0,0,0,0,0,0,0,0,1.62,0,20.0,0,354722
5009643,1,0020007910431251065202261332095B,2026-06-02 04:15:18,314116, , ,104319220141,0,0,0,0,57000,110000,0,0,120000,0,0,0,1,0:19,1011,16,6.44,14,6.44,14,8.91,260,8.91,260,0,0,0,0,0,0,0,0,20.86,236,20.86,236,8.98,44,8.98,44,11.67,270,11.67,270,0,0,0,0,0,0,0,0,0,0,0,0,UCX31_x0001_|_x0007_:, ,1.26,4.82,45.31,3,4.61,93,65.46,2:25      ,3,2026-06-04 21:33:28,11014086.0,BABU        ,1,104339022046,104319220141,,AUTOMODE_TS1,BV141E2,38,2,,OK,,0,0,0020007910431251065202261332095B,1.15019,1.15396,1.14189,5,5,3.40719,7.7497,3.71138,1,1.2,1.2,1.2,1,1.2,0.5,12,0.5,12,0.5,12,284701,2026-06-04 21:31:22,11014086,BABU        ,13616,104339022046,104319220141,140HPW501   ,,AUTOMODE,BV141C,22,2,297526,OK,,0,0,9002102010431351067303261500230A,0020007910431251065202261332095B,0020004510431152006711261540102A,OK,OK,OK,OK,285858,2026-06-04 21:29:52,11014086.0,BABU        ,13616,104339022046,104319220141,140HPW501   ,AUTOMODE,BV141A,23,2,297526,OK,CA1,0,0,1020104313020080004674879488,OK,OK,0.39,0.423,0.5,0.39,0.418,0.5,OK,,0020004510431152006711261540102A,OK,OK,202.9,145.2,52.6,146.3,-0.0408401,1.22514,52.1148,53.0397,0.0816765,2.53196,55.2003,55.7124,57.6539,4.08381,57.2437,0.408379,0,0,0,0,05ACA004,286384,2026-06-04 21:30:30,11014086.0,BABU        ,13616.0,104339022046,104319220141,140HPW501   ,AUTOMODE,BV141B,29,2.0,297526.0,OK,,,,0020004510431152006711261540102A,OK,OK,,OK,OK,286539,2026-06-04 21:32:26,11014086.0,BABU        ,13616,104339022046,104319220141,,AUTOMODE,BV141D,38,2,297526,OK,CA13,,,0020007910431251065202261332095B,,0,145.3,9.5,-113.55,50.0,134,18.6,-222.95,59.6,-216.052,-106.71,0.717715,2.24665,45.0,40.3117,5.0,23.7104,51.966,52.1844,0,0,0,0,0,0,0,0,0,0,0,1.71,0,20.0,0,354666
5009706,1,0020007910431251065202261332108B,2026-06-02 05:13:10,306217, , ,104319220141,0,0,0,0,57000,110000,0,0,120000,0,0,0,5,4:07,1011,16,72.07,8,7.58,269,43.01,351,1.8,68,0,0,0,0,0,0,0,0,32.03,77,0.49,103,7.68,185,2.41,15,7.41,30,10.22,28,0,0,0,0,0,0,0,0,0,0,0,0,UCX31_x0001_|_x0007_:, ,1.32,4.93,45.25,14,5.02,93,65.03,9:29      ,3,2026-06-04 21:29:28,11014086.0,BABU        ,1,104339022046,104319220141,,AUTOMODE_TS1,BV141E2,38,2,,OK,,0,0,0020007910431251065202261332108B,1.15585,1.1561,1.14579,5,5,3.79162,8.49222,3.77126,1,1.2,1.2,1.2,1,1.2,0.5,12,0.5,12,0.5,12,284697,2026-06-04 21:27:28,11014086,BABU        ,13616,104339022046,104319220141,140HPW501   ,,AUTOMODE,BV141C,24,2,297521,OK,,0,0,9002102010431351067303261500463A,0020007910431251065202261332108B,0020004510431152006711261540108A,OK,OK,OK,OK,285854,2026-06-04 21:26:14,11014086.0,BABU        ,13616,104339022046,104319220141,140HPW501   ,AUTOMODE,BV141A,22,2,297521,OK,CA1,0,0,1020104313020080004674879488,OK,OK,0.39,0.443,0.5,0.39,0.435,0.5,OK,,0020004510431152006711261540108A,OK,OK,202.9,145.2,52.6,146.3,0.0,1.91939,52.0969,53.3276,0.204189,2.28693,55.4856,55.9977,57.7481,3.87962,57.3404,0.530895,0,0,0,0,05ACA003,286380,2026-06-04 21:26:52,11014086.0,BABU        ,13616.0,104339022046,104319220141,140HPW501   ,AUTOMODE,BV141B,29,2.0,297521.0,OK,,,,0020004510431152006711261540108A,OK,OK,,OK,OK,286535,2026-06-04 21:28:22,11014086.0,BABU        ,13616,104339022046,104319220141,,AUTOMODE,BV141D,38,2,297521,OK,CA13,,,0020007910431251065202261332108B,,0,145.5,9.6,-113.55,50.0,134,18.6,-222.95,59.6,-216.052,-106.71,0.442756,1.04039,45.0,41.1201,5.0,20.8606,52.1481,52.1642,0,0,0,0,0,0,0,0,0,0,0,1.65,0,20.0,0,354662
5009733,1,0020007910431251065202261332149B,2026-06-02 05:33:38,306217, , ,104319220141,0,0,0,0,57000,110000,0,0,120000,0,0,0,1,0:19,1011,16,114.02,249,114.02,249,76.19,242,76.19,242,0,0,0,0,0,0,0,0,49.43,330,49.43,330,8.28,47,8.28,47,10.23,239,10.23,239,0,0,0,0,0,0,0,0,0,0,0,0,UCX31_x0001_|_x0007_:, ,1.19,4.93,44.99,14,4.39,93,64.45,0:56      ,3,2026-06-04 21:37:44,11014086.0,BABU        ,1,104339022046,104319220141,,AUTOMODE_TS1,BV141E,45,2,,OK,,0,0,0020007910431251065202261332149B,1.17434,1.16966,1.17421,5,5,4.6425,5.0475,6.3575,1,1.2,1.2,1.2,1,1.2,0.5,12,0.5,12,0.5,12,284706,2026-06-04 21:34:42,11014086,BABU        ,13616,104339022046,104319220141,140HPW501   ,,AUTOMODE,BV141C,24,2,297531,OK,,0,0,9002102010431351067303261500454A,0020007910431251065202261332149B,0020004510431152006711261540142A,OK,OK,OK,OK,285863,2026-06-04 21:33:12,11014086.0,BABU        ,13616,104339022046,104319220141,140HPW501   ,AUTOMODE,BV141A,22,2,297531,OK,CA1,0,0,1020104313020080004674879488,OK,OK,0.39,0.424,0.5,0.39,0.42,0.5,OK,,0020004510431152006711261540142A,OK,OK,202.9,145.2,52.6,146.3,0.0,2.53196,52.1019,53.3376,0.204189,2.24609,55.4906,56.0001,57.7454,2.77699,57.6435,0.326706,0,0,0,0,05ACA005,286389,2026-06-04 21:33:50,11014086.0,BABU        ,13616.0,104339022046,104319220141,140HPW501   ,AUTOMODE,BV141B,29,2.0,297531.0,OK,,,,0020004510431152006711261540142A,OK,OK,,OK,OK,286544,2026-06-04 21:36:36,11014086.0,BABU        ,13616,104339022046,104319220141,,AUTOMODE,BV141D,38,2,297531,OK,CA13,,,0020007910431251065202261332149B,,0,145.2,9.1,-113.55,50.0,134,18.6,-222.95,59.6,-216.052,-106.71,0.0458422,0.283298,45.0,40.0,5.0,20.069,52.2359,52.2404,0,0,0,0,0,0,0,0,0,0,0,1.66,0,20.0,0,354671
5006567,1,0020007910431251065202261332160B,2026-06-01 06:54:41,306217, , ,104319220141,0,0,0,0,57000,110000,0,0,120000,0,0,0,2,1:19,1011,16,79.5,155,42.75,129,52.45,138,21.59,123,0,0,0,0,0,0,0,0,26.36,221,10.94,208,12.6,301,6.55,248,8.84,202,10.81,208,0,0,0,0,0,0,0,0,0,0,0,0,UCX31_x0001_|_x0007_:, ,1.24,4.91,45.63,14,5.31,93,65.05,1:56      ,3,2026-06-04 06:54:22,11014086.0,BABU        ,1,104339022046,104319220141,,AUTOMODE_TS1,BV141E,45,2,,OK,,0,0,0020007910431251065202261332160B,1.17674,1.17472,1.17522,5,5,4.675,5.41,5.51,1,1.2,1.2,1.2,1,1.2,0.5,12,0.5,12,0.5,12,284016,2026-06-04 06:51:46,11014981,MAREESWARAN ,13616,104339022046,104319220141,140HPW501   ,,AUTOMODE,BV141C,23,2,296808,OK,,0,0,9002102010431351067303261479204A,0020007910431251065202261332160B,0020004510431152006711261480011B,OK,OK,OK,OK,285174,2026-06-04 06:50:30,11014981.0,MAREESWARAN ,13616,104339022046,104319220141,140HPW501   ,AUTOMODE,BV141A,30,2,296808,OK,CA1,0,0,1020104313020080004674879488,OK,OK,0.39,0.416,0.5,0.39,0.412,0.5,OK,,0020004510431152006711261480011B,OK,OK,202.9,145.2,52.6,146.3,0.0,2.24609,52.1025,53.0223,0.163353,2.8995,55.3969,55.9116,56.2401,2.04016,57.5498,0.408382,0,0,0,0,05ACA005,285698,2026-06-04 06:51:12,11014981.0,MAREESWARAN ,13616.0,104339022046,104319220141,140HPW501   ,AUTOMODE,BV141B,29,2.0,296808.0,OK,,,,0020004510431152006711261480011B,OK,OK,,OK,OK,285853,2026-06-04 06:53:10,11014981.0,MAREESWARAN ,13616,104339022046,104319220141,,AUTOMODE,BV141D,35,2,296808,OK,CA13,,,0020007910431251065202261332160B,,0,145.2,5.9,-113.55,50.0,134,18.6,-222.95,59.6,-216.052,-106.71,0.200461,1.01024,45.0,40.0755,5.0,19.7147,52.2024,52.2405,0,0,0,0,0,0,0,0,0,0,0,1.61,0,20.0,0,353828
5009709,1,0020007910431251065202261332183B,2026-06-02 05:16:09,306217, , ,104319220141,0,0,0,0,57000,110000,0,0,120000,0,0,0,3,2:22,1011,16,100.5,62,29.24,357,47.13,54,14.29,347,0,0,0,0,0,0,0,0,31.69,167,6.36,93,17.76,163,5.98,104,8.87,111,10.22,106,0,0,0,0,0,0,0,0,0,0,0,0,UCX31_x0001_|_x0007_:, ,1.31,4.93,45.16,14,4.97,93,64.88,2:59      ,3,2026-06-04 21:35:10,11014086.0,BABU        ,1,104339022046,104319220141,,AUTOMODE_TS1,BV141E2,38,2,,OK,,0,0,0020007910431251065202261332183B,1.15195,1.15799,1.14679,5,5,3.43952,7.77605,3.80719,1,1.2,1.2,1.2,1,1.2,0.5,12,0.5,12,0.5,12,284703,2026-06-04 21:32:36,11014086,BABU        ,13616,104339022046,104319220141,140HPW501   ,,AUTOMODE,BV141C,24,2,297528,OK,,0,0,9002102010431351067303261500446A,0020007910431251065202261332183B,0020004510431152006711261540079A,OK,OK,OK,OK,285860,2026-06-04 21:31:10,11014086.0,BABU        ,13616,104339022046,104319220141,140HPW501   ,AUTOMODE,BV141A,23,2,297528,OK,CA1,0,0,1020104313020080004674879488,OK,OK,0.39,0.443,0.5,0.39,0.422,0.5,OK,,0020004510431152006711261540079A,OK,OK,202.9,145.2,52.6,146.3,0.0,1.42933,52.0794,53.1061,0.122517,1.63352,55.2591,55.6718,57.728,12.2514,57.3178,0.285866,0,0,0,0,05ACA002,286386,2026-06-04 21:31:56,11014086.0,BABU        ,13616.0,104339022046,104319220141,140HPW501   ,AUTOMODE,BV141B,29,2.0,297528.0,OK,,,,0020004510431152006711261540079A,OK,OK,,OK,OK,286541,2026-06-04 21:34:06,11014086.0,BABU        ,13616,104339022046,104319220141,,AUTOMODE,BV141D,38,2,297528,OK,CA13,,,0020007910431251065202261332183B,,0,145.0,9.4,-113.55,50.0,134,18.6,-222.95,59.6,-216.052,-106.71,0.0904694,0.459885,44.9533,40.0832,5.0,18.2069,51.7994,51.7958,0,0,0,0,0,0,0,0,0,0,0,1.58,0,20.0,0,354668
5006334,1,0020007910431251065202261332297C,2026-06-01 02:29:15,306217, , ,104319220141,0,0,0,0,57000,110000,0,0,120000,0,0,0,1,0:19,1011,16,91.45,332,91.45,332,58.29,327,58.29,327,0,0,0,0,0,0,0,0,43.38,53,43.38,53,4.76,157,4.76,157,10.58,18,10.58,18,0,0,0,0,0,0,0,0,0,0,0,0,UCX31_x0001_|_x0007_:, ,1.33,4.92,46.41,14,5.07,93,64.52,0:56      ,3,2026-06-04 22:25:51,11014086.0,BABU        ,1,104339022046,104319220141,,AUTOMODE_TS1,BV141E2,38,2,,OK,,0,0,0020007910431251065202261332297C,1.16541,1.16478,1.14843,5,5,3.24671,7.68743,3.68024,1,1.2,1.2,1.2,1,1.2,0.5,12,0.5,12,0.5,12,284758,2026-06-04 22:21:27,11014086,BABU        ,13616,104339022046,104319220141,140HPW501   ,,AUTOMODE,BV141C,22,2,297584,OK,,0,0,9002102010431351067303261479048A,0020007910431251065202261332297C,0020004510431152006711261530227B,OK,OK,OK,OK,285915,2026-06-04 22:18:59,11014086.0,BABU        ,13616,104339022046,104319220141,140HPW501   ,AUTOMODE,BV141A,27,2,297584,OK,CA1,0,0,1020104313020080004674879488,OK,OK,0.39,0.413,0.5,0.39,0.416,0.5,OK,,0020004510431152006711261530227B,OK,OK,202.9,145.2,52.6,146.3,0.0,1.42933,52.0229,53.3529,0.0816765,1.63352,55.7351,56.0434,56.2401,1.32194,57.5874,0.245029,0,0,0,0,05ACA010,286441,2026-06-04 22:19:51,11014086.0,BABU        ,13616.0,104339022046,104319220141,140HPW501   ,AUTOMODE,BV141B,30,2.0,297584.0,OK,,,,0020004510431152006711261530227B,OK,OK,,OK,OK,286596,2026-06-04 22:23:21,11014086.0,BABU        ,13616,104339022046,104319220141,,AUTOMODE,BV141D,38,2,297584,OK,CA13,,,0020007910431251065202261332297C,,0,145.3,8.9,-113.55,50.0,134,18.6,-222.95,59.6,-216.052,-106.71,0.130318,0.505119,45.0,40.3783,5.0,18.2144,52.2132,52.1442,0,0,0,0,0,0,0,0,0,0,0,1.72,0,20.0,0,354734
5006322,1,0020007910431251065202261332327C,2026-06-01 02:14:43,306217, , ,104319220141,0,0,0,0,57000,110000,0,0,120000,0,0,0,3,2:06,1011,16,43.85,287,9.22,261,26.04,255,7.14,252,0,0,0,0,0,0,0,0,11.81,349,1.79,312,7.7,62,2.32,31,8.73,295,10.63,301,0,0,0,0,0,0,0,0,0,0,0,0,UCX31_x0001_|_x0007_:, ,1.34,4.93,45.83,14,4.47,93,64.88,2:42      ,3,2026-06-06 09:08:38,11014086.0,BABU        ,1,104339022046,104319220141,,AUTOMODE_TS1,BV141E,44,1,,OK,,0,0,0020007910431251065202261332327C,1.17269,1.17143,1.1756,5,5,5.645,6.045,7.0375,1,1.2,1.2,1.2,1,1.2,0.5,12,0.5,12,0.5,12,286541,2026-06-06 09:06:02,11014086,BABU        ,13616,104339022046,104319220141,140HPW501   ,,AUTOMODE,BV141C,26,1,299449,OK,,0,0,9002102010431351067303261203666A,0020007910431251065202261332327C,0020004510431152006711261540588C,OK,OK,OK,OK,287722,2026-06-06 09:03:32,11014086.0,BABU        ,13616,104339022046,104319220141,140HPW501   ,AUTOMODE,BV141A,21,1,299449,OK,CA1,0,0,1020104313020080004674879488,OK,OK,0.39,0.437,0.5,0.39,0.442,0.5,OK,,0020004510431152006711261540588C,OK,OK,202.9,145.2,52.6,146.3,-0.0408363,1.51101,52.0973,53.226,0.122517,2.20526,55.5904,56.1,56.2401,2.0879,57.537,0.449219,0,0,0,0,05ACA010,288253,2026-06-06 09:04:14,11014086.0,BABU        ,13616.0,104339022046,104319220141,140HPW501   ,AUTOMODE,BV141B,29,1.0,299449.0,OK,,,,0020004510431152006711261540588C,OK,OK,,OK,OK,288401,2026-06-06 09:07:28,11014086.0,BABU        ,13616,104339022046,104319220141,,AUTOMODE,BV141D,33,1,299449,OK,CA14,,,0020007910431251065202261332327C,,0,145.6,5.2,-113.55,50.0,134,18.6,-222.95,59.6,-216.052,-106.71,0.772303,2.21911,45.0,40.0,5.0,18.5688,52.304,52.3216,0,0,0,0,0,0,0,0,0,0,0,1.89,0,20.0,0,356653
5006335,1,0020007910431251065202261332333C,2026-06-01 02:30:24,306217, , ,104319220141,0,0,0,0,57000,110000,0,0,120000,0,0,0,1,0:19,1011,16,109.64,339,109.64,339,75.15,333,75.15,333,0,0,0,0,0,0,0,0,55.69,63,55.69,63,2.64,195,2.64,195,18.12,33,18.12,33,0,0,0,0,0,0,0,0,0,0,0,0,UCX31_x0001_|_x0007_:, ,1.26,4.9,46.35,14,4.33,93,64.45,1:09      ,3,2026-06-04 22:27:11,11014086.0,BABU        ,1,104339022046,104319220141,,AUTOMODE_TS1,BV141E2,38,2,,OK,,0,0,0020007910431251065202261332333C,1.14755,1.15396,1.14767,5,5,2.83114,8.33293,4.34012,1,1.2,1.2,1.2,1,1.2,0.5,12,0.5,12,0.5,12,284760,2026-06-04 22:23:13,11014086,BABU        ,13616,104339022046,104319220141,140HPW501   ,,AUTOMODE,BV141C,30,2,297586,OK,,0,0,9002102010431351067303261478787A,0020007910431251065202261332333C,0020004510431152006711261530219B,OK,OK,OK,OK,285917,2026-06-04 22:20:39,11014086.0,BABU        ,13616,104339022046,104319220141,140HPW501   ,AUTOMODE,BV141A,29,2,297586,OK,CA1,0,0,1020104313020080004674879488,OK,OK,0.39,0.412,0.5,0.39,0.412,0.5,OK,,0020004510431152006711261530219B,OK,OK,202.9,145.2,52.6,146.3,0.0,1.96023,52.0253,53.1617,0.122517,1.96023,55.4242,55.7325,57.6867,9.55611,57.1771,0.367542,0,0,0,0,05ACA006,286443,2026-06-04 22:21:35,11014086.0,BABU        ,13616.0,104339022046,104319220141,140HPW501   ,AUTOMODE,BV141B,29,2.0,297586.0,OK,,,,0020004510431152006711261530219B,OK,OK,,OK,OK,286598,2026-06-04 22:25:43,11014086.0,BABU        ,13616,104339022046,104319220141,,AUTOMODE,BV141D,38,2,297586,OK,CA13,,,0020007910431251065202261332333C,,0,145.4,9.6,-113.55,50.0,134,18.6,-222.95,59.6,-216.052,-106.71,0.361057,0.67852,45.0,40.4263,5.0,17.8224,51.7184,51.7398,0,0,0,0,0,0,0,0,0,0,0,2.0,0,20.0,0,354743
5006780,1,0020007910431251065202261342951A,2026-06-01 08:42:36,306217, , ,104319220141,0,0,0,0,57000,110000,0,0,120000,0,0,0,2,1:25,1011,16,108.35,353,63.58,347,64.38,348,26.72,340,0,0,0,0,0,0,0,0,49.86,77,18.7,72,3.51,138,8.24,100,9.87,73,11.99,76,0,0,0,0,0,0,0,0,0,0,0,0,UCX31_x0001_|_x0007_:, ,1.28,4.94,45.42,14,4.5,93,64.78,2:06      ,3,2026-06-04 06:53:30,11014086.0,BABU        ,1,104339022046,104319220141,,AUTOMODE_TS1,BV141E2,38,2,,OK,,0,0,0020007910431251065202261342951A,1.14943,1.16189,1.14704,5,5,2.36527,7.02874,2.98802,1,1.2,1.2,1.2,1,1.2,0.5,12,0.5,12,0.5,12,284015,2026-06-04 06:51:02,11014981,MAREESWARAN ,13616,104339022046,104319220141,140HPW501   ,,AUTOMODE,BV141C,23,2,296807,OK,,0,0,9002102010431351067303261479206A,0020007910431251065202261342951A,0020004510431152006711261480004B,OK,OK,OK,OK,285173,2026-06-04 06:49:42,11014981.0,MAREESWARAN ,13616,104339022046,104319220141,140HPW501   ,AUTOMODE,BV141A,22,2,296807,OK,CA1,0,0,1020104313020080004674879488,OK,OK,0.39,0.422,0.5,0.39,0.416,0.5,OK,,0020004510431152006711261480004B,OK,OK,202.9,145.2,52.6,146.3,0.0408363,1.79688,52.0587,53.2843,0.163349,2.00106,55.5417,55.85,57.6029,1.63352,57.501,0.367542,0,0,0,0,05ACA003,285697,2026-06-04 06:50:26,11014981.0,MAREESWARAN ,13616.0,104339022046,104319220141,140HPW501   ,AUTOMODE,BV141B,29,2.0,296807.0,OK,,,,0020004510431152006711261480004B,OK,OK,,OK,OK,285852,2026-06-04 06:52:24,11014981.0,MAREESWARAN ,13616,104339022046,104319220141,,AUTOMODE,BV141D,35,2,296807,OK,CA13,,,0020007910431251065202261342951A,,0,145.3,5.9,-113.55,50.0,134,18.6,-222.95,59.6,-216.052,-106.71,1.19674,3.30756,45.0,40.0,5.0,20.167,52.1424,52.2353,0,0,0,0,0,0,0,0,0,0,0,1.62,0,20.0,0,353827
5006197,1,0020007910431251065202261342954A,2026-05-31 23:11:58,314116, , ,104319220141,0,0,0,0,57000,110000,0,0,120000,0,0,0,3,2:15,1011,16,11.01,329,5.03,74,3.5,168,0.81,19,0,0,0,0,0,0,0,0,9.23,126,1.25,72,9.09,294,2.38,15,8.95,226,10.25,225,0,0,0,0,0,0,0,0,0,0,0,0,UCX31_x0001_|_x0007_:, ,1.35,5,45.86,3,4.38,93,65.03,2:47      ,3,2026-06-04 22:02:03,11014086.0,BABU        ,1,104339022046,104319220141,,AUTOMODE_TS1,BV141E,45,2,,OK,,0,0,0020007910431251065202261342954A,1.17396,1.17446,1.17231,5,5,3.9025,4.335,5.6,1,1.2,1.2,1.2,1,1.2,0.5,12,0.5,12,0.5,12,284731,2026-06-04 21:59:49,11014086,BABU        ,13616,104339022046,104319220141,140HPW501   ,,AUTOMODE,BV141C,26,2,297557,OK,,0,0,9002102010431351067303261478794A,0020007910431251065202261342954A,0020004510431152006711261540105A,OK,OK,OK,OK,285888,2026-06-04 21:58:29,11014086.0,BABU        ,13616,104339022046,104319220141,140HPW501   ,AUTOMODE,BV141A,23,2,297557,OK,CA1,0,0,1020104313020080004674879488,OK,OK,0.39,0.415,0.5,0.39,0.428,0.5,OK,,0020004510431152006711261540105A,OK,OK,202.9,145.2,52.6,146.3,0.0,1.79688,52.1582,53.2844,0.163353,1.96023,55.4424,55.8526,57.6973,2.81783,57.4934,0.285866,0,0,0,0,05ACA007,286414,2026-06-04 21:59:09,11014086.0,BABU        ,13616.0,104339022046,104319220141,140HPW501   ,AUTOMODE,BV141B,29,2.0,297557.0,OK,,,,0020004510431152006711261540105A,OK,OK,,OK,OK,286569,2026-06-04 22:00:51,11014086.0,BABU        ,13616,104339022046,104319220141,,AUTOMODE,BV141D,38,2,297557,OK,CA13,,,0020007910431251065202261342954A,,0,145.4,9.1,-113.55,50.0,134,18.6,-222.95,59.6,-216.052,-106.71,0.535508,1.90739,45.0,40.8076,5.0,21.1396,52.1006,52.3753,0,0,0,0,0,0,0,0,0,0,0,1.63,0,20.0,0,354707
5006728,1,0020007910431251065202261342987A,2026-06-01 08:16:35,314116, , ,104319220141,0,0,0,0,57000,110000,0,0,120000,0,0,0,1,0:19,1011,16,22.4,191,22.4,191,17.27,189,17.27,189,0,0,0,0,0,0,0,0,33.01,168,33.01,168,5.58,51,5.58,51,11.3,133,11.3,133,0,0,0,0,0,0,0,0,0,0,0,0,UCX31_x0001_|_x0007_:, ,1.2,5.01,45.13,3,4.84,93,65.53,0:50      ,3,2026-06-06 09:14:00,11014086.0,BABU        ,1,104339022046,104319220141,,AUTOMODE_TS1,BV141E2,38,1,,OK,,0,0,0020007910431251065202261342987A,1.14818,1.14667,1.16126,5,5,3.07066,8.00838,4.10898,1,1.2,1.2,1.2,1,1.2,0.5,12,0.5,12,0.5,12,286548,2026-06-06 09:11:46,11014086,BABU        ,13616,104339022046,104319220141,140HPW501   ,,AUTOMODE,BV141C,22,1,299456,OK,,0,0,9002102010431351067303261203680A,0020007910431251065202261342987A,0020004510431152006711261540370A,OK,OK,OK,OK,287729,2026-06-06 09:10:30,11014086.0,BABU        ,13616,104339022046,104319220141,140HPW501   ,AUTOMODE,BV141A,21,1,299456,OK,CA1,0,0,1020104313020080004674879488,OK,OK,0.39,0.439,0.5,0.39,0.455,0.5,OK,,0020004510431152006711261540370A,OK,OK,202.9,145.2,52.6,146.3,0.0,1.83771,52.2244,53.1467,0.163353,2.32777,55.3073,55.715,57.7711,4.98225,57.2539,0.449219,0,0,0,0,05ACA004,288260,2026-06-06 09:11:10,11014086.0,BABU        ,13616.0,104339022046,104319220141,140HPW501   ,AUTOMODE,BV141B,29,1.0,299456.0,OK,,,,0020004510431152006711261540370A,OK,OK,,OK,OK,288408,2026-06-06 09:12:54,11014086.0,BABU        ,13616,104339022046,104319220141,,AUTOMODE,BV141D,33,1,299456,OK,CA14,,,0020007910431251065202261342987A,,0,145.0,5.1,-113.55,50.0,134,18.6,-222.95,59.6,-216.052,-106.71,0.681341,2.33416,45.0,40.0,5.0,19.4659,52.2174,52.2407,0,0,0,0,0,0,0,0,0,0,0,1.69,0,20.0,0,356660
5006178,1,0020007910431251065202261342996A,2026-05-31 22:50:09,314116, , ,104319220141,0,0,0,0,57000,110000,0,0,120000,0,0,0,1,0:19,1011,16,50.56,94,50.56,94,20.17,71,20.17,71,0,0,0,0,0,0,0,0,27.7,49,27.7,49,18.02,59,18.02,59,10.22,324,10.22,324,0,0,0,0,0,0,0,0,0,0,0,0,UCX31_x0001_|_x0007_:, ,1.3,5.03,44.96,3,5.09,93,65.52,0:50      ,3,2026-06-04 22:22:01,11014086.0,BABU        ,1,104339022046,104319220141,,AUTOMODE_TS1,BV141E,45,2,,OK,,0,0,0020007910431251065202261342996A,1.1737,1.17219,1.1713,5,5,3.935,4.2,5.12,1,1.2,1.2,1.2,1,1.2,0.5,12,0.5,12,0.5,12,284755,2026-06-04 22:19:03,11014086,BABU        ,13616,104339022046,104319220141,140HPW501   ,,AUTOMODE,BV141C,23,2,297581,OK,,0,0,9002102010431351067303261478801A,0020007910431251065202261342996A,0020004510431152006711261540372C,OK,OK,OK,OK,285912,2026-06-04 22:16:51,11014086.0,BABU        ,13616,104339022046,104319220141,140HPW501   ,AUTOMODE,BV141A,24,2,297581,OK,CA1,0,0,1020104313020080004674879488,OK,OK,0.39,0.412,0.5,0.39,0.419,0.5,OK,,0020004510431152006711261540372C,OK,OK,202.9,145.2,52.6,146.3,0.0,1.83772,52.0333,53.4677,0.163353,2.40945,55.6181,56.1353,57.6742,2.49112,57.5723,0.408382,0,0,0,0,05ACA007,286438,2026-06-04 22:17:31,11014086.0,BABU        ,13616.0,104339022046,104319220141,140HPW501   ,AUTOMODE,BV141B,29,2.0,297581.0,OK,,,,0020004510431152006711261540372C,OK,OK,,OK,OK,286593,2026-06-04 22:20:51,11014086.0,BABU        ,13616,104339022046,104319220141,,AUTOMODE,BV141D,38,2,297581,OK,CA13,,,0020007910431251065202261342996A,,0,145.9,9.0,-113.55,50.0,134,18.6,-222.95,59.6,-216.052,-106.71,-0.00753784,0.211094,44.9713,41.5094,5.0,19.7072,52.111,52.3933,0,0,0,0,0,0,0,0,0,0,0,1.6,0,20.0,0,354731
5006773,1,0020007910431251065202261343004A,2026-06-01 08:40:30,306217, , ,104319220141,0,0,0,0,57000,110000,0,0,120000,0,0,0,1,0:19,1011,16,61.28,290,61.28,290,49.37,280,49.37,280,0,0,0,0,0,0,0,0,35.93,6,35.93,6,5.84,201,5.84,201,10.85,295,10.85,295,0,0,0,0,0,0,0,0,0,0,0,0,UCX31_x0001_|_x0007_:, ,1.25,4.94,45.22,14,4.66,93,64.48,0:56      ,3,2026-06-04 06:56:34,11014086.0,BABU        ,1,104339022046,104319220141,,AUTOMODE_TS1,BV141E2,38,2,,OK,,0,0,0020007910431251065202261343004A,1.1478,1.16805,1.15258,5,5,2.09222,7.53653,3.72455,1,1.2,1.2,1.2,1,1.2,0.5,12,0.5,12,0.5,12,284019,2026-06-04 06:54:02,11014981,MAREESWARAN ,13616,104339022046,104319220141,140HPW501   ,,AUTOMODE,BV141C,20,2,296811,OK,,0,0,9002102010431351067303261500420A,0020007910431251065202261343004A,0020004510431152006711261530143B,OK,OK,OK,OK,285177,2026-06-04 06:52:40,11014981.0,MAREESWARAN ,13616,104339022046,104319220141,140HPW501   ,AUTOMODE,BV141A,23,2,296811,OK,CA1,0,0,1020104313020080004674879488,OK,OK,0.39,0.409,0.5,0.39,0.399,0.5,OK,,0020004510431152006711261530143B,OK,OK,202.9,145.2,52.6,146.3,0.0,0.857597,52.474,53.2969,0.0816765,2.0419,55.3454,56.0613,56.2401,1.72459,57.7047,0.285866,0,0,0,0,05ACA008,285701,2026-06-04 06:53:24,11014981.0,MAREESWARAN ,13616.0,104339022046,104319220141,140HPW501   ,AUTOMODE,BV141B,31,2.0,296811.0,OK,,,,0020004510431152006711261530143B,OK,OK,,OK,OK,285856,2026-06-04 06:55:28,11014981.0,MAREESWARAN ,13616,104339022046,104319220141,,AUTOMODE,BV141D,35,2,296811,OK,CA13,,,0020007910431251065202261343004A,,0,145.4,5.7,-113.55,50.0,134,18.6,-222.95,59.6,-216.052,-106.71,0.156034,0.94844,45.0,40.0,5.0,19.9183,52.3245,52.294,0,0,0,0,0,0,0,0,0,0,0,1.56,0,20.0,0,353831
5016681,1,0020007910431251065202261343012A,2026-06-04 09:51:27,314116, , ,104319220141,0,0,0,0,57000,110000,0,0,120000,0,0,0,1,0:19,1011,16,28.42,117,28.42,117,12.28,100,12.28,100,0,0,0,0,0,0,0,0,20.86,79,20.86,79,6.92,66,6.92,66,11.3,281,11.3,281,0,0,0,0,0,0,0,0,0,0,0,0,UCX31_x0001_|_x0007_:, ,1.23,4.92,44.99,3,4.29,93,65.53,0:50      ,3,2026-06-11 20:45:26,11014981.0,MAREESWARAN ,1,104339022046,104319220141,,AUTOMODE_TS1,BV141E,45,2,,OK,,0,0,0020007910431251065202261343012A,1.17762,1.17535,1.17408,5,5,3.465,3.5325,3.8825,1,1.2,1.2,1.2,1,1.2,0.5,12,0.5,12,0.5,12,292629,2026-06-11 20:42:56,11014981,MAREESWARAN ,13616,104339022046,104319220141,140HPW501   ,,AUTOMODE,BV141C,24,2,304786,OK,,0,0,9002102010431351067303261490021A,0020007910431251065202261343012A,0020004510431152006711261540520B,OK,OK,OK,OK,293888,2026-06-11 20:40:02,11014981.0,MAREESWARAN ,13616,104339022046,104319220141,140HPW501   ,AUTOMODE,BV141A,22,2,304786,OK,CA1,0,0,1020104313020080004674879488,OK,OK,0.39,0.427,0.5,0.39,0.441,0.5,OK,,0020004510431152006711261540520B,OK,OK,202.9,145.2,52.6,146.3,0.0,1.51101,52.0384,53.1671,0.122513,1.47017,55.6308,56.0411,56.2401,1.2328,57.5825,0.245029,0,0,0,0,05ACA005,294465,2026-06-11 20:40:42,11014981.0,MAREESWARAN ,13616.0,104339022046,104319220141,140HPW501   ,AUTOMODE,BV141B,28,2.0,304786.0,OK,,,,0020004510431152006711261540520B,OK,OK,,OK,OK,294589,2026-06-11 20:43:58,11014981.0,MAREESWARAN ,13616,104339022046,104319220141,,AUTOMODE,BV141D,45,2,304786,OK,CA13,,,0020007910431251065202261343012A,,0,145.0,7.0,-113.55,50.0,134,18.6,-222.95,59.6,-223.2,-113.71,1.39448,2.60852,45.0,40.6654,5.0,19.8579,52.2149,52.3195,0,0,0,0,0,0,0,0,0,0,0,3.52,0,20.0,0,364726
5006759,1,0020007910431251065202261343013A,2026-06-01 08:31:17,314116, , ,104319220141,0,0,0,0,57000,110000,0,0,120000,0,0,0,1,0:19,1011,16,30.78,195,30.78,195,10.05,143,10.05,143,0,0,0,0,0,0,0,0,15.01,117,15.01,117,12.44,166,12.44,166,10.76,62,10.76,62,0,0,0,0,0,0,0,0,0,0,0,0,UCX31_x0001_|_x0007_:, ,1.26,5.04,45.18,3,4.52,93,65.53,0:50      ,3,2026-06-04 07:01:12,11014086.0,BABU        ,1,104339022046,104319220141,,AUTOMODE_TS1,BV141E2,38,2,,OK,,0,0,0020007910431251065202261343013A,1.14994,1.16289,1.1478,5,5,3.1521,7.28982,3.13413,1,1.2,1.2,1.2,1,1.2,0.5,12,0.5,12,0.5,12,284025,2026-06-04 06:58:26,11014981,MAREESWARAN ,13616,104339022046,104319220141,140HPW501   ,,AUTOMODE,BV141C,21,2,296817,OK,,0,0,9002102010431351067303261500432A,0020007910431251065202261343013A,0020004510431152006711261530179B,OK,OK,OK,OK,285183,2026-06-04 06:57:02,11014981.0,MAREESWARAN ,13616,104339022046,104319220141,140HPW501   ,AUTOMODE,BV141A,23,2,296817,OK,CA1,0,0,1020104313020080004674879488,OK,OK,0.39,0.432,0.5,0.39,0.42,0.5,OK,,0020004510431152006711261530179B,OK,OK,202.9,145.2,52.6,146.3,-0.0408363,2.69531,52.5478,53.3682,0.245029,2.28693,55.4244,55.9365,57.6818,2.8995,57.4779,0.449219,0,0,0,0,05ACA005,285707,2026-06-04 06:57:44,11014981.0,MAREESWARAN ,13616.0,104339022046,104319220141,140HPW501   ,AUTOMODE,BV141B,31,2.0,296817.0,OK,,,,0020004510431152006711261530179B,OK,OK,,OK,OK,285862,2026-06-04 07:00:06,11014981.0,MAREESWARAN ,13616,104339022046,104319220141,,AUTOMODE,BV141D,34,2,296817,OK,CA13,,,0020007910431251065202261343013A,,0,145.3,5.7,-113.55,50.0,134,18.6,-222.95,59.6,-216.052,-106.71,0.329537,1.82289,45.0,40.0,5.0,17.3399,52.3061,52.3189,0,0,0,0,0,0,0,0,0,0,0,1.73,0,20.0,0,353837
5006644,1,0020007910431251065202261343028A,2026-06-01 07:36:20,314116, , ,104319220141,0,0,0,0,57000,110000,0,0,120000,0,0,0,2,1:27,1011,16,35.97,254,14.24,28,26.86,235,6.04,26,0,0,0,0,0,0,0,0,49.53,216,14.08,13,2.53,129,3.8,292,8.6,164,10.29,183,0,0,0,0,0,0,0,0,0,0,0,0,UCX31_x0001_|_x0007_:, ,1.32,4.98,46.12,3,4.47,93,64.88,1:58      ,3,2026-06-04 22:32:43,11014086.0,BABU        ,1,104339022046,104319220141,,AUTOMODE_TS1,BV141E,45,2,,OK,,0,0,0020007910431251065202261343028A,1.17269,1.17421,1.17396,5,5,4.52,5.315,5.8275,1,1.2,1.2,1.2,1,1.2,0.5,12,0.5,12,0.5,12,284767,2026-06-04 22:29:43,11014086,BABU        ,13616,104339022046,104319220141,140HPW501   ,,AUTOMODE,BV141C,24,2,297593,OK,,0,0,9002102010431351067303261479126A,0020007910431251065202261343028A,0020004510431152006711261540217A,OK,OK,OK,OK,285924,2026-06-04 22:27:39,11014086.0,BABU        ,13616,104339022046,104319220141,140HPW501   ,AUTOMODE,BV141A,22,2,297593,OK,CA1,0,0,1020104313020080004674879488,OK,OK,0.39,0.423,0.5,0.39,0.4,0.5,OK,,0020004510431152006711261540217A,OK,OK,202.9,145.2,52.6,146.3,0.0,1.59269,52.1045,53.2383,0.122517,2.28693,55.2944,55.7046,57.4575,4.288,57.3556,0.367542,0,0,0,0,05ACA002,286450,2026-06-04 22:28:21,11014086.0,BABU        ,13616.0,104339022046,104319220141,140HPW501   ,AUTOMODE,BV141B,29,2.0,297593.0,OK,,,,0020004510431152006711261540217A,OK,OK,,OK,OK,286605,2026-06-04 22:31:33,11014086.0,BABU        ,13616,104339022046,104319220141,,AUTOMODE,BV141D,38,2,297593,OK,CA13,,,0020007910431251065202261343028A,,0,145.6,9.0,-113.55,50.0,134,18.6,-222.95,59.6,-216.052,-106.71,0.942254,1.52289,45.0,40.7162,5.0,25.9948,51.6711,51.895,0,0,0,0,0,0,0,0,0,0,0,1.98,0,20.0,0,354750
5006369,1,0020007910431251065202261343032A,2026-06-01 03:06:45,314116, , ,104319220141,0,0,0,0,57000,110000,0,0,120000,0,0,0,1,0:19,1011,16,53.44,241,53.44,241,19.31,239,19.31,239,0,0,0,0,0,0,0,0,28.14,223,28.14,223,21.45,195,21.45,195,10.55,143,10.55,143,0,0,0,0,0,0,0,0,0,0,0,0,UCX31_x0001_|_x0007_:, ,1.24,4.91,45.68,3,4.9,93,65.49,0:50      ,3,2026-06-04 22:08:39,11014086.0,BABU        ,1,104339022046,104319220141,,AUTOMODE_TS1,BV141E,45,2,,OK,,0,0,0020007910431251065202261343032A,1.17535,1.17092,1.17282,5,5,3.78,3.9375,4.8575,1,1.2,1.2,1.2,1,1.2,0.5,12,0.5,12,0.5,12,284739,2026-06-04 22:05:47,11014086,BABU        ,13616,104339022046,104319220141,140HPW501   ,,AUTOMODE,BV141C,21,2,297565,OK,,0,0,9002102010431351067303261479055A,0020007910431251065202261343032A,0020004510431152006711261530263B,OK,OK,OK,OK,285896,2026-06-04 22:03:53,11014086.0,BABU        ,13616,104339022046,104319220141,140HPW501   ,AUTOMODE,BV141A,21,2,297565,OK,CA1,0,0,1020104313020080004674879488,OK,OK,0.39,0.415,0.5,0.39,0.451,0.5,OK,,0020004510431152006711261530263B,OK,OK,202.9,145.2,52.6,146.3,-0.0408363,1.91939,52.0793,53.3022,0.122517,2.73615,55.5724,55.8807,57.7177,3.06285,57.31,0.571735,0,0,0,0,05ACA007,286422,2026-06-04 22:04:33,11014086.0,BABU        ,13616.0,104339022046,104319220141,140HPW501   ,AUTOMODE,BV141B,29,2.0,297565.0,OK,,,,0020004510431152006711261530263B,OK,OK,,OK,OK,286577,2026-06-04 22:07:31,11014086.0,BABU        ,13616,104339022046,104319220141,,AUTOMODE,BV141D,38,2,297565,OK,CA13,,,0020007910431251065202261343032A,,0,145.4,9.1,-113.55,50.0,134,18.6,-222.95,59.6,-216.052,-106.71,0.820724,2.12602,45.0,41.0466,5.0,20.9662,52.0575,52.111,0,0,0,0,0,0,0,0,0,0,0,1.7,0,20.0,0,354715
5028114,1,0020007910431251065202261343052A,2026-06-07 12:06:27,314116, , ,104319220141,0,0,0,0,57000,110000,0,0,120000,0,0,0,2,1:26,1011,16,18.44,309,9.06,71,16.17,293,3.6,57,0,0,0,0,0,0,0,0,32.31,270,3.84,63,4.01,119,3.93,10,9.51,273,10.97,279,0,0,0,0,0,0,0,0,0,0,0,0,UCX31_x0001_|_x0007_:, ,1.33,4.99,45.19,3,4.62,93,64.96,1:57      ,3,2026-06-09 08:50:08,11014981.0,MAREESWARAN ,1,104339022046,104319220141,,AUTOMODE_TS1,BV141E2,38,1,,OK,,0,0,0020007910431251065202261343052A,1.15862,1.14868,1.15409,5,5,2.97964,6.67784,3.31856,1,1.2,1.2,1.2,1,1.2,0.5,12,0.5,12,0.5,12,289813,2026-06-09 08:47:20,11014086,BABU        ,13616,104339022046,104319220141,140HPW501   ,,AUTOMODE,BV141C,27,1,301843,OK,,0,0,9002102010431351067303261203601A,0020007910431251065202261343052A,0020004510431152006711261510131C,OK,OK,OK,OK,291011,2026-06-09 08:45:56,11014086.0,BABU        ,13616,104339022046,104319220141,140HPW501   ,AUTOMODE,BV141A,23,1,301843,OK,CA1,0,0,1020104313020080004674879488,OK,OK,0.39,0.41,0.5,0.39,0.422,0.5,OK,,0020004510431152006711261510131C,OK,OK,202.9,145.2,52.6,146.3,0.0,1.06179,52.0334,53.4678,0.0816765,1.51101,55.6258,56.1405,57.6769,2.5728,57.575,0.285866,0,0,0,0,05ACA005,291555,2026-06-09 08:46:40,11014086.0,BABU        ,13616.0,104339022046,104319220141,140HPW501   ,AUTOMODE,BV141B,28,1.0,301843.0,OK,,,,0020004510431152006711261510131C,OK,OK,,OK,OK,291693,2026-06-09 08:49:02,11014086.0,BABU        ,13616,104339022046,104319220141,,AUTOMODE,BV141D,38,1,301843,OK,CA14,,,0020007910431251065202261343052A,,0,145.0,8.8,-113.55,50.0,134,18.6,-222.95,59.6,-222.95,-113.71,0.469784,1.56813,45.0,40.1439,5.0,21.5542,52.3368,52.3394,0,0,0,0,0,0,0,0,0,0,0,1.89,0,20.0,0,360446
5006451,1,0020007910431251065202261343059A,2026-06-01 04:48:16,314116, , ,104319220141,0,0,0,0,57000,110000,0,0,120000,0,0,0,1,0:19,1011,16,58.02,280,58.02,280,31.68,246,31.68,246,0,0,0,0,0,0,0,0,47.7,217,47.7,217,16.97,269,16.97,269,12.2,146,12.2,146,0,0,0,0,0,0,0,0,0,0,0,0,UCX31_x0001_|_x0007_:, ,1.24,5.03,45.1,3,4.79,93,65.47,0:50      ,3,2026-06-06 09:09:18,11014086.0,BABU        ,1,104339022046,104319220141,,AUTOMODE_TS1,BV141E2,38,1,,OK,,0,0,0020007910431251065202261343059A,1.1439,1.1605,1.14931,5,5,2.69581,7.91018,3.79401,1,1.2,1.2,1.2,1,1.2,0.5,12,0.5,12,0.5,12,286542,2026-06-06 09:06:40,11014086,BABU        ,13616,104339022046,104319220141,140HPW501   ,,AUTOMODE,BV141C,20,1,299450,OK,,0,0,9002102010431351067303261203619A,0020007910431251065202261343059A,0020004510431152006711261540358A,OK,OK,OK,OK,287723,2026-06-06 09:04:14,11014086.0,BABU        ,13616,104339022046,104319220141,140HPW501   ,AUTOMODE,BV141A,22,1,299450,OK,CA1,0,0,1020104313020080004674879488,OK,OK,0.39,0.444,0.5,0.39,0.44,0.5,OK,,0020004510431152006711261540358A,OK,OK,202.9,145.2,52.6,146.3,0.0,1.96022,52.0668,53.0911,0.163353,2.08274,55.2465,55.6542,57.7052,11.0263,57.1906,0.367542,0,0,0,0,05ACA006,288254,2026-06-06 09:05:04,11014086.0,BABU        ,13616.0,104339022046,104319220141,140HPW501   ,AUTOMODE,BV141B,29,1.0,299450.0,OK,,,,0020004510431152006711261540358A,OK,OK,,OK,OK,288402,2026-06-06 09:08:12,11014086.0,BABU        ,13616,104339022046,104319220141,,AUTOMODE,BV141D,33,1,299450,OK,CA14,,,0020007910431251065202261343059A,,0,145.0,5.1,-113.55,50.0,134,18.6,-222.95,59.6,-216.052,-106.71,0.226973,1.22883,45.0,40.0,5.0,20.9963,51.9134,52.0016,0,0,0,0,0,0,0,0,0,0,0,1.73,0,20.0,0,356654
5006395,1,0020007910431251065202261343066A,2026-06-01 03:38:53,306217, , ,104319220141,0,0,0,0,57000,110000,0,0,120000,0,0,0,3,2:23,1011,16,106.89,238,41.33,180,45.49,217,13.7,139,0,0,0,0,0,0,0,0,25.64,322,4.86,261,22,11,10.91,301,7.44,264,10.12,265,0,0,0,0,0,0,0,0,0,0,0,0,UCX31_x0001_|_x0007_:, ,1.32,4.93,45.34,14,4.7,93,64.88,2:59      ,3,2026-06-04 22:31:05,11014086.0,BABU        ,1,104339022046,104319220141,,AUTOMODE_TS1,BV141E,45,2,,OK,,0,0,0020007910431251065202261343066A,1.17358,1.17156,1.17345,5,5,5.6725,6.105,5.8575,1,1.2,1.2,1.2,1,1.2,0.5,12,0.5,12,0.5,12,284765,2026-06-04 22:27:57,11014086,BABU        ,13616,104339022046,104319220141,140HPW501   ,,AUTOMODE,BV141C,24,2,297591,OK,,0,0,9002102010431351067303261479050A,0020007910431251065202261343066A,0020004510431152006711261530275B,OK,OK,OK,OK,285922,2026-06-04 22:26:19,11014086.0,BABU        ,13616,104339022046,104319220141,140HPW501   ,AUTOMODE,BV141A,23,2,297591,OK,CA1,0,0,1020104313020080004674879488,OK,OK,0.39,0.409,0.5,0.39,0.411,0.5,OK,,0020004510431152006711261530275B,OK,OK,202.9,145.2,52.6,146.3,0.0,1.06179,52.0639,53.0907,0.0816765,1.91939,55.1494,55.664,57.7202,7.39169,57.208,0.326706,0,0,0,0,05ACA004,286448,2026-06-04 22:26:57,11014086.0,BABU        ,13616.0,104339022046,104319220141,140HPW501   ,AUTOMODE,BV141B,29,2.0,297591.0,OK,,,,0020004510431152006711261530275B,OK,OK,,OK,OK,286603,2026-06-04 22:29:55,11014086.0,BABU        ,13616,104339022046,104319220141,,AUTOMODE,BV141D,38,2,297591,OK,CA13,,,0020007910431251065202261343066A,,0,145.1,9.2,-113.55,50.0,134,18.6,-222.95,59.6,-216.052,-106.71,1.0534,1.67368,45.0,41.1203,5.0,23.3712,52.0642,52.2152,0,0,0,0,0,0,0,0,0,0,0,1.52,0,20.0,0,354748
5006799,1,0020007910431251065202261343067A,2026-06-01 08:51:03,306217, , ,104319220141,0,0,0,0,57000,110000,0,0,120000,0,0,0,1,0:19,1011,16,69.66,279,69.66,279,28.5,268,28.5,268,0,0,0,0,0,0,0,0,17.58,24,17.58,24,14.29,17,14.29,17,12.59,332,12.59,332,0,0,0,0,0,0,0,0,0,0,0,0,UCX31_x0001_|_x0007_:, ,1.32,4.92,45.6,14,4.63,93,64.38,6:16      ,3,2026-06-04 06:58:56,11014086.0,BABU        ,1,104339022046,104319220141,,AUTOMODE_TS1,BV141E,45,2,,OK,,0,0,0020007910431251065202261343067A,1.17699,1.17434,1.17889,5,5,3.895,3.9125,4.66,1,1.2,1.2,1.2,1,1.2,0.5,12,0.5,12,0.5,12,284022,2026-06-04 06:56:20,11014981,MAREESWARAN ,13616,104339022046,104319220141,140HPW501   ,,AUTOMODE,BV141C,24,2,296814,OK,,0,0,9002102010431351067303261500433A,0020007910431251065202261343067A,0020004510431152006711261530165B,OK,OK,OK,OK,285180,2026-06-04 06:55:00,11014981.0,MAREESWARAN ,13616,104339022046,104319220141,140HPW501   ,AUTOMODE,BV141A,24,2,296814,OK,CA1,0,0,1020104313020080004674879488,OK,OK,0.39,0.422,0.5,0.39,0.41,0.5,OK,,0020004510431152006711261530165B,OK,OK,202.9,145.2,52.6,146.3,0.0,1.42933,52.1223,53.0471,0.0816765,2.28693,55.4141,55.7198,57.776,12.3331,57.3632,0.367542,0,0,0,0,05ACA002,285704,2026-06-04 06:55:38,11014981.0,MAREESWARAN ,13616.0,104339022046,104319220141,140HPW501   ,AUTOMODE,BV141B,29,2.0,296814.0,OK,,,,0020004510431152006711261530165B,OK,OK,,OK,OK,285859,2026-06-04 06:57:46,11014981.0,MAREESWARAN ,13616,104339022046,104319220141,,AUTOMODE,BV141D,34,2,296814,OK,CA13,,,0020007910431251065202261343067A,,0,145.1,5.7,-113.55,50.0,134,18.6,-222.95,59.6,-216.052,-106.71,1.57492,3.86716,45.0,40.0,5.0,20.9285,51.85,51.9177,0,0,0,0,0,0,0,0,0,0,0,1.62,0,20.0,0,353834
5006382,1,0020007910431251065202261343076A,2026-06-01 03:21:03,314116, , ,104319220141,0,0,0,0,57000,110000,0,0,120000,0,0,0,1,0:19,1011,16,49.51,241,49.51,241,19.25,224,19.25,224,0,0,0,0,0,0,0,0,26.04,200,26.04,200,17.78,204,17.78,204,12.7,83,12.7,83,0,0,0,0,0,0,0,0,0,0,0,0,UCX31_x0001_|_x0007_:, ,1.27,4.93,46.2,3,4.92,93,65.46,0:50      ,3,2026-06-04 22:05:21,11014086.0,BABU        ,1,104339022046,104319220141,,AUTOMODE_TS1,BV141E,45,2,,OK,,0,0,0020007910431251065202261343076A,1.17762,1.17282,1.17181,5,5,4.705,4.7825,5.725,1,1.2,1.2,1.2,1,1.2,0.5,12,0.5,12,0.5,12,284735,2026-06-04 22:02:39,11014086,BABU        ,13616,104339022046,104319220141,140HPW501   ,,AUTOMODE,BV141C,23,2,297561,OK,,0,0,9002102010431351067303261479047A,0020007910431251065202261343076A,0020004510431152006711261530043B,OK,OK,OK,OK,285892,2026-06-04 22:01:13,11014086.0,BABU        ,13616,104339022046,104319220141,140HPW501   ,AUTOMODE,BV141A,22,2,297561,OK,CA1,0,0,1020104313020080004674879488,OK,OK,0.39,0.411,0.5,0.39,0.428,0.5,OK,,0020004510431152006711261530043B,OK,OK,202.9,145.2,52.6,146.3,0.0,1.42933,52.028,53.1542,0.122517,2.24609,55.3224,55.7326,57.5925,8.53515,57.2843,0.367542,0,0,0,0,05ACA002,286418,2026-06-04 22:01:53,11014086.0,BABU        ,13616.0,104339022046,104319220141,140HPW501   ,AUTOMODE,BV141B,29,2.0,297561.0,OK,,,,0020004510431152006711261530043B,OK,OK,,OK,OK,286573,2026-06-04 22:04:11,11014086.0,BABU        ,13616,104339022046,104319220141,,AUTOMODE,BV141D,38,2,297561,OK,CA13,,,0020007910431251065202261343076A,,0,145.0,9.1,-113.55,50.0,134,18.6,-222.95,59.6,-216.052,-106.71,-0.00753784,0.56543,40.0528,41.1356,5.0,22.7982,51.8498,51.9941,0,0,0,0,0,0,0,0,0,0,0,1.64,0,20.0,0,354711
5057930,1,0020007910431251065202261343101A,2026-06-16 19:57:33,314116, , ,104319220141,0,0,0,0,57000,110000,0,0,120000,0,0,0,2,1:35,1011,16,24.89,310,3.87,109,25.13,308,3.12,0,0,0,0,0,0,0,0,0,49.83,292,6.31,355,10.32,154,2.08,133,9.73,320,11.42,327,0,0,0,0,0,0,0,0,0,0,0,0,UCX31_x0001_|_x0007_:, ,1.32,4.94,45.16,3,4.12,93,64.82,2:05      ,3,2026-06-15 16:31:34,11014981.0,MAREESWARAN ,1,104339022046,104319220141,,AUTOMODE_TS1,BV141E2,38,1,,OK,,0,0,0020007910431251065202261343101A,1.15874,1.15044,1.15107,5,5,3.17485,6.46228,3.37844,1,1.2,1.2,1.2,1,1.2,0.5,12,0.5,12,0.5,12,296981,2026-06-15 16:29:42,11014981,MAREESWARAN ,13616,104339022046,104319220141,140HPW501   ,,AUTOMODE,BV141C,36,1,308480,OK,,0,0,9002102010431351067303261554047A,0020007910431251065202261343101A,0020004510431152006711261570046B,OK,OK,OK,OK,298305,2026-06-15 16:28:02,11014981.0,MAREESWARAN ,13616,104339022046,104319220141,140HPW501   ,AUTOMODE,BV141A,21,1,308480,OK,CA1,0,0,1020104313020080004674879488,OK,OK,0.39,0.457,0.5,0.39,0.487,0.5,OK,,0020004510431152006711261570046B,OK,OK,202.9,145.2,52.6,146.3,0.0,2.16442,52.0943,53.2179,0.204193,2.12358,55.3734,55.7836,57.7378,10.0462,57.4321,0.367542,0,0,0,0,05ACA002,298925,2026-06-15 16:28:38,11014981.0,MAREESWARAN ,13616.0,104339022046,104319220141,140HPW501   ,AUTOMODE,BV141B,29,1.0,308480.0,OK,,,,0020004510431152006711261570046B,OK,OK,,OK,OK,299031,2026-06-15 16:30:28,11014981.0,MAREESWARAN ,13616,104339022046,104319220141,,AUTOMODE,BV141D,32,1,308480,OK,CA13,,,0020007910431251065202261343101A,,0,145.6,4.1,-113.55,50.0,134,18.6,-222.95,59.6,-223.35,-113.71,1.24259,3.2333,45.0,40.0,5.0,24.5925,51.6163,51.6744,0,0,0,0,0,0,0,0,0,0,0,1.95,0,20.0,0,371460
5045007,1,0020007910431251065202261343121A,2026-06-12 13:41:15,314116, , ,104319220141,0,0,0,0,57000,110000,0,0,120000,0,0,0,3,2:30,1011,16,34.96,7,0.47,322,16.51,357,2.12,306,0,0,0,0,0,0,0,0,29.76,342,4.24,271,9.5,301,1.25,90,9.96,234,10.15,232,0,0,0,0,0,0,0,0,0,0,0,0,UCX31_x0001_|_x0007_:, ,1.21,5.02,44.96,3,4.24,93,64.85,3:01      ,3,2026-06-13 09:58:24,11014890.0,SUDALAI     ,1,104339022046,104319220141,,AUTOMODE_TS1,BV141E2,38,1,,OK,,0,0,0020007910431251065202261343121A,1.15145,1.14755,1.14805,5,5,2.28503,5.80838,2.51856,1,1.2,1.2,1.2,1,1.2,0.5,12,0.5,12,0.5,12,294304,2026-06-13 09:55:30,11014981,MAREESWARAN ,13616,104339022046,104319220141,140HPW501   ,,AUTOMODE,BV141C,23,1,306554,OK,,0,0,9002102010431351067303261479300B,0020007910431251065202261343121A,0020004510431152006711261590244A,OK,OK,OK,OK,295609,2026-06-13 09:52:50,11014981.0,MAREESWARAN ,13616,104339022046,104319220141,140HPW501   ,AUTOMODE,BV141A,22,1,306554,OK,CA1,0,0,1020104313020080004674879488,OK,OK,0.39,0.41,0.5,0.39,0.43,0.5,OK,,0020004510431152006711261590244A,OK,OK,202.9,145.2,52.6,146.3,-0.0408401,2.00106,52.1713,53.5038,0.122513,1.91939,55.6542,56.0644,56.2401,1.72634,57.6059,0.326702,0,0,0,0,05ACA005,296214,2026-06-13 09:54:06,11014981.0,MAREESWARAN ,13616.0,104339022046,104319220141,140HPW501   ,AUTOMODE,BV141B,29,1.0,306554.0,OK,,,,0020004510431152006711261590244A,OK,OK,,OK,OK,296326,2026-06-13 09:57:16,11014981.0,MAREESWARAN ,13616,104339022046,104319220141,,AUTOMODE,BV141D,35,1,306554,OK,CA13,,,0020007910431251065202261343121A,,0,145.2,5.9,-113.55,50.0,134,18.6,-222.95,59.6,-223.2,-113.71,0.904259,3.36435,45.0,40.0,5.0,22.2101,52.1458,52.4028,0,0,0,0,0,0,0,0,0,0,0,1.67,0,20.0,0,367625
5024181,1,0020007910431251065202261343241A,2026-06-06 11:46:50,314116, , ,104319220141,0,0,0,0,57000,110000,0,0,120000,0,0,0,2,1:19,1011,16,27.17,247,8.99,299,14.29,211,4.03,272,0,0,0,0,0,0,0,0,24.03,186,6.13,250,5.83,225,1.97,259,9.86,132,10.8,142,0,0,0,0,0,0,0,0,0,0,0,0,UCX31_x0001_|_x0007_:, ,1.3,4.97,45.13,3,4.14,93,65.03,1:50      ,3,2026-06-09 07:23:47,11014981.0,MAREESWARAN ,1,104339022046,104319220141,,AUTOMODE_TS1,BV141E,45,2,,OK,,0,0,0020007910431251065202261343241A,1.17484,1.17396,1.17661,5,5,5.3625,5.9225,6.3925,1,1.2,1.2,1.2,1,1.2,0.5,12,0.5,12,0.5,12,289792,2026-06-09 07:20:11,11014086,BABU        ,13616,104339022046,104319220141,140HPW501   ,,AUTOMODE,BV141C,27,2,301822,OK,,0,0,9002102010431351067303261203548A,0020007910431251065202261343241A,0020004510431152006711261550844C,OK,OK,OK,OK,290990,2026-06-09 07:18:23,11014086.0,BABU        ,13616,104339022046,104319220141,140HPW501   ,AUTOMODE,BV141A,28,2,301822,OK,CA1,0,0,1020104313020080004674879488,OK,OK,0.39,0.412,0.5,0.39,0.419,0.5,OK,,0020004510431152006711261550844C,OK,OK,202.9,145.2,52.6,146.3,0.0,2.61364,52.194,53.2258,0.245029,2.36861,55.4883,55.8985,57.6336,3.30788,57.4298,0.408382,0,0,0,0,05ACA001,291534,2026-06-09 07:19:05,11014086.0,BABU        ,13616.0,104339022046,104319220141,140HPW501   ,AUTOMODE,BV141B,28,2.0,301822.0,OK,,,,0020004510431152006711261550844C,OK,OK,,OK,OK,291672,2026-06-09 07:22:17,11014086.0,BABU        ,13616,104339022046,104319220141,,AUTOMODE,BV141D,32,2,301822,OK,CA14,,,0020007910431251065202261343241A,,0,145.4,4.7,-113.55,50.0,134,18.6,-222.95,59.6,-222.95,-113.71,0.920569,1.92247,45.0,40.0016,5.0,24.1251,51.985,52.0395,0,0,0,0,0,0,0,0,0,0,0,1.86,0,20.0,0,360425
5051755,1,0020007910431251065202261343360B,2026-06-14 08:37:46,314116, , ,104319220141,0,0,0,0,57000,110000,0,0,120000,0,0,0,2,1:29,1011,16,46.03,4,16.49,46,24.15,338,6.15,40,0,0,0,0,0,0,0,0,39.31,319,7.91,27,10.26,326,5.87,346,8.71,322,10.15,321,0,0,0,0,0,0,0,0,0,0,0,0,UCX31_x0001_|_x0007_:, ,1.27,5.01,45.45,3,4.34,93,64.88,2:00      ,3,2026-06-13 19:16:08,11014981.0,MAREESWARAN ,1,104339022046,104319220141,,AUTOMODE_TS1,BV141E2,38,1,,OK,,0,0,0020007910431251065202261343360B,1.15044,1.15069,1.14956,5,5,2.41317,6.24311,2.80479,1,1.2,1.2,1.2,1,1.2,0.5,12,0.5,12,0.5,12,294833,2026-06-13 19:13:18,11014981,MAREESWARAN ,13616,104339022046,104319220141,140HPW501   ,,AUTOMODE,BV141C,20,1,307097,OK,,0,0,9002102010431351067303261542843B,0020007910431251065202261343360B,0020004510431152006711261580076A,OK,OK,OK,OK,296141,2026-06-13 19:11:14,11014981.0,MAREESWARAN ,13616,104339022046,104319220141,140HPW501   ,AUTOMODE,BV141A,24,1,307097,OK,CA1,0,0,1020104313020080004674879488,OK,OK,0.39,0.423,0.5,0.39,0.444,0.5,OK,,0020004510431152006711261580076A,OK,OK,202.9,145.2,52.6,146.3,0.0,1.1843,52.0822,53.216,0.122513,1.75603,55.369,56.09,57.6264,2.53196,57.4225,0.367542,0,0,0,0,05ACA004,296751,2026-06-13 19:11:58,11014981.0,MAREESWARAN ,13616.0,104339022046,104319220141,140HPW501   ,AUTOMODE,BV141B,29,1.0,307097.0,OK,,,,0020004510431152006711261580076A,OK,OK,,OK,OK,296861,2026-06-13 19:15:00,11014981.0,MAREESWARAN ,13616,104339022046,104319220141,,AUTOMODE,BV141D,35,1,307097,OK,CA13,,,0020007910431251065202261343360B,,0,145.6,5.8,-113.55,50.0,134,18.6,-222.95,59.6,-223.35,-113.71,0.443896,1.68491,45.0,40.0,5.0,22.6323,52.1326,52.1744,0,0,0,0,0,0,0,0,0,0,0,1.75,0,20.0,0,368169
5050519,1,0020007910431251065202261343494B,2026-06-13 22:36:06,314116, , ,104319220141,0,0,0,0,57000,110000,0,0,120000,0,0,0,1,0:19,1011,16,55.53,282,55.53,282,41.66,277,41.66,277,0,0,0,0,0,0,0,0,71.05,259,71.05,259,10.23,185,10.23,185,10.07,297,10.07,297,0,0,0,0,0,0,0,0,0,0,0,0,UCX31_x0001_|_x0007_:, ,1.26,4.88,45.05,3,4.53,93,65.48,0:50      ,3,2026-06-15 15:51:16,11014981.0,MAREESWARAN ,1,104339022046,104319220141,,AUTOMODE_TS1,BV141E2,38,1,,OK,,0,0,0020007910431251065202261343494B,1.1522,1.15057,1.16692,5,5,2.16407,5.54611,2.70539,1,1.2,1.2,1.2,1,1.2,0.5,12,0.5,12,0.5,12,296939,2026-06-15 15:48:44,11014981,MAREESWARAN ,13616,104339022046,104319220141,140HPW501   ,,AUTOMODE,BV141C,22,1,308437,OK,,0,0,9002102010431351067303261542726A,0020007910431251065202261343494B,0020004510431152006711261540682B,OK,OK,OK,OK,298262,2026-06-15 15:47:18,11014981.0,MAREESWARAN ,13616,104339022046,104319220141,140HPW501   ,AUTOMODE,BV141A,22,1,308437,OK,CA1,0,0,1020104313020080004674879488,OK,OK,0.39,0.42,0.5,0.39,0.427,0.5,OK,,0020004510431152006711261540682B,OK,OK,202.9,145.2,52.6,146.3,0.0,1.22514,52.0868,52.9046,0.0816765,2.12358,55.1697,55.8831,57.6207,2.12358,57.5188,0.326702,0,0,0,0,05ACA001,298882,2026-06-15 15:48:00,11014981.0,MAREESWARAN ,13616.0,104339022046,104319220141,140HPW501   ,AUTOMODE,BV141B,29,1.0,308437.0,OK,,,,0020004510431152006711261540682B,OK,OK,,OK,OK,298988,2026-06-15 15:50:10,11014981.0,MAREESWARAN ,13616,104339022046,104319220141,,AUTOMODE,BV141D,32,1,308437,OK,CA13,,,0020007910431251065202261343494B,,0,145.0,4.1,-113.55,50.0,134,18.6,-222.95,59.6,-223.35,-113.71,0.503705,1.83109,45.0,40.0,5.0,23.7933,52.0043,52.0658,0,0,0,0,0,0,0,0,0,0,0,2.29,0,20.0,0,371408
5006275,1,0020007910431251065202261343498B,2026-06-01 00:52:45,314116, , ,104319220141,0,0,0,0,57000,110000,0,0,120000,0,0,0,2,1:26,1011,16,31.71,295,14.77,53,21.08,274,4.1,48,0,0,0,0,0,0,0,0,34.17,258,9.62,47,4.13,231,5.15,343,8.59,319,10.23,314,0,0,0,0,0,0,0,0,0,0,0,0,UCX31_x0001_|_x0007_:, ,1.28,4.99,45.13,3,4.84,94,64.88,1:57      ,3,2026-06-04 22:07:49,11014086.0,BABU        ,1,104339022046,104319220141,,AUTOMODE_TS1,BV141E2,38,2,,OK,,0,0,0020007910431251065202261343498B,1.15899,1.15673,1.14264,5,5,3.44431,8.31737,3.90778,1,1.2,1.2,1.2,1,1.2,0.5,12,0.5,12,0.5,12,284738,2026-06-04 22:05:03,11014086,BABU        ,13616,104339022046,104319220141,140HPW501   ,,AUTOMODE,BV141C,28,2,297564,OK,,0,0,9002102010431351067303261478806A,0020007910431251065202261343498B,0020004510431152006711261530111B,OK,OK,OK,OK,285895,2026-06-04 22:03:15,11014086.0,BABU        ,13616,104339022046,104319220141,140HPW501   ,AUTOMODE,BV141A,21,2,297564,OK,CA1,0,0,1020104313020080004674879488,OK,OK,0.39,0.418,0.5,0.39,0.421,0.5,OK,,0020004510431152006711261530111B,OK,OK,202.9,145.2,52.6,146.3,-0.0816765,2.0419,52.13,53.4651,0.122513,2.24609,55.6078,56.125,56.2401,2.01557,57.5646,0.367542,0,0,0,0,05ACA005,286421,2026-06-04 22:03:53,11014086.0,BABU        ,13616.0,104339022046,104319220141,140HPW501   ,AUTOMODE,BV141B,29,2.0,297564.0,OK,,,,0020004510431152006711261530111B,OK,OK,,OK,OK,286576,2026-06-04 22:06:41,11014086.0,BABU        ,13616,104339022046,104319220141,,AUTOMODE,BV141D,38,2,297564,OK,CA13,,,0020007910431251065202261343498B,,0,145.3,9.1,-113.55,50.0,134,18.6,-222.95,59.6,-216.052,-106.71,0.390535,0.738831,45.0,41.7052,5.0,21.3884,52.3217,52.373,0,0,0,0,0,0,0,0,0,0,0,2.08,0,20.0,0,354714
5053134,1,0020007910431251065202261343514B,2026-06-15 10:58:19,314116, , ,104319220141,0,0,0,0,57000,110000,0,0,120000,0,0,0,2,1:25,1011,16,42.27,359,12.82,48,8.35,329,4.05,64,0,0,0,0,0,0,0,0,9.22,284,3.97,52,20.18,329,5.51,1,8.78,279,10.48,277,0,0,0,0,0,0,0,0,0,0,0,0,UCX31_x0001_|_x0007_:, ,1.28,5.02,45.16,3,4.36,93,64.88,1:56      ,3,2026-06-17 03:35:18,11014086.0,BABU        ,1,104339022046,104319220141,,AUTOMODE_TS1,BV141E2,38,2,,OK,,0,0,0020007910431251065202261343514B,1.16201,1.14855,1.16541,5,5,2.88623,6.76886,3.56886,1,1.2,1.2,1.2,1,1.2,0.5,12,0.5,12,0.5,12,298757,2026-06-17 03:32:30,11014981,MAREESWARAN ,13616,104339022046,104319220141,140HPW501   ,,AUTOMODE,BV141C,21,2,310305,OK,,0,0,9002102010431351067303261521169A,0020007910431251065202261343514B,0020004510431152006711261652221A,OK,OK,OK,OK,300106,2026-06-17 03:30:24,11014981.0,MAREESWARAN ,13616,104339022046,104319220141,140HPW501   ,AUTOMODE,BV141A,32,2,310305,OK,CA1,0,0,1020104313020080004674879488,OK,OK,0.39,0.474,0.5,0.39,0.458,0.5,OK,,0020004510431152006711261652221A,OK,OK,202.9,145.2,52.6,146.3,0.0,1.79688,52.1326,53.2613,0.122517,2.20526,55.5314,55.9416,57.8016,3.63459,57.4958,0.367542,0,0,0,0,05ACA001,300739,2026-06-17 03:31:06,11014981.0,MAREESWARAN ,13616.0,104339022046,104319220141,140HPW501   ,AUTOMODE,BV141B,29,2.0,310305.0,OK,,,,0020004510431152006711261652221A,OK,OK,,OK,OK,300839,2026-06-17 03:34:14,11014981.0,MAREESWARAN ,13616,104339022046,104319220141,,AUTOMODE,BV141D,34,2,310305,OK,CA13,,,0020007910431251065202261343514B,,0,145.0,5.8,-113.55,50.0,134,18.6,-222.95,59.6,-223.35,-113.71,0.868811,2.40771,45.0,40.0,5.0,24.3965,51.8842,52.0164,0,0,0,0,0,0,0,0,0,0,0,1.74,0,20.0,0,373954
5052103,1,0020007910431251065202261343534B,2026-06-14 12:16:15,314116, , ,104319220141,0,0,0,0,57000,110000,0,0,120000,0,0,0,2,1:27,1011,16,51.59,139,23.79,203,24.61,117,5.89,191,0,0,0,0,0,0,0,0,42.59,93,6.96,150,9.13,93,7.49,161,8.47,66,10.01,63,0,0,0,0,0,0,0,0,0,0,0,0,UCX31_x0001_|_x0007_:, ,1.24,4.93,45.34,3,4.21,93,64.88,1:58      ,3,2026-06-17 14:22:13,11014086.0,BABU        ,1,104339022046,104319220141,,AUTOMODE_TS1,BV141E,45,1,,OK,,0,0,0020007910431251065202261343534B,1.17497,1.17269,1.17421,5,5,4.005,4.25,4.435,1,1.2,1.2,1.2,1,1.2,0.5,12,0.5,12,0.5,12,299280,2026-06-17 14:19:35,11014981,MAREESWARAN ,13616,104339022046,104319220141,140HPW501   ,,AUTOMODE,BV141C,20,1,310835,OK,,0,0,9002102010431351067303261542437A,0020007910431251065202261343534B,0020004510431152006711261550818C,OK,OK,OK,OK,300632,2026-06-17 14:17:37,11014981.0,MAREESWARAN ,13616,104339022046,104319220141,140HPW501   ,AUTOMODE,BV141A,39,1,310835,OK,CA1,0,0,1020104313020080004674879488,OK,OK,0.39,0.44,0.5,0.39,0.461,0.5,OK,,0020004510431152006711261550818C,OK,OK,202.9,145.2,52.6,146.3,0.0,0.980114,52.0433,52.8688,0.0816765,1.83772,55.1185,55.5313,57.483,3.55291,57.1772,0.326706,0,0,0,0,05ACA004,301268,2026-06-17 14:18:31,11014981.0,MAREESWARAN ,13616.0,104339022046,104319220141,140HPW501   ,AUTOMODE,BV141B,29,1.0,310835.0,OK,,,,0020004510431152006711261550818C,OK,OK,,OK,OK,301366,2026-06-17 14:21:01,11014981.0,MAREESWARAN ,13616,104339022046,104319220141,,AUTOMODE,BV141D,32,1,310835,OK,CA13,,,0020007910431251065202261343534B,,0,145.2,4.5,-113.55,50.0,134,18.6,-222.95,59.6,-223.35,-113.71,1.95418,5.07762,45.0,40.0,5.0,19.2096,52.2767,52.3982,0,0,0,0,0,0,0,0,0,0,0,1.77,0,20.0,0,374509
5052368,1,0020007910431251065202261343702B,2026-06-14 14:31:38,314116, , ,104319220141,0,0,0,0,57000,110000,0,0,120000,0,0,0,2,1:28,1011,16,42.29,317,12.42,357,20.6,292,3.82,330,0,0,0,0,0,0,0,0,32.13,275,3.82,323,10.73,282,5.06,309,8.62,229,10.07,235,0,0,0,0,0,0,0,0,0,0,0,0,UCX31_x0001_|_x0007_:, ,1.31,4.96,45.16,3,4.92,93,64.88,1:59      ,3,2026-06-17 14:22:51,11014086.0,BABU        ,1,104339022046,104319220141,,AUTOMODE_TS1,BV141E2,38,1,,OK,,0,0,0020007910431251065202261343702B,1.16126,1.16465,1.15509,5,5,3.31737,7.4024,3.3976,1,1.2,1.2,1.2,1,1.2,0.5,12,0.5,12,0.5,12,299281,2026-06-17 14:20:09,11014981,MAREESWARAN ,13616,104339022046,104319220141,140HPW501   ,,AUTOMODE,BV141C,19,1,310836,OK,,0,0,9002102010431351067303261542453A,0020007910431251065202261343702B,0020004510431152006711261630016A,OK,OK,OK,OK,300633,2026-06-17 14:18:29,11014981.0,MAREESWARAN ,13616,104339022046,104319220141,140HPW501   ,AUTOMODE,BV141A,36,1,310836,OK,CA1,0,0,1020104313020080004674879488,OK,OK,0.39,0.438,0.5,0.39,0.436,0.5,OK,,0020004510431152006711261630016A,OK,OK,202.9,145.2,52.6,146.3,0.0,1.51101,52.0864,53.2126,0.122517,2.53196,55.4751,56.0942,56.2401,2.41589,57.7452,0.367546,0,0,0,0,05ACA010,301269,2026-06-17 14:19:13,11014981.0,MAREESWARAN ,13616.0,104339022046,104319220141,140HPW501   ,AUTOMODE,BV141B,29,1.0,310836.0,OK,,,,0020004510431152006711261630016A,OK,OK,,OK,OK,301367,2026-06-17 14:21:45,11014981.0,MAREESWARAN ,13616,104339022046,104319220141,,AUTOMODE,BV141D,32,1,310836,OK,CA13,,,0020007910431251065202261343702B,,0,145.3,4.4,-113.55,50.0,134,18.6,-222.95,59.6,-223.35,-113.71,1.59507,4.04215,45.0,40.0,5.0,25.8666,52.1062,52.1872,0,0,0,0,0,0,0,0,0,0,0,1.92,0,20.0,0,374510
5053380,1,0020007910431251065202261343890C,2026-06-15 12:30:05,314116, , ,104319220141,0,0,0,0,57000,110000,0,0,120000,0,0,0,1,0:19,1011,16,49.18,230,49.18,230,20.24,194,20.24,194,0,0,0,0,0,0,0,0,28.8,171,28.8,171,17.32,204,17.32,204,10.2,145,10.2,145,0,0,0,0,0,0,0,0,0,0,0,0,UCX31_x0001_|_x0007_:, ,1.19,4.94,45.28,3,4.58,93,65.49,0:50      ,3,2026-06-17 03:37:42,11014086.0,BABU        ,1,104339022046,104319220141,,AUTOMODE_TS1,BV141E,44,2,,OK,,0,0,0020007910431251065202261343890C,1.17535,1.17345,1.17535,5,5,4.845,4.445,4.8625,1,1.2,1.2,1.2,1,1.2,0.5,12,0.5,12,0.5,12,298760,2026-06-17 03:34:50,11014981,MAREESWARAN ,13616,104339022046,104319220141,140HPW501   ,,AUTOMODE,BV141C,19,2,310308,OK,,0,0,9002102010431351067303261500630A,0020007910431251065202261343890C,0020004510431152006711261652182A,OK,OK,OK,OK,300109,2026-06-17 03:32:40,11014981.0,MAREESWARAN ,13616,104339022046,104319220141,140HPW501   ,AUTOMODE,BV141A,24,2,310308,OK,CA1,0,0,1020104313020080004674879488,OK,OK,0.39,0.433,0.5,0.39,0.444,0.5,OK,,0020004510431152006711261652182A,OK,OK,202.9,145.2,52.6,146.3,-0.0408401,2.53196,52.1022,53.3303,0.163353,2.65447,55.6896,56.2094,56.2401,2.56833,57.8502,0.285866,0,0,0,0,05ACA010,300742,2026-06-17 03:33:26,11014981.0,MAREESWARAN ,13616.0,104339022046,104319220141,140HPW501   ,AUTOMODE,BV141B,29,2.0,310308.0,OK,,,,0020004510431152006711261652182A,OK,OK,,OK,OK,300842,2026-06-17 03:36:32,11014981.0,MAREESWARAN ,13616,104339022046,104319220141,,AUTOMODE,BV141D,34,2,310308,OK,CA13,,,0020007910431251065202261343890C,,0,145.3,5.9,-113.55,50.0,134,18.6,-222.95,59.6,-223.35,-113.71,1.10804,2.75868,45.0,40.0,5.0,22.3308,52.4192,52.3777,0,0,0,0,0,0,0,0,0,0,0,1.67,0,20.0,0,373957
5049151,1,0020007910431251065202261343931C,2026-06-13 14:43:38,314116, , ,104319220141,0,0,0,0,57000,110000,0,0,120000,0,0,0,4,3:14,1011,16,31.3,90,3.91,221,16.45,57,3.16,130,0,0,0,0,0,0,0,0,22.8,34,0.32,117,7.12,62,1.95,170,7.44,21,10.14,20,0,0,0,0,0,0,0,0,0,0,0,0,UCX31_x0001_|_x0007_:, ,1.31,4.98,45.13,3,4.22,93,65.03,4:53      ,3,2026-06-15 15:49:06,11014981.0,MAREESWARAN ,1,104339022046,104319220141,,AUTOMODE_TS1,BV141E,45,1,,OK,,0,0,0020007910431251065202261343931C,1.17762,1.17775,1.17623,5,5,3.9025,4.0475,3.97,1,1.2,1.2,1.2,1,1.2,0.5,12,0.5,12,0.5,12,296936,2026-06-15 15:46:58,11014981,MAREESWARAN ,13616,104339022046,104319220141,140HPW501   ,,AUTOMODE,BV141C,21,1,308434,OK,,0,0,9002102010431351067303261553960A,0020007910431251065202261343931C,0020004510431152006711261580051A,OK,OK,OK,OK,298259,2026-06-15 15:44:38,11014981.0,MAREESWARAN ,13616,104339022046,104319220141,140HPW501   ,AUTOMODE,BV141A,22,1,308434,OK,CA1,0,0,1020104313020080004674879488,OK,OK,0.39,0.427,0.5,0.39,0.44,0.5,OK,,0020004510431152006711261580051A,OK,OK,202.9,145.2,52.6,146.3,0.0,0.898438,52.0453,53.067,0.0816765,1.63352,55.1205,55.6352,57.5894,9.92365,57.1792,0.285866,0,0,0,0,05ACA006,298879,2026-06-15 15:45:16,11014981.0,MAREESWARAN ,13616.0,104339022046,104319220141,140HPW501   ,AUTOMODE,BV141B,29,1.0,308434.0,OK,,,,0020004510431152006711261580051A,OK,OK,,OK,OK,298985,2026-06-15 15:47:58,11014981.0,MAREESWARAN ,13616,104339022046,104319220141,,AUTOMODE,BV141D,32,1,308434,OK,CA13,,,0020007910431251065202261343931C,,0,145.3,4.2,-113.55,50.0,134,18.6,-222.95,59.6,-223.35,-113.71,1.29855,3.26036,45.0,40.0,5.0,21.7729,51.8512,51.9284,0,0,0,0,0,0,0,0,0,0,0,1.93,0,20.0,0,371405
5053368,1,0020007910431251065202261344010C,2026-06-15 12:26:20,314116, , ,104319220141,0,0,0,0,57000,110000,0,0,120000,0,0,0,1,0:20,1011,16,21.14,152,21.14,152,2.72,244,2.72,244,0,0,0,0,0,0,0,0,7.23,246,7.23,246,11.38,101,11.38,101,10.7,0,10.7,0,0,0,0,0,0,0,0,0,0,0,0,0,UCX31_x0001_|_x0007_:, ,1.23,5,45.25,3,4.94,93,65.46,0:50      ,3,2026-06-17 03:36:50,11014086.0,BABU        ,1,104339022046,104319220141,,AUTOMODE_TS1,BV141E2,38,2,,OK,,0,0,0020007910431251065202261344010C,1.15748,1.16013,1.15182,5,5,3.63713,7.85389,4.31138,1,1.2,1.2,1.2,1,1.2,0.5,12,0.5,12,0.5,12,298759,2026-06-17 03:34:00,11014981,MAREESWARAN ,13616,104339022046,104319220141,140HPW501   ,,AUTOMODE,BV141C,20,2,310307,OK,,0,0,9002102010431351067303261500481A,0020007910431251065202261344010C,0020004510431152006711261652097A,OK,OK,OK,OK,300108,2026-06-17 03:31:54,11014981.0,MAREESWARAN ,13616,104339022046,104319220141,140HPW501   ,AUTOMODE,BV141A,23,2,310307,OK,CA1,0,0,1020104313020080004674879488,OK,OK,0.39,0.452,0.5,0.39,0.443,0.5,OK,,0020004510431152006711261652097A,OK,OK,202.9,145.2,52.6,146.3,-0.0408401,1.22514,52.0232,53.05,0.0408363,1.63352,55.3125,55.7202,56.2401,1.05262,57.5623,0.163353,0,0,0,0,05ACA004,300741,2026-06-17 03:32:40,11014981.0,MAREESWARAN ,13616.0,104339022046,104319220141,140HPW501   ,AUTOMODE,BV141B,29,2.0,310307.0,OK,,,,0020004510431152006711261652097A,OK,OK,,OK,OK,300841,2026-06-17 03:35:46,11014981.0,MAREESWARAN ,13616,104339022046,104319220141,,AUTOMODE,BV141D,34,2,310307,OK,CA13,,,0020007910431251065202261344010C,,0,145.0,6.1,-113.55,50.0,134,18.6,-222.95,59.6,-223.35,-113.71,0.538125,2.24986,45.0,40.0,5.0,20.5289,52.3372,52.2862,0,0,0,0,0,0,0,0,0,0,0,1.83,0,20.0,0,373956
5053452,1,0020007910431251065202261344027C,2026-06-15 12:59:48,314116, , ,104319220141,0,0,0,0,57000,110000,0,0,120000,0,0,0,1,0:19,1011,16,50.28,117,50.28,117,24.08,107,24.08,107,0,0,0,0,0,0,0,0,40.81,89,40.81,89,11.95,65,11.95,65,10.11,49,10.11,49,0,0,0,0,0,0,0,0,0,0,0,0,UCX31_x0001_|_x0007_:, ,1.26,4.91,45.28,3,4.37,93,65.53,0:50      ,3,2026-06-17 03:36:08,11014086.0,BABU        ,1,104339022046,104319220141,,AUTOMODE_TS1,BV141E,44,2,,OK,,0,0,0020007910431251065202261344027C,1.17699,1.17459,1.17611,5,5,3.815,4.055,4.2175,1,1.2,1.2,1.2,1,1.2,0.5,12,0.5,12,0.5,12,298758,2026-06-17 03:33:16,11014981,MAREESWARAN ,13616,104339022046,104319220141,140HPW501   ,,AUTOMODE,BV141C,24,2,310306,OK,,0,0,9002102010431351067303261521171A,0020007910431251065202261344027C,0020004510431152006711261652027A,OK,OK,OK,OK,300107,2026-06-17 03:31:06,11014981.0,MAREESWARAN ,13616,104339022046,104319220141,140HPW501   ,AUTOMODE,BV141A,25,2,310306,OK,CA1,0,0,1020104313020080004674879488,OK,OK,0.39,0.468,0.5,0.39,0.443,0.5,OK,,0020004510431152006711261652027A,OK,OK,202.9,145.2,52.6,146.3,-0.0408401,1.59269,52.1482,53.1725,0.122513,1.59269,55.4299,55.8401,57.7867,9.18856,57.5828,0.245029,0,0,0,0,05ACA002,300740,2026-06-17 03:31:52,11014981.0,MAREESWARAN ,13616.0,104339022046,104319220141,140HPW501   ,AUTOMODE,BV141B,29,2.0,310306.0,OK,,,,0020004510431152006711261652027A,OK,OK,,OK,OK,300840,2026-06-17 03:35:00,11014981.0,MAREESWARAN ,13616,104339022046,104319220141,,AUTOMODE,BV141D,34,2,310306,OK,CA13,,,0020007910431251065202261344027C,,0,146.2,6.2,-113.55,50.0,134,18.6,-222.95,59.6,-223.35,-113.71,1.08034,3.38289,45.0,40.0,5.0,20.5591,52.0147,51.9915,0,0,0,0,0,0,0,0,0,0,0,1.77,0,20.0,0,373955
5053257,1,0020007910431251065202261344060C,2026-06-15 11:42:32,314116, , ,104319220141,0,0,0,0,57000,110000,0,0,120000,0,0,0,2,1:26,1011,16,46.11,19,16.1,89,19.31,339,5.59,71,0,0,0,0,0,0,0,0,27.89,310,7.13,51,17,358,5.93,39,7.48,298,10.25,300,0,0,0,0,0,0,0,0,0,0,0,0,UCX31_x0001_|_x0007_:, ,1.29,5.03,45.28,3,4.27,93,64.88,1:57      ,3,2026-06-17 14:30:57,11014086.0,BABU        ,1,104339022046,104319220141,,AUTOMODE_TS1,BV141E,44,1,,OK,,0,0,0020007910431251065202261344060C,1.17674,1.17636,1.17358,5,5,3.695,4.2,3.8975,1,1.2,1.2,1.2,1,1.2,0.5,12,0.5,12,0.5,12,299292,2026-06-17 14:28:51,11014981,MAREESWARAN ,13616,104339022046,104319220141,140HPW501   ,,AUTOMODE,BV141C,17,1,310847,OK,,0,0,9002102010431351067303261542494A,0020007910431251065202261344060C,0020004510431152006711261652196C,OK,OK,OK,OK,300644,2026-06-17 14:26:57,11014981.0,MAREESWARAN ,13616,104339022046,104319220141,140HPW501   ,AUTOMODE,BV141A,53,1,310847,OK,CA1,0,0,1020104313020080004674879488,OK,OK,0.39,0.432,0.5,0.39,0.416,0.5,OK,,0020004510431152006711261652196C,OK,OK,202.9,145.2,52.6,146.3,0.0,1.91939,52.1148,53.455,0.122513,1.91939,55.7149,56.0232,57.7736,2.61364,57.6717,0.285866,0,0,0,0,05ACA001,301280,2026-06-17 14:27:37,11014981.0,MAREESWARAN ,13616.0,104339022046,104319220141,140HPW501   ,AUTOMODE,BV141B,29,1.0,310847.0,OK,,,,0020004510431152006711261652196C,OK,OK,,OK,OK,301378,2026-06-17 14:29:49,11014981.0,MAREESWARAN ,13616,104339022046,104319220141,,AUTOMODE,BV141D,32,1,310847,OK,CA13,,,0020007910431251065202261344060C,,0,145.4,4.4,-113.55,50.0,134,18.6,-222.95,59.6,-223.35,-113.71,0.971042,2.29457,45.0,40.0,5.0,25.1051,51.8597,52.1747,0,0,0,0,0,0,0,0,0,0,0,1.81,0,20.0,0,374521
5052012,1,0020007910431251065202261344139C,2026-06-14 11:21:03,314116, , ,104319220141,0,0,0,0,57000,110000,0,0,120000,0,0,0,1,0:19,1011,16,28.21,90,28.21,90,22.86,56,22.86,56,0,0,0,0,0,0,0,0,42.93,33,42.93,33,3.73,175,3.73,175,13.16,359,13.16,359,0,0,0,0,0,0,0,0,0,0,0,0,UCX31_x0001_|_x0007_:, ,1.23,4.86,44.99,3,4,93,65.53,0:50      ,3,2026-06-19 21:00:31,11014981.0,MAREESWARAN ,1,104339022046,104319220141,,AUTOMODE_TS1,BV141E,45,2,,OK,,0,0,0020007910431251065202261344139C,1.17813,1.17813,1.17737,5,5,4.195,5.16,5.47,1,1.2,1.2,1.2,1,1.2,0.5,12,0.5,12,0.5,12,301314,2026-06-19 20:47:49,11014981,MAREESWARAN ,13616,104339022046,104319220141,140HPW501   ,,AUTOMODE,BV141C,23,2,312823,OK,,0,0,9002102010431351067303261531200B,0020007910431251065202261344139C,0020004510431152006711253050295C,OK,OK,OK,OK,302596,2026-06-19 20:45:55,11014981.0,MAREESWARAN ,13616,104339022046,104319220141,140HPW501   ,AUTOMODE,BV141A,22,2,312823,OK,CA1,0,0,1020104313020080004674879488,OK,OK,0.39,0.438,0.5,0.39,0.447,0.5,OK,,0020004510431152006711253050295C,OK,OK,202.9,145.2,52.6,146.3,-0.0408401,1.38849,52.1016,52.917,0.0816727,1.79688,55.0674,55.5769,57.6305,4.98224,57.1184,0.285866,0,0,0,0,05ACA004,303244,2026-06-19 20:46:35,11014981.0,MAREESWARAN ,13616.0,104339022046,104319220141,140HPW501   ,AUTOMODE,BV141B,29,2.0,312823.0,OK,,,,0020004510431152006711253050295C,OK,OK,,OK,OK,303346,2026-06-19 20:48:41,11014981.0,MAREESWARAN ,13616,104339022046,104319220141,,AUTOMODE,BV141D,34,2,312823,OK,CA14,,,0020007910431251065202261344139C,,0,145.5,6.2,-113.55,50.0,134,18.6,-222.95,59.6,-223.35,-113.71,0.2538,0.987617,45.0,40.1263,5.0,21.2828,52.3507,52.3651,0,0,0,0,0,0,0,0,0,0,0,1.85,0,20.0,0,377350
5052875,1,0020007910431251065202261344160C,2026-06-15 09:25:22,314116, , ,104319220141,0,0,0,0,57000,110000,0,0,120000,0,0,0,2,1:26,1011,16,42.68,100,16.61,139,22.92,57,7.9,89,0,0,0,0,0,0,0,0,34.14,28,10.3,57,11.86,91,6.13,121,7.46,358,10.66,4,0,0,0,0,0,0,0,0,0,0,0,0,UCX31_x0001_|_x0007_:, ,1.27,4.89,45.19,3,5.14,93,64.88,1:57      ,3,2026-06-17 14:32:25,11014086.0,BABU        ,1,104339022046,104319220141,,AUTOMODE_TS1,BV141E,45,1,,OK,,0,0,0020007910431251065202261344160C,1.17699,1.17585,1.17307,5,5,3.59,3.64,4.1075,1,1.2,1.2,1.2,1,1.2,0.5,12,0.5,12,0.5,12,299294,2026-06-17 14:30:21,11014981,MAREESWARAN ,13616,104339022046,104319220141,140HPW501   ,,AUTOMODE,BV141C,19,1,310849,OK,,0,0,9002102010431351067303261531775B,0020007910431251065202261344160C,0020004510431152006711261652214C,OK,OK,OK,OK,300646,2026-06-17 14:28:25,11014981.0,MAREESWARAN ,13616,104339022046,104319220141,140HPW501   ,AUTOMODE,BV141A,28,1,310849,OK,CA1,0,0,1020104313020080004674879488,OK,OK,0.39,0.427,0.5,0.39,0.436,0.5,OK,,0020004510431152006711261652214C,OK,OK,202.9,145.2,52.6,146.3,0.0,2.16442,52.0839,53.2126,0.204189,2.28693,55.1694,55.7809,57.5262,2.73615,57.3223,0.408379,0,0,0,0,05ACA004,301282,2026-06-17 14:29:05,11014981.0,MAREESWARAN ,13616.0,104339022046,104319220141,140HPW501   ,AUTOMODE,BV141B,29,1.0,310849.0,OK,,,,0020004510431152006711261652214C,OK,OK,,OK,OK,301380,2026-06-17 14:31:17,11014981.0,MAREESWARAN ,13616,104339022046,104319220141,,AUTOMODE,BV141D,32,1,310849,OK,CA13,,,0020007910431251065202261344160C,,0,145.1,4.2,-113.55,50.0,134,18.6,-222.95,59.6,-223.35,-113.71,0.462957,3.1089,45.0,40.0,5.0,17.7998,52.3296,52.3678,0,0,0,0,0,0,0,0,0,0,0,1.71,0,20.0,0,374523
5049262,1,0020007910431251065202261344171C,2026-06-13 15:37:49,314116, , ,104319220141,0,0,0,0,57000,110000,0,0,120000,0,0,0,1,0:19,1011,16,49.74,110,49.74,110,22.4,93,22.4,93,0,0,0,0,0,0,0,0,34.71,82,34.71,82,15.6,58,15.6,58,10.22,254,10.22,254,0,0,0,0,0,0,0,0,0,0,0,0,UCX31_x0001_|_x0007_:, ,1.28,4.96,45.05,3,4.03,93,65.53,0:50      ,3,2026-06-15 16:00:16,11014981.0,MAREESWARAN ,1,104339022046,104319220141,,AUTOMODE_TS1,BV141E2,38,1,,OK,,0,0,0020007910431251065202261344171C,1.16189,1.15094,1.14767,5,5,2.79042,6.95569,2.95569,1,1.2,1.2,1.2,1,1.2,0.5,12,0.5,12,0.5,12,296947,2026-06-15 15:57:36,11014981,MAREESWARAN ,13616,104339022046,104319220141,140HPW501   ,,AUTOMODE,BV141C,23,1,308446,OK,,0,0,9002102010431351067303261542672A,0020007910431251065202261344171C,0020004510431152006711261580197C,OK,OK,OK,OK,298271,2026-06-15 15:54:14,11014981.0,MAREESWARAN ,13616,104339022046,104319220141,140HPW501   ,AUTOMODE,BV141A,23,1,308446,OK,CA1,0,0,1020104313020080004674879488,OK,OK,0.39,0.437,0.5,0.39,0.438,0.5,OK,,0020004510431152006711261580197C,OK,OK,202.9,145.2,52.6,146.3,-0.0408363,0.816761,52.0252,53.1488,0.0,1.47017,55.3986,55.605,57.6637,3.71627,57.149,0.245029,0,0,0,0,05ACA004,298891,2026-06-15 15:54:52,11014981.0,MAREESWARAN ,13616.0,104339022046,104319220141,140HPW501   ,AUTOMODE,BV141B,29,1.0,308446.0,OK,,,,0020004510431152006711261580197C,OK,OK,,OK,OK,298997,2026-06-15 15:59:08,11014981.0,MAREESWARAN ,13616,104339022046,104319220141,,AUTOMODE,BV141D,32,1,308446,OK,CA13,,,0020007910431251065202261344171C,,0,145.6,4.3,-113.55,50.0,134,18.6,-222.95,59.6,-223.35,-113.71,0.214074,1.22812,45.0,40.0,5.0,14.8897,52.2108,52.2055,0,0,0,0,0,0,0,0,0,0,0,1.97,0,20.0,0,371426
5050565,1,0020007910431251065202261344172C,2026-06-13 22:50:31,314116, , ,104319220141,0,0,0,0,57000,110000,0,0,120000,0,0,0,3,2:15,1011,16,10.21,232,4.57,310,2.87,95,1.82,160,0,0,0,0,0,0,0,0,6.4,7,0.8,149,8.2,186,2.12,264,8.45,69,10.23,75,0,0,0,0,0,0,0,0,0,0,0,0,UCX31_x0001_|_x0007_:, ,1.28,5.04,45.02,3,3.94,93,64.88,2:46      ,3,2026-06-15 15:50:36,11014981.0,MAREESWARAN ,1,104339022046,104319220141,,AUTOMODE_TS1,BV141E,44,1,,OK,,0,0,0020007910431251065202261344172C,1.17939,1.17535,1.1799,5,5,4.705,5.6325,5.1225,1,1.2,1.2,1.2,1,1.2,0.5,12,0.5,12,0.5,12,296938,2026-06-15 15:48:10,11014981,MAREESWARAN ,13616,104339022046,104319220141,140HPW501   ,,AUTOMODE,BV141C,21,1,308436,OK,,0,0,9002102010431351067303261553970A,0020007910431251065202261344172C,0020004510431152006711261580043A,OK,OK,OK,OK,298261,2026-06-15 15:46:30,11014981.0,MAREESWARAN ,13616,104339022046,104319220141,140HPW501   ,AUTOMODE,BV141A,48,1,308436,OK,CA1,0,0,1020104313020080004674879488,OK,OK,0.39,0.444,0.5,0.39,0.461,0.5,OK,,0020004510431152006711261580043A,OK,OK,202.9,145.2,52.6,146.3,-0.0408401,0.735085,52.0455,53.2761,0.0816765,1.30682,55.2329,55.852,56.2401,0.875317,57.4852,0.204189,0,0,0,0,05ACA003,298881,2026-06-15 15:47:12,11014981.0,MAREESWARAN ,13616.0,104339022046,104319220141,140HPW501   ,AUTOMODE,BV141B,29,1.0,308436.0,OK,,,,0020004510431152006711261580043A,OK,OK,,OK,OK,298987,2026-06-15 15:49:26,11014981.0,MAREESWARAN ,13616,104339022046,104319220141,,AUTOMODE,BV141D,32,1,308436,OK,CA13,,,0020007910431251065202261344172C,,0,145.0,4.3,-113.55,50.0,134,18.6,-222.95,59.6,-223.35,-113.71,1.76017,4.08093,45.0,40.0,5.0,20.0992,52.2562,52.2868,0,0,0,0,0,0,0,0,0,0,0,1.91,0,20.0,0,371407
5048218,1,0020007910431251065202261354348A,2026-06-13 08:56:27,314116, , ,104319220141,0,0,0,0,57000,110000,0,0,120000,0,0,0,2,1:25,1011,16,51.16,302,22.22,341,14.05,261,3.69,313,0,0,0,0,0,0,0,0,18.41,237,4.42,326,22.56,271,10.37,293,8.92,199,11.24,201,0,0,0,0,0,0,0,0,0,0,0,0,UCX31_x0001_|_x0007_:, ,1.33,4.84,45.02,3,4.32,93,64.88,1:56      ,3,2026-06-13 18:02:22,11014981.0,MAREESWARAN ,1,104339022046,104319220141,,AUTOMODE_TS1,BV141E,45,1,,OK,,0,0,0020007910431251065202261354348A,1.17649,1.17522,1.17396,5,5,3.9525,3.925,4.06,1,1.2,1.2,1.2,1,1.2,0.5,12,0.5,12,0.5,12,294772,2026-06-13 17:59:34,11014981,MAREESWARAN ,13616,104339022046,104319220141,140HPW501   ,,AUTOMODE,BV141C,22,1,307034,OK,,0,0,9002102010431351067303261542617A,0020007910431251065202261354348A,0020004510431152006711261550828C,OK,OK,OK,OK,296079,2026-06-13 17:57:20,11014981.0,MAREESWARAN ,13616,104339022046,104319220141,140HPW501   ,AUTOMODE,BV141A,28,1,307034,OK,CA1,0,0,1020104313020080004674879488,OK,OK,0.39,0.415,0.5,0.39,0.431,0.5,OK,,0020004510431152006711261550828C,OK,OK,202.9,145.2,52.6,146.3,0.0,1.38849,52.1077,53.2364,0.0816765,2.08274,55.5014,56.1206,57.6646,1.96022,57.5627,0.367542,0,0,0,0,05ACA010,296688,2026-06-13 17:58:10,11014981.0,MAREESWARAN ,13616.0,104339022046,104319220141,140HPW501   ,AUTOMODE,BV141B,29,1.0,307034.0,OK,,,,0020004510431152006711261550828C,OK,OK,,OK,OK,296799,2026-06-13 18:01:14,11014981.0,MAREESWARAN ,13616,104339022046,104319220141,,AUTOMODE,BV141D,36,1,307034,OK,CA13,,,0020007910431251065202261354348A,,0,145.0,5.9,-113.55,50.0,134,18.6,-222.95,59.6,-223.35,-113.71,0.399807,1.26657,45.0,40.6017,5.0,20.7928,52.3154,52.2838,0,0,0,0,0,0,0,0,0,0,0,1.87,0,20.0,0,368108
5047809,1,0020007910431251065202261355434C,2026-06-13 05:41:09,314116, , ,104319220141,0,0,0,0,57000,110000,0,0,120000,0,0,0,1,0:19,1011,16,48.31,108,48.31,108,27.79,76,27.79,76,0,0,0,0,0,0,0,0,46.02,47,46.02,47,10.52,99,10.52,99,10.24,21,10.24,21,0,0,0,0,0,0,0,0,0,0,0,0,UCX31_x0001_|_x0007_:, ,1.28,4.97,45.45,3,4.61,94,65.53,0:50      ,3,2026-06-13 15:58:35,11014981.0,MAREESWARAN ,1,104339022046,104319220141,,AUTOMODE_TS1,BV141E2,38,1,,OK,,0,0,0020007910431251065202261355434C,1.14956,1.16,1.15057,5,5,2.68862,6.7521,2.74611,1,1.2,1.2,1.2,1,1.2,0.5,12,0.5,12,0.5,12,294634,2026-06-13 15:55:45,11014981,MAREESWARAN ,13616,104339022046,104319220141,140HPW501   ,,AUTOMODE,BV141C,22,1,306894,OK,,0,0,9002102010431351067303261542813B,0020007910431251065202261355434C,0020004510431152006711261580246C,OK,OK,OK,OK,295941,2026-06-13 15:54:27,11014981.0,MAREESWARAN ,13616,104339022046,104319220141,140HPW501   ,AUTOMODE,BV141A,22,1,306894,OK,CA1,0,0,1020104313020080004674879488,OK,OK,0.39,0.42,0.5,0.39,0.452,0.5,OK,,0020004510431152006711261580246C,OK,OK,202.9,145.2,52.6,146.3,0.0,1.1843,52.3952,53.2156,0.0816765,1.7152,55.58,55.8909,57.5444,2.08274,57.3381,0.326702,0,0,0,0,05ACA003,296550,2026-06-13 15:55:07,11014981.0,MAREESWARAN ,13616.0,104339022046,104319220141,140HPW501   ,AUTOMODE,BV141B,29,1.0,306894.0,OK,,,,0020004510431152006711261580246C,OK,OK,,OK,OK,296661,2026-06-13 15:57:27,11014981.0,MAREESWARAN ,13616,104339022046,104319220141,,AUTOMODE,BV141D,35,1,306894,OK,CA13,,,0020007910431251065202261355434C,,0,145.4,5.8,-113.55,50.0,134,18.6,-222.95,59.6,-223.35,-113.71,1.5308,2.95532,45.0,40.2406,5.0,26.1682,51.9891,52.065,0,0,0,0,0,0,0,0,0,0,0,1.86,0,20.0,0,367970
5045071,1,0020007910431251065202261355473C,2026-06-12 14:10:23,314116, , ,104319220141,0,0,0,0,57000,110000,0,0,120000,0,0,0,1,0:19,1011,16,52.21,344,52.21,344,23,325,23,325,0,0,0,0,0,0,0,0,33.85,301,33.85,301,16.04,308,16.04,308,10.81,265,10.81,265,0,0,0,0,0,0,0,0,0,0,0,0,UCX31_x0001_|_x0007_:, ,1.28,5,45.02,3,5.1,93,65.53,0:50      ,3,2026-06-13 10:19:42,11014890.0,SUDALAI     ,1,104339022046,104319220141,,AUTOMODE_TS1,BV141E,45,1,,OK,,0,0,0020007910431251065202261355473C,1.17623,1.17421,1.17598,5,5,3.385,3.3425,3.615,1,1.2,1.2,1.2,1,1.2,0.5,12,0.5,12,0.5,12,294310,2026-06-13 10:17:42,11014981,MAREESWARAN ,13616,104339022046,104319220141,140HPW501   ,,AUTOMODE,BV141C,22,1,306560,OK,,0,0,9002102010431351067303261479314B,0020007910431251065202261355473C,0020004510431152006711261200332A,OK,OK,OK,OK,295615,2026-06-13 10:16:12,11014981.0,MAREESWARAN ,13616,104339022046,104319220141,140HPW501   ,AUTOMODE,BV141A,23,1,306560,OK,CA1,0,0,1020104313020080004674879488,OK,OK,0.39,0.416,0.5,0.39,0.415,0.5,OK,,0020004510431152006711261200332A,OK,OK,202.9,145.2,52.6,146.3,0.0,1.67436,52.184,53.2108,0.163353,2.40945,55.3714,55.988,57.6288,3.26704,57.425,0.490059,0,0,0,0,05ACA003,296220,2026-06-13 10:16:54,11014981.0,MAREESWARAN ,13616.0,104339022046,104319220141,140HPW501   ,AUTOMODE,BV141B,30,1.0,306560.0,OK,,,,0020004510431152006711261200332A,OK,OK,,OK,OK,296332,2026-06-13 10:18:30,11014981.0,MAREESWARAN ,13616,104339022046,104319220141,,AUTOMODE,BV141D,35,1,306560,OK,CA13,,,0020007910431251065202261355473C,,0,145.0,6.0,-113.55,50.0,134,18.6,-222.95,59.6,-223.35,-113.71,1.66337,2.76685,45.0,40.6626,5.0,25.2031,52.1767,52.3955,0,0,0,0,0,0,0,0,0,0,0,1.72,0,20.0,0,367631
5045489,1,0020007910431251065202261355539C,2026-06-12 16:28:25,314116, , ,104319220141,0,0,0,0,57000,110000,0,0,120000,0,0,0,1,0:19,1011,16,28.67,258,28.67,258,7.37,216,7.37,216,0,0,0,0,0,0,0,0,7.67,206,7.67,206,12.78,217,12.78,217,10.87,104,10.87,104,0,0,0,0,0,0,0,0,0,0,0,0,UCX31_x0001_|_x0007_:, ,1.26,5,45.05,3,4.37,93,65.53,0:50      ,3,2026-06-13 09:28:02,11014890.0,SUDALAI     ,1,104339022046,104319220141,,AUTOMODE_TS1,BV141E,44,1,,OK,,0,0,0020007910431251065202261355539C,1.17547,1.17472,1.17408,5,5,5.09,5.0175,4.785,1,1.2,1.2,1.2,1,1.2,0.5,12,0.5,12,0.5,12,294284,2026-06-13 09:24:48,11014890,SUDALAI     ,13616,104339022046,104319220141,140HPW501   ,,AUTOMODE,BV141C,27,1,306532,OK,,0,0,9002102010431351067303261478984A,0020007910431251065202261355539C,0020004510431152006711261540390C,OK,OK,OK,OK,295588,2026-06-13 09:23:26,11014890.0,SUDALAI     ,13616,104339022046,104319220141,140HPW501   ,AUTOMODE,BV141A,23,1,306532,OK,CA1,0,0,1020104313020080004674879488,OK,OK,0.39,0.413,0.5,0.39,0.411,0.5,OK,,0020004510431152006711261540390C,OK,OK,202.9,145.2,52.6,146.3,0.0,0.857597,52.102,53.3352,0.0408363,1.59268,55.6104,56.1226,56.2401,1.44575,57.6589,0.285866,0,0,0,0,05ACA005,296193,2026-06-13 09:24:10,11014890.0,SUDALAI     ,13616.0,104339022046,104319220141,140HPW501   ,AUTOMODE,BV141B,29,1.0,306532.0,OK,,,,0020004510431152006711261540390C,OK,OK,,OK,OK,296305,2026-06-13 09:26:52,11014890.0,SUDALAI     ,13616,104339022046,104319220141,,AUTOMODE,BV141D,99,1,306532,OK,CA13,,,0020007910431251065202261355539C,,0,145.1,5.9,-113.55,50.0,134,18.6,-222.95,59.6,-222.95,-113.71,0.452197,1.89985,45.0,40.0222,5.0,19.1568,52.3054,52.3041,0,0,0,0,0,0,0,0,0,0,0,1.6,0,20.0,1,367603
5054206,1,0020007910431251065202261355546C,2026-06-15 18:21:33,314116, , ,104319220141,0,0,0,0,57000,110000,0,0,120000,0,0,0,1,0:19,1011,16,28.06,155,28.06,155,18.06,161,18.06,161,0,0,0,0,0,0,0,0,32.33,143,32.33,143,8.4,54,8.4,54,12.48,162,12.48,162,0,0,0,0,0,0,0,0,0,0,0,0,UCX31_x0001_|_x0007_:, ,1.28,5.03,45.34,3,4.06,93,65.53,0:50      ,3,2026-06-17 14:23:37,11014086.0,BABU        ,1,104339022046,104319220141,,AUTOMODE_TS1,BV141E,44,1,,OK,,0,0,0020007910431251065202261355546C,1.17699,1.17307,1.17193,5,5,4.28,4.3425,4.55,1,1.2,1.2,1.2,1,1.2,0.5,12,0.5,12,0.5,12,299282,2026-06-17 14:21:15,11014981,MAREESWARAN ,13616,104339022046,104319220141,140HPW501   ,,AUTOMODE,BV141C,20,1,310837,OK,,0,0,9002102010431351067303261542448A,0020007910431251065202261355546C,0020004510431152006711261580128A,OK,OK,OK,OK,300634,2026-06-17 14:19:11,11014981.0,MAREESWARAN ,13616,104339022046,104319220141,140HPW501   ,AUTOMODE,BV141A,24,1,310837,OK,CA1,0,0,1020104313020080004674879488,OK,OK,0.39,0.454,0.5,0.39,0.448,0.5,OK,,0020004510431152006711261580128A,OK,OK,202.9,145.2,52.6,146.3,-0.0408363,0.816765,52.0331,53.0599,0.0816765,1.30682,55.0115,55.623,57.5772,9.96449,57.167,0.204193,0,0,0,0,05ACA006,301270,2026-06-17 14:19:51,11014981.0,MAREESWARAN ,13616.0,104339022046,104319220141,140HPW501   ,AUTOMODE,BV141B,29,1.0,310837.0,OK,,,,0020004510431152006711261580128A,OK,OK,,OK,OK,301368,2026-06-17 14:22:29,11014981.0,MAREESWARAN ,13616,104339022046,104319220141,,AUTOMODE,BV141D,32,1,310837,OK,CA13,,,0020007910431251065202261355546C,,0,145.1,4.4,-113.55,50.0,134,18.6,-222.95,59.6,-223.35,-113.71,1.32726,2.3145,45.0,40.3118,5.0,20.9059,51.9366,51.9888,0,0,0,0,0,0,0,0,0,0,0,2.02,0,20.0,0,374511
5036495,1,0020007910431251065202261355559C,2026-06-10 06:43:03,314116, , ,104319220141,0,0,0,0,57000,110000,0,0,120000,0,0,0,1,0:19,1011,16,36.28,189,36.28,189,14.42,167,14.42,167,0,0,0,0,0,0,0,0,20.24,144,20.24,144,11.66,151,11.66,151,11.4,331,11.4,331,0,0,0,0,0,0,0,0,0,0,0,0,UCX31_x0001_|_x0007_:, ,1.22,5.04,45.63,3,4.84,93,65.46,0:51      ,3,2026-06-11 00:20:45,11014086.0,BABU        ,1,104339022046,104319220141,,AUTOMODE_TS1,BV141E2,38,2,,OK,,0,0,0020007910431251065202261355559C,1.14566,1.15069,1.14704,5,5,2.53653,6.57964,2.62156,1,1.2,1.2,1.2,1,1.2,0.5,12,0.5,12,0.5,12,291690,2026-06-11 00:18:05,11014086,BABU        ,13616,104339022046,104319220141,140HPW501   ,,AUTOMODE,BV141C,23,2,303808,OK,,0,0,9002102010431351067303261490301B,0020007910431251065202261355559C,0020004510431152006711261551013C,OK,OK,OK,OK,292925,2026-06-11 00:15:19,11014086.0,BABU        ,13616,104339022046,104319220141,140HPW501   ,AUTOMODE,BV141A,21,2,303808,OK,CA1,0,0,1020104313020080004674879488,OK,OK,0.39,0.448,0.5,0.39,0.422,0.5,OK,,0020004510431152006711261551013C,OK,OK,202.9,145.2,52.6,146.3,0.0,1.83771,52.0659,53.4086,0.122513,2.24609,55.6685,56.0787,57.6253,2.00106,57.5234,0.408382,0,0,0,0,05ACA010,293492,2026-06-11 00:16:01,11014086.0,BABU        ,13616.0,104339022046,104319220141,140HPW501   ,AUTOMODE,BV141B,28,2.0,303808.0,OK,,,,0020004510431152006711261551013C,OK,OK,,OK,OK,293620,2026-06-11 00:19:39,11014086.0,BABU        ,13616,104339022046,104319220141,,AUTOMODE,BV141D,33,2,303808,OK,CA14,,,0020007910431251065202261355559C,,0,146.8,4.7,-113.55,50.0,134,18.6,-222.95,59.6,-222.95,-113.71,3.86002,4.78312,40.0,45.0,5.0,22.67,45.9806,51.9055,0,0,0,0,0,0,0,0,0,0,0,1.7,0,20.0,0,363155
5044060,1,0020007910431251065202261355647C,2026-06-12 07:40:13,314116, , ,104319220141,0,0,0,0,57000,110000,0,0,120000,0,0,0,3,2:27,1011,16,63.27,178,12.09,214,39.17,173,9.92,207,0,0,0,0,0,0,0,0,61.97,150,13.49,163,13.24,122,0.69,227,8.9,154,10.09,156,0,0,0,0,0,0,0,0,0,0,0,0,UCX31_x0001_|_x0007_:, ,1.31,4.95,45.16,3,4.8,93,64.98,2:58      ,3,2026-06-13 10:20:56,11014890.0,SUDALAI     ,1,104339022046,104319220141,,AUTOMODE_TS1,BV141E,45,1,,OK,,0,0,0020007910431251065202261355647C,1.17522,1.17699,1.17484,5,5,3.885,3.9325,4.2375,1,1.2,1.2,1.2,1,1.2,0.5,12,0.5,12,0.5,12,294311,2026-06-13 10:18:52,11014981,MAREESWARAN ,13616,104339022046,104319220141,140HPW501   ,,AUTOMODE,BV141C,34,1,306561,OK,,0,0,9002102010431351067303261479318B,0020007910431251065202261355647C,0020004510431152006711253530008A,OK,OK,OK,OK,295616,2026-06-13 10:17:18,11014981.0,MAREESWARAN ,13616,104339022046,104319220141,140HPW501   ,AUTOMODE,BV141A,22,1,306561,OK,CA1,0,0,1020104313020080004674879488,OK,OK,0.39,0.419,0.5,0.39,0.428,0.5,OK,,0020004510431152006711253530008A,OK,OK,202.9,145.2,52.6,146.3,-0.0408363,0.857601,52.6345,53.1441,0.0408401,1.75604,55.3989,55.8117,57.664,4.36967,57.1519,0.408382,0,0,0,0,05ACA005,296221,2026-06-13 10:17:56,11014981.0,MAREESWARAN ,13616.0,104339022046,104319220141,140HPW501   ,AUTOMODE,BV141B,31,1.0,306561.0,OK,,,,0020004510431152006711253530008A,OK,OK,,OK,OK,296333,2026-06-13 10:19:38,11014981.0,MAREESWARAN ,13616,104339022046,104319220141,,AUTOMODE,BV141D,35,1,306561,OK,CA13,,,0020007910431251065202261355647C,,0,145.5,5.8,-113.55,50.0,134,18.6,-222.95,59.6,-223.35,-113.71,1.501,3.50742,45.0,40.0,5.0,17.9656,52.2026,52.1819,0,0,0,0,0,0,0,0,0,0,0,1.63,0,20.0,0,367632
5048256,1,0020007910431251065202261355676C,2026-06-13 09:19:51,314116, , ,104319220141,0,0,0,0,57000,110000,0,0,120000,0,0,0,2,1:27,1011,16,12.52,138,7.9,52,12.6,205,2.18,14,0,0,0,0,0,0,0,0,27.18,187,4.3,289,12.93,40,4.11,46,8.95,188,10.22,203,0,0,0,0,0,0,0,0,0,0,0,0,UCX31_x0001_|_x0007_:, ,1.32,5,44.96,3,4.69,93,64.88,1:58      ,3,2026-06-15 15:48:18,11014981.0,MAREESWARAN ,1,104339022046,104319220141,,AUTOMODE_TS1,BV141E2,38,1,,OK,,0,0,0020007910431251065202261355676C,1.1527,1.16755,1.16113,5,5,2.23353,6.31856,2.78922,1,1.2,1.2,1.2,1,1.2,0.5,12,0.5,12,0.5,12,296935,2026-06-15 15:46:22,11014981,MAREESWARAN ,13616,104339022046,104319220141,140HPW501   ,,AUTOMODE,BV141C,21,1,308433,OK,,0,0,9002102010431351067303261553974A,0020007910431251065202261355676C,0020004510431152006711261580139A,OK,OK,OK,OK,298258,2026-06-15 15:43:58,11014981.0,MAREESWARAN ,13616,104339022046,104319220141,140HPW501   ,AUTOMODE,BV141A,24,1,308433,OK,CA1,0,0,1020104313020080004674879488,OK,OK,0.39,0.44,0.5,0.39,0.432,0.5,OK,,0020004510431152006711261580139A,OK,OK,202.9,145.2,52.6,146.3,-0.0408401,1.79688,52.6136,53.1258,0.122513,2.61364,55.3908,56.1093,57.6508,2.28693,57.5488,0.490055,0,0,0,0,05ACA010,298878,2026-06-15 15:44:34,11014981.0,MAREESWARAN ,13616.0,104339022046,104319220141,140HPW501   ,AUTOMODE,BV141B,30,1.0,308433.0,OK,,,,0020004510431152006711261580139A,OK,OK,,OK,OK,298984,2026-06-15 15:47:14,11014981.0,MAREESWARAN ,13616,104339022046,104319220141,,AUTOMODE,BV141D,32,1,308433,OK,CA13,,,0020007910431251065202261355676C,,0,145.3,4.2,-113.55,50.0,134,18.6,-222.95,59.6,-223.35,-113.71,1.51243,3.57788,45.0,40.0,5.0,24.6226,52.1081,52.1826,0,0,0,0,0,0,0,0,0,0,0,1.94,0,20.0,0,371404
5047798,1,0020007910431251065202261355701C,2026-06-13 05:33:18,314116, , ,104319220141,0,0,0,0,57000,110000,0,0,120000,0,0,0,1,0:20,1011,16,43.76,255,43.76,255,37.37,242,37.37,242,0,0,0,0,0,0,0,0,68.1,224,68.1,224,7.77,110,7.77,110,11.36,244,11.36,244,0,0,0,0,0,0,0,0,0,0,0,0,UCX31_x0001_|_x0007_:, ,1.22,5.03,45.13,3,5.02,93,65.39,1:27      ,3,2026-06-15 15:42:06,11014981.0,MAREESWARAN ,1,104339022046,104319220141,,AUTOMODE_TS1,BV141E,45,1,,OK,,0,0,0020007910431251065202261355701C,1.17826,1.17649,1.1775,5,5,3.5825,3.875,3.7325,1,1.2,1.2,1.2,1,1.2,0.5,12,0.5,12,0.5,12,296929,2026-06-15 15:39:38,11014981,MAREESWARAN ,13616,104339022046,104319220141,140HPW501   ,,AUTOMODE,BV141C,23,1,308427,OK,,0,0,9002102010431351067303261542749A,0020007910431251065202261355701C,0020004510431152006711261580066A,OK,OK,OK,OK,298252,2026-06-15 15:38:24,11014981.0,MAREESWARAN ,13616,104339022046,104319220141,140HPW501   ,AUTOMODE,BV141A,22,1,308427,OK,CA1,0,0,1020104313020080004674879488,OK,OK,0.39,0.436,0.5,0.39,0.437,0.5,OK,,0020004510431152006711261580066A,OK,OK,202.9,145.2,52.6,146.3,0.0,0.857597,52.1043,53.0266,0.0816765,2.16442,54.9782,55.6967,57.651,8.49432,57.2433,0.408379,0,0,0,0,05ACA006,298872,2026-06-15 15:39:04,11014981.0,MAREESWARAN ,13616.0,104339022046,104319220141,140HPW501   ,AUTOMODE,BV141B,31,1.0,308427.0,OK,,,,0020004510431152006711261580066A,OK,OK,,OK,OK,298978,2026-06-15 15:40:54,11014981.0,MAREESWARAN ,13616,104339022046,104319220141,,AUTOMODE,BV141D,32,1,308427,OK,CA13,,,0020007910431251065202261355701C,,0,146.3,4.3,-113.55,50.0,134,18.6,-222.95,59.6,-223.35,-113.71,1.44984,3.15501,45.0,40.0,5.0,23.5822,51.8794,52.0097,0,0,0,0,0,0,0,0,0,0,0,1.88,0,20.0,0,371398
5034793,1,0020007910431251065202261355702C,2026-06-09 18:37:40,314116, , ,104319220141,0,0,0,0,57000,110000,0,0,120000,0,0,0,1,0:19,1011,16,20.54,180,20.54,180,6.79,147,6.79,147,0,0,0,0,0,0,0,0,11.41,101,11.41,101,6.8,161,6.8,161,10.51,73,10.51,73,0,0,0,0,0,0,0,0,0,0,0,0,UCX31_x0001_|_x0007_:, ,1.34,5.02,47.77,3,4.85,93,65.53,0:50      ,3,2026-06-11 20:44:12,11014981.0,MAREESWARAN ,1,104339022046,104319220141,,AUTOMODE_TS1,BV141E,45,2,,OK,,0,0,0020007910431251065202261355702C,1.17699,1.17269,1.1756,5,5,6.235,5.3475,5.355,1,1.2,1.2,1.2,1,1.2,0.5,12,0.5,12,0.5,12,292628,2026-06-11 20:42:18,11014981,MAREESWARAN ,13616,104339022046,104319220141,140HPW501   ,,AUTOMODE,BV141C,40,2,304785,OK,,0,0,9002102010431351067303261490025A,0020007910431251065202261355702C,0020004510431152006711261550988C,OK,OK,OK,OK,293887,2026-06-11 20:39:16,11014981.0,MAREESWARAN ,13616,104339022046,104319220141,140HPW501   ,AUTOMODE,BV141A,23,2,304785,OK,CA1,0,0,1020104313020080004674879488,OK,OK,0.39,0.428,0.5,0.39,0.428,0.5,OK,,0020004510431152006711261550988C,OK,OK,202.9,145.2,52.6,146.3,-0.0408363,0.653408,52.6064,53.2229,0.0408401,1.30682,55.2791,55.6893,57.7479,4.20632,57.2333,0.285866,0,0,0,0,05ACA001,294464,2026-06-11 20:39:58,11014981.0,MAREESWARAN ,13616.0,104339022046,104319220141,140HPW501   ,AUTOMODE,BV141B,29,2.0,304785.0,OK,,,,0020004510431152006711261550988C,OK,OK,,OK,OK,294588,2026-06-11 20:43:02,11014981.0,MAREESWARAN ,13616,104339022046,104319220141,,AUTOMODE,BV141D,32,2,304785,OK,CA13,,,0020007910431251065202261355702C,,0,145.6,7.1,-113.55,50.0,134,18.6,-222.95,59.6,-223.2,-113.71,0.983817,2.34389,45.0,40.0,5.0,23.5898,52.0104,52.055,0,0,0,0,0,0,0,0,0,0,0,1.83,0,20.0,0,364725
5033749,1,0020007910431251065202261355712C,2026-06-09 12:56:48,314116, , ,104319220141,0,0,0,0,57000,110000,0,0,120000,0,0,0,2,1:25,1011,16,35.27,283,13.23,308,2.29,5,2.29,305,0,0,0,0,0,0,0,0,8.4,43,0.36,108,22.42,243,6.78,269,7.41,108,10.23,110,0,0,0,0,0,0,0,0,0,0,0,0,UCX31_x0001_|_x0007_:, ,1.36,4.96,46.49,3,3.96,94,64.88,1:56      ,3,2026-06-10 19:27:12,11014981.0,MAREESWARAN ,1,104339022046,104319220141,,AUTOMODE_TS1,BV141E2,38,1,,OK,,0,0,0020007910431251065202261355712C,1.14855,1.1595,1.14214,5,5,2.82275,6.58922,3.0,1,1.2,1.2,1.2,1,1.2,0.5,12,0.5,12,0.5,12,291537,2026-06-10 19:25:08,11014981,MAREESWARAN ,13616,104339022046,104319220141,140HPW501   ,,AUTOMODE,BV141C,21,1,303636,OK,,0,0,9002102010431351067303261499959A,0020007910431251065202261355712C,0020004510431152006711261540170A,OK,OK,OK,OK,292759,2026-06-10 19:23:52,11014981.0,MAREESWARAN ,13616,104339022046,104319220141,140HPW501   ,AUTOMODE,BV141A,22,1,303636,OK,CA1,0,0,1020104313020080004674879488,OK,OK,0.39,0.42,0.5,0.39,0.423,0.5,OK,,0020004510431152006711261540170A,OK,OK,202.9,145.2,52.6,146.3,0.0,2.36861,52.1986,53.2229,0.204193,2.28693,55.279,55.7911,57.8549,10.0053,57.4447,0.367546,0,0,0,0,05ACA004,293322,2026-06-10 19:24:28,11014981.0,MAREESWARAN ,13616.0,104339022046,104319220141,140HPW501   ,AUTOMODE,BV141B,29,1.0,303636.0,OK,,,,0020004510431152006711261540170A,OK,OK,,OK,OK,293451,2026-06-10 19:26:06,11014981.0,MAREESWARAN ,13616,104339022046,104319220141,,AUTOMODE,BV141D,31,1,303636,OK,CA13,,,0020007910431251065202261355712C,,0,145.0,5.3,-113.55,50.0,134,18.6,-222.95,59.6,-223.2,-113.71,0.286234,1.35584,45.0,40.0,5.0,18.8402,52.1798,52.2051,0,0,0,0,0,0,0,0,0,0,0,1.66,0,20.0,0,362644
5036105,1,0020007910431251065202261355727C,2026-06-10 03:00:29,314116, , ,104319220141,0,0,0,0,57000,110000,0,0,120000,0,0,0,2,1:42,1011,16,27.09,15,4.85,88,37.39,35,6.42,60,0,0,0,0,0,0,0,0,70.57,15,7.32,28,19.26,226,1.13,147,8.2,12,11.23,32,0,0,0,0,0,0,0,0,0,0,0,0,UCX31_x0001_|_x0007_:, ,1.2,5.02,45.68,3,4.21,93,64.88,2:13      ,3,2026-06-11 00:33:03,11014086.0,BABU        ,1,104339022046,104319220141,,AUTOMODE_TS1,BV141E,45,2,,OK,,0,0,0020007910431251065202261355727C,1.17472,1.17206,1.17547,5,5,5.04,5.785,5.19,1,1.2,1.2,1.2,1,1.2,0.5,12,0.5,12,0.5,12,291706,2026-06-11 00:30:17,11014086,BABU        ,13616,104339022046,104319220141,140HPW501   ,,AUTOMODE,BV141C,18,2,303824,OK,,0,0,9002102010431351067303261500574A,0020007910431251065202261355727C,0020004510431152006711261550947C,OK,OK,OK,OK,292941,2026-06-11 00:28:25,11014086.0,BABU        ,13616,104339022046,104319220141,140HPW501   ,AUTOMODE,BV141A,38,2,303824,OK,CA1,0,0,1020104313020080004674879488,OK,OK,0.39,0.447,0.5,0.39,0.448,0.5,OK,,0020004510431152006711261550947C,OK,OK,202.9,145.2,52.6,146.3,0.0,1.87855,52.0581,53.1842,0.163353,2.53196,55.5486,56.1652,57.7041,3.47124,57.5003,0.571732,0,0,0,0,05ACA003,293508,2026-06-11 00:29:05,11014086.0,BABU        ,13616.0,104339022046,104319220141,140HPW501   ,AUTOMODE,BV141B,28,2.0,303824.0,OK,,,,0020004510431152006711261550947C,OK,OK,,OK,OK,293636,2026-06-11 00:31:51,11014086.0,BABU        ,13616,104339022046,104319220141,,AUTOMODE,BV141D,33,2,303824,OK,CA14,,,0020007910431251065202261355727C,,0,145.4,4.9,-113.55,50.0,134,18.6,-222.95,59.6,-222.95,-113.71,1.77547,3.43782,45.0,40.0222,5.0,25.3162,52.1175,52.3423,0,0,0,0,0,0,0,0,0,0,0,1.93,0,20.0,0,363171
5033454,1,0020007910431251065202261355741C,2026-06-09 11:10:41,314116, , ,104319220141,0,0,0,0,57000,110000,0,0,120000,0,0,0,2,1:18,1011,16,21.49,318,8.76,305,7.44,6,2.65,148,0,0,0,0,0,0,0,0,19.71,353,4.71,92,12.94,240,6.38,265,9.56,128,11.16,119,0,0,0,0,0,0,0,0,0,0,0,0,UCX31_x0001_|_x0007_:, ,1.25,4.99,45.74,3,4.47,93,64.98,1:49      ,3,2026-06-10 19:18:42,11014981.0,MAREESWARAN ,1,104339022046,104319220141,,AUTOMODE_TS1,BV141E,45,1,,OK,,0,0,0020007910431251065202261355741C,1.17408,1.17307,1.1737,5,5,4.4925,4.4025,4.2875,1,1.2,1.2,1.2,1,1.2,0.5,12,0.5,12,0.5,12,291526,2026-06-10 19:15:30,11014981,MAREESWARAN ,13616,104339022046,104319220141,140HPW501   ,,AUTOMODE,BV141C,24,1,303625,OK,,0,0,9002102010431351067303261490011B,0020007910431251065202261355741C,0020004510431152006711261530248B,OK,OK,OK,OK,292748,2026-06-10 19:14:14,11014981.0,MAREESWARAN ,13616,104339022046,104319220141,140HPW501   ,AUTOMODE,BV141A,22,1,303625,OK,CA1,0,0,1020104313020080004674879488,OK,OK,0.39,0.423,0.5,0.39,0.416,0.5,OK,,0020004510431152006711261530248B,OK,OK,202.9,145.2,52.6,146.3,0.0,1.55185,52.3462,53.2762,0.122517,2.00107,55.633,56.1527,56.2401,1.826,57.4904,0.449219,0,0,0,0,05ACA003,293311,2026-06-10 19:14:52,11014981.0,MAREESWARAN ,13616.0,104339022046,104319220141,140HPW501   ,AUTOMODE,BV141B,30,1.0,303625.0,OK,,,,0020004510431152006711261530248B,OK,OK,,OK,OK,293440,2026-06-10 19:17:32,11014981.0,MAREESWARAN ,13616,104339022046,104319220141,,AUTOMODE,BV141D,31,1,303625,OK,CA13,,,0020007910431251065202261355741C,,0,145.2,5.5,-113.55,50.0,134,18.6,-222.95,59.6,-223.2,-113.71,0.429292,1.51535,45.0,40.142,5.0,20.6797,52.253,52.3248,0,0,0,0,0,0,0,0,0,0,0,1.76,0,20.0,0,362633
5035385,1,0020007910431251065202261355745C,2026-06-09 22:15:30,314116, , ,104319220141,0,0,0,0,57000,110000,0,0,120000,0,0,0,2,1:26,1011,16,38.08,36,7.27,116,17.55,35,3,123,0,0,0,0,0,0,0,0,29.19,17,6.51,115,11.54,331,2.5,22,7.12,351,10.21,351,0,0,0,0,0,0,0,0,0,0,0,0,UCX31_x0001_|_x0007_:, ,1.41,5,47.11,3,3.94,93,64.88,1:57      ,3,2026-06-10 21:20:10,11014981.0,MAREESWARAN ,1,104339022046,104319220141,,AUTOMODE_TS1,BV141E,44,2,,OK,,0,0,0020007910431251065202261355745C,1.17914,1.1732,1.17611,5,5,4.0775,4.2125,4.56,1,1.2,1.2,1.2,1,1.2,0.5,12,0.5,12,0.5,12,291557,2026-06-10 21:18:08,10001033,SAKTHI VIJAY,13616,104339022046,104319220141,140HPW501   ,,AUTOMODE,BV141C,21,2,303664,OK,,0,0,9002102010431351067303261500646B,0020007910431251065202261355745C,0020004510431152006711261540572B,OK,OK,OK,OK,292787,2026-06-10 21:16:30,10001033.0,SAKTHI VIJAY,13616,104339022046,104319220141,140HPW501   ,AUTOMODE,BV141A,22,2,303664,OK,CA1,0,0,1020104313020080004674879488,OK,OK,0.39,0.423,0.5,0.39,0.424,0.5,OK,,0020004510431152006711261540572B,OK,OK,202.9,145.2,52.6,146.3,-0.0408401,2.65447,52.0885,53.2198,0.204189,2.8995,55.2632,55.7804,57.6276,2.5728,57.4237,0.408379,0,0,0,0,05ACA004,293350,2026-06-10 21:17:10,10001033.0,SAKTHI VIJAY,13616.0,104339022046,104319220141,140HPW501   ,AUTOMODE,BV141B,29,2.0,303664.0,OK,,,,0020004510431152006711261540572B,OK,OK,,OK,OK,293479,2026-06-10 21:19:00,10001033.0,SAKTHI VIJAY,13616,104339022046,104319220141,,AUTOMODE,BV141D,34,2,303664,OK,CA14,,,0020007910431251065202261355745C,,0,145.3,5.4,-113.55,50.0,134,18.6,-222.95,59.6,-222.95,-113.71,0.489968,2.0621,45.0,40.0,5.0,19.6619,52.2397,52.2107,0,0,0,0,0,0,0,0,0,0,0,1.81,0,20.0,0,362955
5036409,1,0020007910431251065202261355770C,2026-06-10 05:32:41,314116, , ,104319220141,0,0,0,0,57000,110000,0,0,120000,0,0,0,4,3:18,1011,16,41.07,2,5.29,66,11.24,332,1.21,356,0,0,0,0,0,0,0,0,15.41,319,0.5,123,18.41,324,2.83,24,8.97,197,10.47,206,0,0,0,0,0,0,0,0,0,0,0,0,UCX31_x0001_|_x0007_:, ,1.33,5.06,45.68,3,4.87,93,64.88,3:49      ,3,2026-06-11 00:14:19,11014086.0,BABU        ,1,104339022046,104319220141,,AUTOMODE_TS1,BV141E2,38,2,,OK,,0,0,0020007910431251065202261355770C,1.1478,1.15358,1.14893,5,5,2.19281,5.55329,2.25629,1,1.2,1.2,1.2,1,1.2,0.5,12,0.5,12,0.5,12,291683,2026-06-11 00:11:55,11014086,BABU        ,13616,104339022046,104319220141,140HPW501   ,,AUTOMODE,BV141C,20,2,303801,OK,,0,0,9002102010431351067303261499731A,0020007910431251065202261355770C,0020004510431152006711261540543B,OK,OK,OK,OK,292918,2026-06-11 00:10:09,11014086.0,BABU        ,13616,104339022046,104319220141,140HPW501   ,AUTOMODE,BV141A,44,2,303801,OK,CA1,0,0,1020104313020080004674879488,OK,OK,0.39,0.409,0.5,0.39,0.418,0.5,OK,,0020004510431152006711261540543B,OK,OK,202.9,145.2,52.6,146.3,0.0,2.24609,52.094,53.4215,0.204189,2.73615,55.582,56.0993,57.735,3.55291,57.5312,0.571732,0,0,0,0,05ACA010,293485,2026-06-11 00:10:47,11014086.0,BABU        ,13616.0,104339022046,104319220141,140HPW501   ,AUTOMODE,BV141B,28,2.0,303801.0,OK,,,,0020004510431152006711261540543B,OK,OK,,OK,OK,293613,2026-06-11 00:13:15,11014086.0,BABU        ,13616,104339022046,104319220141,,AUTOMODE,BV141D,34,2,303801,OK,CA14,,,0020007910431251065202261355770C,,0,145.6,5.5,-113.55,50.0,134,18.6,-222.95,59.6,-222.95,-113.71,1.19474,3.8302,45.0,40.0,5.0,21.1019,52.2762,52.3019,0,0,0,0,0,0,0,0,0,0,0,1.63,0,20.0,0,363148
5036646,1,0020007910431251065202261355773C,2026-06-10 07:36:45,314116, , ,104319220141,0,0,0,0,57000,110000,0,0,120000,0,0,0,1,0:19,1011,16,32.97,335,32.97,335,13.56,329,13.56,329,0,0,0,0,0,0,0,0,20.86,308,20.86,308,10.28,280,10.28,280,11.84,66,11.84,66,0,0,0,0,0,0,0,0,0,0,0,0,UCX31_x0001_|_x0007_:, ,1.28,4.92,45.31,3,3.97,93,65.53,0:50      ,3,2026-06-11 20:48:10,11014981.0,MAREESWARAN ,1,104339022046,104319220141,,AUTOMODE_TS1,BV141E,45,2,,OK,,0,0,0020007910431251065202261355773C,1.17446,1.17446,1.17535,5,5,3.4975,3.7575,4.53,1,1.2,1.2,1.2,1,1.2,0.5,12,0.5,12,0.5,12,292632,2026-06-11 20:45:42,11014981,MAREESWARAN ,13616,104339022046,104319220141,140HPW501   ,,AUTOMODE,BV141C,25,2,304789,OK,,0,0,9002102010431351067303261490022A,0020007910431251065202261355773C,0020004510431152006711261550952C,OK,OK,OK,OK,293891,2026-06-11 20:43:02,11014981.0,MAREESWARAN ,13616,104339022046,104319220141,140HPW501   ,AUTOMODE,BV141A,44,2,304789,OK,CA1,0,0,1020104313020080004674879488,OK,OK,0.39,0.416,0.5,0.39,0.429,0.5,OK,,0020004510431152006711261550952C,OK,OK,202.9,145.2,52.6,146.3,0.0,0.285866,52.0665,53.0958,0.0,1.34766,55.1519,55.6666,57.7176,8.61683,57.31,0.204189,0,0,0,0,05ACA004,294468,2026-06-11 20:43:42,11014981.0,MAREESWARAN ,13616.0,104339022046,104319220141,140HPW501   ,AUTOMODE,BV141B,28,2.0,304789.0,OK,,,,0020004510431152006711261550952C,OK,OK,,OK,OK,294592,2026-06-11 20:46:58,11014981.0,MAREESWARAN ,13616,104339022046,104319220141,,AUTOMODE,BV141D,33,2,304789,OK,CA13,,,0020007910431251065202261355773C,,0,145.1,7.1,-113.55,50.0,134,18.6,-222.95,59.6,-223.2,-113.71,0.307338,1.10825,45.0,40.5408,5.0,19.6619,52.1874,52.1796,0,0,0,0,0,0,0,0,0,0,0,1.7,0,20.0,0,364729
5044804,1,0020007910431251065202261355800C,2026-06-12 12:31:33,314116, , ,104319220141,0,0,0,0,57000,110000,0,0,120000,0,0,0,2,1:25,1011,16,45.66,242,13.19,325,7.57,287,4.38,344,0,0,0,0,0,0,0,0,9.89,267,1.57,61,24.19,194,7.63,282,9.83,54,10.68,59,0,0,0,0,0,0,0,0,0,0,0,0,UCX31_x0001_|_x0007_:, ,1.25,4.97,45.02,3,4.03,93,65.03,1:56      ,3,2026-06-13 10:17:18,11014890.0,SUDALAI     ,1,104339022046,104319220141,,AUTOMODE_TS1,BV141E2,38,1,,OK,,0,0,0020007910431251065202261355800C,1.1634,1.16792,1.15283,5,5,3.75808,7.89222,3.98084,1,1.2,1.2,1.2,1,1.2,0.5,12,0.5,12,0.5,12,294307,2026-06-13 10:15:10,11014981,MAREESWARAN ,13616,104339022046,104319220141,140HPW501   ,,AUTOMODE,BV141C,28,1,306557,OK,,0,0,9002102010431351067303261479379B,0020007910431251065202261355800C,0020004510431152006711261010262A,OK,OK,OK,OK,295612,2026-06-13 10:12:56,11014981.0,MAREESWARAN ,13616,104339022046,104319220141,140HPW501   ,AUTOMODE,BV141A,23,1,306557,OK,CA1,0,0,1020104313020080004674879488,OK,OK,0.39,0.417,0.5,0.39,0.41,0.5,OK,,0020004510431152006711261010262A,OK,OK,202.9,145.2,52.6,146.3,0.0,0.694244,52.0258,53.1519,0.0816727,1.63352,55.203,55.7125,57.6667,4.04297,57.4629,0.204189,0,0,0,0,05ACA004,296217,2026-06-13 10:13:40,11014981.0,MAREESWARAN ,13616.0,104339022046,104319220141,140HPW501   ,AUTOMODE,BV141B,29,1.0,306557.0,OK,,,,0020004510431152006711261010262A,OK,OK,,OK,OK,296329,2026-06-13 10:16:10,11014981.0,MAREESWARAN ,13616,104339022046,104319220141,,AUTOMODE,BV141D,35,1,306557,OK,CA13,,,0020007910431251065202261355800C,,0,145.1,5.9,-113.55,50.0,134,18.6,-222.95,59.6,-223.35,-113.71,-0.00753784,0.00754166,40.6268,43.832,5.0,18.712,52.2504,52.1996,0,0,0,0,0,0,0,0,0,0,0,1.78,0,20.0,0,367628
5034061,1,0020007910431251065202261365821A,2026-06-09 14:29:04,314116, , ,104319220141,0,0,0,0,57000,110000,0,0,120000,0,0,0,2,1:25,1011,16,24.4,263,6.37,296,7.73,13,2.14,171,0,0,0,0,0,0,0,0,19.03,357,5.28,127,19.12,211,4.68,280,9.78,126,11.3,118,0,0,0,0,0,0,0,0,0,0,0,0,UCX31_x0001_|_x0007_:, ,1.33,4.91,47.3,3,4.37,93,65.03,1:56      ,3,2026-06-09 13:31:32,11014981.0,MAREESWARAN ,1,104339022046,104319220141,,AUTOMODE_TS1,BV141E2,38,1,,OK,,0,0,0020007910431251065202261365821A,1.15346,1.16742,1.1483,5,5,3.41317,7.44431,3.53892,1,1.2,1.2,1.2,1,1.2,0.5,12,0.5,12,0.5,12,290063,2026-06-09 13:29:14,11014086,BABU        ,13616,104339022046,104319220141,140HPW501   ,,AUTOMODE,BV141C,35,1,302100,OK,,0,0,9002102010431351067303261479178A,0020007910431251065202261365821A,0020004510431152006711261540131A,OK,OK,OK,OK,291263,2026-06-09 13:27:46,11014086.0,BABU        ,13616,104339022046,104319220141,140HPW501   ,AUTOMODE,BV141A,22,1,302100,OK,CA1,0,0,1020104313020080004674879488,OK,OK,0.39,0.43,0.5,0.39,0.42,0.5,OK,,0020004510431152006711261540131A,OK,OK,202.9,145.2,52.6,146.3,0.0,2.00106,52.1219,53.4621,0.163353,2.08274,55.6176,56.0304,57.6686,2.65447,57.4648,0.408379,0,0,0,0,05ACA003,291811,2026-06-09 13:28:26,11014086.0,BABU        ,13616.0,104339022046,104319220141,140HPW501   ,AUTOMODE,BV141B,28,1.0,302100.0,OK,,,,0020004510431152006711261540131A,OK,OK,,OK,OK,291948,2026-06-09 13:30:30,11014086.0,BABU        ,13616,104339022046,104319220141,,AUTOMODE,BV141D,34,1,302100,OK,CA13,,,0020007910431251065202261365821A,,0,146.4,5.5,-113.55,50.0,134,18.6,-222.95,59.6,-222.95,-113.71,1.59766,2.67453,45.0,40.0,5.0,20.6722,52.1721,52.2005,0,0,0,0,0,0,0,0,0,0,0,1.77,0,20.0,0,360705
5046144,1,0020007910431251065202261365852A,2026-06-12 19:40:15,314116, , ,104319220141,0,0,0,0,57000,110000,0,0,120000,0,0,0,2,1:20,1011,16,32.55,165,10.45,281,27.76,146,4.49,222,0,0,0,0,0,0,0,0,44.99,121,4.29,220,0.47,318,3.97,246,8.65,69,10.31,82,0,0,0,0,0,0,0,0,0,0,0,0,UCX31_x0001_|_x0007_:, ,1.42,4.98,45.05,3,4.35,93,64.9,1:51      ,3,2026-06-13 09:17:04,11014890.0,SUDALAI     ,1,104339022046,104319220141,,AUTOMODE_TS1,BV141E,44,1,,OK,,0,0,0020007910431251065202261365852A,1.17674,1.17358,1.17396,5,5,4.3575,4.1675,4.0275,1,1.2,1.2,1.2,1,1.2,0.5,12,0.5,12,0.5,12,294277,2026-06-13 09:14:50,11014890,SUDALAI     ,13616,104339022046,104319220141,140HPW501   ,,AUTOMODE,BV141C,24,1,306524,OK,,0,0,9002102010431351067303261478983A,0020007910431251065202261365852A,0020004510431152006711261590389B,OK,OK,OK,OK,295581,2026-06-13 09:13:30,11014890.0,SUDALAI     ,13616,104339022046,104319220141,140HPW501   ,AUTOMODE,BV141A,23,1,306524,OK,CA1,0,0,1020104313020080004674879488,OK,OK,0.39,0.413,0.5,0.39,0.399,0.5,OK,,0020004510431152006711261590389B,OK,OK,202.9,145.2,52.6,146.3,0.0,0.0,52.0358,52.0358,-0.0408401,1.1843,55.32,55.8321,56.2401,0.820465,57.478,0.163349,0,0,0,0,05ACA003,296185,2026-06-13 09:14:14,11014890.0,SUDALAI     ,13616.0,104339022046,104319220141,140HPW501   ,AUTOMODE,BV141B,30,1.0,306524.0,OK,,,,0020004510431152006711261590389B,OK,OK,,OK,OK,296298,2026-06-13 09:15:54,11014890.0,SUDALAI     ,13616,104339022046,104319220141,,AUTOMODE,BV141D,35,1,306524,OK,CA13,,,0020007910431251065202261365852A,,0,145.3,6.0,-113.55,50.0,134,18.6,-222.95,59.6,-222.95,-113.71,0.0888109,0.567502,45.0,40.0,5.0,20.2575,52.2686,52.2785,0,0,0,0,0,0,0,0,0,0,0,1.72,0,20.0,0,367596
5045767,1,0020007910431251065202261365856A,2026-06-12 17:43:38,314116, , ,104319220141,0,0,0,0,57000,110000,0,0,120000,0,0,0,2,1:24,1011,16,39.31,237,23.62,301,20.04,174,7.84,249,0,0,0,0,0,0,0,0,29.43,135,7.53,229,17.92,229,11.18,268,8.7,88,11.01,103,0,0,0,0,0,0,0,0,0,0,0,0,UCX31_x0001_|_x0007_:, ,1.28,4.88,45.02,3,4.19,93,65.01,1:55      ,3,2026-06-15 16:33:03,11014981.0,MAREESWARAN ,1,104339022046,104319220141,,AUTOMODE_TS1,BV141E2,38,1,,OK,,0,0,0020007910431251065202261365856A,1.16453,1.15421,1.15157,5,5,3.43713,7.32934,3.08503,1,1.2,1.2,1.2,1,1.2,0.5,12,0.5,12,0.5,12,296983,2026-06-15 16:30:52,11014981,MAREESWARAN ,13616,104339022046,104319220141,140HPW501   ,,AUTOMODE,BV141C,19,1,308482,OK,,0,0,9002102010431351067303261553712A,0020007910431251065202261365856A,0020004510431152006711261570048B,OK,OK,OK,OK,298307,2026-06-15 16:29:28,11014981.0,MAREESWARAN ,13616,104339022046,104319220141,140HPW501   ,AUTOMODE,BV141A,21,1,308482,OK,CA1,0,0,1020104313020080004674879488,OK,OK,0.39,0.454,0.5,0.39,0.431,0.5,OK,,0020004510431152006711261570048B,OK,OK,202.9,145.2,52.6,146.3,0.0,1.55185,52.9274,53.5439,0.163353,2.69531,55.6994,56.2192,56.2401,2.65344,57.5543,0.653408,0,0,0,0,05ACA010,298927,2026-06-15 16:30:10,11014981.0,MAREESWARAN ,13616.0,104339022046,104319220141,140HPW501   ,AUTOMODE,BV141B,29,1.0,308482.0,OK,,,,0020004510431152006711261570048B,OK,OK,,OK,OK,299033,2026-06-15 16:31:56,11014981.0,MAREESWARAN ,13616,104339022046,104319220141,,AUTOMODE,BV141D,32,1,308482,OK,CA13,,,0020007910431251065202261365856A,,0,145.3,4.3,-113.55,50.0,134,18.6,-222.95,59.6,-223.35,-113.71,0.0504711,0.294022,45.0,40.0811,5.0,16.0733,52.2817,52.2614,0,0,0,0,0,0,0,0,0,0,0,1.79,0,20.0,0,371462
5039984,1,0020007910431251065202261365859A,2026-06-11 02:47:57,314116, , ,104319220141,0,0,0,0,57000,110000,0,0,120000,0,0,0,1,0:19,1011,16,25.38,333,25.38,333,21.96,327,21.96,327,0,0,0,0,0,0,0,0,35.49,302,35.49,302,3.3,199,3.3,199,12.04,206,12.04,206,0,0,0,0,0,0,0,0,0,0,0,0,UCX31_x0001_|_x0007_:, ,1.25,5,44.99,3,4.96,93,65.53,0:50      ,3,2026-06-11 20:59:30,11014981.0,MAREESWARAN ,1,104339022046,104319220141,,AUTOMODE_TS1,BV141E,45,2,,OK,,0,0,0020007910431251065202261365859A,1.17952,1.17724,1.17509,5,5,4.03,4.79,4.44,1,1.2,1.2,1.2,1,1.2,0.5,12,0.5,12,0.5,12,292641,2026-06-11 20:57:04,11014981,MAREESWARAN ,13616,104339022046,104319220141,140HPW501   ,,AUTOMODE,BV141C,23,2,304799,OK,,0,0,9002102010431351067303261490007A,0020007910431251065202261365859A,0020004510431152006711261540446B,OK,OK,OK,OK,293901,2026-06-11 20:53:38,11014981.0,MAREESWARAN ,13616,104339022046,104319220141,140HPW501   ,AUTOMODE,BV141A,28,2,304799,OK,CA1,0,0,1020104313020080004674879488,OK,OK,0.39,0.435,0.5,0.39,0.427,0.5,OK,,0020004510431152006711261540446B,OK,OK,202.9,145.2,52.6,146.3,-0.0408401,0.816761,52.4608,53.0799,0.0408363,1.51101,55.029,55.7475,57.6967,10.0462,57.2865,0.245026,0,0,0,0,05ACA006,294478,2026-06-11 20:54:16,11014981.0,MAREESWARAN ,13616.0,104339022046,104319220141,140HPW501   ,AUTOMODE,BV141B,29,2.0,304799.0,OK,,,,0020004510431152006711261540446B,OK,OK,,OK,OK,294602,2026-06-11 20:58:20,11014981.0,MAREESWARAN ,13616,104339022046,104319220141,,AUTOMODE,BV141D,33,2,304799,OK,CA13,,,0020007910431251065202261365859A,,0,145.0,7.3,-113.55,50.0,134,18.6,-222.95,59.6,-223.2,-113.71,0.23855,1.0007,45.0,40.0,5.0,16.6312,51.8525,51.8414,0,0,0,0,0,0,0,0,0,0,0,1.6,0,20.0,0,364746
5039773,1,0020007910431251065202261365907A,2026-06-11 01:09:40,314116, , ,104319220141,0,0,0,0,57000,110000,0,0,120000,0,0,0,2,1:36,1011,16,45.1,160,11,219,30.7,137,6.23,180,0,0,0,0,0,0,0,0,54.73,114,8.01,159,2.41,144,2.84,193,8.81,91,10.22,96,0,0,0,0,0,0,0,0,0,0,0,0,UCX31_x0001_|_x0007_:, ,1.22,5,45.05,3,4.61,93,64.88,2:07      ,3,2026-06-11 20:49:40,11014981.0,MAREESWARAN ,1,104339022046,104319220141,,AUTOMODE_TS1,BV141E,45,2,,OK,,0,0,0020007910431251065202261365907A,1.1737,1.17295,1.17484,5,5,4.05,4.185,4.36,1,1.2,1.2,1.2,1,1.2,0.5,12,0.5,12,0.5,12,292634,2026-06-11 20:47:18,11014981,MAREESWARAN ,13616,104339022046,104319220141,140HPW501   ,,AUTOMODE,BV141C,20,2,304791,OK,,0,0,9002102010431351067303261490016A,0020007910431251065202261365907A,0020004510431152006711261540511B,OK,OK,OK,OK,293893,2026-06-11 20:44:58,11014981.0,MAREESWARAN ,13616,104339022046,104319220141,140HPW501   ,AUTOMODE,BV141A,23,2,304791,OK,CA1,0,0,1020104313020080004674879488,OK,OK,0.39,0.423,0.5,0.39,0.413,0.5,OK,,0020004510431152006711261540511B,OK,OK,202.9,145.2,52.6,146.3,0.0,1.14347,52.056,53.0827,0.0816765,1.1843,55.3452,55.651,57.6944,11.5163,57.0803,0.245029,0,0,0,0,05ACA006,294470,2026-06-11 20:45:42,11014981.0,MAREESWARAN ,13616.0,104339022046,104319220141,140HPW501   ,AUTOMODE,BV141B,28,2.0,304791.0,OK,,,,0020004510431152006711261540511B,OK,OK,,OK,OK,294594,2026-06-11 20:48:30,11014981.0,MAREESWARAN ,13616,104339022046,104319220141,,AUTOMODE,BV141D,33,2,304791,OK,CA13,,,0020007910431251065202261365907A,,0,145.1,7.0,-113.55,50.0,134,18.6,-222.95,59.6,-223.2,-113.71,0.568609,2.48754,45.0,40.0,5.0,22.3986,51.8238,51.9966,0,0,0,0,0,0,0,0,0,0,0,1.75,0,20.0,0,364731
5042155,1,0020007910431251065202261365926A,2026-06-11 18:46:16,314116, , ,104319220141,0,0,0,0,57000,110000,0,0,120000,0,0,0,1,0:19,1011,16,38.61,275,38.61,275,17.2,231,17.2,231,0,0,0,0,0,0,0,0,24.12,214,24.12,214,11.84,247,11.84,247,12,162,12,162,0,0,0,0,0,0,0,0,0,0,0,0,UCX31_x0001_|_x0007_:, ,1.27,4.95,45.02,3,4.88,93,65.53,0:51      ,3,2026-06-13 11:38:43,11014890.0,SUDALAI     ,1,104339022046,104319220141,,AUTOMODE_TS1,BV141E,45,1,,OK,,0,0,0020007910431251065202261365926A,1.17724,1.17459,1.1732,5,5,3.915,4.3175,4.3275,1,1.2,1.2,1.2,1,1.2,0.5,12,0.5,12,0.5,12,294397,2026-06-13 11:35:51,11014981,MAREESWARAN ,13616,104339022046,104319220141,140HPW501   ,,AUTOMODE,BV141C,23,1,306650,OK,,0,0,9002102010431351067303261500489A,0020007910431251065202261365926A,0020004510431152006711261590285B,OK,OK,OK,OK,295702,2026-06-13 11:33:47,11014981.0,MAREESWARAN ,13616,104339022046,104319220141,140HPW501   ,AUTOMODE,BV141A,22,1,306650,OK,CA1,0,0,1020104313020080004674879488,OK,OK,0.39,0.422,0.5,0.39,0.42,0.5,OK,,0020004510431152006711261590285B,OK,OK,202.9,145.2,52.6,146.3,-0.0408401,2.32777,52.0714,53.3046,0.163349,2.5728,55.4499,55.8575,57.7124,5.51314,57.4041,0.490055,0,0,0,0,05ACA004,296309,2026-06-13 11:34:33,11014981.0,MAREESWARAN ,13616.0,104339022046,104319220141,140HPW501   ,AUTOMODE,BV141B,29,1.0,306650.0,OK,,,,0020004510431152006711261590285B,OK,OK,,OK,OK,296420,2026-06-13 11:37:33,11014981.0,MAREESWARAN ,13616,104339022046,104319220141,,AUTOMODE,BV141D,36,1,306650,OK,CA13,,,0020007910431251065202261365926A,,0,145.1,6.0,-113.55,50.0,134,18.6,-222.95,59.6,-223.35,-113.71,0.394508,2.02337,45.0,40.0,5.0,20.5138,52.2105,52.1922,0,0,0,0,0,0,0,0,0,0,0,1.7,0,20.0,0,367724
5046097,1,0020007910431251065202261365949A,2026-06-12 19:22:11,314116, , ,104319220141,0,0,0,0,57000,110000,0,0,120000,0,0,0,1,0:19,1011,16,25.75,23,25.75,23,21.31,9,21.31,9,0,0,0,0,0,0,0,0,41.8,349,41.8,349,4.97,218,4.97,218,11.14,346,11.14,346,0,0,0,0,0,0,0,0,0,0,0,0,UCX31_x0001_|_x0007_:, ,1.25,5.02,45.05,3,4.8,93,65.46,0:50      ,3,2026-06-13 09:21:18,11014890.0,SUDALAI     ,1,104339022046,104319220141,,AUTOMODE_TS1,BV141E,45,1,,OK,,0,0,0020007910431251065202261365949A,1.17459,1.17459,1.17181,5,5,4.4675,4.86,5.13,1,1.2,1.2,1.2,1,1.2,0.5,12,0.5,12,0.5,12,294281,2026-06-13 09:19:18,11014890,SUDALAI     ,13616,104339022046,104319220141,140HPW501   ,,AUTOMODE,BV141C,23,1,306528,OK,,0,0,9002102010431351067303261478992A,0020007910431251065202261365949A,0020004510431152006711261550946C,OK,OK,OK,OK,295585,2026-06-13 09:18:00,11014890.0,SUDALAI     ,13616,104339022046,104319220141,140HPW501   ,AUTOMODE,BV141A,52,1,306528,OK,CA1,0,0,1020104313020080004674879488,OK,OK,0.39,0.415,0.5,0.39,0.402,0.5,OK,,0020004510431152006711261550946C,OK,OK,202.9,145.2,52.6,146.3,-0.0408401,1.06179,52.2828,52.8968,0.0816727,1.7152,54.8459,55.4574,57.7148,7.8409,57.2027,0.245026,0,0,0,0,05ACA004,296189,2026-06-13 09:18:44,11014890.0,SUDALAI     ,13616.0,104339022046,104319220141,140HPW501   ,AUTOMODE,BV141B,30,1.0,306528.0,OK,,,,0020004510431152006711261550946C,OK,OK,,OK,OK,296302,2026-06-13 09:20:06,11014890.0,SUDALAI     ,13616,104339022046,104319220141,,AUTOMODE,BV141D,35,1,306528,OK,CA13,,,0020007910431251065202261365949A,,0,145.8,6.0,-113.55,50.0,134,18.6,-222.95,59.6,-222.95,-113.71,0.49958,2.32246,45.0,40.0,5.0,18.6668,52.1918,52.1537,0,0,0,0,0,0,0,0,0,0,0,1.71,0,20.0,0,367600
5046127,1,0020007910431251065202261365956A,2026-06-12 19:34:00,314116, , ,104319220141,0,0,0,0,57000,110000,0,0,120000,0,0,0,1,0:19,1011,16,61.2,185,61.2,185,17.48,149,17.48,149,0,0,0,0,0,0,0,0,23.19,131,23.19,131,27.2,156,27.2,156,10.8,316,10.8,316,0,0,0,0,0,0,0,0,0,0,0,0,UCX31_x0001_|_x0007_:, ,1.26,5.01,44.99,3,4.16,93,65.53,0:51      ,3,2026-06-13 09:17:46,11014890.0,SUDALAI     ,1,104339022046,104319220141,,AUTOMODE_TS1,BV141E2,38,1,,OK,,0,0,0020007910431251065202261365956A,1.16642,1.15157,1.14553,5,5,3.23832,7.36168,3.73293,1,1.2,1.2,1.2,1,1.2,0.5,12,0.5,12,0.5,12,294278,2026-06-13 09:15:52,11014890,SUDALAI     ,13616,104339022046,104319220141,140HPW501   ,,AUTOMODE,BV141C,25,1,306525,OK,,0,0,9002102010431351067303261478990A,0020007910431251065202261365956A,0020004510431152006711261590293B,OK,OK,OK,OK,295582,2026-06-13 09:14:34,11014890.0,SUDALAI     ,13616,104339022046,104319220141,140HPW501   ,AUTOMODE,BV141A,23,1,306525,OK,CA1,0,0,1020104313020080004674879488,OK,OK,0.39,0.417,0.5,0.39,0.414,0.5,OK,,0020004510431152006711261590293B,OK,OK,202.9,145.2,52.6,146.3,-0.0408401,1.59268,52.0638,53.19,0.0816727,1.59268,55.4576,55.8678,57.5137,2.36861,57.3099,0.285866,0,0,0,0,05ACA005,296186,2026-06-13 09:15:14,11014890.0,SUDALAI     ,13616.0,104339022046,104319220141,140HPW501   ,AUTOMODE,BV141B,29,1.0,306525.0,OK,,,,0020004510431152006711261590293B,OK,OK,,OK,OK,296299,2026-06-13 09:16:40,11014890.0,SUDALAI     ,13616,104339022046,104319220141,,AUTOMODE,BV141D,35,1,306525,OK,CA13,,,0020007910431251065202261365956A,,0,145.2,5.8,-113.55,50.0,134,18.6,-222.95,59.6,-222.95,-113.71,0.602106,2.72744,45.0,40.0,5.0,19.2548,52.3068,52.2831,0,0,0,0,0,0,0,0,0,0,0,1.73,0,20.0,0,367597
5040004,1,0020007910431251065202261365961A,2026-06-11 02:55:31,314116, , ,104319220141,0,0,0,0,57000,110000,0,0,120000,0,0,0,1,0:19,1011,16,39.74,57,39.74,57,17.29,29,17.29,29,0,0,0,0,0,0,0,0,28.51,6,28.51,6,10.43,27,10.43,27,10.57,292,10.57,292,0,0,0,0,0,0,0,0,0,0,0,0,UCX31_x0001_|_x0007_:, ,1.24,5.03,45.02,3,4.7,93,65.53,0:50      ,3,2026-06-11 20:58:42,11014981.0,MAREESWARAN ,1,104339022046,104319220141,,AUTOMODE_TS1,BV141E2,38,2,,OK,,0,0,0020007910431251065202261365961A,1.14767,1.15447,1.17019,5,5,2.37126,6.40599,2.49581,1,1.2,1.2,1.2,1,1.2,0.5,12,0.5,12,0.5,12,292640,2026-06-11 20:55:12,11014981,MAREESWARAN ,13616,104339022046,104319220141,140HPW501   ,,AUTOMODE,BV141C,32,2,304798,OK,,0,0,9002102010431351067303261490068B,0020007910431251065202261365961A,0020004510431152006711261540589C,OK,OK,OK,OK,293900,2026-06-11 20:52:26,11014981.0,MAREESWARAN ,13616,104339022046,104319220141,140HPW501   ,AUTOMODE,BV141A,32,2,304798,OK,CA1,0,0,1020104313020080004674879488,OK,OK,0.39,0.414,0.5,0.39,0.427,0.5,OK,,0020004510431152006711261540589C,OK,OK,202.9,145.2,52.6,146.3,-0.0408401,1.63352,52.0817,53.1085,0.122513,2.28693,55.2639,55.7786,57.6258,4.0838,57.1137,0.530891,0,0,0,0,05ACA010,294477,2026-06-11 20:53:08,11014981.0,MAREESWARAN ,13616.0,104339022046,104319220141,140HPW501   ,AUTOMODE,BV141B,28,2.0,304798.0,OK,,,,0020004510431152006711261540589C,OK,OK,,OK,OK,294601,2026-06-11 20:57:36,11014981.0,MAREESWARAN ,13616,104339022046,104319220141,,AUTOMODE,BV141D,33,2,304798,OK,CA13,,,0020007910431251065202261365961A,,0,145.0,6.9,-113.55,50.0,134,18.6,-222.95,59.6,-223.2,-113.71,0.390893,1.12498,45.0,40.0,5.0,19.2699,52.2555,52.2636,0,0,0,0,0,0,0,0,0,0,0,1.81,0,20.0,0,364745
5046077,1,0020007910431251065202261365968A,2026-06-12 19:14:24,314116, , ,104319220141,0,0,0,0,57000,110000,0,0,120000,0,0,0,2,1:25,1011,16,32.97,234,12.4,340,16.61,208,5.32,311,0,0,0,0,0,0,0,0,26.33,175,7.29,309,7.52,214,4,282,8.4,146,10.3,152,0,0,0,0,0,0,0,0,0,0,0,0,UCX31_x0001_|_x0007_:, ,1.33,4.99,44.99,3,5.04,93,64.88,1:56      ,3,2026-06-13 09:19:42,11014890.0,SUDALAI     ,1,104339022046,104319220141,,AUTOMODE_TS1,BV141E2,38,1,,OK,,0,0,0020007910431251065202261365968A,1.14164,1.15283,1.14981,5,5,2.22395,5.07784,2.37485,1,1.2,1.2,1.2,1,1.2,0.5,12,0.5,12,0.5,12,294280,2026-06-13 09:17:12,11014890,SUDALAI     ,13616,104339022046,104319220141,140HPW501   ,,AUTOMODE,BV141C,21,1,306527,OK,,0,0,9002102010431351067303261479010A,0020007910431251065202261365968A,0020004510431152006711261590022A,OK,OK,OK,OK,295584,2026-06-13 09:15:56,11014890.0,SUDALAI     ,13616,104339022046,104319220141,140HPW501   ,AUTOMODE,BV141A,23,1,306527,OK,CA1,0,0,1020104313020080004674879488,OK,OK,0.39,0.406,0.5,0.39,0.417,0.5,OK,,0020004510431152006711261590022A,OK,OK,202.9,145.2,52.6,146.3,0.0,1.22514,52.0943,53.1211,0.122513,1.67436,55.381,55.8932,57.6359,5.799,57.534,0.245026,0,0,0,0,05ACA002,296188,2026-06-13 09:16:40,11014890.0,SUDALAI     ,13616.0,104339022046,104319220141,140HPW501   ,AUTOMODE,BV141B,29,1.0,306527.0,OK,,,,0020004510431152006711261590022A,OK,OK,,OK,OK,296301,2026-06-13 09:18:34,11014890.0,SUDALAI     ,13616,104339022046,104319220141,,AUTOMODE,BV141D,35,1,306527,OK,CA13,,,0020007910431251065202261365968A,,0,145.1,5.9,-113.55,50.0,134,18.6,-222.95,59.6,-222.95,-113.71,0.304551,1.50162,45.0,40.0,5.0,22.2478,51.9998,52.0495,0,0,0,0,0,0,0,0,0,0,0,1.81,0,20.0,0,367599
5041577,1,0020007910431251065202261365980A,2026-06-11 15:38:08,314116, , ,104319220141,0,0,0,0,57000,110000,0,0,120000,0,0,0,1,0:20,1011,16,59.86,47,59.86,47,32.95,37,32.95,37,0,0,0,0,0,0,0,0,57.35,19,57.35,19,12.81,344,12.81,344,11.35,157,11.35,157,0,0,0,0,0,0,0,0,0,0,0,0,UCX31_x0001_|_x0007_:, ,1.25,4.98,45.02,3,5.26,93,65.53,0:50      ,3,2026-06-13 11:29:25,11014890.0,SUDALAI     ,1,104339022046,104319220141,,AUTOMODE_TS1,BV141E,45,1,,OK,,0,0,0020007910431251065202261365980A,1.17535,1.17156,1.17257,5,5,5.035,4.9975,5.365,1,1.2,1.2,1.2,1,1.2,0.5,12,0.5,12,0.5,12,294385,2026-06-13 11:26:39,11014981,MAREESWARAN ,13616,104339022046,104319220141,140HPW501   ,,AUTOMODE,BV141C,20,1,306638,OK,,0,0,9002102010431351067303261500524A,0020007910431251065202261365980A,0020004510431152006711261590306B,OK,OK,OK,OK,295690,2026-06-13 11:24:21,11014981.0,MAREESWARAN ,13616,104339022046,104319220141,140HPW501   ,AUTOMODE,BV141A,21,1,306638,OK,CA1,0,0,1020104313020080004674879488,OK,OK,0.39,0.433,0.5,0.39,0.407,0.5,OK,,0020004510431152006711261590306B,OK,OK,202.9,145.2,52.6,146.3,0.0,1.06179,52.1175,53.1443,0.0408363,1.75603,55.3991,55.71,57.761,11.9247,57.2514,0.326702,0,0,0,0,05ACA006,296297,2026-06-13 11:24:59,11014981.0,MAREESWARAN ,13616.0,104339022046,104319220141,140HPW501   ,AUTOMODE,BV141B,30,1.0,306638.0,OK,,,,0020004510431152006711261590306B,OK,OK,,OK,OK,296408,2026-06-13 11:28:13,11014981.0,MAREESWARAN ,13616,104339022046,104319220141,,AUTOMODE,BV141D,36,1,306638,OK,CA13,,,0020007910431251065202261365980A,,0,145.0,6.0,-113.55,50.0,134,18.6,-222.95,59.6,-223.35,-113.71,0.129495,0.875071,45.0,40.0,5.0,21.0793,51.8542,51.9126,0,0,0,0,0,0,0,0,0,0,0,1.72,0,20.0,0,367712
5045842,1,0020007910431251065202261365994A,2026-06-12 17:58:59,314116, , ,104319220141,0,0,0,0,57000,110000,0,0,120000,0,0,0,2,1:34,1011,16,63.82,242,20.96,306,43.17,218,10.61,259,0,0,0,0,0,0,0,0,70.11,193,17.09,238,9.6,226,5.11,290,9.63,200,11.95,199,0,0,0,0,0,0,0,0,0,0,0,0,UCX31_x0001_|_x0007_:, ,1.33,4.88,45.05,3,4.31,94,64.82,2:05      ,3,2026-06-13 09:14:38,11014890.0,SUDALAI     ,1,104339022046,104319220141,,AUTOMODE_TS1,BV141E2,38,1,,OK,,0,0,0020007910431251065202261365994A,1.16327,1.16503,1.14906,5,5,2.89102,7.30659,3.88383,1,1.2,1.2,1.2,1,1.2,0.5,12,0.5,12,0.5,12,294274,2026-06-13 09:11:48,11014890,SUDALAI     ,13616,104339022046,104319220141,140HPW501   ,,AUTOMODE,BV141C,28,1,306521,OK,,0,0,9002102010431351067303261478980A,0020007910431251065202261365994A,0020004510431152006711252610437B,OK,OK,OK,OK,295578,2026-06-13 09:09:42,11014890.0,SUDALAI     ,13616,104339022046,104319220141,140HPW501   ,AUTOMODE,BV141A,22,1,306521,OK,CA1,0,0,1020104313020080004674879488,OK,OK,0.39,0.393,0.5,0.39,0.4,0.5,OK,,0020004510431152006711252610437B,OK,OK,202.9,145.2,52.6,146.3,0.0,0.939278,52.0561,52.8765,0.0816765,1.96023,55.0371,55.4473,57.6002,6.0032,57.0881,0.326706,0,0,0,0,05ACA004,296182,2026-06-13 09:10:24,11014890.0,SUDALAI     ,13616.0,104339022046,104319220141,140HPW501   ,AUTOMODE,BV141B,29,1.0,306521.0,OK,,,,0020004510431152006711252610437B,OK,OK,,OK,OK,296295,2026-06-13 09:13:30,11014890.0,SUDALAI     ,13616,104339022046,104319220141,,AUTOMODE,BV141D,35,1,306521,OK,CA13,,,0020007910431251065202261365994A,,0,145.4,6.0,-113.55,50.0,134,18.6,-222.95,59.6,-222.95,-113.71,0.0854149,0.49004,45.0,40.2888,5.0,18.5763,52.2436,52.3216,0,0,0,0,0,0,0,0,0,0,0,1.75,0,20.0,0,367593
5035938,1,0020007910431251065202261365997A,2026-06-10 01:53:01,314116, , ,104319220141,0,0,0,0,57000,110000,0,0,120000,0,0,0,1,0:19,1011,16,40.13,229,40.13,229,17.43,170,17.43,170,0,0,0,0,0,0,0,0,29.56,135,29.56,135,16.6,220,16.6,220,11.73,69,11.73,69,0,0,0,0,0,0,0,0,0,0,0,0,UCX31_x0001_|_x0007_:, ,1.23,4.99,45.74,3,4.52,93,65.53,5:42      ,3,2026-06-11 00:13:39,11014086.0,BABU        ,1,104339022046,104319220141,,AUTOMODE_TS1,BV141E,44,2,,OK,,0,0,0020007910431251065202261365997A,1.17408,1.17067,1.17269,5,5,4.1675,4.415,4.3675,1,1.2,1.2,1.2,1,1.2,0.5,12,0.5,12,0.5,12,291682,2026-06-11 00:11:21,11014086,BABU        ,13616,104339022046,104319220141,140HPW501   ,,AUTOMODE,BV141C,19,2,303800,OK,,0,0,9002102010431351067303261490104B,0020007910431251065202261365997A,0020004510431152006711261550832C,OK,OK,OK,OK,292917,2026-06-11 00:09:05,11014086.0,BABU        ,13616,104339022046,104319220141,140HPW501   ,AUTOMODE,BV141A,26,2,303800,OK,CA1,0,0,1020104313020080004674879488,OK,OK,0.39,0.444,0.5,0.39,0.423,0.5,OK,,0020004510431152006711261550832C,OK,OK,202.9,145.2,52.6,146.3,-0.0408363,0.775925,52.0964,53.1308,0.0,2.12358,55.3933,55.8035,57.5641,2.89951,57.3602,0.326706,0,0,0,0,05ACA004,293484,2026-06-11 00:10:09,11014086.0,BABU        ,13616.0,104339022046,104319220141,140HPW501   ,AUTOMODE,BV141B,29,2.0,303800.0,OK,,,,0020004510431152006711261550832C,OK,OK,,OK,OK,293612,2026-06-11 00:12:29,11014086.0,BABU        ,13616,104339022046,104319220141,,AUTOMODE,BV141D,33,2,303800,OK,CA14,,,0020007910431251065202261365997A,,0,145.1,5.4,-113.55,50.0,134,18.6,-222.95,59.6,-222.95,-113.71,2.41565,4.13663,45.0,40.0,5.0,16.9855,52.0475,52.2739,0,0,0,0,0,0,0,0,0,0,0,1.6,0,20.0,0,363147
5034909,1,0020007910431251065202261365999A,2026-06-09 19:27:28,314116, , ,104319220141,0,0,0,0,57000,110000,0,0,120000,0,0,0,1,0:19,1011,16,35.29,244,35.29,244,27.66,213,27.66,213,0,0,0,0,0,0,0,0,46.57,187,46.57,187,4.28,278,4.28,278,10.11,145,10.11,145,0,0,0,0,0,0,0,0,0,0,0,0,UCX31_x0001_|_x0007_:, ,1.3,5.02,47.88,3,4.17,93,65.44,1:54      ,3,2026-06-10 21:28:06,11014981.0,MAREESWARAN ,1,104339022046,104319220141,,AUTOMODE_TS1,BV141E,45,2,,OK,,0,0,0020007910431251065202261365999A,1.17598,1.17358,1.17358,5,5,3.365,3.8825,3.78,1,1.2,1.2,1.2,1,1.2,0.5,12,0.5,12,0.5,12,291561,2026-06-10 21:24:12,10001033,SAKTHI VIJAY,13616,104339022046,104319220141,140HPW501   ,,AUTOMODE,BV141C,23,2,303669,OK,,0,0,9002102010431351067303261500584B,0020007910431251065202261365999A,0020004510431152006711261540422B,OK,OK,OK,OK,292792,2026-06-10 21:19:48,10001033.0,SAKTHI VIJAY,13616,104339022046,104319220141,140HPW501   ,AUTOMODE,BV141A,22,2,303669,OK,CA1,0,0,1020104313020080004674879488,OK,OK,0.39,0.443,0.5,0.39,0.42,0.5,OK,,0020004510431152006711261540422B,OK,OK,202.9,145.2,52.6,146.3,0.0,1.7152,52.071,53.0953,0.122513,2.08274,55.3603,55.666,57.6177,7.43253,57.4139,0.285866,0,0,0,0,05ACA002,293355,2026-06-10 21:20:32,10001033.0,SAKTHI VIJAY,13616.0,104339022046,104319220141,140HPW501   ,AUTOMODE,BV141B,28,2.0,303669.0,OK,,,,0020004510431152006711261540422B,OK,OK,,OK,OK,293484,2026-06-10 21:26:54,10001033.0,SAKTHI VIJAY,13616,104339022046,104319220141,,AUTOMODE,BV141D,31,2,303669,OK,CA14,,,0020007910431251065202261365999A,,0,145.3,5.4,-113.55,50.0,134,18.6,-222.95,59.6,-222.95,-113.71,1.76526,3.83876,45.0,40.0,5.0,23.1299,51.7006,51.8446,0,0,0,0,0,0,0,0,0,0,0,1.64,0,20.0,0,362959
5035089,1,0020007910431251065202261366001A,2026-06-09 20:31:11,314116, , ,104319220141,0,0,0,0,57000,110000,0,0,120000,0,0,0,1,0:19,1011,16,24.77,271,24.77,271,16.77,301,16.77,301,0,0,0,0,0,0,0,0,29.63,279,29.63,279,11.1,168,11.1,168,10.1,217,10.1,217,0,0,0,0,0,0,0,0,0,0,0,0,UCX31_x0001_|_x0007_:, ,1.24,4.93,47.22,3,4.92,93,65.53,0:50      ,3,2026-06-10 19:12:52,11014981.0,MAREESWARAN ,1,104339022046,104319220141,,AUTOMODE_TS1,BV141E,45,1,,OK,,0,0,0020007910431251065202261366001A,1.17345,1.17181,1.17295,5,5,4.5625,4.375,4.9125,1,1.2,1.2,1.2,1,1.2,0.5,12,0.5,12,0.5,12,291521,2026-06-10 19:10:54,11014981,MAREESWARAN ,13616,104339022046,104319220141,140HPW501   ,,AUTOMODE,BV141C,23,1,303620,OK,,0,0,9002102010431351067303261500571B,0020007910431251065202261366001A,0020004510431152006711261540691B,OK,OK,OK,OK,292743,2026-06-10 19:09:38,11014981.0,MAREESWARAN ,13616,104339022046,104319220141,140HPW501   ,AUTOMODE,BV141A,21,1,303620,OK,CA1,0,0,1020104313020080004674879488,OK,OK,0.39,0.413,0.5,0.39,0.433,0.5,OK,,0020004510431152006711261540691B,OK,OK,202.9,145.2,52.6,146.3,0.0,1.30682,52.1067,53.0341,0.122517,1.96023,55.3017,55.7094,57.7782,11.7205,57.4674,0.28587,0,0,0,0,05ACA002,293306,2026-06-10 19:10:20,11014981.0,MAREESWARAN ,13616.0,104339022046,104319220141,140HPW501   ,AUTOMODE,BV141B,28,1.0,303620.0,OK,,,,0020004510431152006711261540691B,OK,OK,,OK,OK,293435,2026-06-10 19:11:44,11014981.0,MAREESWARAN ,13616,104339022046,104319220141,,AUTOMODE,BV141D,31,1,303620,OK,CA13,,,0020007910431251065202261366001A,,0,145.3,5.4,-113.55,50.0,134,18.6,-222.95,59.6,-223.2,-113.71,2.0421,4.6967,45.0,40.0,5.0,22.5343,51.814,51.9232,0,0,0,0,0,0,0,0,0,0,0,1.87,0,20.0,0,362628
5033561,1,0020007910431251065202261366015A,2026-06-09 11:52:19,314116, , ,104319220141,0,0,0,0,57000,110000,0,0,120000,0,0,0,3,2:27,1011,16,42.57,286,8.85,358,13.46,256,2.19,54,0,0,0,0,0,0,0,0,22.26,240,3.75,25,15.01,249,4.04,294,8.68,214,10.81,213,0,0,0,0,0,0,0,0,0,0,0,0,UCX31_x0001_|_x0007_:, ,1.35,4.91,45.92,3,4.8,93,64.88,4:18      ,3,2026-06-10 22:02:30,11014981.0,MAREESWARAN ,1,104339022046,104319220141,,AUTOMODE_TS1,BV141E,45,2,,OK,,0,0,0020007910431251065202261366015A,1.17661,1.17623,1.17712,5,5,4.445,4.6625,4.9775,1,1.2,1.2,1.2,1,1.2,0.5,12,0.5,12,0.5,12,291581,2026-06-10 22:00:24,11014086,BABU        ,13616,104339022046,104319220141,140HPW501   ,,AUTOMODE,BV141C,27,2,303693,OK,,0,0,9002102010431351067303261500794B,0020007910431251065202261366015A,0020004510431152006711261530313B,OK,OK,OK,OK,292814,2026-06-10 21:56:54,11014086.0,BABU        ,13616,104339022046,104319220141,140HPW501   ,AUTOMODE,BV141A,22,2,303693,OK,CA1,0,0,1020104313020080004674879488,OK,OK,0.39,0.426,0.5,0.39,0.434,0.5,OK,,0020004510431152006711261530313B,OK,OK,202.9,145.2,52.6,146.3,0.0,1.7152,52.0941,53.1133,0.163353,1.91939,55.3783,56.0993,56.2401,1.68193,57.544,0.367542,0,0,0,0,05ACA007,293377,2026-06-10 21:57:32,11014086.0,BABU        ,13616.0,104339022046,104319220141,140HPW501   ,AUTOMODE,BV141B,29,2.0,303693.0,OK,,,,0020004510431152006711261530313B,OK,OK,,OK,OK,293506,2026-06-10 22:01:08,11014086.0,BABU        ,13616,104339022046,104319220141,,AUTOMODE,BV141D,33,2,303693,OK,CA14,,,0020007910431251065202261366015A,,0,145.3,5.3,-113.55,50.0,134,18.6,-222.95,59.6,-222.95,-113.71,0.781713,2.4813,45.0,40.0,5.0,17.3776,52.2209,52.3505,0,0,0,0,0,0,0,0,0,0,0,1.64,0,20.0,0,363009
5033442,1,0020007910431251065202261366033A,2026-06-09 11:06:00,314116, , ,104319220141,0,0,0,0,57000,110000,0,0,120000,0,0,0,1,0:19,1011,16,30.27,77,30.27,77,12.67,49,12.67,49,0,0,0,0,0,0,0,0,17.84,33,17.84,33,8.2,29,8.2,29,10.19,271,10.19,271,0,0,0,0,0,0,0,0,0,0,0,0,UCX31_x0001_|_x0007_:, ,1.22,4.93,45.71,3,4.74,93,65.53,0:50      ,3,2026-06-10 19:20:04,11014981.0,MAREESWARAN ,1,104339022046,104319220141,,AUTOMODE_TS1,BV141E,45,1,,OK,,0,0,0020007910431251065202261366033A,1.17484,1.17396,1.17408,5,5,4.6375,4.6725,5.625,1,1.2,1.2,1.2,1,1.2,0.5,12,0.5,12,0.5,12,291528,2026-06-10 19:17:26,11014981,MAREESWARAN ,13616,104339022046,104319220141,140HPW501   ,,AUTOMODE,BV141C,21,1,303627,OK,,0,0,9002102010431351067303261499923A,0020007910431251065202261366033A,0020004510431152006711261530318B,OK,OK,OK,OK,292750,2026-06-10 19:15:32,11014981.0,MAREESWARAN ,13616,104339022046,104319220141,140HPW501   ,AUTOMODE,BV141A,22,1,303627,OK,CA1,0,0,1020104313020080004674879488,OK,OK,0.39,0.42,0.5,0.39,0.434,0.5,OK,,0020004510431152006711261530318B,OK,OK,202.9,145.2,52.6,146.3,0.0,1.63353,52.4101,53.0318,0.122517,2.49112,55.2917,55.6026,57.7683,11.1896,57.4625,0.326706,0,0,0,0,05ACA002,293313,2026-06-10 19:16:16,11014981.0,MAREESWARAN ,13616.0,104339022046,104319220141,140HPW501   ,AUTOMODE,BV141B,28,1.0,303627.0,OK,,,,0020004510431152006711261530318B,OK,OK,,OK,OK,293442,2026-06-10 19:18:56,11014981.0,MAREESWARAN ,13616,104339022046,104319220141,,AUTOMODE,BV141D,31,1,303627,OK,CA13,,,0020007910431251065202261366033A,,0,145.3,5.3,-113.55,50.0,134,18.6,-222.95,59.6,-223.2,-113.71,1.51679,3.6651,45.0,40.0,5.0,23.3335,51.7829,51.9102,0,0,0,0,0,0,0,0,0,0,0,1.66,0,20.0,0,362635
5035861,1,0020007910431251065202261366069A,2026-06-10 01:06:54,314116, , ,104319220141,0,0,0,0,57000,110000,0,0,120000,0,0,0,3,2:36,1011,16,59.11,112,6.95,188,20.3,95,0.18,309,0,0,0,0,0,0,0,0,33.8,77,2.45,348,21.18,66,3.87,151,7.07,336,10.03,344,0,0,0,0,0,0,0,0,0,0,0,0,UCX31_x0001_|_x0007_:, ,1.24,5.02,46.06,3,4.66,93,64.88,3:07      ,3,2026-06-11 00:19:17,11014086.0,BABU        ,1,104339022046,104319220141,,AUTOMODE_TS1,BV141E2,38,2,,OK,,0,0,0020007910431251065202261366069A,1.14214,1.15245,1.16403,5,5,1.97365,5.40479,2.5988,1,1.2,1.2,1.2,1,1.2,0.5,12,0.5,12,0.5,12,291688,2026-06-11 00:15:31,11014086,BABU        ,13616,104339022046,104319220141,140HPW501   ,,AUTOMODE,BV141C,19,2,303806,OK,,0,0,9002102010431351067303261490097B,0020007910431251065202261366069A,0020004510431152006711261540471B,OK,OK,OK,OK,292923,2026-06-11 00:13:53,11014086.0,BABU        ,13616,104339022046,104319220141,140HPW501   ,AUTOMODE,BV141A,21,2,303806,OK,CA1,0,0,1020104313020080004674879488,OK,OK,0.39,0.422,0.5,0.39,0.435,0.5,OK,,0020004510431152006711261540471B,OK,OK,202.9,145.2,52.6,146.3,-0.0408363,1.75603,52.0843,53.2156,0.122513,1.7152,55.4781,55.9876,57.6387,2.5728,57.5367,0.285866,0,0,0,0,05ACA007,293490,2026-06-11 00:14:33,11014086.0,BABU        ,13616.0,104339022046,104319220141,140HPW501   ,AUTOMODE,BV141B,28,2.0,303806.0,OK,,,,0020004510431152006711261540471B,OK,OK,,OK,OK,293618,2026-06-11 00:18:11,11014086.0,BABU        ,13616,104339022046,104319220141,,AUTOMODE,BV141D,33,2,303806,OK,CA14,,,0020007910431251065202261366069A,,0,145.1,4.8,-113.55,50.0,134,18.6,-222.95,59.6,-222.95,-113.71,0.462812,2.3554,45.0,40.0,5.0,15.0706,52.3187,52.3223,0,0,0,0,0,0,0,0,0,0,0,1.8,0,20.0,0,363153
5036422,1,0020007910431251065202261366075A,2026-06-10 05:38:38,314116, , ,104319220141,0,0,0,0,57000,110000,0,0,120000,0,0,0,2,1:27,1011,16,47.03,173,9.98,246,25.71,188,5.63,251,0,0,0,0,0,0,0,0,44.16,167,7.39,266,14.58,90,4.74,172,9.04,259,10.29,255,0,0,0,0,0,0,0,0,0,0,0,0,UCX31_x0001_|_x0007_:, ,1.3,5.02,45.71,3,4.55,93,65.03,1:58      ,3,2026-06-11 00:17:27,11014086.0,BABU        ,1,104339022046,104319220141,,AUTOMODE_TS1,BV141E,45,2,,OK,,0,0,0020007910431251065202261366075A,1.17345,1.1732,1.17547,5,5,3.4175,3.6,3.75,1,1.2,1.2,1.2,1,1.2,0.5,12,0.5,12,0.5,12,291686,2026-06-11 00:13:57,11014086,BABU        ,13616,104339022046,104319220141,140HPW501   ,,AUTOMODE,BV141C,18,2,303804,OK,,0,0,9002102010431351067303261490299B,0020007910431251065202261366075A,0020004510431152006711261540420B,OK,OK,OK,OK,292921,2026-06-11 00:12:09,11014086.0,BABU        ,13616,104339022046,104319220141,140HPW501   ,AUTOMODE,BV141A,22,2,303804,OK,CA1,0,0,1020104313020080004674879488,OK,OK,0.39,0.425,0.5,0.39,0.415,0.5,OK,,0020004510431152006711261540420B,OK,OK,202.9,145.2,52.6,146.3,-0.0408363,0.939274,52.3547,53.277,0.0408363,1.79688,55.6338,56.044,57.5778,1.83771,57.4759,0.367542,0,0,0,0,05ACA005,293488,2026-06-11 00:12:51,11014086.0,BABU        ,13616.0,104339022046,104319220141,140HPW501   ,AUTOMODE,BV141B,28,2.0,303804.0,OK,,,,0020004510431152006711261540420B,OK,OK,,OK,OK,293616,2026-06-11 00:16:17,11014086.0,BABU        ,13616,104339022046,104319220141,,AUTOMODE,BV141D,71,2,303804,OK,CA14,,,0020007910431251065202261366075A,,0,145.3,5.4,-113.55,50.0,134,18.6,-222.95,59.6,-222.95,-113.71,4.65915,5.09808,41.9313,40.0,5.0,18.7497,45.7801,52.2713,0,0,0,0,0,0,0,0,0,0,0,1.53,0,20.0,1,363151
5035314,1,0020007910431251065202261366125A,2026-06-09 21:57:54,314116, , ,104319220141,0,0,0,0,57000,110000,0,0,120000,0,0,0,2,1:18,1011,16,24.8,229,7.74,304,10.42,205,3.67,292,0,0,0,0,0,0,0,0,17.93,174,4.53,251,5.95,200,1.9,286,9.6,153,10.52,158,0,0,0,0,0,0,0,0,0,0,0,0,UCX31_x0001_|_x0007_:, ,1.4,5.01,47.28,3,3.84,93,65.03,1:49      ,3,2026-06-10 21:56:54,11014981.0,MAREESWARAN ,1,104339022046,104319220141,,AUTOMODE_TS1,BV141E,44,2,,OK,,0,0,0020007910431251065202261366125A,1.17699,1.1737,1.17547,5,5,3.525,4.1375,3.89,1,1.2,1.2,1.2,1,1.2,0.5,12,0.5,12,0.5,12,291577,2026-06-10 21:53:04,11014086,BABU        ,13616,104339022046,104319220141,140HPW501   ,,AUTOMODE,BV141C,37,2,303688,OK,,0,0,9002102010431351067303261500802B,0020007910431251065202261366125A,0020004510431152006711261540497C,OK,OK,OK,OK,292810,2026-06-10 21:50:02,11014086.0,BABU        ,13616,104339022046,104319220141,140HPW501   ,AUTOMODE,BV141A,41,2,303688,OK,CA1,0,0,1020104313020080004674879488,OK,OK,0.39,0.428,0.5,0.39,0.434,0.5,OK,,0020004510431152006711261540497C,OK,OK,202.9,145.2,52.6,146.3,0.0,0.653408,52.1041,53.1258,0.0816765,1.55185,55.2839,55.6941,57.6432,10.0462,57.2355,0.285866,0,0,0,0,05ACA006,293373,2026-06-10 21:51:18,11014086.0,BABU        ,13616.0,104339022046,104319220141,140HPW501   ,AUTOMODE,BV141B,28,2.0,303688.0,OK,,,,0020004510431152006711261540497C,OK,OK,,OK,OK,293502,2026-06-10 21:55:22,11014086.0,BABU        ,13616,104339022046,104319220141,,AUTOMODE,BV141D,34,2,303688,OK,CA14,,,0020007910431251065202261366125A,,0,145.2,5.4,-113.55,50.0,134,18.6,-222.95,59.6,-222.95,-113.71,0.086302,0.563046,45.0,40.0,5.0,19.0814,51.9192,51.9845,0,0,0,0,0,0,0,0,0,0,0,1.71,0,20.0,0,363005
5033985,1,0020007910431251065202261366135A,2026-06-09 14:06:43,314116, , ,104319220141,0,0,0,0,57000,110000,0,0,120000,0,0,0,1,0:19,1011,16,22.68,20,22.68,20,16.83,4,16.83,4,0,0,0,0,0,0,0,0,33.21,343,33.21,343,2.92,219,2.92,219,10.11,10,10.11,10,0,0,0,0,0,0,0,0,0,0,0,0,UCX31_x0001_|_x0007_:, ,1.22,4.97,47.22,3,4.24,93,65.47,11:10     ,3,2026-06-10 21:18:40,11014981.0,MAREESWARAN ,1,104339022046,104319220141,,AUTOMODE_TS1,BV141E,44,2,,OK,,0,0,0020007910431251065202261366135A,1.17724,1.17497,1.17636,5,5,3.22,3.5875,3.97,1,1.2,1.2,1.2,1,1.2,0.5,12,0.5,12,0.5,12,291555,2026-06-10 21:16:22,10001033,SAKTHI VIJAY,13616,104339022046,104319220141,140HPW501   ,,AUTOMODE,BV141C,28,2,303662,OK,,0,0,9002102010431351067303261500594B,0020007910431251065202261366135A,0020004510431152006711261540681B,OK,OK,OK,OK,292785,2026-06-10 21:12:14,10001033.0,SAKTHI VIJAY,13616,104339022046,104319220141,140HPW501   ,AUTOMODE,BV141A,36,2,303662,OK,CA1,0,0,1020104313020080004674879488,OK,OK,0.39,0.408,0.5,0.39,0.423,0.5,OK,,0020004510431152006711261540681B,OK,OK,202.9,145.2,52.6,146.3,-0.0408401,2.12358,52.4124,53.2353,0.163349,2.49112,55.2991,55.8087,57.7578,10.8221,57.452,0.367542,0,0,0,0,05ACA002,293348,2026-06-10 21:13:02,10001033.0,SAKTHI VIJAY,13616.0,104339022046,104319220141,140HPW501   ,AUTOMODE,BV141B,28,2.0,303662.0,OK,,,,0020004510431152006711261540681B,OK,OK,,OK,OK,293477,2026-06-10 21:17:16,10001033.0,SAKTHI VIJAY,13616,104339022046,104319220141,,AUTOMODE,BV141D,42,2,303662,OK,CA14,,,0020007910431251065202261366135A,,0,145.1,5.5,-113.55,50.0,134,18.6,-222.95,59.6,-222.95,-113.71,1.25893,3.00682,45.0,40.0,5.0,23.4541,51.8285,51.9641,0,0,0,0,0,0,0,0,0,0,0,1.92,0,20.0,1,362953
5050911,1,0020007910431251065202261366153A,2026-06-14 00:55:26,314116, , ,104319220141,0,0,0,0,57000,110000,0,0,120000,0,0,0,1,0:19,1011,16,48.19,262,48.19,262,34.34,260,34.34,260,0,0,0,0,0,0,0,0,56.49,238,56.49,238,7.69,179,7.69,179,12.44,212,12.44,212,0,0,0,0,0,0,0,0,0,0,0,0,UCX31_x0001_|_x0007_:, ,1.25,4.86,45.02,3,4.73,93,65.53,0:50      ,3,2026-06-15 15:47:38,11014981.0,MAREESWARAN ,1,104339022046,104319220141,,AUTOMODE_TS1,BV141E,45,1,,OK,,0,0,0020007910431251065202261366153A,1.17952,1.1756,1.17724,5,5,4.465,4.6475,5.1025,1,1.2,1.2,1.2,1,1.2,0.5,12,0.5,12,0.5,12,296934,2026-06-15 15:45:44,11014981,MAREESWARAN ,13616,104339022046,104319220141,140HPW501   ,,AUTOMODE,BV141C,59,1,308432,OK,,0,0,9002102010431351067303261554050A,0020007910431251065202261366153A,0020004510431152006711261580175A,OK,OK,OK,OK,298257,2026-06-15 15:42:34,11014981.0,MAREESWARAN ,13616,104339022046,104319220141,140HPW501   ,AUTOMODE,BV141A,22,1,308432,OK,CA1,0,0,1020104313020080004674879488,OK,OK,0.39,0.422,0.5,0.39,0.445,0.5,OK,,0020004510431152006711261580175A,OK,OK,202.9,145.2,52.6,146.3,0.0,1.59269,52.056,52.9783,0.0816765,1.83771,55.2331,55.6408,57.5899,3.14453,57.1823,0.326706,0,0,0,0,05ACA004,298877,2026-06-15 15:43:18,11014981.0,MAREESWARAN ,13616.0,104339022046,104319220141,140HPW501   ,AUTOMODE,BV141B,29,1.0,308432.0,OK,,,,0020004510431152006711261580175A,OK,OK,,OK,OK,298983,2026-06-15 15:46:28,11014981.0,MAREESWARAN ,13616,104339022046,104319220141,,AUTOMODE,BV141D,32,1,308432,OK,CA13,,,0020007910431251065202261366153A,,0,145.0,4.2,-113.55,50.0,134,18.6,-222.95,59.6,-223.35,-113.71,0.762033,2.51992,45.0,40.0,5.0,17.8978,52.1618,52.1573,0,0,0,0,0,0,0,0,0,0,0,1.93,0,20.0,0,371403
5042274,1,0020007910431251065202261366168A,2026-06-11 19:26:43,314116, , ,104319220141,0,0,0,0,57000,110000,0,0,120000,0,0,0,2,1:25,1011,16,29.82,256,7.87,283,8.55,319,0.51,332,0,0,0,0,0,0,0,0,17.54,314,1.76,16,18.53,195,4.26,240,9.32,64,10.06,59,0,0,0,0,0,0,0,0,0,0,0,0,UCX31_x0001_|_x0007_:, ,1.36,4.96,45.05,3,4.87,93,64.95,1:56      ,3,2026-06-13 11:41:01,11014890.0,SUDALAI     ,1,104339022046,104319220141,,AUTOMODE_TS1,BV141E2,38,1,,OK,,0,0,0020007910431251065202261366168A,1.16843,1.16176,1.16252,5,5,4.03234,8.3497,3.82036,1,1.2,1.2,1.2,1,1.2,0.5,12,0.5,12,0.5,12,294400,2026-06-13 11:38:11,11014981,MAREESWARAN ,13616,104339022046,104319220141,140HPW501   ,,AUTOMODE,BV141C,20,1,306653,OK,,0,0,9002102010431351067303261500498A,0020007910431251065202261366168A,0020004510431152006711261590180A,OK,OK,OK,OK,295705,2026-06-13 11:36:03,11014981.0,MAREESWARAN ,13616,104339022046,104319220141,140HPW501   ,AUTOMODE,BV141A,22,1,306653,OK,CA1,0,0,1020104313020080004674879488,OK,OK,0.39,0.457,0.5,0.39,0.427,0.5,OK,,0020004510431152006711261590180A,OK,OK,202.9,145.2,52.6,146.3,0.0,1.34766,52.0917,53.4217,0.0816765,1.83771,55.8753,56.1811,57.7174,3.51207,57.5136,0.408382,0,0,0,0,05ACA003,296312,2026-06-13 11:36:45,11014981.0,MAREESWARAN ,13616.0,104339022046,104319220141,140HPW501   ,AUTOMODE,BV141B,29,1.0,306653.0,OK,,,,0020004510431152006711261590180A,OK,OK,,OK,OK,296423,2026-06-13 11:39:55,11014981.0,MAREESWARAN ,13616,104339022046,104319220141,,AUTOMODE,BV141D,36,1,306653,OK,CA13,,,0020007910431251065202261366168A,,0,145.0,6.2,-113.55,50.0,134,18.6,-222.95,59.6,-223.35,-113.71,1.28942,3.67447,45.0,40.0,5.0,20.446,52.2206,52.187,0,0,0,0,0,0,0,0,0,0,0,1.74,0,20.0,0,367727
5041645,1,0020007910431251065202261366173A,2026-06-11 15:56:10,314116, , ,104319220141,0,0,0,0,57000,110000,0,0,120000,0,0,0,1,0:19,1011,16,60.26,64,60.26,64,30.02,45,30.02,45,0,0,0,0,0,0,0,0,44.02,18,44.02,18,17.03,39,17.03,39,10.24,298,10.24,298,0,0,0,0,0,0,0,0,0,0,0,0,UCX31_x0001_|_x0007_:, ,1.31,4.95,45.02,3,4.2,93,65.53,0:50      ,3,2026-06-13 18:00:54,11014981.0,MAREESWARAN ,1,104339022046,104319220141,,AUTOMODE_TS1,BV141E,45,1,,OK,,0,0,0020007910431251065202261366173A,1.17522,1.1756,1.17484,5,5,3.8525,4.775,4.32,1,1.2,1.2,1.2,1,1.2,0.5,12,0.5,12,0.5,12,294770,2026-06-13 17:57:54,11014981,MAREESWARAN ,13616,104339022046,104319220141,140HPW501   ,,AUTOMODE,BV141C,19,1,307032,OK,,0,0,9002102010431351067303261542456A,0020007910431251065202261366173A,0020004510431152006711261540696B,OK,OK,OK,OK,296077,2026-06-13 17:55:40,11014981.0,MAREESWARAN ,13616,104339022046,104319220141,140HPW501   ,AUTOMODE,BV141A,21,1,307032,OK,CA1,0,0,1020104313020080004674879488,OK,OK,0.39,0.409,0.5,0.39,0.409,0.5,OK,,0020004510431152006711261540696B,OK,OK,202.9,145.2,52.6,146.3,-0.0408363,1.75604,52.1093,53.1361,0.0816765,2.45028,55.3986,55.7069,57.6509,8.29013,57.3451,0.367542,0,0,0,0,05ACA002,296686,2026-06-13 17:56:32,11014981.0,MAREESWARAN ,13616.0,104339022046,104319220141,140HPW501   ,AUTOMODE,BV141B,29,1.0,307032.0,OK,,,,0020004510431152006711261540696B,OK,OK,,OK,OK,296797,2026-06-13 17:59:40,11014981.0,MAREESWARAN ,13616,104339022046,104319220141,,AUTOMODE,BV141D,35,1,307032,OK,CA13,,,0020007910431251065202261366173A,,0,145.3,6.0,-113.55,50.0,134,18.6,-222.95,59.6,-223.35,-113.71,0.676526,2.14014,45.0,40.0,5.0,22.2931,51.8184,51.8642,0,0,0,0,0,0,0,0,0,0,0,1.78,0,20.0,0,368106
5040810,1,0020007910431251065202261366186A,2026-06-11 09:44:19,314116, , ,104319220141,0,0,0,0,57000,110000,0,0,120000,0,0,0,4,3:05,1011,16,28.76,340,3.44,126,2.42,8,0.58,225,0,0,0,0,0,0,0,0,6.79,34,0.7,263,15.3,286,1.71,87,8.15,151,10.06,160,0,0,0,0,0,0,0,0,0,0,0,0,UCX31_x0001_|_x0007_:, ,1.41,4.98,44.99,3,4.55,93,64.88,4:24      ,3,2026-06-10 23:04:03,11014086.0,BABU        ,1,104339022046,104319220141,,AUTOMODE_TS1,BV141E,44,2,,OK,,0,0,0020007910431251065202261366186A,1.17623,1.17332,1.17737,5,5,4.1175,3.8775,4.3525,1,1.2,1.2,1.2,1,1.2,0.5,12,0.5,12,0.5,12,291638,2026-06-11 21:36:18,11014981,MAREESWARAN ,13616,104339022046,104319220141,140HPW501   ,,AUTOMODE,BV141C,24,2,304837,OK,,0,0,9002102010431351067303261479654B,0020007910431251065202261366186A,0020004510431152006711261540613B,OK,OK,OK,OK,293939,2026-06-11 21:32:26,11014981.0,MAREESWARAN ,13616,104339022046,104319220141,140HPW501   ,AUTOMODE,BV141A,23,2,304837,OK,CA1,0,0,1020104313020080004674879488,OK,OK,0.39,0.415,0.5,0.39,0.406,0.5,OK,,0020004510431152006711261540613B,OK,OK,202.9,145.2,52.6,146.3,0.0,1.14347,52.0381,53.1694,0.0816765,1.96023,55.2229,55.9491,57.6995,4.28799,57.4956,0.367542,0,0,0,0,05ACA004,294516,2026-06-11 21:33:06,11014981.0,MAREESWARAN ,13616.0,104339022046,104319220141,140HPW501   ,AUTOMODE,BV141B,28,2.0,304837.0,OK,,,,0020004510431152006711261540613B,OK,OK,,OK,OK,294640,2026-06-11 21:37:16,11014981.0,MAREESWARAN ,13616,104339022046,104319220141,,AUTOMODE,BV141D,33,2,304837,OK,CA14,,,0020007910431251065202261366186A,,0,145.3,7.0,-113.55,50.0,134,18.6,-222.95,59.6,-223.2,-113.71,1.36435,3.05702,45.0,40.0,5.0,24.208,51.9665,52.2026,0,0,0,0,0,0,0,0,0,0,0,1.65,0,20.0,0,364786
5041762,1,0020007910431251065202261366217A,2026-06-11 16:27:35,314116, , ,104319220141,0,0,0,0,57000,110000,0,0,120000,0,0,0,1,0:19,1011,16,32.98,318,32.98,318,10.65,242,10.65,242,0,0,0,0,0,0,0,0,14.97,213,14.97,213,15.95,297,15.95,297,10.92,161,10.92,161,0,0,0,0,0,0,0,0,0,0,0,0,UCX31_x0001_|_x0007_:, ,1.26,4.93,44.99,3,3.91,93,65.53,0:50      ,3,2026-06-13 11:30:57,11014890.0,SUDALAI     ,1,104339022046,104319220141,,AUTOMODE_TS1,BV141E,45,1,,OK,,0,0,0020007910431251065202261366217A,1.17712,1.17408,1.17307,5,5,4.21,4.555,4.595,1,1.2,1.2,1.2,1,1.2,0.5,12,0.5,12,0.5,12,294387,2026-06-13 11:28:17,11014981,MAREESWARAN ,13616,104339022046,104319220141,140HPW501   ,,AUTOMODE,BV141C,21,1,306640,OK,,0,0,9002102010431351067303261500493A,0020007910431251065202261366217A,0020004510431152006711261590400B,OK,OK,OK,OK,295692,2026-06-13 11:26:55,11014981.0,MAREESWARAN ,13616,104339022046,104319220141,140HPW501   ,AUTOMODE,BV141A,22,1,306640,OK,CA1,0,0,1020104313020080004674879488,OK,OK,0.39,0.409,0.5,0.39,0.422,0.5,OK,,0020004510431152006711261590400B,OK,OK,202.9,145.2,52.6,146.3,-0.0216618,2.20526,52.0212,53.3047,0.163353,2.32777,55.5621,55.8704,57.7125,3.4304,57.5087,0.367542,0,0,0,0,05ACA005,296299,2026-06-13 11:27:33,11014981.0,MAREESWARAN ,13616.0,104339022046,104319220141,140HPW501   ,AUTOMODE,BV141B,30,1.0,306640.0,OK,,,,0020004510431152006711261590400B,OK,OK,,OK,OK,296410,2026-06-13 11:29:45,11014981.0,MAREESWARAN ,13616,104339022046,104319220141,,AUTOMODE,BV141D,35,1,306640,OK,CA13,,,0020007910431251065202261366217A,,0,145.0,6.0,-113.55,50.0,134,18.6,-222.95,59.6,-223.35,-113.71,1.82825,3.89868,45.0,40.0,5.0,20.8305,52.1765,52.2582,0,0,0,0,0,0,0,0,0,0,0,1.74,0,20.0,0,367714
5040171,1,0020007910431251065202261366225A,2026-06-11 04:24:25,314116, , ,104319220141,0,0,0,0,57000,110000,0,0,120000,0,0,0,4,3:40,1011,16,46.19,80,5.38,257,23.59,62,1.63,354,0,0,0,0,0,0,0,0,42.1,52,0.73,96,9.38,10,2.34,216,8.54,71,10.49,64,0,0,0,0,0,0,0,0,0,0,0,0,UCX31_x0001_|_x0007_:, ,1.35,4.96,45.05,3,4.56,93,65.03,4:16      ,3,2026-06-11 20:48:48,11014981.0,MAREESWARAN ,1,104339022046,104319220141,,AUTOMODE_TS1,BV141E2,38,2,,OK,,0,0,0020007910431251065202261366225A,1.15006,1.16541,1.1566,5,5,2.27305,6.70299,2.31617,1,1.2,1.2,1.2,1,1.2,0.5,12,0.5,12,0.5,12,292633,2026-06-11 20:46:18,11014981,MAREESWARAN ,13616,104339022046,104319220141,140HPW501   ,,AUTOMODE,BV141C,21,2,304790,OK,,0,0,9002102010431351067303261490030A,0020007910431251065202261366225A,0020004510431152006711261551023C,OK,OK,OK,OK,293892,2026-06-11 20:43:54,11014981.0,MAREESWARAN ,13616,104339022046,104319220141,140HPW501   ,AUTOMODE,BV141A,23,2,304790,OK,CA1,0,0,1020104313020080004674879488,OK,OK,0.39,0.44,0.5,0.39,0.435,0.5,OK,,0020004510431152006711261551023C,OK,OK,202.9,145.2,52.6,146.3,0.0,1.55185,52.1047,53.129,0.0816765,1.02095,55.7074,55.9138,57.7686,5.26811,57.4629,0.163353,0,0,0,0,05ACA010,294469,2026-06-11 20:44:52,11014981.0,MAREESWARAN ,13616.0,104339022046,104319220141,140HPW501   ,AUTOMODE,BV141B,28,2.0,304790.0,OK,,,,0020004510431152006711261551023C,OK,OK,,OK,OK,294593,2026-06-11 20:47:44,11014981.0,MAREESWARAN ,13616,104339022046,104319220141,,AUTOMODE,BV141D,34,2,304790,OK,CA13,,,0020007910431251065202261366225A,,0,145.2,7.1,-113.55,50.0,134,18.6,-222.95,59.6,-223.2,-113.71,0.756944,1.92462,45.0,40.0,5.0,19.9786,52.2736,52.3371,0,0,0,0,0,0,0,0,0,0,0,2.14,0,20.0,0,364730
5040495,1,0020007910431251065202261366277A,2026-06-11 07:32:46,314116, , ,104319220141,0,0,0,0,57000,110000,0,0,120000,0,0,0,3,2:28,1011,16,45.68,305,8.88,39,22.6,273,1.16,329,0,0,0,0,0,0,0,0,35.82,251,0.63,87,11.85,284,4.7,352,9.63,156,10.25,173,0,0,0,0,0,0,0,0,0,0,0,0,UCX31_x0001_|_x0007_:, ,1.35,5.01,45.1,3,4.96,93,64.88,2:58      ,3,2026-06-11 21:42:40,11014981.0,MAREESWARAN ,1,104339022046,104319220141,,AUTOMODE_TS1,BV141E2,38,2,,OK,,0,0,0020007910431251065202261366277A,1.15824,1.15031,1.15031,5,5,2.86347,7.14371,3.42275,1,1.2,1.2,1.2,1,1.2,0.5,12,0.5,12,0.5,12,292681,2026-06-11 21:39:52,11014981,MAREESWARAN ,13616,104339022046,104319220141,140HPW501   ,,AUTOMODE,BV141C,30,2,304841,OK,,0,0,9002102010431351067303261479644B,0020007910431251065202261366277A,0020004510431152006711261530144B,OK,OK,OK,OK,293943,2026-06-11 21:37:08,11014981.0,MAREESWARAN ,13616,104339022046,104319220141,140HPW501   ,AUTOMODE,BV141A,24,2,304841,OK,CA1,0,0,1020104313020080004674879488,OK,OK,0.39,0.411,0.5,0.39,0.418,0.5,OK,,0020004510431152006711261530144B,OK,OK,202.9,145.2,52.6,146.3,0.0,0.898438,52.0405,53.0673,0.0408401,1.63352,55.3171,55.5209,57.5745,1.51101,57.4726,0.204189,0,0,0,0,05ACA001,294520,2026-06-11 21:37:46,11014981.0,MAREESWARAN ,13616.0,104339022046,104319220141,140HPW501   ,AUTOMODE,BV141B,29,2.0,304841.0,OK,,,,0020004510431152006711261530144B,OK,OK,,OK,OK,294644,2026-06-11 21:40:56,11014981.0,MAREESWARAN ,13616,104339022046,104319220141,,AUTOMODE,BV141D,33,2,304841,OK,CA14,,,0020007910431251065202261366277A,,0,145.0,7.1,-113.55,50.0,134,18.6,-222.95,59.6,-223.2,-113.71,0.656755,1.77929,45.0,40.0,5.0,22.5946,52.0119,52.0577,0,0,0,0,0,0,0,0,0,0,0,1.7,0,20.0,0,364794
5040197,1,0020007910431251065202261366299A,2026-06-11 04:42:19,314116, , ,104319220141,0,0,0,0,57000,110000,0,0,120000,0,0,0,1,0:19,1011,16,46.7,132,46.7,132,20.19,125,20.19,125,0,0,0,0,0,0,0,0,30.28,106,30.28,106,13.97,77,13.97,77,10.3,326,10.3,326,0,0,0,0,0,0,0,0,0,0,0,0,UCX31_x0001_|_x0007_:, ,1.25,4.99,44.99,3,4.92,93,65.48,0:50      ,3,2026-06-11 21:01:06,11014981.0,MAREESWARAN ,1,104339022046,104319220141,,AUTOMODE_TS1,BV141E,45,2,,OK,,0,0,0020007910431251065202261366299A,1.1775,1.1737,1.17611,5,5,3.905,4.0375,4.19,1,1.2,1.2,1.2,1,1.2,0.5,12,0.5,12,0.5,12,292643,2026-06-11 20:59:04,11014981,MAREESWARAN ,13616,104339022046,104319220141,140HPW501   ,,AUTOMODE,BV141C,23,2,304801,OK,,0,0,9002102010431351067303261490127B,0020007910431251065202261366299A,0020004510431152006711261550970C,OK,OK,OK,OK,293903,2026-06-11 20:55:56,11014981.0,MAREESWARAN ,13616,104339022046,104319220141,140HPW501   ,AUTOMODE,BV141A,22,2,304801,OK,CA1,0,0,1020104313020080004674879488,OK,OK,0.39,0.427,0.5,0.39,0.439,0.5,OK,,0020004510431152006711261550970C,OK,OK,202.9,145.2,52.6,146.3,-0.0408401,0.163349,52.527,53.1385,0.0,1.51101,54.1652,55.5029,57.5539,1.10263,57.3501,0.163349,0,0,0,0,05ACA001,294480,2026-06-11 20:56:56,11014981.0,MAREESWARAN ,13616.0,104339022046,104319220141,140HPW501   ,AUTOMODE,BV141B,29,2.0,304801.0,OK,,,,0020004510431152006711261550970C,OK,OK,,OK,OK,294604,2026-06-11 20:59:54,11014981.0,MAREESWARAN ,13616,104339022046,104319220141,,AUTOMODE,BV141D,33,2,304801,OK,CA13,,,0020007910431251065202261366299A,,0,145.3,7.0,-113.55,50.0,134,18.6,-222.95,59.6,-223.2,-113.71,0.994363,2.61365,45.0,40.0,5.0,21.901,51.8034,51.9075,0,0,0,0,0,0,0,0,0,0,0,1.65,0,20.0,0,364748
5044699,1,0020007910431251065202261366476B,2026-06-12 11:49:44,314116, , ,104319220141,0,0,0,0,57000,110000,0,0,120000,0,0,0,1,0:19,1011,16,50.29,125,50.29,125,21.26,98,21.26,98,0,0,0,0,0,0,0,0,32.73,70,32.73,70,15.47,98,15.47,98,10.12,353,10.12,353,0,0,0,0,0,0,0,0,0,0,0,0,UCX31_x0001_|_x0007_:, ,1.24,4.99,45.02,3,3.9,93,65.53,0:50      ,3,2026-06-13 09:56:42,11014890.0,SUDALAI     ,1,104339022046,104319220141,,AUTOMODE_TS1,BV141E2,38,1,,OK,,0,0,0020007910431251065202261366476B,1.15849,1.15019,1.16541,5,5,2.63952,6.55689,3.50419,1,1.2,1.2,1.2,1,1.2,0.5,12,0.5,12,0.5,12,294302,2026-06-13 09:53:58,11014981,MAREESWARAN ,13616,104339022046,104319220141,140HPW501   ,,AUTOMODE,BV141C,25,1,306552,OK,,0,0,9002102010431351067303261479378B,0020007910431251065202261366476B,0020004510431152006711261550914C,OK,OK,OK,OK,295607,2026-06-13 09:51:26,11014981.0,MAREESWARAN ,13616,104339022046,104319220141,140HPW501   ,AUTOMODE,BV141A,23,1,306552,OK,CA1,0,0,1020104313020080004674879488,OK,OK,0.39,0.414,0.5,0.39,0.409,0.5,OK,,0020004510431152006711261550914C,OK,OK,202.9,145.2,52.6,146.3,0.0,1.10263,52.0283,52.9456,0.0816765,1.47017,55.2998,55.8119,57.761,11.7205,57.2463,0.285866,0,0,0,0,05ACA006,296212,2026-06-13 09:52:10,11014981.0,MAREESWARAN ,13616.0,104339022046,104319220141,140HPW501   ,AUTOMODE,BV141B,31,1.0,306552.0,OK,,,,0020004510431152006711261550914C,OK,OK,,OK,OK,296324,2026-06-13 09:55:38,11014981.0,MAREESWARAN ,13616,104339022046,104319220141,,AUTOMODE,BV141D,36,1,306552,OK,CA13,,,0020007910431251065202261366476B,,0,145.6,6.1,-113.55,50.0,134,18.6,-222.95,59.6,-223.2,-113.71,0.0,0.0150795,42.8157,40.0807,5.0,17.7998,51.8873,51.8085,0,0,0,0,0,0,0,0,0,0,0,1.69,0,20.0,0,367623
5039595,1,0020007910431251065202261366492B,2026-06-11 00:09:50,314116, , ,104319220141,0,0,0,0,57000,110000,0,0,120000,0,0,0,1,0:19,1011,16,64,230,64,230,25.36,223,25.36,223,0,0,0,0,0,0,0,0,37.28,204,37.28,204,22.24,187,22.24,187,11.45,27,11.45,27,0,0,0,0,0,0,0,0,0,0,0,0,UCX31_x0001_|_x0007_:, ,1.31,4.97,45.02,3,4.45,93,65.53,0:50      ,3,2026-06-11 21:05:02,11014981.0,MAREESWARAN ,1,104339022046,104319220141,,AUTOMODE_TS1,BV141E2,38,2,,OK,,0,0,0020007910431251065202261366492B,1.15975,1.15396,1.15119,5,5,1.74012,5.42515,2.13413,1,1.2,1.2,1.2,1,1.2,0.5,12,0.5,12,0.5,12,292648,2026-06-11 21:03:06,11014981,MAREESWARAN ,13616,104339022046,104319220141,140HPW501   ,,AUTOMODE,BV141C,22,2,304806,OK,,0,0,9002102010431351067303261490143B,0020007910431251065202261366492B,0020004510431152006711261540405B,OK,OK,OK,OK,293908,2026-06-11 21:01:12,11014981.0,MAREESWARAN ,13616,104339022046,104319220141,140HPW501   ,AUTOMODE,BV141A,22,2,304806,OK,CA1,0,0,1020104313020080004674879488,OK,OK,0.39,0.42,0.5,0.39,0.434,0.5,OK,,0020004510431152006711261540405B,OK,OK,202.9,145.2,52.6,146.3,-0.0408401,1.14346,52.0282,53.2613,0.0,1.55185,55.8347,56.1404,57.6819,2.36861,57.58,0.285866,0,0,0,0,05ACA010,294485,2026-06-11 21:01:50,11014981.0,MAREESWARAN ,13616.0,104339022046,104319220141,140HPW501   ,AUTOMODE,BV141B,28,2.0,304806.0,OK,,,,0020004510431152006711261540405B,OK,OK,,OK,OK,294609,2026-06-11 21:03:56,11014981.0,MAREESWARAN ,13616,104339022046,104319220141,,AUTOMODE,BV141D,33,2,304806,OK,CA13,,,0020007910431251065202261366492B,,0,145.8,7.1,-113.55,50.0,134,18.6,-222.95,59.6,-223.2,-113.71,0.632391,2.2817,45.0,40.0,5.0,18.81,52.1989,52.2103,0,0,0,0,0,0,0,0,0,0,0,1.73,0,20.0,0,364753
5047189,1,0020007910431251065202261366550B,2026-06-13 00:50:32,314116, , ,104319220141,0,0,0,0,57000,110000,0,0,120000,0,0,0,1,0:19,1011,16,25.36,185,25.36,185,21.51,182,21.51,182,0,0,0,0,0,0,0,0,37.76,160,37.76,160,5.4,40,5.4,40,10.51,356,10.51,356,0,0,0,0,0,0,0,0,0,0,0,0,UCX31_x0001_|_x0007_:, ,1.26,4.99,45.02,3,4.65,93,65.53,0:50      ,3,2026-06-13 15:57:01,11014981.0,MAREESWARAN ,1,104339022046,104319220141,,AUTOMODE_TS1,BV141E2,38,1,,OK,,0,0,0020007910431251065202261366550B,1.15107,1.16176,1.15019,5,5,2.4,6.60359,2.54491,1,1.2,1.2,1.2,1,1.2,0.5,12,0.5,12,0.5,12,294632,2026-06-13 15:54:29,11014981,MAREESWARAN ,13616,104339022046,104319220141,140HPW501   ,,AUTOMODE,BV141C,21,1,306892,OK,,0,0,9002102010431351067303261542984B,0020007910431251065202261366550B,0020004510431152006711261580309C,OK,OK,OK,OK,295939,2026-06-13 15:52:45,11014981.0,MAREESWARAN ,13616,104339022046,104319220141,140HPW501   ,AUTOMODE,BV141A,22,1,306892,OK,CA1,0,0,1020104313020080004674879488,OK,OK,0.39,0.411,0.5,0.39,0.421,0.5,OK,,0020004510431152006711261580309C,OK,OK,202.9,145.2,52.6,146.3,0.0,1.10263,52.3208,53.2431,0.0816765,1.7152,55.6101,56.1197,57.7631,4.53302,57.5592,0.326702,0,0,0,0,05ACA010,296548,2026-06-13 15:53:51,11014981.0,MAREESWARAN ,13616.0,104339022046,104319220141,140HPW501   ,AUTOMODE,BV141B,29,1.0,306892.0,OK,,,,0020004510431152006711261580309C,OK,OK,,OK,OK,296659,2026-06-13 15:55:55,11014981.0,MAREESWARAN ,13616,104339022046,104319220141,,AUTOMODE,BV141D,35,1,306892,OK,CA13,,,0020007910431251065202261366550B,,0,145.5,5.8,-113.55,50.0,134,18.6,-222.95,59.6,-223.35,-113.71,0.706379,2.30625,45.0,40.0,5.0,20.74,52.2736,52.2787,0,0,0,0,0,0,0,0,0,0,0,1.78,0,20.0,0,367968
5039403,1,0020007910431251065202261366552B,2026-06-10 22:54:00,314116, , ,104319220141,0,0,0,0,57000,110000,0,0,120000,0,0,0,3,2:29,1011,16,37.85,180,8.55,315,18.39,164,2.1,248,0,0,0,0,0,0,0,0,28.25,137,1.58,263,7.06,136,3.54,276,7.5,142,10.3,141,0,0,0,0,0,0,0,0,0,0,0,0,UCX31_x0001_|_x0007_:, ,1.33,5.01,45.05,3,3.93,93,64.81,3:00      ,3,2026-06-11 21:32:00,11014981.0,MAREESWARAN ,1,104339022046,104319220141,,AUTOMODE_TS1,BV141E,45,2,,OK,,0,0,0020007910431251065202261366552B,1.17712,1.17623,1.17472,5,5,3.3675,3.845,4.085,1,1.2,1.2,1.2,1,1.2,0.5,12,0.5,12,0.5,12,292674,2026-06-11 21:30:02,11014981,MAREESWARAN ,13616,104339022046,104319220141,140HPW501   ,,AUTOMODE,BV141C,20,2,304832,OK,,0,0,9002102010431351067303261479651B,0020007910431251065202261366552B,0020004510431152006711261540538B,OK,OK,OK,OK,293934,2026-06-11 21:28:44,11014981.0,MAREESWARAN ,13616,104339022046,104319220141,140HPW501   ,AUTOMODE,BV141A,23,2,304832,OK,CA1,0,0,1020104313020080004674879488,OK,OK,0.39,0.418,0.5,0.39,0.419,0.5,OK,,0020004510431152006711261540538B,OK,OK,202.9,145.2,52.6,146.3,0.0,1.96023,52.0258,53.3584,0.163353,2.24609,55.6158,56.2375,56.2401,2.243,57.6744,0.408382,0,0,0,0,05ACA003,294511,2026-06-11 21:29:22,11014981.0,MAREESWARAN ,13616.0,104339022046,104319220141,140HPW501   ,AUTOMODE,BV141B,29,2.0,304832.0,OK,,,,0020004510431152006711261540538B,OK,OK,,OK,OK,294635,2026-06-11 21:30:50,11014981.0,MAREESWARAN ,13616,104339022046,104319220141,,AUTOMODE,BV141D,33,2,304832,OK,CA13,,,0020007910431251065202261366552B,,0,145.0,7.2,-113.55,50.0,134,18.6,-222.95,59.6,-223.2,-113.71,1.15382,2.46528,45.0,40.0221,5.0,25.2785,52.1076,52.2914,0,0,0,0,0,0,0,0,0,0,0,1.92,0,20.0,0,364779
5034349,1,0020007910431251065202261366576B,2026-06-09 16:12:06,314116, , ,104319220141,0,0,0,0,57000,110000,0,0,120000,0,0,0,2,1:17,1011,16,27.14,169,5.47,191,5.39,206,2.21,90,0,0,0,0,0,0,0,0,12.36,217,3.44,2,15.39,110,3.98,159,9.21,357,10.69,354,0,0,0,0,0,0,0,0,0,0,0,0,UCX31_x0001_|_x0007_:, ,1.36,5.01,46.99,3,3.98,93,65.1,1:48      ,3,2026-06-10 21:19:20,11014981.0,MAREESWARAN ,1,104339022046,104319220141,,AUTOMODE_TS1,BV141E2,38,2,,OK,,0,0,0020007910431251065202261366576B,1.16327,1.15358,1.15006,5,5,2.47665,6.79162,3.18563,1,1.2,1.2,1.2,1,1.2,0.5,12,0.5,12,0.5,12,291556,2026-06-10 21:17:28,10001033,SAKTHI VIJAY,13616,104339022046,104319220141,140HPW501   ,,AUTOMODE,BV141C,20,2,303663,OK,,0,0,9002102010431351067303261500780B,0020007910431251065202261366576B,0020004510431152006711261540476B,OK,OK,OK,OK,292786,2026-06-10 21:13:02,10001033.0,SAKTHI VIJAY,13616,104339022046,104319220141,140HPW501   ,AUTOMODE,BV141A,29,2,303663,OK,CA1,0,0,1020104313020080004674879488,OK,OK,0.39,0.412,0.5,0.39,0.432,0.5,OK,,0020004510431152006711261540476B,OK,OK,202.9,145.2,52.6,146.3,0.0,2.0419,52.1167,53.3473,0.204189,2.24609,55.5003,56.0098,56.2401,1.86641,57.5513,0.408382,0,0,0,0,05ACA007,293349,2026-06-10 21:15:34,10001033.0,SAKTHI VIJAY,13616.0,104339022046,104319220141,140HPW501   ,AUTOMODE,BV141B,29,2.0,303663.0,OK,,,,0020004510431152006711261540476B,OK,OK,,OK,OK,293478,2026-06-10 21:18:14,10001033.0,SAKTHI VIJAY,13616,104339022046,104319220141,,AUTOMODE,BV141D,34,2,303663,OK,CA14,,,0020007910431251065202261366576B,,0,146.2,5.3,-113.55,50.0,134,18.6,-222.95,59.6,-222.95,-113.71,1.15805,3.17356,45.0,40.0,5.0,19.4207,52.3159,52.3683,0,0,0,0,0,0,0,0,0,0,0,1.7,0,20.0,0,362954
5044845,1,0020007910431251065202261366611B,2026-06-12 12:47:57,314116, , ,104319220141,0,0,0,0,57000,110000,0,0,120000,0,0,0,1,0:19,1011,16,34.64,234,34.64,234,20.45,207,20.45,207,0,0,0,0,0,0,0,0,34.92,184,34.92,184,4.58,199,4.58,199,13.38,73,13.38,73,0,0,0,0,0,0,0,0,0,0,0,0,UCX31_x0001_|_x0007_:, ,1.3,4.91,44.99,3,4.37,94,65.46,0:50      ,3,2026-06-13 09:29:58,11014890.0,SUDALAI     ,1,104339022046,104319220141,,AUTOMODE_TS1,BV141E,44,1,,OK,,0,0,0020007910431251065202261366611B,1.17472,1.17383,1.17434,5,5,4.075,4.4925,4.2775,1,1.2,1.2,1.2,1,1.2,0.5,12,0.5,12,0.5,12,294285,2026-06-13 09:25:28,11014890,SUDALAI     ,13616,104339022046,104319220141,140HPW501   ,,AUTOMODE,BV141C,22,1,306533,OK,,0,0,9002102010431351067303261478982A,0020007910431251065202261366611B,0020004510431152006711261580082A,OK,OK,OK,OK,295589,2026-06-13 09:24:14,11014890.0,SUDALAI     ,13616,104339022046,104319220141,140HPW501   ,AUTOMODE,BV141A,23,1,306533,OK,CA1,0,0,1020104313020080004674879488,OK,OK,0.39,0.408,0.5,0.39,0.42,0.5,OK,,0020004510431152006711261580082A,OK,OK,202.9,145.2,52.6,146.3,0.0,1.02095,52.0536,53.0804,0.0816765,1.38849,55.3404,55.9569,57.6971,2.49112,57.4933,0.245026,0,0,0,0,05ACA001,296194,2026-06-13 09:24:54,11014890.0,SUDALAI     ,13616.0,104339022046,104319220141,140HPW501   ,AUTOMODE,BV141B,29,1.0,306533.0,OK,,,,0020004510431152006711261580082A,OK,OK,,OK,OK,296306,2026-06-13 09:28:46,11014890.0,SUDALAI     ,13616,104339022046,104319220141,,AUTOMODE,BV141D,99,1,306533,OK,CA13,,,0020007910431251065202261366611B,,0,145.1,5.9,-113.55,50.0,134,18.6,-222.95,59.6,-222.95,-113.71,1.30116,2.6754,45.0,40.0,5.0,23.7481,51.8546,52.0648,0,0,0,0,0,0,0,0,0,0,0,1.67,0,20.0,1,367604
5044707,1,0020007910431251065202261366660B,2026-06-12 11:53:38,314116, , ,104319220141,0,0,0,0,57000,110000,0,0,120000,0,0,0,3,2:25,1011,16,34.11,155,9.53,352,19.11,116,2.07,343,0,0,0,0,0,0,0,0,33.01,88,4.07,348,6.38,157,3.35,289,9.19,186,10.07,175,0,0,0,0,0,0,0,0,0,0,0,0,UCX31_x0001_|_x0007_:, ,1.35,4.97,44.99,3,4.07,93,64.88,3:55      ,3,2026-06-13 10:18:08,11014890.0,SUDALAI     ,1,104339022046,104319220141,,AUTOMODE_TS1,BV141E,45,1,,OK,,0,0,0020007910431251065202261366660B,1.17573,1.17484,1.17547,5,5,4.095,4.4975,4.49,1,1.2,1.2,1.2,1,1.2,0.5,12,0.5,12,0.5,12,294308,2026-06-13 10:15:52,11014981,MAREESWARAN ,13616,104339022046,104319220141,140HPW501   ,,AUTOMODE,BV141C,24,1,306558,OK,,0,0,9002102010431351067303261479283B,0020007910431251065202261366660B,0020004510431152006711261590410B,OK,OK,OK,OK,295613,2026-06-13 10:13:38,11014981.0,MAREESWARAN ,13616,104339022046,104319220141,140HPW501   ,AUTOMODE,BV141A,23,1,306558,OK,CA1,0,0,1020104313020080004674879488,OK,OK,0.39,0.413,0.5,0.39,0.413,0.5,OK,,0020004510431152006711261590410B,OK,OK,202.9,145.2,52.6,146.3,-0.0816765,-0.0408363,52.5941,52.082,-0.0816765,1.34766,54.8413,55.6618,57.6185,3.96129,57.2083,0.245029,0,0,0,0,05ACA010,296218,2026-06-13 10:14:20,11014981.0,MAREESWARAN ,13616.0,104339022046,104319220141,140HPW501   ,AUTOMODE,BV141B,29,1.0,306558.0,OK,,,,0020004510431152006711261590410B,OK,OK,,OK,OK,296330,2026-06-13 10:16:58,11014981.0,MAREESWARAN ,13616,104339022046,104319220141,,AUTOMODE,BV141D,36,1,306558,OK,CA13,,,0020007910431251065202261366660B,,0,145.1,6.0,-113.55,50.0,134,18.6,-222.95,59.6,-223.35,-113.71,1.466,3.28873,45.0,40.0,5.0,21.8558,52.2262,52.1921,0,0,0,0,0,0,0,0,0,0,0,1.71,0,20.0,0,367629
5034342,1,0020007910431251065202261366681B,2026-06-09 16:10:18,314116, , ,104319220141,0,0,0,0,57000,110000,0,0,120000,0,0,0,2,1:27,1011,16,31.96,78,21.04,162,19.27,11,5.19,160,0,0,0,0,0,0,0,0,36.26,356,10.16,122,9.13,95,6.32,126,8.71,6,11.85,7,0,0,0,0,0,0,0,0,0,0,0,0,UCX31_x0001_|_x0007_:, ,1.32,5.03,46.99,3,3.87,93,65.03,1:58      ,3,2026-06-13 16:04:43,11014981.0,MAREESWARAN ,1,104339022046,104319220141,,AUTOMODE_TS1,BV141E2,38,1,,OK,,0,0,0020007910431251065202261366681B,1.15899,1.15849,1.14478,5,5,2.60719,7.45749,3.3006,1,1.2,1.2,1.2,1,1.2,0.5,12,0.5,12,0.5,12,294642,2026-06-13 16:01:51,11014981,MAREESWARAN ,13616,104339022046,104319220141,140HPW501   ,,AUTOMODE,BV141C,19,1,306902,OK,,0,0,9002102010431351067303261542895B,0020007910431251065202261366681B,0020004510431152006711261580318A,OK,OK,OK,OK,295949,2026-06-13 16:00:03,11014981.0,MAREESWARAN ,13616,104339022046,104319220141,140HPW501   ,AUTOMODE,BV141A,28,1,306902,OK,CA1,0,0,1020104313020080004674879488,OK,OK,0.39,0.412,0.5,0.39,0.399,0.5,OK,,0020004510431152006711261580318A,OK,OK,202.9,145.2,52.6,146.3,-0.0408363,2.36861,52.048,53.4876,0.163353,2.32777,55.6532,56.0635,56.2401,2.05552,57.6126,0.367542,0,0,0,0,05ACA005,296558,2026-06-13 16:00:45,11014981.0,MAREESWARAN ,13616.0,104339022046,104319220141,140HPW501   ,AUTOMODE,BV141B,29,1.0,306902.0,OK,,,,0020004510431152006711261580318A,OK,OK,,OK,OK,296669,2026-06-13 16:03:35,11014981.0,MAREESWARAN ,13616,104339022046,104319220141,,AUTOMODE,BV141D,35,1,306902,OK,CA13,,,0020007910431251065202261366681B,,0,145.1,5.8,-113.55,50.0,134,18.6,-222.95,59.6,-223.35,-113.71,1.21863,3.42203,45.0,40.0,5.0,21.3959,52.1098,52.2558,0,0,0,0,0,0,0,0,0,0,0,1.69,0,20.0,0,367978
5044604,1,0020007910431251065202261366742B,2026-06-12 11:11:52,314116, , ,104319220141,0,0,0,0,57000,110000,0,0,120000,0,0,0,2,1:25,1011,16,29.35,133,14.37,215,7.67,54,2.76,152,0,0,0,0,0,0,0,0,8.7,13,4.04,169,15.49,103,6.07,166,9.74,340,11.15,352,0,0,0,0,0,0,0,0,0,0,0,0,UCX31_x0001_|_x0007_:, ,1.36,5,44.99,3,3.91,93,64.88,1:56      ,3,2026-06-13 10:22:24,11014890.0,SUDALAI     ,1,104339022046,104319220141,,AUTOMODE_TS1,BV141E,44,1,,OK,,0,0,0020007910431251065202261366742B,1.17358,1.17269,1.17295,5,5,4.2,4.165,4.225,1,1.2,1.2,1.2,1,1.2,0.5,12,0.5,12,0.5,12,294313,2026-06-13 10:20:28,11014981,MAREESWARAN ,13616,104339022046,104319220141,140HPW501   ,,AUTOMODE,BV141C,38,1,306563,OK,,0,0,9002102010431351067303261479377B,0020007910431251065202261366742B,0020004510431152006711261200061A,OK,OK,OK,OK,295618,2026-06-13 10:18:40,11014981.0,MAREESWARAN ,13616,104339022046,104319220141,140HPW501   ,AUTOMODE,BV141A,22,1,306563,OK,CA1,0,0,1020104313020080004674879488,OK,OK,0.39,0.412,0.5,0.39,0.425,0.5,OK,,0020004510431152006711261200061A,OK,OK,202.9,145.2,52.6,146.3,-0.0408401,1.1843,52.1227,53.1469,0.0408363,1.75603,55.2973,55.8069,57.8656,11.843,57.356,0.245026,0,0,0,0,05ACA002,296223,2026-06-13 10:19:18,11014981.0,MAREESWARAN ,13616.0,104339022046,104319220141,140HPW501   ,AUTOMODE,BV141B,29,1.0,306563.0,OK,,,,0020004510431152006711261200061A,OK,OK,,OK,OK,296335,2026-06-13 10:21:12,11014981.0,MAREESWARAN ,13616,104339022046,104319220141,,AUTOMODE,BV141D,35,1,306563,OK,CA13,,,0020007910431251065202261366742B,,0,145.0,5.9,-113.55,50.0,134,18.6,-222.95,59.6,-223.35,-113.71,0.737748,1.83844,45.0,40.0,5.0,21.0416,51.8782,51.9049,0,0,0,0,0,0,0,0,0,0,0,1.76,0,20.0,0,367634
5034471,1,0020007910431251065202261366770B,2026-06-09 16:43:33,314116, , ,104319220141,0,0,0,0,57000,110000,0,0,120000,0,0,0,1,0:19,1011,16,16.95,204,16.95,204,16.59,206,16.59,206,0,0,0,0,0,0,0,0,31.84,179,31.84,179,5.93,37,5.93,37,13.29,173,13.29,173,0,0,0,0,0,0,0,0,0,0,0,0,UCX31_x0001_|_x0007_:, ,1.33,5.03,47.42,3,4.05,94,65.53,0:50      ,3,2026-06-19 21:34:03,11014981.0,MAREESWARAN ,1,104339022046,104319220141,,AUTOMODE_TS1,BV141E2,38,2,,OK,,0,0,0020007910431251065202261366770B,1.15358,1.15887,1.15333,5,5,2.82754,6.90299,3.20479,1,1.2,1.2,1.2,1,1.2,0.5,12,0.5,12,0.5,12,301350,2026-06-19 21:32:15,11014981,MAREESWARAN ,13616,104339022046,104319220141,140HPW501   ,,AUTOMODE,BV141C,31,2,312861,OK,,0,0,9002102010431351067303261531747B,0020007910431251065202261366770B,0020004510431152006711261692083B,OK,OK,OK,OK,302633,2026-06-19 21:30:53,11014981.0,MAREESWARAN ,13616,104339022046,104319220141,140HPW501   ,AUTOMODE,BV141A,21,2,312861,OK,CA1,0,0,1020104313020080004674879488,OK,OK,0.39,0.438,0.5,0.39,0.46,0.5,OK,,0020004510431152006711261692083B,OK,OK,202.9,145.2,52.6,146.3,-0.0408363,2.16442,52.1884,53.4216,0.163353,2.0419,55.4853,55.9975,57.7402,4.04297,57.33,0.408382,0,0,0,0,05ACA001,303282,2026-06-19 21:31:31,11014981.0,MAREESWARAN ,13616.0,104339022046,104319220141,140HPW501   ,AUTOMODE,BV141B,31,2.0,312861.0,OK,,,,0020004510431152006711261692083B,OK,OK,,OK,OK,303383,2026-06-19 21:32:59,11014981.0,MAREESWARAN ,13616,104339022046,104319220141,,AUTOMODE,BV141D,31,2,312861,OK,CA14,,,0020007910431251065202261366770B,,0,145.7,6.1,-113.55,50.0,134,18.6,-222.95,59.6,-223.35,-113.71,1.63122,3.07442,45.0,40.0,5.0,25.4444,51.9299,52.2229,0,0,0,0,0,0,0,0,0,0,0,1.71,0,20.0,0,377401
5061610,1,0020007910431251065202261367100C,2026-06-17 17:21:09,314116, , ,104319220141,0,0,0,0,57000,110000,0,0,120000,0,0,0,2,1:34,1011,16,48.07,67,21.66,121,37.51,25,8.61,73,0,0,0,0,0,0,0,0,69.62,0,12.17,34,11.53,116,7.95,108,9.44,353,11.58,357,0,0,0,0,0,0,0,0,0,0,0,0,UCX31_x0001_|_x0007_:, ,1.34,4.87,46.18,3,5.01,93,64.81,2:05      ,3,2026-06-18 21:08:00,11014981.0,MAREESWARAN ,1,104339022046,104319220141,,AUTOMODE_TS1,BV141E2,38,2,,OK,,0,0,0020007910431251065202261367100C,1.1639,1.14918,1.15031,5,5,2.44671,6.01557,2.59281,1,1.2,1.2,1.2,1,1.2,0.5,12,0.5,12,0.5,12,300761,2026-06-18 21:05:36,11014981,MAREESWARAN ,13616,104339022046,104319220141,140HPW501   ,,AUTOMODE,BV141C,21,2,312348,OK,,0,0,9002102010431351067303261542360A,0020007910431251065202261367100C,0020004510431152006711261652306C,OK,OK,OK,OK,302124,2026-06-18 21:04:08,11014981.0,MAREESWARAN ,13616,104339022046,104319220141,140HPW501   ,AUTOMODE,BV141A,22,2,312348,OK,CA1,0,0,1020104313020080004674879488,OK,OK,0.39,0.418,0.5,0.39,0.429,0.5,OK,,0020004510431152006711261652306C,OK,OK,202.9,145.2,52.6,146.3,0.0,1.7152,52.0894,53.1162,0.0816727,1.91939,55.6845,55.9902,57.6285,1.96022,57.5266,0.367542,0,0,0,0,05ACA010,302772,2026-06-18 21:04:48,11014981.0,MAREESWARAN ,13616.0,104339022046,104319220141,140HPW501   ,AUTOMODE,BV141B,29,2.0,312348.0,OK,,,,0020004510431152006711261652306C,OK,OK,,OK,OK,302871,2026-06-18 21:06:54,11014981.0,MAREESWARAN ,13616,104339022046,104319220141,,AUTOMODE,BV141D,34,2,312348,OK,CA13,,,0020007910431251065202261367100C,,0,145.0,6.2,-113.55,50.0,134,18.6,-222.95,59.6,-223.35,-113.71,1.00905,2.59788,45.0,40.0,5.0,22.0292,52.3899,52.3672,0,0,0,0,0,0,0,0,0,0,0,1.86,0,20.0,0,376781
5031910,1,0020007910431251065202261377821C,2026-06-09 00:26:02,314116, , ,104319220141,0,0,0,0,57000,110000,0,0,120000,0,0,0,2,1:18,1011,16,19.39,211,10.55,268,10.88,113,4.38,162,0,0,0,0,0,0,0,0,14.67,72,3.65,111,12.05,197,5.86,236,9.2,54,10.61,61,0,0,0,0,0,0,0,0,0,0,0,0,UCX31_x0001_|_x0007_:, ,1.34,4.95,45.74,3,4.61,93,65.03,1:49      ,3,2026-06-11 02:30:28,11014086.0,BABU        ,1,104339022046,104319220141,,AUTOMODE_TS1,BV141E2,38,2,,OK,,0,0,0020007910431251065202261377821C,1.15195,1.15698,1.15208,5,5,2.47305,5.90659,2.48743,1,1.2,1.2,1.2,1,1.2,0.5,12,0.5,12,0.5,12,291809,2026-06-11 02:28:06,11014086,BABU        ,13616,104339022046,104319220141,140HPW501   ,,AUTOMODE,BV141C,23,2,303929,OK,,0,0,9002102010431351067303261499998A,0020007910431251065202261377821C,0020004510431152006711261540368A,OK,OK,OK,OK,293045,2026-06-11 02:26:22,11014086.0,BABU        ,13616,104339022046,104319220141,140HPW501   ,AUTOMODE,BV141A,23,2,303929,OK,CA1,0,0,1020104313020080004674879488,OK,OK,0.39,0.435,0.5,0.39,0.433,0.5,OK,,0020004510431152006711261540368A,OK,OK,202.9,145.2,52.6,146.3,-0.0408363,1.10263,52.0662,53.1975,0.0408401,1.7152,55.3581,55.6638,57.7199,11.6388,57.3046,0.245029,0,0,0,0,05ACA006,293612,2026-06-11 02:27:04,11014086.0,BABU        ,13616.0,104339022046,104319220141,140HPW501   ,AUTOMODE,BV141B,28,2.0,303929.0,OK,,,,0020004510431152006711261540368A,OK,OK,,OK,OK,293740,2026-06-11 02:29:22,11014086.0,BABU        ,13616,104339022046,104319220141,,AUTOMODE,BV141D,33,2,303929,OK,CA14,,,0020007910431251065202261377821C,,0,145.5,4.9,-113.55,50.0,134,18.6,-222.95,59.6,-222.95,-113.71,0.436761,2.0794,45.0,40.0,5.0,18.4406,51.8536,51.8747,0,0,0,0,0,0,0,0,0,0,0,1.6,0,20.0,0,363274
5028087,1,0020007910431251065202261377991C,2026-06-07 11:50:40,314116, , ,104319220141,0,0,0,0,57000,110000,0,0,120000,0,0,0,2,1:22,1011,16,48.55,59,12.08,75,12.18,59,1.81,88,0,0,0,0,0,0,0,0,17.38,55,3.71,101,22.82,12,6.12,15,9.7,182,10.37,183,0,0,0,0,0,0,0,0,0,0,0,0,UCX31_x0001_|_x0007_:, ,1.24,5,45.19,3,4.06,94,65.03,1:53      ,3,2026-06-09 06:53:09,11014981.0,MAREESWARAN ,1,104339022046,104319220141,,AUTOMODE_TS1,BV141E,45,2,,OK,,0,0,0020007910431251065202261377991C,1.17585,1.1756,1.17636,5,5,4.8975,4.4825,5.14,1,1.2,1.2,1.2,1,1.2,0.5,12,0.5,12,0.5,12,289765,2026-06-09 06:51:07,11014086,BABU        ,13616,104339022046,104319220141,140HPW501   ,,AUTOMODE,BV141C,17,2,301795,OK,,0,0,9002102010431351067303261203605A,0020007910431251065202261377991C,0020004510431152006711261530060B,OK,OK,OK,OK,290963,2026-06-09 06:48:11,11014981.0,MAREESWARAN ,13616,104339022046,104319220141,140HPW501   ,AUTOMODE,BV141A,22,2,301795,OK,CA1,0,0,1020104313020080004674879488,OK,OK,0.39,0.416,0.5,0.39,0.449,0.5,OK,,0020004510431152006711261530060B,OK,OK,202.9,145.2,52.6,146.3,-0.0408401,0.980114,52.2292,53.149,0.0408363,1.42933,55.302,55.8166,57.7683,5.26811,57.4625,0.204189,0,0,0,0,05ACA005,291507,2026-06-09 06:48:49,11014981.0,MAREESWARAN ,13616.0,104339022046,104319220141,140HPW501   ,AUTOMODE,BV141B,29,2.0,301795.0,OK,,,,0020004510431152006711261530060B,OK,OK,,OK,OK,291645,2026-06-09 06:52:03,11014086.0,BABU        ,13616,104339022046,104319220141,,AUTOMODE,BV141D,32,2,301795,OK,CA14,,,0020007910431251065202261377991C,,0,145.1,4.8,-113.55,50.0,134,18.6,-222.95,59.6,-222.95,-113.71,0.239719,0.866993,45.0,40.0097,5.0,18.2521,52.3151,52.3348,0,0,0,0,0,0,0,0,0,0,0,2.05,0,20.0,0,360391
5007125,1,0020007910431251065202261378109C,2026-06-01 10:49:42,306217, , ,104319220141,0,0,0,0,57000,110000,0,0,120000,0,0,0,1,0:19,1011,16,73.72,174,73.72,174,39.1,156,39.1,156,0,0,0,0,0,0,0,0,25.44,256,25.44,256,8.94,299,8.94,299,10.1,198,10.1,198,0,0,0,0,0,0,0,0,0,0,0,0,UCX31_x0001_|_x0007_:, ,1.21,4.93,44.96,14,4.49,93,64.45,0:56      ,3,2026-06-04 06:57:24,11014086.0,BABU        ,1,104339022046,104319220141,,AUTOMODE_TS1,BV141E,45,2,,OK,,0,0,0020007910431251065202261378109C,1.17623,1.17295,1.17661,5,5,3.8775,3.8675,4.5225,1,1.2,1.2,1.2,1,1.2,0.5,12,0.5,12,0.5,12,284020,2026-06-04 06:55:04,11014981,MAREESWARAN ,13616,104339022046,104319220141,140HPW501   ,,AUTOMODE,BV141C,18,2,296812,OK,,0,0,9002102010431351067303261500560A,0020007910431251065202261378109C,0020004510431152006711261530186B,OK,OK,OK,OK,285178,2026-06-04 06:53:38,11014981.0,MAREESWARAN ,13616,104339022046,104319220141,140HPW501   ,AUTOMODE,BV141A,24,2,296812,OK,CA1,0,0,1020104313020080004674879488,OK,OK,0.39,0.418,0.5,0.39,0.407,0.5,OK,,0020004510431152006711261530186B,OK,OK,202.9,145.2,52.6,146.3,0.0,1.87855,52.0968,53.3275,0.163353,2.32777,55.381,55.8906,57.6384,1.96023,57.5365,0.326706,0,0,0,0,05ACA004,285702,2026-06-04 06:54:18,11014981.0,MAREESWARAN ,13616.0,104339022046,104319220141,140HPW501   ,AUTOMODE,BV141B,29,2.0,296812.0,OK,,,,0020004510431152006711261530186B,OK,OK,,OK,OK,285857,2026-06-04 06:56:14,11014981.0,MAREESWARAN ,13616,104339022046,104319220141,,AUTOMODE,BV141D,35,2,296812,OK,CA13,,,0020007910431251065202261378109C,,0,145.1,5.9,-113.55,50.0,134,18.6,-222.95,59.6,-216.052,-106.71,0.429935,1.91702,45.0,40.0,5.0,19.0663,52.1564,52.1388,0,0,0,0,0,0,0,0,0,0,0,1.73,0,20.0,0,353832
5042333,1,0020007910431251065202261378119C,2026-06-11 19:51:23,314116, , ,104319220141,0,0,0,0,57000,110000,0,0,120000,0,0,0,3,2:14,1011,16,16.82,226,6.95,261,3.9,292,1.19,262,0,0,0,0,0,0,0,0,7.29,281,0.3,264,9.62,167,3.19,216,9.1,52,10.5,50,0,0,0,0,0,0,0,0,0,0,0,0,UCX31_x0001_|_x0007_:, ,1.4,4.9,45.05,3,3.89,93,64.88,3:03      ,3,2026-06-13 11:31:37,11014890.0,SUDALAI     ,1,104339022046,104319220141,,AUTOMODE_TS1,BV141E2,38,1,,OK,,0,0,0020007910431251065202261378119C,1.15774,1.1605,1.1444,5,5,2.60958,6.9509,3.03832,1,1.2,1.2,1.2,1,1.2,0.5,12,0.5,12,0.5,12,294388,2026-06-13 11:28:51,11014981,MAREESWARAN ,13616,104339022046,104319220141,140HPW501   ,,AUTOMODE,BV141C,21,1,306641,OK,,0,0,9002102010431351067303261500492A,0020007910431251065202261378119C,0020004510431152006711261590276B,OK,OK,OK,OK,295693,2026-06-13 11:27:35,11014981.0,MAREESWARAN ,13616,104339022046,104319220141,140HPW501   ,AUTOMODE,BV141A,24,1,306641,OK,CA1,0,0,1020104313020080004674879488,OK,OK,0.39,0.401,0.5,0.39,0.413,0.5,OK,,0020004510431152006711261590276B,OK,OK,202.9,145.2,52.6,146.3,-0.0816765,1.30682,52.5857,53.1004,0.0408363,2.12358,55.6763,55.982,57.7197,3.2262,57.5158,0.367542,0,0,0,0,05ACA001,296300,2026-06-13 11:28:15,11014981.0,MAREESWARAN ,13616.0,104339022046,104319220141,140HPW501   ,AUTOMODE,BV141B,31,1.0,306641.0,OK,,,,0020004510431152006711261590276B,OK,OK,,OK,OK,296411,2026-06-13 11:30:31,11014981.0,MAREESWARAN ,13616,104339022046,104319220141,,AUTOMODE,BV141D,35,1,306641,OK,CA13,,,0020007910431251065202261378119C,,0,145.3,6.0,-113.55,50.0,134,18.6,-222.95,59.6,-223.35,-113.71,0.596499,1.75806,45.0,40.0,5.0,25.3389,51.8385,52.1287,0,0,0,0,0,0,0,0,0,0,0,1.78,0,20.0,0,367715
5069254,1,0020007910431251065202261378126C,2026-06-19 21:26:11,314116, , ,104319220141,0,0,0,0,57000,110000,0,0,120000,0,0,0,3,2:20,1011,16,59.28,290,18.21,326,40.66,285,12.04,293,0,0,0,0,0,0,0,0,66.01,267,19.33,271,10.98,218,2.09,304,9.26,262,10.06,262,0,0,0,0,0,0,0,0,0,0,0,0,UCX31_x0001_|_x0007_:, ,1.35,5.03,45.34,3,4.21,93,64.93,2:51      ,3,2026-06-20 22:15:04,11014981.0,MAREESWARAN ,1,104339022046,104319220141,,AUTOMODE_TS1,BV141E2,38,2,,OK,,0,0,0020007910431251065202261378126C,1.15623,1.14616,1.16138,5,5,2.53413,6.40479,3.01677,1,1.2,1.2,1.2,1,1.2,0.5,12,0.5,12,0.5,12,302574,2026-06-20 22:12:44,11014981,MAREESWARAN ,13616,104339022046,104319220141,140HPW501   ,,AUTOMODE,BV141C,25,2,314120,OK,,0,0,9002102010431351067303261531365B,0020007910431251065202261378126C,0020004510431152006711261702071B,OK,OK,OK,OK,303870,2026-06-20 22:11:10,11014981.0,MAREESWARAN ,13616,104339022046,104319220141,140HPW501   ,AUTOMODE,BV141A,23,2,314120,OK,CA1,0,0,1020104313020080004674879488,OK,OK,0.39,0.432,0.5,0.39,0.44,0.5,OK,,0020004510431152006711261702071B,OK,OK,202.9,145.2,52.6,146.3,0.0,4.49219,52.6931,53.4141,0.530895,3.96129,55.3658,55.9798,56.2401,3.31763,57.4193,1.02095,0,0,0,0,05ACA001,304529,2026-06-20 22:11:50,11014981.0,MAREESWARAN ,13616.0,104339022046,104319220141,140HPW501   ,AUTOMODE,BV141B,30,2.0,314120.0,OK,,,,0020004510431152006711261702071B,OK,OK,,OK,OK,304627,2026-06-20 22:13:58,11014981.0,MAREESWARAN ,13616,104339022046,104319220141,,AUTOMODE,BV141D,37,2,314120,OK,CA14,,,0020007910431251065202261378126C,,0,145.3,7.8,-113.55,50.0,134,18.6,-222.95,59.6,-223.35,-113.71,0.615619,1.07055,45.0,41.1579,5.0,25.4972,51.8676,52.141,0,0,0,0,0,0,0,0,0,0,0,1.7,0,20.0,0,378754
5030979,1,0020007910431251065202261378201C,2026-06-08 19:13:43,314116, , ,104319220141,0,0,0,0,57000,110000,0,0,120000,0,0,0,3,2:19,1011,16,27.91,157,5.9,182,9.88,204,0.73,37,0,0,0,0,0,0,0,0,22.1,193,0.45,347,16.08,84,2.98,140,9.21,244,10.17,255,0,0,0,0,0,0,0,0,0,0,0,0,UCX31_x0001_|_x0007_:, ,1.34,5.02,45.89,3,4.09,93,64.88,2:50      ,3,2026-06-09 07:04:07,11014981.0,MAREESWARAN ,1,104339022046,104319220141,,AUTOMODE_TS1,BV141E2,38,2,,OK,,0,0,0020007910431251065202261378201C,1.14704,1.1522,1.14704,5,5,2.89222,7.36287,4.0994,1,1.2,1.2,1.2,1,1.2,0.5,12,0.5,12,0.5,12,289779,2026-06-09 07:01:25,11014086,BABU        ,13616,104339022046,104319220141,140HPW501   ,,AUTOMODE,BV141C,18,2,301809,OK,,0,0,9002102010431351067303261203547A,0020007910431251065202261378201C,0020004510431152006711261550033A,OK,OK,OK,OK,290977,2026-06-09 06:59:59,11014086.0,BABU        ,13616,104339022046,104319220141,140HPW501   ,AUTOMODE,BV141A,21,2,301809,OK,CA1,0,0,1020104313020080004674879488,OK,OK,0.39,0.423,0.5,0.39,0.414,0.5,OK,,0020004510431152006711261550033A,OK,OK,202.9,145.2,52.6,146.3,0.0,1.42933,52.0377,52.8606,0.122517,1.96023,55.1282,55.5384,57.7984,13.2315,57.1818,0.326706,0,0,0,0,05ACA006,291521,2026-06-09 07:00:41,11014086.0,BABU        ,13616.0,104339022046,104319220141,140HPW501   ,AUTOMODE,BV141B,28,2.0,301809.0,OK,,,,0020004510431152006711261550033A,OK,OK,,OK,OK,291659,2026-06-09 07:03:03,11014086.0,BABU        ,13616,104339022046,104319220141,,AUTOMODE,BV141D,32,2,301809,OK,CA14,,,0020007910431251065202261378201C,,0,145.7,4.6,-113.55,50.0,134,18.6,-222.95,59.6,-222.95,-113.71,0.175548,0.919093,45.0,40.0,5.0,18.6291,51.7785,51.788,0,0,0,0,0,0,0,0,0,0,0,1.81,0,20.0,0,360405
5031875,1,0020007910431251065202261378262C,2026-06-09 00:13:14,314116, , ,104319220141,0,0,0,0,57000,110000,0,0,120000,0,0,0,1,0:19,1011,16,64.48,119,64.48,119,47.14,111,47.14,111,0,0,0,0,0,0,0,0,76.64,88,76.64,88,9.12,46,9.12,46,10.91,130,10.91,130,0,0,0,0,0,0,0,0,0,0,0,0,UCX31_x0001_|_x0007_:, ,1.25,5.02,45.71,3,4.77,93,65.53,0:50      ,3,2026-06-13 11:35:37,11014890.0,SUDALAI     ,1,104339022046,104319220141,,AUTOMODE_TS1,BV141E,45,1,,OK,,0,0,0020007910431251065202261378262C,1.18192,1.17383,1.17396,5,5,4.005,4.2,3.885,1,1.2,1.2,1.2,1,1.2,0.5,12,0.5,12,0.5,12,294393,2026-06-13 11:32:41,11014981,MAREESWARAN ,13616,104339022046,104319220141,140HPW501   ,,AUTOMODE,BV141C,22,1,306646,OK,,0,0,9002102010431351067303261500520A,0020007910431251065202261378262C,0020004510431152006711261590376B,OK,OK,OK,OK,295698,2026-06-13 11:30:49,11014981.0,MAREESWARAN ,13616,104339022046,104319220141,140HPW501   ,AUTOMODE,BV141A,21,1,306646,OK,CA1,0,0,1020104313020080004674879488,OK,OK,0.39,0.416,0.5,0.39,0.42,0.5,OK,,0020004510431152006711261590376B,OK,OK,202.9,145.2,52.6,146.3,0.0,1.3885,52.0229,53.1516,0.0816765,1.59269,55.5262,56.0434,57.5925,1.87855,57.488,0.285866,0,0,0,0,05ACA003,296305,2026-06-13 11:31:25,11014981.0,MAREESWARAN ,13616.0,104339022046,104319220141,140HPW501   ,AUTOMODE,BV141B,30,1.0,306646.0,OK,,,,0020004510431152006711261590376B,OK,OK,,OK,OK,296416,2026-06-13 11:34:25,11014981.0,MAREESWARAN ,13616,104339022046,104319220141,,AUTOMODE,BV141D,35,1,306646,OK,CA13,,,0020007910431251065202261378262C,,0,145.0,5.9,-113.55,50.0,134,18.6,-222.95,59.6,-223.35,-113.71,1.11133,2.50623,45.0,40.0,5.0,23.8913,52.2605,52.2785,0,0,0,0,0,0,0,0,0,0,0,1.61,0,20.0,0,367720
5039392,1,0020007910431251065202261388285A,2026-06-10 22:50:59,314116, , ,104319220141,0,0,0,0,57000,110000,0,0,120000,0,0,0,4,3:35,1011,16,56.76,121,3.16,306,20.93,114,3.43,184,0,0,0,0,0,0,0,0,34.36,88,0.37,16,16.35,68,2.06,247,8.22,70,10.33,66,0,0,0,0,0,0,0,0,0,0,0,0,UCX31_x0001_|_x0007_:, ,1.3,4.89,45.05,3,4.58,93,65.1,4:06      ,3,2026-06-11 21:30:32,11014981.0,MAREESWARAN ,1,104339022046,104319220141,,AUTOMODE_TS1,BV141E,45,2,,OK,,0,0,0020007910431251065202261388285A,1.17674,1.17307,1.17522,5,5,4.135,3.9275,4.35,1,1.2,1.2,1.2,1,1.2,0.5,12,0.5,12,0.5,12,292672,2026-06-11 21:28:36,11014981,MAREESWARAN ,13616,104339022046,104319220141,140HPW501   ,,AUTOMODE,BV141C,24,2,304830,OK,,0,0,9002102010431351067303261479668B,0020007910431251065202261388285A,0020004510431152006711261540582B,OK,OK,OK,OK,293932,2026-06-11 21:27:22,11014981.0,MAREESWARAN ,13616,104339022046,104319220141,140HPW501   ,AUTOMODE,BV141A,22,2,304830,OK,CA1,0,0,1020104313020080004674879488,OK,OK,0.39,0.406,0.5,0.39,0.415,0.5,OK,,0020004510431152006711261540582B,OK,OK,202.9,145.2,52.6,146.3,0.0,1.96023,52.1226,53.4577,0.163353,2.20526,55.7176,56.0259,56.2401,1.90377,57.5725,0.408382,0,0,0,0,05ACA010,294509,2026-06-11 21:27:58,11014981.0,MAREESWARAN ,13616.0,104339022046,104319220141,140HPW501   ,AUTOMODE,BV141B,28,2.0,304830.0,OK,,,,0020004510431152006711261540582B,OK,OK,,OK,OK,294633,2026-06-11 21:29:22,11014981.0,MAREESWARAN ,13616,104339022046,104319220141,,AUTOMODE,BV141D,33,2,304830,OK,CA13,,,0020007910431251065202261388285A,,0,146.0,7.3,-113.55,50.0,134,18.6,-222.95,59.6,-223.2,-113.71,0.862735,1.78676,45.0,40.5813,5.0,20.0992,52.2796,52.3015,0,0,0,0,0,0,0,0,0,0,0,1.8,0,20.0,0,364777
5030906,1,0020007910431251065202261388289A,2026-06-08 18:46:19,314116, , ,104319220141,0,0,0,0,57000,110000,0,0,120000,0,0,0,2,1:26,1011,16,34.71,240,21.27,293,18.79,173,6.97,239,0,0,0,0,0,0,0,0,28.15,139,5.64,223,15.29,235,9.8,255,8.72,95,11.48,111,0,0,0,0,0,0,0,0,0,0,0,0,UCX31_x0001_|_x0007_:, ,1.33,4.88,45.71,3,3.82,94,64.9,1:57      ,3,2026-06-09 07:08:21,11014981.0,MAREESWARAN ,1,104339022046,104319220141,,AUTOMODE_TS1,BV141E2,38,2,,OK,,0,0,0020007910431251065202261388289A,1.15849,1.15031,1.14906,5,5,2.74252,6.46587,2.78204,1,1.2,1.2,1.2,1,1.2,0.5,12,0.5,12,0.5,12,289783,2026-06-09 07:06:33,11014086,BABU        ,13616,104339022046,104319220141,140HPW501   ,,AUTOMODE,BV141C,21,2,301813,OK,,0,0,9002102010431351067303261203572A,0020007910431251065202261388289A,0020004510431152006711261550043A,OK,OK,OK,OK,290981,2026-06-09 07:05:11,11014086.0,BABU        ,13616,104339022046,104319220141,140HPW501   ,AUTOMODE,BV141A,22,2,301813,OK,CA1,0,0,1020104313020080004674879488,OK,OK,0.39,0.421,0.5,0.39,0.43,0.5,OK,,0020004510431152006711261550043A,OK,OK,202.9,145.2,52.6,146.3,0.0,1.10263,52.1121,53.2408,0.0816765,1.80723,55.7096,56.2401,56.3313,1.87855,57.8779,0.326706,0,0,0,0,05ACA007,291525,2026-06-09 07:05:55,11014086.0,BABU        ,13616.0,104339022046,104319220141,140HPW501   ,AUTOMODE,BV141B,28,2.0,301813.0,OK,,,,0020004510431152006711261550043A,OK,OK,,OK,OK,291663,2026-06-09 07:07:17,11014086.0,BABU        ,13616,104339022046,104319220141,,AUTOMODE,BV141D,32,2,301813,OK,CA14,,,0020007910431251065202261388289A,,0,145.4,4.5,-113.55,50.0,134,18.6,-222.95,59.6,-222.95,-113.71,0.154485,0.976206,45.0,40.0,5.0,13.4648,52.327,52.3245,0,0,0,0,0,0,0,0,0,0,0,1.73,0,20.0,0,360409
5030776,1,0020007910431251065202261388293A,2026-06-08 18:06:33,314116, , ,104319220141,0,0,0,0,57000,110000,0,0,120000,0,0,0,1,0:19,1011,16,62.55,19,62.55,19,36.73,353,36.73,353,0,0,0,0,0,0,0,0,58.8,327,58.8,327,13.91,7,13.91,7,12.25,238,12.25,238,0,0,0,0,0,0,0,0,0,0,0,0,UCX31_x0001_|_x0007_:, ,1.33,4.95,45.28,3,4.21,93,65.53,0:51      ,3,2026-06-09 07:06:07,11014981.0,MAREESWARAN ,1,104339022046,104319220141,,AUTOMODE_TS1,BV141E,45,2,,OK,,0,0,0020007910431251065202261388293A,1.17497,1.17408,1.17472,5,5,5.085,5.4225,5.09,1,1.2,1.2,1.2,1,1.2,0.5,12,0.5,12,0.5,12,289780,2026-06-09 07:04:15,11014086,BABU        ,13616,104339022046,104319220141,140HPW501   ,,AUTOMODE,BV141C,17,2,301810,OK,,0,0,9002102010431351067303261203592A,0020007910431251065202261388293A,0020004510431152006711261550072A,OK,OK,OK,OK,290978,2026-06-09 07:00:43,11014086.0,BABU        ,13616,104339022046,104319220141,140HPW501   ,AUTOMODE,BV141A,21,2,301810,OK,CA1,0,0,1020104313020080004674879488,OK,OK,0.39,0.407,0.5,0.39,0.407,0.5,OK,,0020004510431152006711261550072A,OK,OK,202.9,145.2,52.6,146.3,-0.0408401,1.1843,52.3515,53.6917,0.0816765,1.46697,55.7402,56.2401,56.3542,2.00106,57.8957,0.367542,0,0,0,0,05ACA003,291522,2026-06-09 07:03:41,11014086.0,BABU        ,13616.0,104339022046,104319220141,140HPW501   ,AUTOMODE,BV141B,27,2.0,301810.0,OK,,,,0020004510431152006711261550072A,OK,OK,,OK,OK,291660,2026-06-09 07:04:59,11014086.0,BABU        ,13616,104339022046,104319220141,,AUTOMODE,BV141D,32,2,301810,OK,CA14,,,0020007910431251065202261388293A,,0,145.2,4.6,-113.55,50.0,134,18.6,-222.95,59.6,-222.95,-113.71,1.30948,2.72792,45.0,40.0,5.0,22.3534,52.1676,52.2253,0,0,0,0,0,0,0,0,0,0,0,1.71,0,20.0,0,360406
5032197,1,0020007910431251065202261388302A,2026-06-09 02:34:15,314116, , ,104319220141,0,0,0,0,57000,110000,0,0,120000,0,0,0,2,1:20,1011,16,19.16,295,8.8,297,9.41,55,2.64,123,0,0,0,0,0,0,0,0,21.45,30,5.57,94,17.46,235,6.44,263,8.6,162,10.87,154,0,0,0,0,0,0,0,0,0,0,0,0,UCX31_x0001_|_x0007_:, ,1.33,4.94,45.71,3,5.37,93,65.03,6:46      ,3,2026-06-11 02:29:48,11014086.0,BABU        ,1,104339022046,104319220141,,AUTOMODE_TS1,BV141E,44,2,,OK,,0,0,0020007910431251065202261388302A,1.17965,1.17472,1.17168,5,5,4.2875,3.98,4.5,1,1.2,1.2,1.2,1,1.2,0.5,12,0.5,12,0.5,12,291808,2026-06-11 02:27:28,11014086,BABU        ,13616,104339022046,104319220141,140HPW501   ,,AUTOMODE,BV141C,22,2,303928,OK,,0,0,9002102010431351067303261499983A,0020007910431251065202261388302A,0020004510431152006711261550823C,OK,OK,OK,OK,293044,2026-06-11 02:25:40,11014086.0,BABU        ,13616,104339022046,104319220141,140HPW501   ,AUTOMODE,BV141A,21,2,303928,OK,CA1,0,0,1020104313020080004674879488,OK,OK,0.39,0.412,0.5,0.39,0.431,0.5,OK,,0020004510431152006711261550823C,OK,OK,202.9,145.2,52.6,146.3,0.0,1.79688,52.2852,53.1056,0.122513,2.40945,55.6738,55.9821,56.2401,2.0227,57.6306,0.408382,0,0,0,0,05ACA010,293611,2026-06-11 02:26:24,11014086.0,BABU        ,13616.0,104339022046,104319220141,140HPW501   ,AUTOMODE,BV141B,28,2.0,303928.0,OK,,,,0020004510431152006711261550823C,OK,OK,,OK,OK,293739,2026-06-11 02:28:38,11014086.0,BABU        ,13616,104339022046,104319220141,,AUTOMODE,BV141D,33,2,303928,OK,CA14,,,0020007910431251065202261388302A,,0,145.1,4.8,-113.55,50.0,134,18.6,-222.95,59.6,-222.95,-113.71,1.33855,3.30119,45.0,40.0,5.0,24.7433,52.1804,52.3983,0,0,0,0,0,0,0,0,0,0,0,1.78,0,20.0,0,363273
5032094,1,0020007910431251065202261388306A,2026-06-09 01:51:30,314116, , ,104319220141,0,0,0,0,57000,110000,0,0,120000,0,0,0,4,3:00,1011,16,7.55,285,3.93,350,4.11,132,1.58,326,0,0,0,0,0,0,0,0,9.98,101,0.47,229,6.72,263,1.79,321,8.2,180,10.12,177,0,0,0,0,0,0,0,0,0,0,0,0,UCX31_x0001_|_x0007_:, ,1.26,4.99,45.75,3,4.64,93,65.05,3:30      ,3,2026-06-11 21:29:14,11014981.0,MAREESWARAN ,1,104339022046,104319220141,,AUTOMODE_TS1,BV141E,45,2,,OK,,0,0,0020007910431251065202261388306A,1.17863,1.1756,1.17547,5,5,4.08,4.335,4.57,1,1.2,1.2,1.2,1,1.2,0.5,12,0.5,12,0.5,12,292671,2026-06-11 21:27:18,11014981,MAREESWARAN ,13616,104339022046,104319220141,140HPW501   ,,AUTOMODE,BV141C,18,2,304829,OK,,0,0,9002102010431351067303261479640B,0020007910431251065202261388306A,0020004510431152006711261540517B,OK,OK,OK,OK,293931,2026-06-11 21:26:04,11014981.0,MAREESWARAN ,13616,104339022046,104319220141,140HPW501   ,AUTOMODE,BV141A,22,2,304829,OK,CA1,0,0,1020104313020080004674879488,OK,OK,0.39,0.403,0.5,0.39,0.42,0.5,OK,,0020004510431152006711261540517B,OK,OK,202.9,145.2,52.6,146.3,-0.0314331,1.42933,52.0212,53.4322,0.122513,2.24609,55.3889,55.9062,56.2401,1.74038,57.547,0.367542,0,0,0,0,05ACA004,294508,2026-06-11 21:26:46,11014981.0,MAREESWARAN ,13616.0,104339022046,104319220141,140HPW501   ,AUTOMODE,BV141B,29,2.0,304829.0,OK,,,,0020004510431152006711261540517B,OK,OK,,OK,OK,294632,2026-06-11 21:28:04,11014981.0,MAREESWARAN ,13616,104339022046,104319220141,,AUTOMODE,BV141D,33,2,304829,OK,CA13,,,0020007910431251065202261388306A,,0,145.9,7.0,-113.55,50.0,134,18.6,-222.95,59.6,-223.2,-113.71,0.743022,2.19387,45.0,40.2,5.0,18.237,52.1801,52.1769,0,0,0,0,0,0,0,0,0,0,0,2.04,0,20.0,0,364776
5032510,1,0020007910431251065202261388309A,2026-06-09 04:49:44,314116, , ,104319220141,0,0,0,0,57000,110000,0,0,120000,0,0,0,2,1:24,1011,16,31.37,267,16.65,301,6.56,188,2.75,247,0,0,0,0,0,0,0,0,10.09,136,2.6,184,16.77,240,7.98,266,8.42,129,11.06,130,0,0,0,0,0,0,0,0,0,0,0,0,UCX31_x0001_|_x0007_:, ,1.24,5,46.32,3,4.85,94,64.88,2:08      ,3,2026-06-11 02:31:30,11014086.0,BABU        ,1,104339022046,104319220141,,AUTOMODE_TS1,BV141E,44,2,,OK,,0,0,0020007910431251065202261388309A,1.17522,1.17345,1.17219,5,5,4.2225,4.125,4.895,1,1.2,1.2,1.2,1,1.2,0.5,12,0.5,12,0.5,12,291810,2026-06-11 02:29:28,11014086,BABU        ,13616,104339022046,104319220141,140HPW501   ,,AUTOMODE,BV141C,25,2,303930,OK,,0,0,9002102010431351067303261499976A,0020007910431251065202261388309A,0020004510431152006711261550930C,OK,OK,OK,OK,293046,2026-06-11 02:27:04,11014086.0,BABU        ,13616,104339022046,104319220141,140HPW501   ,AUTOMODE,BV141A,21,2,303930,OK,CA1,0,0,1020104313020080004674879488,OK,OK,0.39,0.411,0.5,0.39,0.409,0.5,OK,,0020004510431152006711261550930C,OK,OK,202.9,145.2,52.6,146.3,0.0,1.75603,52.1071,53.1339,0.122513,1.63352,55.5977,56.0104,57.6614,4.32884,57.4525,0.326706,0,0,0,0,05ACA003,293613,2026-06-11 02:27:48,11014086.0,BABU        ,13616.0,104339022046,104319220141,140HPW501   ,AUTOMODE,BV141B,29,2.0,303930.0,OK,,,,0020004510431152006711261550930C,OK,OK,,OK,OK,293741,2026-06-11 02:30:14,11014086.0,BABU        ,13616,104339022046,104319220141,,AUTOMODE,BV141D,33,2,303930,OK,CA14,,,0020007910431251065202261388309A,,0,145.2,4.8,-113.55,50.0,134,18.6,-222.95,59.6,-222.95,-113.71,1.26965,3.25782,45.0,40.0,5.0,23.9441,52.1966,52.3959,0,0,0,0,0,0,0,0,0,0,0,1.73,0,20.0,0,363275
5031703,1,0020007910431251065202261388317A,2026-06-08 22:57:36,314116, , ,104319220141,0,0,0,0,57000,110000,0,0,120000,0,0,0,3,2:36,1011,16,66.94,280,11.8,344,32.92,255,6.63,332,0,0,0,0,0,0,0,0,54.68,234,7.27,300,15.4,249,3.27,305,8.78,197,10.18,205,0,0,0,0,0,0,0,0,0,0,0,0,UCX31_x0001_|_x0007_:, ,1.31,4.99,46.46,3,4.55,93,64.98,8:15      ,3,2026-06-09 07:01:13,11014981.0,MAREESWARAN ,1,104339022046,104319220141,,AUTOMODE_TS1,BV141E2,38,2,,OK,,0,0,0020007910431251065202261388317A,1.15195,1.14931,1.14189,5,5,1.68862,5.93533,3.28503,1,1.2,1.2,1.2,1,1.2,0.5,12,0.5,12,0.5,12,289775,2026-06-09 06:58:59,11014086,BABU        ,13616,104339022046,104319220141,140HPW501   ,,AUTOMODE,BV141C,22,2,301805,OK,,0,0,9002102010431351067303261203594A,0020007910431251065202261388317A,0020004510431152006711261550004A,OK,OK,OK,OK,290973,2026-06-09 06:57:09,11014086.0,BABU        ,13616,104339022046,104319220141,140HPW501   ,AUTOMODE,BV141A,22,2,301805,OK,CA1,0,0,1020104313020080004674879488,OK,OK,0.39,0.437,0.5,0.39,0.449,0.5,OK,,0020004510431152006711261550004A,OK,OK,202.9,145.2,52.6,146.3,-0.0408401,1.42933,52.1047,53.1366,0.0816765,1.91939,55.4934,56.1074,57.7533,1.91939,57.6514,0.285866,0,0,0,0,05ACA007,291517,2026-06-09 06:57:51,11014086.0,BABU        ,13616.0,104339022046,104319220141,140HPW501   ,AUTOMODE,BV141B,30,2.0,301805.0,OK,,,,0020004510431152006711261550004A,OK,OK,,OK,OK,291655,2026-06-09 07:00:09,11014086.0,BABU        ,13616,104339022046,104319220141,,AUTOMODE,BV141D,32,2,301805,OK,CA14,,,0020007910431251065202261388317A,,0,146.1,4.6,-113.55,50.0,134,18.6,-222.95,59.6,-222.95,-113.71,0.128246,0.854957,45.0,40.0,5.0,17.4153,52.3246,52.4537,0,0,0,0,0,0,0,0,0,0,0,1.87,0,20.0,0,360401
5042322,1,0020007910431251065202261388327A,2026-06-11 19:47:41,314116, , ,104319220141,0,0,0,0,57000,110000,0,0,120000,0,0,0,1,0:19,1011,16,51.1,252,51.1,252,13.03,208,13.03,208,0,0,0,0,0,0,0,0,16.98,203,16.98,203,21.04,216,21.04,216,11.1,59,11.1,59,0,0,0,0,0,0,0,0,0,0,0,0,UCX31_x0001_|_x0007_:, ,1.27,5.02,45.13,3,4.25,94,65.53,0:50      ,3,2026-06-13 11:40:19,11014890.0,SUDALAI     ,1,104339022046,104319220141,,AUTOMODE_TS1,BV141E,44,1,,OK,,0,0,0020007910431251065202261388327A,1.17674,1.17345,1.1732,5,5,4.0975,4.165,4.0725,1,1.2,1.2,1.2,1,1.2,0.5,12,0.5,12,0.5,12,294399,2026-06-13 11:37:21,11014981,MAREESWARAN ,13616,104339022046,104319220141,140HPW501   ,,AUTOMODE,BV141C,22,1,306652,OK,,0,0,9002102010431351067303261500514A,0020007910431251065202261388327A,0020004510431152006711261580267C,OK,OK,OK,OK,295704,2026-06-13 11:35:15,11014981.0,MAREESWARAN ,13616,104339022046,104319220141,140HPW501   ,AUTOMODE,BV141A,22,1,306652,OK,CA1,0,0,1020104313020080004674879488,OK,OK,0.39,0.425,0.5,0.39,0.421,0.5,OK,,0020004510431152006711261580267C,OK,OK,202.9,145.2,52.6,146.3,-0.0408363,1.42933,52.0353,52.9628,0.0816765,2.08274,55.2253,55.7374,57.6865,12.7415,57.2737,0.326706,0,0,0,0,05ACA006,296311,2026-06-13 11:35:55,11014981.0,MAREESWARAN ,13616.0,104339022046,104319220141,140HPW501   ,AUTOMODE,BV141B,29,1.0,306652.0,OK,,,,0020004510431152006711261580267C,OK,OK,,OK,OK,296422,2026-06-13 11:39:07,11014981.0,MAREESWARAN ,13616,104339022046,104319220141,,AUTOMODE,BV141D,35,1,306652,OK,CA13,,,0020007910431251065202261388327A,,0,145.1,6.1,-113.55,50.0,134,18.6,-222.95,59.6,-223.35,-113.71,0.855342,2.87693,45.0,40.0,5.0,19.089,51.8693,51.8947,0,0,0,0,0,0,0,0,0,0,0,1.62,0,20.0,0,367726
5030833,1,0020007910431251065202261388328A,2026-06-08 18:20:20,314116, , ,104319220141,0,0,0,0,57000,110000,0,0,120000,0,0,0,3,2:20,1011,16,29.33,124,5.15,167,7.73,149,0.91,154,0,0,0,0,0,0,0,0,16.4,141,0.69,338,13.92,58,2.86,131,9.45,253,10.51,261,0,0,0,0,0,0,0,0,0,0,0,0,UCX31_x0001_|_x0007_:, ,1.22,4.98,45.42,3,3.81,94,64.88,2:51      ,3,2026-06-09 07:01:57,11014981.0,MAREESWARAN ,1,104339022046,104319220141,,AUTOMODE_TS1,BV141E,45,2,,OK,,0,0,0020007910431251065202261388328A,1.17535,1.1732,1.17396,5,5,5.3125,5.8375,5.3475,1,1.2,1.2,1.2,1,1.2,0.5,12,0.5,12,0.5,12,289776,2026-06-09 06:59:39,11014086,BABU        ,13616,104339022046,104319220141,140HPW501   ,,AUTOMODE,BV141C,24,2,301806,OK,,0,0,9002102010431351067303261203565A,0020007910431251065202261388328A,0020004510431152006711261550055A,OK,OK,OK,OK,290974,2026-06-09 06:57:53,11014086.0,BABU        ,13616,104339022046,104319220141,140HPW501   ,AUTOMODE,BV141A,25,2,301806,OK,CA1,0,0,1020104313020080004674879488,OK,OK,0.39,0.41,0.5,0.39,0.404,0.5,OK,,0020004510431152006711261550055A,OK,OK,202.9,145.2,52.6,146.3,-0.0408401,1.59268,52.3666,53.1845,0.0816765,2.00106,55.5515,55.8598,56.2401,1.42438,57.4038,0.367542,0,0,0,0,05ACA001,291518,2026-06-09 06:58:35,11014086.0,BABU        ,13616.0,104339022046,104319220141,140HPW501   ,AUTOMODE,BV141B,28,2.0,301806.0,OK,,,,0020004510431152006711261550055A,OK,OK,,OK,OK,291656,2026-06-09 07:00:51,,,13616,104339022046,104319220141,,AUTOMODE,BV141D,31,2,301806,OK,CA14,,,0020007910431251065202261388328A,,0,145.1,4.1,-113.55,50.0,134,18.6,-222.95,59.6,-222.95,-113.71,0.527733,1.25979,44.9049,40.0,5.0,22.2252,51.9652,52.0117,0,0,0,0,0,0,0,0,0,0,0,1.83,0,20.0,0,360402
5032300,1,0020007910431251065202261388329A,2026-06-09 03:14:28,314116, , ,104319220141,0,0,0,0,57000,110000,0,0,120000,0,0,0,2,1:27,1011,16,18.77,92,6.28,181,18.82,92,4.4,148,0,0,0,0,0,0,0,0,39.02,70,9.36,115,8.37,286,1.51,262,7.91,77,10.42,86,0,0,0,0,0,0,0,0,0,0,0,0,UCX31_x0001_|_x0007_:, ,1.31,4.91,45.86,3,4.14,93,64.88,1:58      ,3,2026-06-11 02:45:46,11014086.0,BABU        ,1,104339022046,104319220141,,AUTOMODE_TS1,BV141E2,38,2,,OK,,0,0,0020007910431251065202261388329A,1.15975,1.15786,1.15296,5,5,3.68144,7.69701,3.68263,1,1.2,1.2,1.2,1,1.2,0.5,12,0.5,12,0.5,12,291823,2026-06-11 02:42:58,11014086,BABU        ,13616,104339022046,104319220141,140HPW501   ,,AUTOMODE,BV141C,34,2,303944,OK,,0,0,9002102010431351067303261500769B,0020007910431251065202261388329A,0020004510431152006711261550858C,OK,OK,OK,OK,293059,2026-06-11 02:40:54,11014086.0,BABU        ,13616,104339022046,104319220141,140HPW501   ,AUTOMODE,BV141A,22,2,303944,OK,CA1,0,0,1020104313020080004674879488,OK,OK,0.39,0.423,0.5,0.39,0.437,0.5,OK,,0020004510431152006711261550858C,OK,OK,202.9,145.2,52.6,146.3,-0.0408363,0.980114,52.2321,53.2563,0.0816765,1.67436,55.4271,55.9392,57.6973,2.49112,57.3915,0.326706,0,0,0,0,05ACA003,293627,2026-06-11 02:41:36,11014086.0,BABU        ,13616.0,104339022046,104319220141,140HPW501   ,AUTOMODE,BV141B,28,2.0,303944.0,OK,,,,0020004510431152006711261550858C,OK,OK,,OK,OK,293755,2026-06-11 02:44:40,11014086.0,BABU        ,13616,104339022046,104319220141,,AUTOMODE,BV141D,33,2,303944,OK,CA14,,,0020007910431251065202261388329A,,0,145.9,4.9,-113.55,50.0,134,18.6,-222.95,59.6,-222.95,-113.71,0.858706,2.11986,45.0,40.0,5.0,22.0518,52.2532,52.3447,0,0,0,0,0,0,0,0,0,0,0,2.5,0,20.0,0,363288
5031967,1,0020007910431251065202261388330A,2026-06-09 00:48:11,314116, , ,104319220141,0,0,0,0,57000,110000,0,0,120000,0,0,0,2,1:36,1011,16,48.09,44,18.46,89,36.77,11,11.96,36,0,0,0,0,0,0,0,0,63.11,348,19.11,15,5.09,73,4.08,96,7.37,354,10.08,358,0,0,0,0,0,0,0,0,0,0,0,0,UCX31_x0001_|_x0007_:, ,1.39,5,45.92,3,4.22,94,64.81,2:07      ,3,2026-06-11 21:00:16,11014981.0,MAREESWARAN ,1,104339022046,104319220141,,AUTOMODE_TS1,BV141E2,38,2,,OK,,0,0,0020007910431251065202261388330A,1.1473,1.16189,1.15811,5,5,2.24192,6.99281,3.21078,1,1.2,1.2,1.2,1,1.2,0.5,12,0.5,12,0.5,12,292642,2026-06-11 20:58:24,11014981,MAREESWARAN ,13616,104339022046,104319220141,140HPW501   ,,AUTOMODE,BV141C,49,2,304800,OK,,0,0,9002102010431351067303261490028A,0020007910431251065202261388330A,0020004510431152006711261551021C,OK,OK,OK,OK,293902,2026-06-11 20:54:32,11014981.0,MAREESWARAN ,13616,104339022046,104319220141,140HPW501   ,AUTOMODE,BV141A,23,2,304800,OK,CA1,0,0,1020104313020080004674879488,OK,OK,0.39,0.423,0.5,0.39,0.426,0.5,OK,,0020004510431152006711261551021C,OK,OK,202.9,145.2,52.6,146.3,-0.0408401,1.55185,52.0917,53.014,0.122513,2.0419,55.2714,55.6791,57.6282,2.8995,57.4244,0.285866,0,0,0,0,05ACA003,294479,2026-06-11 20:55:16,11014981.0,MAREESWARAN ,13616.0,104339022046,104319220141,140HPW501   ,AUTOMODE,BV141B,28,2.0,304800.0,OK,,,,0020004510431152006711261551021C,OK,OK,,OK,OK,294603,2026-06-11 20:59:10,11014981.0,MAREESWARAN ,13616,104339022046,104319220141,,AUTOMODE,BV141D,33,2,304800,OK,CA13,,,0020007910431251065202261388330A,,0,145.1,6.9,-113.55,50.0,134,18.6,-222.95,59.6,-223.2,-113.71,1.25046,2.43512,45.0,40.0426,5.0,26.4169,52.0648,52.172,0,0,0,0,0,0,0,0,0,0,0,1.84,0,20.0,0,364747
5032286,1,0020007910431251065202261388345A,2026-06-09 03:09:50,314116, , ,104319220141,0,0,0,0,57000,110000,0,0,120000,0,0,0,2,1:36,1011,16,58.46,269,23.42,311,33.76,232,10.3,264,0,0,0,0,0,0,0,0,52.14,204,16.09,240,16.75,261,7.5,289,8.66,168,10.97,182,0,0,0,0,0,0,0,0,0,0,0,0,UCX31_x0001_|_x0007_:, ,1.32,5.02,45.86,3,4.51,93,64.83,2:06      ,3,2026-06-24 10:43:16,11014981.0,MAREESWARAN ,1,104339022046,104319220141,,AUTOMODE_TS1,BV141E,45,1,,OK,,0,0,0020007910431251065202261388345A,1.17497,1.17459,1.17156,5,5,3.605,4.4725,5.34,1,1.2,1.2,1.2,1,1.2,0.5,12,0.5,12,0.5,12,305921,2026-06-24 10:40:20,11014981,MAREESWARAN ,13616,104339022046,104319220141,140HPW501   ,,AUTOMODE,BV141C,27,1,317602,OK,,0,0,9002102010431351067303261575466B,0020007910431251065202261388345A,0020004510431152006711261730237B,OK,OK,OK,OK,307272,2026-06-24 10:38:40,11014981.0,MAREESWARAN ,13616,104339022046,104319220141,140HPW501   ,AUTOMODE,BV141A,24,1,317602,OK,CA1,0,0,1020104313020080004674879488,OK,OK,0.39,0.409,0.5,0.39,0.413,0.5,OK,,0020004510431152006711261730237B,OK,OK,202.9,145.2,52.6,146.3,0.0,3.22621,52.1146,53.2408,0.326702,2.81783,55.2918,55.8039,57.6537,3.63459,57.3479,0.530895,0,0,0,0,05ACA004,307972,2026-06-24 10:39:22,11014981.0,MAREESWARAN ,13616.0,104339022046,104319220141,140HPW501   ,AUTOMODE,BV141B,30,1.0,317602.0,OK,,,,0020004510431152006711261730237B,OK,OK,,OK,OK,308044,2026-06-24 10:42:08,11014981.0,MAREESWARAN ,13616,104339022046,104319220141,,AUTOMODE,BV141D,35,1,317602,OK,CA13,,,0020007910431251065202261388345A,,0,145.0,8.4,-113.55,50.0,134,18.6,-222.95,59.6,-223.35,-113.71,2.43337,4.30001,45.0,40.0,5.0,22.1875,52.0896,52.2403,0,0,0,0,0,0,0,0,0,0,0,1.66,0,20.0,0,382637
5031252,1,0020007910431251065202261388372A,2026-06-08 20:43:08,314116, , ,104319220141,0,0,0,0,57000,110000,0,0,120000,0,0,0,2,1:35,1011,16,46.48,327,12.01,26,29.39,313,5.54,6,0,0,0,0,0,0,0,0,51.49,296,7.57,23,6.69,253,5.06,318,9.2,248,10.99,257,0,0,0,0,0,0,0,0,0,0,0,0,UCX31_x0001_|_x0007_:, ,1.26,5.01,46.29,3,4.21,93,64.88,2:06      ,3,2026-06-09 07:14:51,11014981.0,MAREESWARAN ,1,104339022046,104319220141,,AUTOMODE_TS1,BV141E2,38,2,,OK,,0,0,0020007910431251065202261388372A,1.14893,1.15019,1.16465,5,5,2.3006,6.01916,3.16407,1,1.2,1.2,1.2,1,1.2,0.5,12,0.5,12,0.5,12,289785,2026-06-09 07:12:51,11014086,BABU        ,13616,104339022046,104319220141,140HPW501   ,,AUTOMODE,BV141C,17,2,301815,OK,,0,0,9002102010431351067303261203551A,0020007910431251065202261388372A,0020004510431152006711261550063A,OK,OK,OK,OK,290983,2026-06-09 07:06:41,11014086.0,BABU        ,13616,104339022046,104319220141,140HPW501   ,AUTOMODE,BV141A,23,2,301815,OK,CA1,0,0,1020104313020080004674879488,OK,OK,0.39,0.423,0.5,0.39,0.432,0.5,OK,,0020004510431152006711261550063A,OK,OK,202.9,145.2,52.6,146.3,0.0,2.49112,52.0687,53.4088,0.204193,2.49112,55.7656,56.0714,56.2401,2.19388,57.916,0.245029,0,0,0,0,05ACA004,291527,2026-06-09 07:07:45,11014086.0,BABU        ,13616.0,104339022046,104319220141,140HPW501   ,AUTOMODE,BV141B,28,2.0,301815.0,OK,,,,0020004510431152006711261550063A,OK,OK,,OK,OK,291665,2026-06-09 07:13:49,11014086.0,BABU        ,13616,104339022046,104319220141,,AUTOMODE,BV141D,32,2,301815,OK,CA14,,,0020007910431251065202261388372A,,0,145.1,4.6,-113.55,50.0,134,18.6,-222.95,59.6,-222.95,-113.71,0.884517,2.12202,45.0,40.0,5.0,19.0286,52.1443,52.1667,0,0,0,0,0,0,0,0,0,0,0,1.99,0,20.0,0,360411
5032097,1,0020007910431251065202261388379A,2026-06-09 01:52:21,314116, , ,104319220141,0,0,0,0,57000,110000,0,0,120000,0,0,0,1,0:19,1011,16,37.2,235,37.2,235,12.98,209,12.98,209,0,0,0,0,0,0,0,0,19.47,184,19.47,184,13.4,196,13.4,196,11.65,91,11.65,91,0,0,0,0,0,0,0,0,0,0,0,0,UCX31_x0001_|_x0007_:, ,1.22,4.94,45.71,3,4.25,93,65.46,0:50      ,3,2026-06-11 02:34:58,11014086.0,BABU        ,1,104339022046,104319220141,,AUTOMODE_TS1,BV141E,45,2,,OK,,0,0,0020007910431251065202261388379A,1.17434,1.17484,1.17295,5,5,3.0975,3.5175,4.3825,1,1.2,1.2,1.2,1,1.2,0.5,12,0.5,12,0.5,12,291814,2026-06-11 02:32:54,11014086,BABU        ,13616,104339022046,104319220141,140HPW501   ,,AUTOMODE,BV141C,30,2,303934,OK,,0,0,9002102010431351067303261499995A,0020007910431251065202261388379A,0020004510431152006711261540438B,OK,OK,OK,OK,293050,2026-06-11 02:31:12,11014086.0,BABU        ,13616,104339022046,104319220141,140HPW501   ,AUTOMODE,BV141A,22,2,303934,OK,CA1,0,0,1020104313020080004674879488,OK,OK,0.39,0.447,0.5,0.39,0.443,0.5,OK,,0020004510431152006711261540438B,OK,OK,202.9,145.2,52.6,146.3,-0.0408363,1.79688,52.0409,53.2791,0.122517,1.87855,55.3378,55.8499,57.6003,2.65448,57.2946,0.326706,0,0,0,0,05ACA004,293617,2026-06-11 02:31:54,11014086.0,BABU        ,13616.0,104339022046,104319220141,140HPW501   ,AUTOMODE,BV141B,28,2.0,303934.0,OK,,,,0020004510431152006711261540438B,OK,OK,,OK,OK,293745,2026-06-11 02:33:40,11014086.0,BABU        ,13616,104339022046,104319220141,,AUTOMODE,BV141D,33,2,303934,OK,CA14,,,0020007910431251065202261388379A,,0,146.6,5.0,-113.55,50.0,134,18.6,-222.95,59.6,-222.95,-113.71,0.357968,1.77537,45.0,40.0,5.0,18.1993,52.1542,52.1593,0,0,0,0,0,0,0,0,0,0,0,1.67,0,20.0,0,363279
5032772,1,0020007910431251065202261388380A,2026-06-09 07:08:53,314116, , ,104319220141,0,0,0,0,57000,110000,0,0,120000,0,0,0,1,0:19,1011,16,65.15,196,65.15,196,32.05,201,32.05,201,0,0,0,0,0,0,0,0,45.39,184,45.39,184,22.62,141,22.62,141,12.33,57,12.33,57,0,0,0,0,0,0,0,0,0,0,0,0,UCX31_x0001_|_x0007_:, ,1.28,5.01,45.31,3,4.83,93,65.53,0:50      ,3,2026-06-10 19:17:16,11014981.0,MAREESWARAN ,1,104339022046,104319220141,,AUTOMODE_TS1,BV141E,45,1,,OK,,0,0,0020007910431251065202261388380A,1.17509,1.17257,1.17219,5,5,5.4075,5.4875,5.0725,1,1.2,1.2,1.2,1,1.2,0.5,12,0.5,12,0.5,12,291524,2026-06-10 19:14:10,11014981,MAREESWARAN ,13616,104339022046,104319220141,140HPW501   ,,AUTOMODE,BV141C,21,1,303623,OK,,0,0,9002102010431351067303261499988A,0020007910431251065202261388380A,0020004510431152006711261530328B,OK,OK,OK,OK,292746,2026-06-10 19:12:54,11014981.0,MAREESWARAN ,13616,104339022046,104319220141,140HPW501   ,AUTOMODE,BV141A,21,1,303623,OK,CA1,0,0,1020104313020080004674879488,OK,OK,0.39,0.418,0.5,0.39,0.42,0.5,OK,,0020004510431152006711261530328B,OK,OK,202.9,145.2,52.6,146.3,-0.0408401,1.42933,52.0401,53.4797,0.0816765,2.00106,55.6402,56.053,57.6072,2.20525,57.5053,0.367542,0,0,0,0,05ACA010,293309,2026-06-10 19:13:34,11014981.0,MAREESWARAN ,13616.0,104339022046,104319220141,140HPW501   ,AUTOMODE,BV141B,30,1.0,303623.0,OK,,,,0020004510431152006711261530328B,OK,OK,,OK,OK,293438,2026-06-10 19:16:08,11014981.0,MAREESWARAN ,13616,104339022046,104319220141,,AUTOMODE,BV141D,97,1,303623,OK,CA13,,,0020007910431251065202261388380A,,0,146.3,5.4,-113.55,50.0,134,18.6,-222.95,59.6,-223.2,-113.71,0.413102,1.62462,45.0,40.0,5.0,22.4589,52.2741,52.4571,0,0,0,0,0,0,0,0,0,0,0,1.67,0,20.0,1,362631
5060653,1,0020007910431251065202261388861B,2026-06-17 11:29:27,314116, , ,104319220141,0,0,0,0,57000,110000,0,0,120000,0,0,0,2,1:24,1011,16,34.42,242,5.2,0,23.4,227,3.69,347,0,0,0,0,0,0,0,0,42.97,207,6.72,331,3.46,140,1.14,229,8.96,231,10.26,233,0,0,0,0,0,0,0,0,0,0,0,0,UCX31_x0001_|_x0007_:, ,1.33,4.88,45.86,3,4.83,93,64.88,1:55      ,3,2026-06-18 20:59:08,11014981.0,MAREESWARAN ,1,104339022046,104319220141,,AUTOMODE_TS1,BV141E2,38,2,,OK,,0,0,0020007910431251065202261388861B,1.1561,1.14792,1.14843,5,5,1.83234,4.96527,2.46467,1,1.2,1.2,1.2,1,1.2,0.5,12,0.5,12,0.5,12,300749,2026-06-18 20:56:36,11014981,MAREESWARAN ,13616,104339022046,104319220141,140HPW501   ,,AUTOMODE,BV141C,37,2,312336,OK,,0,0,9002102010431351067303261542566A,0020007910431251065202261388861B,0020004510431152006711261652161C,OK,OK,OK,OK,302112,2026-06-18 20:54:44,11014981.0,MAREESWARAN ,13616,104339022046,104319220141,140HPW501   ,AUTOMODE,BV141A,22,2,312336,OK,CA1,0,0,1020104313020080004674879488,OK,OK,0.39,0.422,0.5,0.39,0.406,0.5,OK,,0020004510431152006711261652161C,OK,OK,202.9,145.2,52.6,146.3,-0.0408401,1.91939,52.0533,53.4954,0.163349,2.00106,55.549,55.9592,57.7045,4.45135,57.3987,0.408379,0,0,0,0,05ACA005,302760,2026-06-18 20:55:22,11014981.0,MAREESWARAN ,13616.0,104339022046,104319220141,140HPW501   ,AUTOMODE,BV141B,29,2.0,312336.0,OK,,,,0020004510431152006711261652161C,OK,OK,,OK,OK,302859,2026-06-18 20:58:00,11014981.0,MAREESWARAN ,13616,104339022046,104319220141,,AUTOMODE,BV141D,35,2,312336,OK,CA13,,,0020007910431251065202261388861B,,0,145.5,6.1,-113.55,50.0,134,18.6,-222.95,59.6,-223.35,-113.71,0.0226173,0.137124,44.1801,40.0,5.0,17.8299,52.4638,52.4638,0,0,0,0,0,0,0,0,0,0,0,1.77,0,20.0,0,376769
